label,stereo_status,canonical_smiles,structure_basis,molecule_id,paper_label,name,canonical_isomeric_smiles,molecular_formula,exact_mass,source_references,depiction,role,review_status,formal_benchmark_eligible,admission_authority
9,Drawn intermediate; not isolated as individual preparation.,C#C[C@@H](O)[C@H](O)[C@H](O)CC=C,source_drawing_transcription,mol-89734f6c5903750da24805566cae2fdb5c26d94e84f003937d37cdb2b4a1508e,9,SI compound 9,C#C[C@@H](O)[C@H](O)[C@H](O)CC=C,C8H12O3,156.078644244,"[{""source_id"": ""article"", ""sha256"": ""996ca2bc188470bf83989378b3982513067a40fc72d37e0a1714fdf7ceb4c208"", ""pages"": [4], ""locator"": ""Main experimental section / scheme: 9""}]",structures/9.svg,route_compound,pending_independent_chemist_review,False,False
S1,,C#C[C@H]1OC(C)(C)O[C@@H]1[C@H](O)CC=C,source_drawing_transcription,mol-58fcf4ab906c942a3af36e982cc4924e76b7e816261f5e675242d3748c6673d5,S1,SI compound S1,C#C[C@H]1OC(C)(C)O[C@@H]1[C@H](O)CC=C,C11H16O3,196.109944372,"[{""source_id"": ""article"", ""sha256"": ""996ca2bc188470bf83989378b3982513067a40fc72d37e0a1714fdf7ceb4c208"", ""pages"": [4], ""locator"": ""Main experimental section / scheme: S1""}, {""source_id"": ""si"", ""sha256"": ""25570e998f1ba92c276e8301a0e62bfa9f16c2d69beeae66086b2047866ff65a"", ""pages"": [13], ""locator"": ""Compound drawing and associated NMR spectrum: S1""}]",structures/S1.svg,route_compound,pending_independent_chemist_review,False,False
8,,C#C[C@H]1OC(C)(C)O[C@@H]1[C@@H](CC=C)OCc1ccccc1,source_drawing_transcription,mol-03c599e294e16c7bd2bedab2098b15458a9a62fe60219c007ac7311886b63cf3,8,SI compound 8,C#C[C@H]1OC(C)(C)O[C@@H]1[C@@H](CC=C)OCc1ccccc1,C18H22O3,286.15689456399997,"[{""source_id"": ""article"", ""sha256"": ""996ca2bc188470bf83989378b3982513067a40fc72d37e0a1714fdf7ceb4c208"", ""pages"": [4], ""locator"": ""Main experimental section / scheme: 8""}, {""source_id"": ""si"", ""sha256"": ""25570e998f1ba92c276e8301a0e62bfa9f16c2d69beeae66086b2047866ff65a"", ""pages"": [13, 14], ""locator"": ""Compound drawing and associated NMR spectrum: 8""}]",structures/8.svg,route_compound,pending_independent_chemist_review,False,False
S2,,C#C[C@@H](OC(=O)c1ccccc1)[C@H](OC(=O)c1ccccc1)[C@@H](CC=C)OCc1ccccc1,source_drawing_transcription,mol-cdc1e85b3d4f09848a3899b20f6ef104bc1cab9eb8859551ea062717f7058e31,S2,SI compound S2,C#C[C@@H](OC(=O)c1ccccc1)[C@H](OC(=O)c1ccccc1)[C@@H](CC=C)OCc1ccccc1,C29H26O5,454.178023932,"[{""source_id"": ""article"", ""sha256"": ""996ca2bc188470bf83989378b3982513067a40fc72d37e0a1714fdf7ceb4c208"", ""pages"": [4], ""locator"": ""Main experimental section / scheme: S2""}, {""source_id"": ""si"", ""sha256"": ""25570e998f1ba92c276e8301a0e62bfa9f16c2d69beeae66086b2047866ff65a"", ""pages"": [14], ""locator"": ""Compound drawing and associated NMR spectrum: S2""}]",structures/S2.svg,route_compound,pending_independent_chemist_review,False,False
S3,,C#C[C@@H](OC(=O)c1ccccc1)[C@H](OC(=O)c1ccccc1)[C@H](O)CC=C,source_drawing_transcription,mol-73a62cdafd7c9f7cd76ba1609c999a083bb0f4cc800970f043904a6e5978f92b,S3,SI compound S3,C#C[C@@H](OC(=O)c1ccccc1)[C@H](OC(=O)c1ccccc1)[C@H](O)CC=C,C22H20O5,364.13107374,"[{""source_id"": ""article"", ""sha256"": ""996ca2bc188470bf83989378b3982513067a40fc72d37e0a1714fdf7ceb4c208"", ""pages"": [4], ""locator"": ""Main experimental section / scheme: S3""}, {""source_id"": ""si"", ""sha256"": ""25570e998f1ba92c276e8301a0e62bfa9f16c2d69beeae66086b2047866ff65a"", ""pages"": [14, 15], ""locator"": ""Compound drawing and associated NMR spectrum: S3""}]",structures/S3.svg,route_compound,pending_independent_chemist_review,False,False
10,,C#C[C@@H](OC(=O)c1ccccc1)[C@H](OC(=O)c1ccccc1)[C@@H](CC=C)O[Si](CC)(CC)CC,source_drawing_transcription,mol-909971319fdbf65c4f375156616e17c89a9e78b1c2b6c1fb9d9cac6e6c31c5e2,10,SI compound 10,C#C[C@@H](OC(=O)c1ccccc1)[C@H](OC(=O)c1ccccc1)[C@@H](CC=C)O[Si](CC)(CC)CC,C28H34O5Si,478.217550718,"[{""source_id"": ""article"", ""sha256"": ""996ca2bc188470bf83989378b3982513067a40fc72d37e0a1714fdf7ceb4c208"", ""pages"": [4], ""locator"": ""Main experimental section / scheme: 10""}, {""source_id"": ""si"", ""sha256"": ""25570e998f1ba92c276e8301a0e62bfa9f16c2d69beeae66086b2047866ff65a"", ""pages"": [15], ""locator"": ""Compound drawing and associated NMR spectrum: 10""}]",structures/10.svg,route_compound,pending_independent_chemist_review,False,False
S4,,C#C[C@H]1OC(C)(C)O[C@@H]1[C@@H](CC=C)OC(=O)c1ccccc1,source_drawing_transcription,mol-277548992b19fb7fc011c50c554b10ae629087b7362a768d0f033cb2cc4dd88b,S4,SI compound S4,C#C[C@H]1OC(C)(C)O[C@@H]1[C@@H](CC=C)OC(=O)c1ccccc1,C18H20O4,300.13615912,"[{""source_id"": ""article"", ""sha256"": ""996ca2bc188470bf83989378b3982513067a40fc72d37e0a1714fdf7ceb4c208"", ""pages"": [4], ""locator"": ""Main experimental section / scheme: S4""}, {""source_id"": ""si"", ""sha256"": ""25570e998f1ba92c276e8301a0e62bfa9f16c2d69beeae66086b2047866ff65a"", ""pages"": [15, 16], ""locator"": ""Compound drawing and associated NMR spectrum: S4""}]",structures/S4.svg,route_compound,pending_independent_chemist_review,False,False
S5,,C#C[C@@H](O)[C@H](O)[C@@H](CC=C)OC(=O)c1ccccc1,source_drawing_transcription,mol-246ca3835588a378061e079a47054d7319172b567eb2e64bd37dfa8251c2fb1c,S5,SI compound S5,C#C[C@@H](O)[C@H](O)[C@@H](CC=C)OC(=O)c1ccccc1,C15H16O4,260.104858992,"[{""source_id"": ""article"", ""sha256"": ""996ca2bc188470bf83989378b3982513067a40fc72d37e0a1714fdf7ceb4c208"", ""pages"": [4], ""locator"": ""Main experimental section / scheme: S5""}, {""source_id"": ""si"", ""sha256"": ""25570e998f1ba92c276e8301a0e62bfa9f16c2d69beeae66086b2047866ff65a"", ""pages"": [16], ""locator"": ""Compound drawing and associated NMR spectrum: S5""}]",structures/S5.svg,route_compound,pending_independent_chemist_review,False,False
11,,C#C[C@@H](O[Si](C)(C)C(C)(C)C)[C@H](O[Si](C)(C)C(C)(C)C)[C@@H](CC=C)OC(=O)c1ccccc1,source_drawing_transcription,mol-10a3451c76f3d454b819ce11ab9c0c2fec53c73ebab61caa779b3c254a982922,11,SI compound 11,C#C[C@@H](O[Si](C)(C)C(C)(C)C)[C@H](O[Si](C)(C)C(C)(C)C)[C@@H](CC=C)OC(=O)c1ccccc1,C27H44O4Si2,488.2778129479999,"[{""source_id"": ""article"", ""sha256"": ""996ca2bc188470bf83989378b3982513067a40fc72d37e0a1714fdf7ceb4c208"", ""pages"": [4], ""locator"": ""Main experimental section / scheme: 11""}, {""source_id"": ""si"", ""sha256"": ""25570e998f1ba92c276e8301a0e62bfa9f16c2d69beeae66086b2047866ff65a"", ""pages"": [16, 17], ""locator"": ""Compound drawing and associated NMR spectrum: 11""}]",structures/11.svg,route_compound,pending_independent_chemist_review,False,False
7,,C#C[C@H]1OC(C)(C)O[C@@H]1[C@H]1CO1,source_drawing_transcription,mol-e3c4bbc1ea899cfc35404aac8120ac852a9e712f0bdd460daa70509c4a1410fa,7,SI compound 7,C#C[C@H]1OC(C)(C)O[C@@H]1[C@H]1CO1,C9H12O3,168.078644244,"[{""source_id"": ""article"", ""sha256"": ""996ca2bc188470bf83989378b3982513067a40fc72d37e0a1714fdf7ceb4c208"", ""pages"": [4], ""locator"": ""Main experimental section / scheme: 7""}, {""source_id"": ""si"", ""sha256"": ""25570e998f1ba92c276e8301a0e62bfa9f16c2d69beeae66086b2047866ff65a"", ""pages"": [12, 13], ""locator"": ""Compound drawing and associated NMR spectrum: 7""}]",structures/7.svg,route_compound,pending_independent_chemist_review,False,False
3,,C#C[C@H]1OC(C)(C)O[C@@H]1[C@H](O)CO,source_drawing_transcription,mol-e97e9e526028b895599f8baa57c5579cd521ffe6ec4a526939378026e00fa064,3,SI compound 3,C#C[C@H]1OC(C)(C)O[C@@H]1[C@H](O)CO,C9H14O4,186.089208928,"[{""source_id"": ""article"", ""sha256"": ""996ca2bc188470bf83989378b3982513067a40fc72d37e0a1714fdf7ceb4c208"", ""pages"": [4], ""locator"": ""Main experimental section / scheme: 3""}, {""source_id"": ""si"", ""sha256"": ""25570e998f1ba92c276e8301a0e62bfa9f16c2d69beeae66086b2047866ff65a"", ""pages"": [12], ""locator"": ""Compound drawing and associated NMR spectrum: 3""}]",structures/3.svg,route_compound,pending_independent_chemist_review,False,False
5,,C#C[C@H]1OC(C)(C)O[C@@H]1[C@H](O)COC(c1ccccc1)(c1ccccc1)c1ccccc1,source_drawing_transcription,mol-0b2238925049b2463ceefd9978750914ba83a968d5c20038f086e422d4b79a78,5,SI compound 5,C#C[C@H]1OC(C)(C)O[C@@H]1[C@H](O)COC(c1ccccc1)(c1ccccc1)c1ccccc1,C28H28O4,428.198759376,"[{""source_id"": ""article"", ""sha256"": ""996ca2bc188470bf83989378b3982513067a40fc72d37e0a1714fdf7ceb4c208"", ""pages"": [4], ""locator"": ""Main experimental section / scheme: 5""}, {""source_id"": ""si"", ""sha256"": ""25570e998f1ba92c276e8301a0e62bfa9f16c2d69beeae66086b2047866ff65a"", ""pages"": [11, 12], ""locator"": ""Compound drawing and associated NMR spectrum: 5""}]",structures/5.svg,route_compound,pending_independent_chemist_review,False,False
2,Anomeric C7 (ribose C1) wavy/mixture; C6 epimerization occurs during alkyne formation.,CC1(C)O[C@@H]2[C@@H](CO)OC(O)[C@@H]2O1,source_drawing_transcription,mol-603fca79197e525c5810932eb26c104c1f5b219c68bf683b2b8d8180fb013695,2,SI compound 2,CC1(C)O[C@@H]2[C@@H](CO)OC(O)[C@@H]2O1,C8H14O5,190.084123548,"[{""source_id"": ""article"", ""sha256"": ""996ca2bc188470bf83989378b3982513067a40fc72d37e0a1714fdf7ceb4c208"", ""pages"": [4], ""locator"": ""Main experimental section / scheme: 2""}, {""source_id"": ""si"", ""sha256"": ""25570e998f1ba92c276e8301a0e62bfa9f16c2d69beeae66086b2047866ff65a"", ""pages"": [11], ""locator"": ""Compound drawing and associated NMR spectrum: 2""}]",structures/2.svg,route_compound,pending_independent_chemist_review,False,False
4,,CC1(C)O[C@@H]2[C@@H](COC(c3ccccc3)(c3ccccc3)c3ccccc3)OC(O)[C@@H]2O1,source_drawing_transcription,mol-e212ab617ffd838d6ba7d242a180a0079d30336c51984ff425f3fb260b0e0eb5,4,SI compound 4,CC1(C)O[C@@H]2[C@@H](COC(c3ccccc3)(c3ccccc3)c3ccccc3)OC(O)[C@@H]2O1,C27H28O5,432.1936739959999,"[{""source_id"": ""article"", ""sha256"": ""996ca2bc188470bf83989378b3982513067a40fc72d37e0a1714fdf7ceb4c208"", ""pages"": [4], ""locator"": ""Main experimental section / scheme: 4""}, {""source_id"": ""si"", ""sha256"": ""25570e998f1ba92c276e8301a0e62bfa9f16c2d69beeae66086b2047866ff65a"", ""pages"": [11], ""locator"": ""Compound drawing and associated NMR spectrum: 4""}]",structures/4.svg,route_compound,pending_independent_chemist_review,False,False
D-ribose,Anomeric mixture as drawn.,OC[C@H]1OC(O)[C@H](O)[C@@H]1O,source_drawing_transcription,mol-ecf08e86ae604309905566073c4e7cf8c4a1e5ab6fbc88677fe9acd4d672ba25,D-ribose,SI compound D-ribose,OC[C@H]1OC(O)[C@H](O)[C@@H]1O,C5H10O5,150.05282342,"[{""source_id"": ""article"", ""sha256"": ""996ca2bc188470bf83989378b3982513067a40fc72d37e0a1714fdf7ceb4c208"", ""pages"": [4], ""locator"": ""Main experimental section / scheme: D-ribose""}]",structures/D-ribose.svg,route_compound,pending_independent_chemist_review,False,False
6,,COP(=O)(OC)C(=[N+]=[N-])C(C)=O,source_drawing_transcription,mol-b6252df2ca98d980c879c926b53ebda6b8aa9abd391a573ca8e1871e8792bb1a,6,Bestmann-Ohira reagent,COP(=O)(OC)C(=[N+]=[N-])C(C)=O,C5H9N2O4P,192.02999339800002,"[{""source_id"": ""article"", ""sha256"": ""996ca2bc188470bf83989378b3982513067a40fc72d37e0a1714fdf7ceb4c208"", ""pages"": [4], ""locator"": ""Main experimental section / scheme: 6""}]",structures/6.svg,route_compound,pending_independent_chemist_review,False,False
16,,C=C(C[C@H](O)CCOCc1ccc(OC)cc1)C[Si](C)(C)C,source_drawing_transcription,mol-e9c68c78feb6b1956aed0e4794b1a3d2b5e4299fbd19ab42d76d29bd0381025b,16,SI compound 16,C=C(C[C@H](O)CCOCc1ccc(OC)cc1)C[Si](C)(C)C,C18H30O3Si,322.19642135,"[{""source_id"": ""article"", ""sha256"": ""996ca2bc188470bf83989378b3982513067a40fc72d37e0a1714fdf7ceb4c208"", ""pages"": [5], ""locator"": ""Main experimental section / scheme: 16""}, {""source_id"": ""si"", ""sha256"": ""25570e998f1ba92c276e8301a0e62bfa9f16c2d69beeae66086b2047866ff65a"", ""pages"": [19, 20], ""locator"": ""Compound drawing and associated NMR spectrum: 16""}]",structures/16.svg,route_compound,pending_independent_chemist_review,False,False
17,,C=C(CBr)C[C@H](O)CCOCc1ccc(OC)cc1,source_drawing_transcription,mol-134322115f57650faa0441d900b6541972df92b03e08397b11c52785f677d4ec,17,SI compound 17,C=C(CBr)C[C@H](O)CCOCc1ccc(OC)cc1,C15H21BrO3,328.06740663200003,"[{""source_id"": ""article"", ""sha256"": ""996ca2bc188470bf83989378b3982513067a40fc72d37e0a1714fdf7ceb4c208"", ""pages"": [5], ""locator"": ""Main experimental section / scheme: 17""}, {""source_id"": ""si"", ""sha256"": ""25570e998f1ba92c276e8301a0e62bfa9f16c2d69beeae66086b2047866ff65a"", ""pages"": [20], ""locator"": ""Compound drawing and associated NMR spectrum: 17""}]",structures/17.svg,route_compound,pending_independent_chemist_review,False,False
14,,COc1ccc(COCC[C@@H]2CO2)cc1,source_drawing_transcription,mol-281f696f4f2b21e2cf623a706ecbe2c5189b8ad1104bb11bb9c7a8d638951e63,14,SI compound 14,COc1ccc(COCC[C@@H]2CO2)cc1,C12H16O3,208.109944372,"[{""source_id"": ""article"", ""sha256"": ""996ca2bc188470bf83989378b3982513067a40fc72d37e0a1714fdf7ceb4c208"", ""pages"": [5], ""locator"": ""Main experimental section / scheme: 14""}, {""source_id"": ""si"", ""sha256"": ""25570e998f1ba92c276e8301a0e62bfa9f16c2d69beeae66086b2047866ff65a"", ""pages"": [18], ""locator"": ""Compound drawing and associated NMR spectrum: 14""}]",structures/14.svg,route_compound,pending_independent_chemist_review,False,False
S7,,OCC[C@H](Br)CO,source_drawing_transcription,mol-5c60723fd467938400f398f88af3fa59b502b2583e256b44af5fa3e40da0fa76,S7,SI compound S7,OCC[C@H](Br)CO,C4H9BrO2,167.978591628,"[{""source_id"": ""article"", ""sha256"": ""996ca2bc188470bf83989378b3982513067a40fc72d37e0a1714fdf7ceb4c208"", ""pages"": [5], ""locator"": ""Main experimental section / scheme: S7""}, {""source_id"": ""si"", ""sha256"": ""25570e998f1ba92c276e8301a0e62bfa9f16c2d69beeae66086b2047866ff65a"", ""pages"": [17], ""locator"": ""Compound drawing and associated NMR spectrum: S7""}]",structures/S7.svg,route_compound,pending_independent_chemist_review,False,False
13,,O=C(O)C[C@H](Br)C(=O)O,source_drawing_transcription,mol-d9b187d6f0f11d71a41dcddf78194d975d607e66468a4e75ec66479b3169964c,13,SI compound 13,O=C(O)C[C@H](Br)C(=O)O,C4H5BrO4,195.93712074,"[{""source_id"": ""article"", ""sha256"": ""996ca2bc188470bf83989378b3982513067a40fc72d37e0a1714fdf7ceb4c208"", ""pages"": [5], ""locator"": ""Main experimental section / scheme: 13""}, {""source_id"": ""si"", ""sha256"": ""25570e998f1ba92c276e8301a0e62bfa9f16c2d69beeae66086b2047866ff65a"", ""pages"": [17], ""locator"": ""Compound drawing and associated NMR spectrum: 13""}]",structures/13.svg,route_compound,pending_independent_chemist_review,False,False
L-aspartic-acid,,N[C@@H](CC(=O)O)C(=O)O,source_drawing_transcription,mol-2cfa3e10afbee2b6eeeb2682d5ca16926db30677c5736e26ee6b4b65ee15d817,L-aspartic-acid,SI compound L-aspartic-acid,N[C@@H](CC(=O)O)C(=O)O,C4H7NO4,133.037507704,"[{""source_id"": ""article"", ""sha256"": ""996ca2bc188470bf83989378b3982513067a40fc72d37e0a1714fdf7ceb4c208"", ""pages"": [5], ""locator"": ""Main experimental section / scheme: L-aspartic-acid""}, {""source_id"": ""si"", ""sha256"": ""25570e998f1ba92c276e8301a0e62bfa9f16c2d69beeae66086b2047866ff65a"", ""pages"": [17], ""locator"": ""Compound drawing and associated NMR spectrum: L-aspartic-acid""}]",structures/L-aspartic-acid.svg,route_compound,pending_independent_chemist_review,False,False
PMB-alcohol,,COc1ccc(CO)cc1,source_drawing_transcription,mol-09b8e71853b3970bad2ae68868feec437c85ab695a6f96f51bfea019370fa409,PMB-alcohol,SI compound PMB-alcohol,COc1ccc(CO)cc1,C8H10O2,138.06807956,"[{""source_id"": ""article"", ""sha256"": ""996ca2bc188470bf83989378b3982513067a40fc72d37e0a1714fdf7ceb4c208"", ""pages"": [5], ""locator"": ""Main experimental section / scheme: PMB-alcohol""}, {""source_id"": ""si"", ""sha256"": ""25570e998f1ba92c276e8301a0e62bfa9f16c2d69beeae66086b2047866ff65a"", ""pages"": [18], ""locator"": ""Compound drawing and associated NMR spectrum: PMB-alcohol""}]",structures/PMB-alcohol.svg,route_compound,pending_independent_chemist_review,False,False
PMB-bromide,,COc1ccc(CBr)cc1,source_drawing_transcription,mol-a4b239fca80893ebe1cdc20cd3bc484db6811fff1fc50e87befa1ff67aae1e61,PMB-bromide,SI compound PMB-bromide,COc1ccc(CBr)cc1,C8H9BrO,199.983677008,"[{""source_id"": ""article"", ""sha256"": ""996ca2bc188470bf83989378b3982513067a40fc72d37e0a1714fdf7ceb4c208"", ""pages"": [5], ""locator"": ""Main experimental section / scheme: PMB-bromide""}, {""source_id"": ""si"", ""sha256"": ""25570e998f1ba92c276e8301a0e62bfa9f16c2d69beeae66086b2047866ff65a"", ""pages"": [18], ""locator"": ""Compound drawing and associated NMR spectrum: PMB-bromide""}]",structures/PMB-bromide.svg,route_compound,pending_independent_chemist_review,False,False
S8,,C=C(Br)C[Si](C)(C)C,source_drawing_transcription,mol-c20cd92cba7f7282f99b2ae681bb3115268a8eaf7a942f79a5130549421265d0,S8,SI compound S8,C=C(Br)C[Si](C)(C)C,C6H13BrSi,191.99698904599998,"[{""source_id"": ""article"", ""sha256"": ""996ca2bc188470bf83989378b3982513067a40fc72d37e0a1714fdf7ceb4c208"", ""pages"": [5], ""locator"": ""Main experimental section / scheme: S8""}, {""source_id"": ""si"", ""sha256"": ""25570e998f1ba92c276e8301a0e62bfa9f16c2d69beeae66086b2047866ff65a"", ""pages"": [18, 19], ""locator"": ""Compound drawing and associated NMR spectrum: S8""}]",structures/S8.svg,route_compound,pending_independent_chemist_review,False,False
"2,3-dibromopropene",,C=C(Br)CBr,source_drawing_transcription,mol-da9b91da32105d5a7138a49cc4b50466e63da3fe0ecfe515c58ecc8bbca37e01,"2,3-dibromopropene","SI compound 2,3-dibromopropene",C=C(Br)CBr,C3H4Br2,197.867974328,"[{""source_id"": ""article"", ""sha256"": ""996ca2bc188470bf83989378b3982513067a40fc72d37e0a1714fdf7ceb4c208"", ""pages"": [5], ""locator"": ""Main experimental section / scheme: 2,3-dibromopropene""}, {""source_id"": ""si"", ""sha256"": ""25570e998f1ba92c276e8301a0e62bfa9f16c2d69beeae66086b2047866ff65a"", ""pages"": [18], ""locator"": ""Compound drawing and associated NMR spectrum: 2,3-dibromopropene""}]","structures/2,3-dibromopropene.svg",route_compound,pending_independent_chemist_review,False,False
vinylmagnesium-bromide,Ionic organomagnesium representation.,[Br-].[CH-]=C.[Mg+2],source_drawing_transcription,mol-613dbdde4ca82d70e0b7b804fc8d6609ec6f9f46637a0106e20f17a1ed4864be,vinylmagnesium-bromide,SI compound vinylmagnesium-bromide,[Br-].[CH-]=C.[Mg+2],C2H3BrMg,129.926853896,"[{""source_id"": ""article"", ""sha256"": ""996ca2bc188470bf83989378b3982513067a40fc72d37e0a1714fdf7ceb4c208"", ""pages"": [4], ""locator"": ""Main experimental section / scheme: vinylmagnesium-bromide""}, {""source_id"": ""si"", ""sha256"": ""25570e998f1ba92c276e8301a0e62bfa9f16c2d69beeae66086b2047866ff65a"", ""pages"": [13], ""locator"": ""Compound drawing and associated NMR spectrum: vinylmagnesium-bromide""}]",structures/vinylmagnesium-bromide.svg,route_compound,pending_independent_chemist_review,False,False
S9,,C=CC[C@@H](OC(=O)c1ccccc1)[C@@H](O[Si](C)(C)C(C)(C)C)[C@@H](C#CCC(=C)C[C@H](O)CCOCc1ccc(OC)cc1)O[Si](C)(C)C(C)(C)C,source_drawing_transcription,mol-74cb03614b4c0e8f29d591de9241cf54d8d41b819727632cb2a376cf83b4875a,S9,SI compound S9,C=CC[C@@H](OC(=O)c1ccccc1)[C@@H](O[Si](C)(C)C(C)(C)C)[C@@H](C#CCC(=C)C[C@H](O)CCOCc1ccc(OC)cc1)O[Si](C)(C)C(C)(C)C,C42H64O7Si2,736.419057448,"[{""source_id"": ""article"", ""sha256"": ""996ca2bc188470bf83989378b3982513067a40fc72d37e0a1714fdf7ceb4c208"", ""pages"": [5], ""locator"": ""Main experimental section / scheme: S9""}, {""source_id"": ""si"", ""sha256"": ""25570e998f1ba92c276e8301a0e62bfa9f16c2d69beeae66086b2047866ff65a"", ""pages"": [20, 21], ""locator"": ""Compound drawing and associated NMR spectrum: S9""}]",structures/S9.svg,route_compound,pending_independent_chemist_review,False,False
18,,C=CC[C@@H](O)[C@@H](O[Si](C)(C)C(C)(C)C)[C@@H](C#CCC(=C)C[C@H](O)CCOCc1ccc(OC)cc1)O[Si](C)(C)C(C)(C)C,source_drawing_transcription,mol-ecb298bc2ec45265c06e585589e7b463c4d19ab0eed3177b8ebd2a454bbdcce5,18,SI compound 18,C=CC[C@@H](O)[C@@H](O[Si](C)(C)C(C)(C)C)[C@@H](C#CCC(=C)C[C@H](O)CCOCc1ccc(OC)cc1)O[Si](C)(C)C(C)(C)C,C35H60O6Si2,632.3928427,"[{""source_id"": ""article"", ""sha256"": ""996ca2bc188470bf83989378b3982513067a40fc72d37e0a1714fdf7ceb4c208"", ""pages"": [5], ""locator"": ""Main experimental section / scheme: 18""}, {""source_id"": ""si"", ""sha256"": ""25570e998f1ba92c276e8301a0e62bfa9f16c2d69beeae66086b2047866ff65a"", ""pages"": [21], ""locator"": ""Compound drawing and associated NMR spectrum: 18""}]",structures/18.svg,route_compound,pending_independent_chemist_review,False,False
22,,C=CC[C@@H](O)[C@@H](OC(=O)c1ccccc1)[C@@H](C#CCC(=C)C[C@H](O)CCOCc1ccc(OC)cc1)OC(=O)c1ccccc1,source_drawing_transcription,mol-20a77a413876b2c94b466be2a9193684f1c99ccbfd8db796ac32344d1be6fa1a,22,SI compound 22,C=CC[C@@H](O)[C@@H](OC(=O)c1ccccc1)[C@@H](C#CCC(=C)C[C@H](O)CCOCc1ccc(OC)cc1)OC(=O)c1ccccc1,C37H40O8,612.2723182399998,"[{""source_id"": ""article"", ""sha256"": ""996ca2bc188470bf83989378b3982513067a40fc72d37e0a1714fdf7ceb4c208"", ""pages"": [5], ""locator"": ""Main experimental section / scheme: 22""}, {""source_id"": ""si"", ""sha256"": ""25570e998f1ba92c276e8301a0e62bfa9f16c2d69beeae66086b2047866ff65a"", ""pages"": [22, 23], ""locator"": ""Compound drawing and associated NMR spectrum: 22""}]",structures/22.svg,route_compound,pending_independent_chemist_review,False,False
12,THP acetal stereocenter unspecified; analogous preparation only in text.,C#C[C@@H](O[Si](C)(C)C(C)(C)C)[C@H](O[Si](C)(C)C(C)(C)C)[C@@H](CC=C)OC1CCCCO1,source_drawing_transcription,mol-8103b4ba6710298f956b74b940e5d7428004e6655d76aab390adceab4b2fb668,12,SI compound 12,C#C[C@@H](O[Si](C)(C)C(C)(C)C)[C@H](O[Si](C)(C)C(C)(C)C)[C@@H](CC=C)OC1CCCCO1,C25H48O4Si2,468.3091130759999,"[{""source_id"": ""article"", ""sha256"": ""996ca2bc188470bf83989378b3982513067a40fc72d37e0a1714fdf7ceb4c208"", ""pages"": [4], ""locator"": ""Main experimental section / scheme: 12""}]",structures/12.svg,route_compound,pending_independent_chemist_review,False,False
19,THP acetal stereocenter unspecified.,C=CC[C@@H](OC1CCCCO1)[C@@H](O[Si](C)(C)C(C)(C)C)[C@@H](C#CCC(=C)C[C@H](O)CCOCc1ccc(OC)cc1)O[Si](C)(C)C(C)(C)C,source_drawing_transcription,mol-9c3564adb072ea1f83a0de5045db41298eac1fa8194cbf98276f487f10fab26b,19,SI compound 19,C=CC[C@@H](OC1CCCCO1)[C@@H](O[Si](C)(C)C(C)(C)C)[C@@H](C#CCC(=C)C[C@H](O)CCOCc1ccc(OC)cc1)O[Si](C)(C)C(C)(C)C,C40H68O7Si2,716.4503575759999,"[{""source_id"": ""article"", ""sha256"": ""996ca2bc188470bf83989378b3982513067a40fc72d37e0a1714fdf7ceb4c208"", ""pages"": [5], ""locator"": ""Main experimental section / scheme: 19""}]",structures/19.svg,route_compound,pending_independent_chemist_review,False,False
23,,C=CC[C@H]1O[C@@]2(CC(=C)C[C@@H](CCOCc3ccc(OC)cc3)O2)C[C@@H](OC(=O)c2ccccc2)[C@@H]1OC(=O)c1ccccc1,source_drawing_transcription,mol-abc2e4ca3da710babf4a49da25ff8bb29c6491d97ba767c2da598eebf49687dc,23,SI compound 23,C=CC[C@H]1O[C@@]2(CC(=C)C[C@@H](CCOCc3ccc(OC)cc3)O2)C[C@@H](OC(=O)c2ccccc2)[C@@H]1OC(=O)c1ccccc1,C37H40O8,612.2723182399998,"[{""source_id"": ""article"", ""sha256"": ""996ca2bc188470bf83989378b3982513067a40fc72d37e0a1714fdf7ceb4c208"", ""pages"": [5], ""locator"": ""Main experimental section / scheme: 23""}, {""source_id"": ""si"", ""sha256"": ""25570e998f1ba92c276e8301a0e62bfa9f16c2d69beeae66086b2047866ff65a"", ""pages"": [23], ""locator"": ""Compound drawing and associated NMR spectrum: 23""}]",structures/23.svg,route_compound,pending_independent_chemist_review,False,False
8-epi-23,,C=CC[C@H]1O[C@]2(CC(=C)C[C@@H](CCOCc3ccc(OC)cc3)O2)C[C@@H](OC(=O)c2ccccc2)[C@@H]1OC(=O)c1ccccc1,source_drawing_transcription,mol-2847d0eeb43623e724168ac1b6a062c30fca7f0c1ea79f5f0792dd93ca9363bb,8-epi-23,SI compound 8-epi-23,C=CC[C@H]1O[C@]2(CC(=C)C[C@@H](CCOCc3ccc(OC)cc3)O2)C[C@@H](OC(=O)c2ccccc2)[C@@H]1OC(=O)c1ccccc1,C37H40O8,612.2723182399998,"[{""source_id"": ""article"", ""sha256"": ""996ca2bc188470bf83989378b3982513067a40fc72d37e0a1714fdf7ceb4c208"", ""pages"": [5], ""locator"": ""Main experimental section / scheme: 8-epi-23""}, {""source_id"": ""si"", ""sha256"": ""25570e998f1ba92c276e8301a0e62bfa9f16c2d69beeae66086b2047866ff65a"", ""pages"": [23], ""locator"": ""Compound drawing and associated NMR spectrum: 8-epi-23""}]",structures/8-epi-23.svg,route_compound,pending_independent_chemist_review,False,False
21,,C=CC[C@H]1O[C@@]2(CCC(=C)C[C@@H](CCOCc3ccc(OC)cc3)O2)[C@@H](O[Si](C)(C)C(C)(C)C)[C@@H]1O[Si](C)(C)C(C)(C)C,source_drawing_transcription,mol-bad3318bd6dc48cd599dd13c2f77d761cb62e5372865f199046dd3783d157201,21,SI compound 21,C=CC[C@H]1O[C@@]2(CCC(=C)C[C@@H](CCOCc3ccc(OC)cc3)O2)[C@@H](O[Si](C)(C)C(C)(C)C)[C@@H]1O[Si](C)(C)C(C)(C)C,C35H60O6Si2,632.3928427,"[{""source_id"": ""article"", ""sha256"": ""996ca2bc188470bf83989378b3982513067a40fc72d37e0a1714fdf7ceb4c208"", ""pages"": [5], ""locator"": ""Main experimental section / scheme: 21""}, {""source_id"": ""si"", ""sha256"": ""25570e998f1ba92c276e8301a0e62bfa9f16c2d69beeae66086b2047866ff65a"", ""pages"": [21, 22], ""locator"": ""Compound drawing and associated NMR spectrum: 21""}]",structures/21.svg,route_compound,pending_independent_chemist_review,False,False
20,"Source-proposed mechanistic enol ether, not isolated; alkene within ring precursor drawn geometry not independently assigned.",C=CC[C@H]1OC(=CCC(=C)C[C@H](O)CCOCc2ccc(OC)cc2)[C@@H](O[Si](C)(C)C(C)(C)C)[C@@H]1O[Si](C)(C)C(C)(C)C,source_drawing_transcription,mol-04e320c37fc92f3cabfcdaa37eb5bb719d95237cae59d4510914d52bcfa1fc9f,20,SI compound 20,C=CC[C@H]1OC(=CCC(=C)C[C@H](O)CCOCc2ccc(OC)cc2)[C@@H](O[Si](C)(C)C(C)(C)C)[C@@H]1O[Si](C)(C)C(C)(C)C,C35H60O6Si2,632.3928427,"[{""source_id"": ""article"", ""sha256"": ""996ca2bc188470bf83989378b3982513067a40fc72d37e0a1714fdf7ceb4c208"", ""pages"": [5], ""locator"": ""Main experimental section / scheme: 20""}]",structures/20.svg,route_compound,pending_independent_chemist_review,False,False
24,Major member of 10:1 diastereomeric mixture; C2 S supported by Mosher analysis.,C=C1C[C@@H](CCOCc2ccc(OC)cc2)O[C@]2(C1)C[C@@H](OC(=O)c1ccccc1)[C@H](OC(=O)c1ccccc1)[C@@H](C[C@H](O)CO)O2,source_drawing_transcription,mol-461c3b78ab42fa0f1c372163ce0bf4e2e0957273ff2021cbd1e632e050403b60,24,SI compound 24,C=C1C[C@@H](CCOCc2ccc(OC)cc2)O[C@]2(C1)C[C@@H](OC(=O)c1ccccc1)[C@H](OC(=O)c1ccccc1)[C@@H](C[C@H](O)CO)O2,C37H42O10,646.277797544,"[{""source_id"": ""article"", ""sha256"": ""996ca2bc188470bf83989378b3982513067a40fc72d37e0a1714fdf7ceb4c208"", ""pages"": [6], ""locator"": ""Main experimental section / scheme: 24""}, {""source_id"": ""si"", ""sha256"": ""25570e998f1ba92c276e8301a0e62bfa9f16c2d69beeae66086b2047866ff65a"", ""pages"": [24, 25], ""locator"": ""Compound drawing and associated NMR spectrum: 24""}]",structures/24.svg,route_compound,pending_independent_chemist_review,False,False
S10-PMB,Characterized PMB-protected intermediate; distinct from final alcohol also referred to as S10.,C=C1C[C@@H](CCOCc2ccc(OC)cc2)O[C@]2(C1)C[C@@H](OC(=O)c1ccccc1)[C@H](OC(=O)c1ccccc1)[C@@H](C[C@@H](CO[Si](C)(C)C(C)(C)C)O[Si](C)(C)C(C)(C)C)O2,source_drawing_transcription,mol-e421326532b471ea64de1d202a1026f10e03395ebae92579db7582e70dcdcd03,S10-PMB,SI compound S10-PMB,C=C1C[C@@H](CCOCc2ccc(OC)cc2)O[C@]2(C1)C[C@@H](OC(=O)c1ccccc1)[C@H](OC(=O)c1ccccc1)[C@@H](C[C@@H](CO[Si](C)(C)C(C)(C)C)O[Si](C)(C)C(C)(C)C)O2,C49H70O10Si2,874.4507515,"[{""source_id"": ""article"", ""sha256"": ""996ca2bc188470bf83989378b3982513067a40fc72d37e0a1714fdf7ceb4c208"", ""pages"": [6], ""locator"": ""Main experimental section / scheme: S10-PMB""}, {""source_id"": ""si"", ""sha256"": ""25570e998f1ba92c276e8301a0e62bfa9f16c2d69beeae66086b2047866ff65a"", ""pages"": [25, 26], ""locator"": ""Compound drawing and associated NMR spectrum: S10-PMB""}]",structures/S10-PMB.svg,route_compound,pending_independent_chemist_review,False,False
S10,,C=C1C[C@@H](CCO)O[C@]2(C1)C[C@@H](OC(=O)c1ccccc1)[C@H](OC(=O)c1ccccc1)[C@@H](C[C@@H](CO[Si](C)(C)C(C)(C)C)O[Si](C)(C)C(C)(C)C)O2,source_drawing_transcription,mol-8f1ce8ec48c86b35382fffbaf292bf357e710bd0986314c6e46d11e978d4af46,S10,SI compound S10,C=C1C[C@@H](CCO)O[C@]2(C1)C[C@@H](OC(=O)c1ccccc1)[C@H](OC(=O)c1ccccc1)[C@@H](C[C@@H](CO[Si](C)(C)C(C)(C)C)O[Si](C)(C)C(C)(C)C)O2,C41H62O9Si2,754.3932366240001,"[{""source_id"": ""article"", ""sha256"": ""996ca2bc188470bf83989378b3982513067a40fc72d37e0a1714fdf7ceb4c208"", ""pages"": [6], ""locator"": ""Main experimental section / scheme: S10""}, {""source_id"": ""si"", ""sha256"": ""25570e998f1ba92c276e8301a0e62bfa9f16c2d69beeae66086b2047866ff65a"", ""pages"": [26, 27], ""locator"": ""Compound drawing and associated NMR spectrum: S10""}]",structures/S10.svg,route_compound,pending_independent_chemist_review,False,False
25,,C=C1C[C@@H](CC=O)O[C@]2(C1)C[C@@H](OC(=O)c1ccccc1)[C@H](OC(=O)c1ccccc1)[C@@H](C[C@@H](CO[Si](C)(C)C(C)(C)C)O[Si](C)(C)C(C)(C)C)O2,source_drawing_transcription,mol-3cca7a89ade72fdd2f16809616592c7fa4c9a833e5301a7cbf45c64e52dc41bb,25,SI compound 25,C=C1C[C@@H](CC=O)O[C@]2(C1)C[C@@H](OC(=O)c1ccccc1)[C@H](OC(=O)c1ccccc1)[C@@H](C[C@@H](CO[Si](C)(C)C(C)(C)C)O[Si](C)(C)C(C)(C)C)O2,C41H60O9Si2,752.37758656,"[{""source_id"": ""article"", ""sha256"": ""996ca2bc188470bf83989378b3982513067a40fc72d37e0a1714fdf7ceb4c208"", ""pages"": [6], ""locator"": ""Main experimental section / scheme: 25""}, {""source_id"": ""si"", ""sha256"": ""25570e998f1ba92c276e8301a0e62bfa9f16c2d69beeae66086b2047866ff65a"", ""pages"": [27], ""locator"": ""Compound drawing and associated NMR spectrum: 25""}]",structures/25.svg,route_compound,pending_independent_chemist_review,False,False
28,,C=C1C[C@@H](C[C@@H](O)C/C=[CH]/[Sn]([CH2]CCC)([CH2]CCC)[CH2]CCC)O[C@]2(C1)C[C@@H](OC(=O)c1ccccc1)[C@H](OC(=O)c1ccccc1)[C@@H](C[C@@H](CO[Si](C)(C)C(C)(C)C)O[Si](C)(C)C(C)(C)C)O2,source_drawing_transcription,mol-cb4ee32d1b730514d3e38e0936fc05f1a683e1864561ac0dfba2f1cd48cdd50e,28,SI compound 28,C=C1C[C@@H](C[C@@H](O)C/C=[CH]/[Sn]([CH2]CCC)([CH2]CCC)[CH2]CCC)O[C@]2(C1)C[C@@H](OC(=O)c1ccccc1)[C@H](OC(=O)c1ccccc1)[C@@H](C[C@@H](CO[Si](C)(C)C(C)(C)C)O[Si](C)(C)C(C)(C)C)O2,C56H92O9Si2Sn,1084.5301822840001,"[{""source_id"": ""article"", ""sha256"": ""996ca2bc188470bf83989378b3982513067a40fc72d37e0a1714fdf7ceb4c208"", ""pages"": [6], ""locator"": ""Main experimental section / scheme: 28""}, {""source_id"": ""si"", ""sha256"": ""25570e998f1ba92c276e8301a0e62bfa9f16c2d69beeae66086b2047866ff65a"", ""pages"": [27, 28, 29, 30], ""locator"": ""Compound drawing and associated NMR spectrum: 28""}]",structures/28.svg,target,pending_independent_chemist_review,False,False
28a,,C=CC[C@H](O)C[C@@H]1CC(=C)C[C@]2(C[C@@H](OC(=O)c3ccccc3)[C@H](OC(=O)c3ccccc3)[C@@H](C[C@@H](CO[Si](C)(C)C(C)(C)C)O[Si](C)(C)C(C)(C)C)O2)O1,source_drawing_transcription,mol-24dee2d430bdeda8171c053200ea98b2f9f2890b4dfd341c20eb6ceface25de3,28a,SI compound 28a,C=CC[C@H](O)C[C@@H]1CC(=C)C[C@]2(C[C@@H](OC(=O)c3ccccc3)[C@H](OC(=O)c3ccccc3)[C@@H](C[C@@H](CO[Si](C)(C)C(C)(C)C)O[Si](C)(C)C(C)(C)C)O2)O1,C44H66O9Si2,794.424536752,"[{""source_id"": ""article"", ""sha256"": ""996ca2bc188470bf83989378b3982513067a40fc72d37e0a1714fdf7ceb4c208"", ""pages"": [6], ""locator"": ""Main experimental section / scheme: 28a""}, {""source_id"": ""si"", ""sha256"": ""25570e998f1ba92c276e8301a0e62bfa9f16c2d69beeae66086b2047866ff65a"", ""pages"": [28, 29], ""locator"": ""Compound drawing and associated NMR spectrum: 28a""}]",structures/28a.svg,route_compound,pending_independent_chemist_review,False,False
29a,,C=CC[C@H](O)C[C@@H]1CC(=C)C[C@]2(C[C@@H](O)[C@H](O)[C@@H](C[C@H](O)CO)O2)O1,source_drawing_transcription,mol-f55f08fa604750bcfab9bc21fe25ea439731ac0cd132b4b46710309c17ac2c33,29a,SI compound 29a,C=CC[C@H](O)C[C@@H]1CC(=C)C[C@]2(C[C@@H](O)[C@H](O)[C@@H](C[C@H](O)CO)O2)O1,C18H30O7,358.1991532999999,"[{""source_id"": ""article"", ""sha256"": ""996ca2bc188470bf83989378b3982513067a40fc72d37e0a1714fdf7ceb4c208"", ""pages"": [6], ""locator"": ""Main experimental section / scheme: 29a""}, {""source_id"": ""si"", ""sha256"": ""25570e998f1ba92c276e8301a0e62bfa9f16c2d69beeae66086b2047866ff65a"", ""pages"": [30], ""locator"": ""Compound drawing and associated NMR spectrum: 29a""}]",structures/29a.svg,route_compound,pending_independent_chemist_review,False,False
29,"Source SI31 stereoselective degradation product, including new C10 OH.",OCC[C@H](O)C[C@@H]1C[C@@H](O)C[C@]2(C[C@@H](O)[C@H](O)[C@@H](C[C@H](O)CO)O2)O1,source_drawing_transcription,mol-fe4714ad74b781238033d7e0ed800b98322d5c7b499464c599a20df144d6a75b,29,SI compound 29,OCC[C@H](O)C[C@@H]1C[C@@H](O)C[C@]2(C[C@@H](O)[C@H](O)[C@@H](C[C@H](O)CO)O2)O1,C16H30O9,366.1889825399999,"[{""source_id"": ""article"", ""sha256"": ""996ca2bc188470bf83989378b3982513067a40fc72d37e0a1714fdf7ceb4c208"", ""pages"": [6], ""locator"": ""Main experimental section / scheme: 29""}, {""source_id"": ""si"", ""sha256"": ""25570e998f1ba92c276e8301a0e62bfa9f16c2d69beeae66086b2047866ff65a"", ""pages"": [31], ""locator"": ""Compound drawing and associated NMR spectrum: 29""}]",structures/29.svg,route_compound,pending_independent_chemist_review,False,False
S12,,COC(=O)[C@@H]1O[C@@H](COCc2ccccc2)C[C@H]1O,source_drawing_transcription,mol-5ed442e2ef1ec0232f0d37ab86ddf934179333bff0fa6d8db98da706e1c8055c,S12,SI compound S12,COC(=O)[C@@H]1O[C@@H](COCc2ccccc2)C[C@H]1O,C14H18O5,266.11542367600003,"[{""source_id"": ""article"", ""sha256"": ""996ca2bc188470bf83989378b3982513067a40fc72d37e0a1714fdf7ceb4c208"", ""pages"": [6], ""locator"": ""Main experimental section / scheme: S12""}, {""source_id"": ""si"", ""sha256"": ""25570e998f1ba92c276e8301a0e62bfa9f16c2d69beeae66086b2047866ff65a"", ""pages"": [33, 34], ""locator"": ""Compound drawing and associated NMR spectrum: S12""}]",structures/S12.svg,route_compound,pending_independent_chemist_review,False,False
35,,COC(=O)[C@@H]1O[C@@H](COCc2ccccc2)C[C@H]1O[Si](C)(C)C(C)(C)C,source_drawing_transcription,mol-edd6592f3a0f7b0cb0054f978716ba074d11d5b05f006ca936f9c2a0289a29d2,35,SI compound 35,COC(=O)[C@@H]1O[C@@H](COCc2ccccc2)C[C@H]1O[Si](C)(C)C(C)(C)C,C20H32O5Si,380.201900654,"[{""source_id"": ""article"", ""sha256"": ""996ca2bc188470bf83989378b3982513067a40fc72d37e0a1714fdf7ceb4c208"", ""pages"": [6], ""locator"": ""Main experimental section / scheme: 35""}, {""source_id"": ""si"", ""sha256"": ""25570e998f1ba92c276e8301a0e62bfa9f16c2d69beeae66086b2047866ff65a"", ""pages"": [35], ""locator"": ""Compound drawing and associated NMR spectrum: 35""}]",structures/35.svg,route_compound,pending_independent_chemist_review,False,False
S13,,COC(=O)[C@@H]1O[C@@H](CO)C[C@H]1O[Si](C)(C)C(C)(C)C,source_drawing_transcription,mol-cd06a35ef6f4837461e6884e10c6bc6de0858e5f8e09f83e5cfa7d6d04c2c4a3,S13,SI compound S13,COC(=O)[C@@H]1O[C@@H](CO)C[C@H]1O[Si](C)(C)C(C)(C)C,C13H26O5Si,290.154950462,"[{""source_id"": ""article"", ""sha256"": ""996ca2bc188470bf83989378b3982513067a40fc72d37e0a1714fdf7ceb4c208"", ""pages"": [6], ""locator"": ""Main experimental section / scheme: S13""}, {""source_id"": ""si"", ""sha256"": ""25570e998f1ba92c276e8301a0e62bfa9f16c2d69beeae66086b2047866ff65a"", ""pages"": [35], ""locator"": ""Compound drawing and associated NMR spectrum: S13""}]",structures/S13.svg,route_compound,pending_independent_chemist_review,False,False
S14,,COC(=O)[C@@H]1O[C@@H](CO)C[C@H]1O,source_drawing_transcription,mol-7d4478fd57f3bc935c596166822dd6d9c3bd4a62261716ecf371f284d2fc42bf,S14,SI compound S14,COC(=O)[C@@H]1O[C@@H](CO)C[C@H]1O,C7H12O5,176.068473484,"[{""source_id"": ""article"", ""sha256"": ""996ca2bc188470bf83989378b3982513067a40fc72d37e0a1714fdf7ceb4c208"", ""pages"": [6], ""locator"": ""Main experimental section / scheme: S14""}, {""source_id"": ""si"", ""sha256"": ""25570e998f1ba92c276e8301a0e62bfa9f16c2d69beeae66086b2047866ff65a"", ""pages"": [35, 36], ""locator"": ""Compound drawing and associated NMR spectrum: S14""}]",structures/S14.svg,route_compound,pending_independent_chemist_review,False,False
36,Crude aldehyde carried forward.,CC(C)(C)[Si](C)(C)O[C@@H]1C[C@H](COCc2ccccc2)O[C@H]1C=O,source_drawing_transcription,mol-9d09579089e8c972969f8d0db4b014a5d96f6cfc22a57cf57eb212ec9967f7a2,36,SI compound 36,CC(C)(C)[Si](C)(C)O[C@@H]1C[C@H](COCc2ccccc2)O[C@H]1C=O,C19H30O4Si,350.1913359699999,"[{""source_id"": ""article"", ""sha256"": ""996ca2bc188470bf83989378b3982513067a40fc72d37e0a1714fdf7ceb4c208"", ""pages"": [6], ""locator"": ""Main experimental section / scheme: 36""}, {""source_id"": ""si"", ""sha256"": ""25570e998f1ba92c276e8301a0e62bfa9f16c2d69beeae66086b2047866ff65a"", ""pages"": [36], ""locator"": ""Compound drawing and associated NMR spectrum: 36""}]",structures/36.svg,route_compound,pending_independent_chemist_review,False,False
37,,C#C[C@@H]1O[C@@H](COCc2ccccc2)C[C@H]1O[Si](C)(C)C(C)(C)C,source_drawing_transcription,mol-3076323532fb7cdcb0247420767213811a7ea4eac927e6b060d7ab7ca0e5485d,37,SI compound 37,C#C[C@@H]1O[C@@H](COCc2ccccc2)C[C@H]1O[Si](C)(C)C(C)(C)C,C20H30O3Si,346.19642135,"[{""source_id"": ""article"", ""sha256"": ""996ca2bc188470bf83989378b3982513067a40fc72d37e0a1714fdf7ceb4c208"", ""pages"": [6], ""locator"": ""Main experimental section / scheme: 37""}, {""source_id"": ""si"", ""sha256"": ""25570e998f1ba92c276e8301a0e62bfa9f16c2d69beeae66086b2047866ff65a"", ""pages"": [36], ""locator"": ""Compound drawing and associated NMR spectrum: 37""}]",structures/37.svg,route_compound,pending_independent_chemist_review,False,False
42,,C=C[C@@H]1O[C@@H](COCc2ccccc2)C[C@H]1O[Si](C)(C)C(C)(C)C,source_drawing_transcription,mol-dc58a750896ac09c5e1f332280e39a5d5fa46ebe27cca3b32a1f3459db58c712,42,SI compound 42,C=C[C@@H]1O[C@@H](COCc2ccccc2)C[C@H]1O[Si](C)(C)C(C)(C)C,C20H32O3Si,348.212071414,"[{""source_id"": ""article"", ""sha256"": ""996ca2bc188470bf83989378b3982513067a40fc72d37e0a1714fdf7ceb4c208"", ""pages"": [7], ""locator"": ""Main experimental section / scheme: 42""}, {""source_id"": ""si"", ""sha256"": ""25570e998f1ba92c276e8301a0e62bfa9f16c2d69beeae66086b2047866ff65a"", ""pages"": [39], ""locator"": ""Compound drawing and associated NMR spectrum: 42""}]",structures/42.svg,route_compound,pending_independent_chemist_review,False,False
38-E,E component of E/Z=2.7:1 mixture; 94% belongs to combined mixture over two steps.,COC(=O)/C=C/[C@@H]1O[C@@H](COCc2ccccc2)C[C@H]1O[Si](C)(C)C(C)(C)C,source_drawing_transcription,mol-5b6ac7df209b08682955bc503f85c6218d333a8f4d1b8901ed10b3c9e79cff07,38-E,SI compound 38-E,COC(=O)/C=C/[C@@H]1O[C@@H](COCc2ccccc2)C[C@H]1O[Si](C)(C)C(C)(C)C,C22H34O5Si,406.217550718,"[{""source_id"": ""article"", ""sha256"": ""996ca2bc188470bf83989378b3982513067a40fc72d37e0a1714fdf7ceb4c208"", ""pages"": [6], ""locator"": ""Main experimental section / scheme: 38-E""}, {""source_id"": ""si"", ""sha256"": ""25570e998f1ba92c276e8301a0e62bfa9f16c2d69beeae66086b2047866ff65a"", ""pages"": [36, 37], ""locator"": ""Compound drawing and associated NMR spectrum: 38-E""}]",structures/38-E.svg,route_compound,pending_independent_chemist_review,False,False
38-Z,,COC(=O)/C=C\[C@@H]1O[C@@H](COCc2ccccc2)C[C@H]1O[Si](C)(C)C(C)(C)C,source_drawing_transcription,mol-bae5d708a42e282f350a65340f55a92285df3ba0aa8a10e5a6d7275c82c3cbc2,38-Z,SI compound 38-Z,COC(=O)/C=C\[C@@H]1O[C@@H](COCc2ccccc2)C[C@H]1O[Si](C)(C)C(C)(C)C,C22H34O5Si,406.217550718,"[{""source_id"": ""article"", ""sha256"": ""996ca2bc188470bf83989378b3982513067a40fc72d37e0a1714fdf7ceb4c208"", ""pages"": [6], ""locator"": ""Main experimental section / scheme: 38-Z""}, {""source_id"": ""si"", ""sha256"": ""25570e998f1ba92c276e8301a0e62bfa9f16c2d69beeae66086b2047866ff65a"", ""pages"": [37], ""locator"": ""Compound drawing and associated NMR spectrum: 38-Z""}]",structures/38-Z.svg,route_compound,pending_independent_chemist_review,False,False
S15,,COC(=O)CC[C@@H]1O[C@@H](CO)C[C@H]1O[Si](C)(C)C(C)(C)C,source_drawing_transcription,mol-0a025842fc05e21e6f9b34485a75a9d8bf6e174b7e9ab1f611e6ce31b9361b1f,S15,SI compound S15,COC(=O)CC[C@@H]1O[C@@H](CO)C[C@H]1O[Si](C)(C)C(C)(C)C,C15H30O5Si,318.18625059,"[{""source_id"": ""article"", ""sha256"": ""996ca2bc188470bf83989378b3982513067a40fc72d37e0a1714fdf7ceb4c208"", ""pages"": [6], ""locator"": ""Main experimental section / scheme: S15""}, {""source_id"": ""si"", ""sha256"": ""25570e998f1ba92c276e8301a0e62bfa9f16c2d69beeae66086b2047866ff65a"", ""pages"": [37], ""locator"": ""Compound drawing and associated NMR spectrum: S15""}]",structures/S15.svg,route_compound,pending_independent_chemist_review,False,False
S15-aldehyde,Crude drawn oxidation intermediate; no isolated yield.,COC(=O)CC[C@@H]1O[C@@H](C=O)C[C@H]1O[Si](C)(C)C(C)(C)C,source_drawing_transcription,mol-29b9215e55527dae267edffbdbe138dbcfee4bf3b73d663e1a0453316030b153,S15-aldehyde,SI compound S15-aldehyde,COC(=O)CC[C@@H]1O[C@@H](C=O)C[C@H]1O[Si](C)(C)C(C)(C)C,C15H28O5Si,316.170600526,"[{""source_id"": ""article"", ""sha256"": ""996ca2bc188470bf83989378b3982513067a40fc72d37e0a1714fdf7ceb4c208"", ""pages"": [6], ""locator"": ""Main experimental section / scheme: S15-aldehyde""}, {""source_id"": ""si"", ""sha256"": ""25570e998f1ba92c276e8301a0e62bfa9f16c2d69beeae66086b2047866ff65a"", ""pages"": [38], ""locator"": ""Compound drawing and associated NMR spectrum: S15-aldehyde""}]",structures/S15-aldehyde.svg,route_compound,pending_independent_chemist_review,False,False
39,,COC(=O)CC[C@@H]1O[C@@H](/C=C\I)C[C@H]1O[Si](C)(C)C(C)(C)C,source_drawing_transcription,mol-4aa733a26d342ce53eb6863af4c4bb614caad47af56e9e49b45497cc45fe54e2,39,SI compound 39,COC(=O)CC[C@@H]1O[C@@H](/C=C\I)C[C@H]1O[Si](C)(C)C(C)(C)C,C16H29IO4Si,440.08798393800004,"[{""source_id"": ""article"", ""sha256"": ""996ca2bc188470bf83989378b3982513067a40fc72d37e0a1714fdf7ceb4c208"", ""pages"": [6], ""locator"": ""Main experimental section / scheme: 39""}, {""source_id"": ""si"", ""sha256"": ""25570e998f1ba92c276e8301a0e62bfa9f16c2d69beeae66086b2047866ff65a"", ""pages"": [38], ""locator"": ""Compound drawing and associated NMR spectrum: 39""}]",structures/39.svg,route_compound,pending_independent_chemist_review,False,False
40,,COC(=O)CC[C@@H]1O[C@@H](/C=C\C#C[C@@H]2O[C@@H](COCc3ccccc3)C[C@H]2O[Si](C)(C)C(C)(C)C)C[C@H]1O[Si](C)(C)C(C)(C)C,source_drawing_transcription,mol-40a53a5853f3af68d00dc3e2191b7ff8a5d747a7bcc1cb8d66f704f366d42fb2,40,SI compound 40,COC(=O)CC[C@@H]1O[C@@H](/C=C\C#C[C@@H]2O[C@@H](COCc3ccccc3)C[C@H]2O[Si](C)(C)C(C)(C)C)C[C@H]1O[Si](C)(C)C(C)(C)C,C36H58O7Si2,658.372107256,"[{""source_id"": ""article"", ""sha256"": ""996ca2bc188470bf83989378b3982513067a40fc72d37e0a1714fdf7ceb4c208"", ""pages"": [6], ""locator"": ""Main experimental section / scheme: 40""}, {""source_id"": ""si"", ""sha256"": ""25570e998f1ba92c276e8301a0e62bfa9f16c2d69beeae66086b2047866ff65a"", ""pages"": [38, 39], ""locator"": ""Compound drawing and associated NMR spectrum: 40""}]",structures/40.svg,route_compound,pending_independent_chemist_review,False,False
43,,COC(=O)CC[C@@H]1O[C@@H](/C=C\CC[C@@H]2O[C@@H](COCc3ccccc3)C[C@H]2O[Si](C)(C)C(C)(C)C)C[C@H]1O[Si](C)(C)C(C)(C)C,source_drawing_transcription,mol-9334c59365e75f2b8da73985319e142ca7b3cbf9dcad97228d2fe59b851ef3b3,43,SI compound 43,COC(=O)CC[C@@H]1O[C@@H](/C=C\CC[C@@H]2O[C@@H](COCc3ccccc3)C[C@H]2O[Si](C)(C)C(C)(C)C)C[C@H]1O[Si](C)(C)C(C)(C)C,C36H62O7Si2,662.403407384,"[{""source_id"": ""article"", ""sha256"": ""996ca2bc188470bf83989378b3982513067a40fc72d37e0a1714fdf7ceb4c208"", ""pages"": [7], ""locator"": ""Main experimental section / scheme: 43""}, {""source_id"": ""si"", ""sha256"": ""25570e998f1ba92c276e8301a0e62bfa9f16c2d69beeae66086b2047866ff65a"", ""pages"": [39, 40], ""locator"": ""Compound drawing and associated NMR spectrum: 43""}]",structures/43.svg,route_compound,pending_independent_chemist_review,False,False
45,,COC(=O)CC[C@@H]1O[C@@H](CCCC[C@@H]2O[C@@H](COCc3ccccc3)C[C@H]2O[Si](C)(C)C(C)(C)C)C[C@H]1O[Si](C)(C)C(C)(C)C,source_drawing_transcription,mol-c750450390a29209c6091745e7533ce924c7035729f9b21beda41d2093b41313,45,SI compound 45,COC(=O)CC[C@@H]1O[C@@H](CCCC[C@@H]2O[C@@H](COCc3ccccc3)C[C@H]2O[Si](C)(C)C(C)(C)C)C[C@H]1O[Si](C)(C)C(C)(C)C,C36H64O7Si2,664.419057448,"[{""source_id"": ""article"", ""sha256"": ""996ca2bc188470bf83989378b3982513067a40fc72d37e0a1714fdf7ceb4c208"", ""pages"": [7], ""locator"": ""Main experimental section / scheme: 45""}, {""source_id"": ""si"", ""sha256"": ""25570e998f1ba92c276e8301a0e62bfa9f16c2d69beeae66086b2047866ff65a"", ""pages"": [41], ""locator"": ""Compound drawing and associated NMR spectrum: 45""}]",structures/45.svg,route_compound,pending_independent_chemist_review,False,False
41,,COC(=O)CC[C@@H]1O[C@@H](CCCC[C@@H]2O[C@@H](CO)C[C@H]2O[Si](C)(C)C(C)(C)C)C[C@H]1O[Si](C)(C)C(C)(C)C,source_drawing_transcription,mol-57577b651dd98ef01ebd2ddc7391df712f75fee77226ef9a0d432147915ba04e,41,SI compound 41,COC(=O)CC[C@@H]1O[C@@H](CCCC[C@@H]2O[C@@H](CO)C[C@H]2O[Si](C)(C)C(C)(C)C)C[C@H]1O[Si](C)(C)C(C)(C)C,C29H58O7Si2,574.372107256,"[{""source_id"": ""article"", ""sha256"": ""996ca2bc188470bf83989378b3982513067a40fc72d37e0a1714fdf7ceb4c208"", ""pages"": [7], ""locator"": ""Main experimental section / scheme: 41""}, {""source_id"": ""si"", ""sha256"": ""25570e998f1ba92c276e8301a0e62bfa9f16c2d69beeae66086b2047866ff65a"", ""pages"": [41, 42], ""locator"": ""Compound drawing and associated NMR spectrum: 41""}]",structures/41.svg,route_compound,pending_independent_chemist_review,False,False
44,,COC(=O)CC[C@H](O[Si](C)(C)C(C)(C)C)[C@@H](CCCCCC[C@@H]1O[C@@H](CO[Si](C)(C)C(C)(C)C)C[C@H]1O[Si](C)(C)C(C)(C)C)O[Si](C)(C)C(C)(C)C,source_drawing_transcription,mol-a7128e3f21acde6bfe60c341919890065a5f07437112b5522e37bccd440ed993,44,SI compound 44,COC(=O)CC[C@H](O[Si](C)(C)C(C)(C)C)[C@@H](CCCCCC[C@@H]1O[C@@H](CO[Si](C)(C)C(C)(C)C)C[C@H]1O[Si](C)(C)C(C)(C)C)O[Si](C)(C)C(C)(C)C,C41H88O7Si4,804.5607112759999,"[{""source_id"": ""article"", ""sha256"": ""996ca2bc188470bf83989378b3982513067a40fc72d37e0a1714fdf7ceb4c208"", ""pages"": [7], ""locator"": ""Main experimental section / scheme: 44""}, {""source_id"": ""si"", ""sha256"": ""25570e998f1ba92c276e8301a0e62bfa9f16c2d69beeae66086b2047866ff65a"", ""pages"": [40, 41], ""locator"": ""Compound drawing and associated NMR spectrum: 44""}]",structures/44.svg,route_compound,pending_independent_chemist_review,False,False
41-mesylate,,COC(=O)CC[C@@H]1O[C@@H](CCCC[C@@H]2O[C@@H](COS(C)(=O)=O)C[C@H]2O[Si](C)(C)C(C)(C)C)C[C@H]1O[Si](C)(C)C(C)(C)C,source_drawing_transcription,mol-b5b2f57aa900e25176db1cca80a049cd277c465e3ceb6a9917e58885005f1ddd,41-mesylate,SI compound 41-mesylate,COC(=O)CC[C@@H]1O[C@@H](CCCC[C@@H]2O[C@@H](COS(C)(=O)=O)C[C@H]2O[Si](C)(C)C(C)(C)C)C[C@H]1O[Si](C)(C)C(C)(C)C,C30H60O9SSi2,652.3496575599999,"[{""source_id"": ""article"", ""sha256"": ""996ca2bc188470bf83989378b3982513067a40fc72d37e0a1714fdf7ceb4c208"", ""pages"": [7], ""locator"": ""Main experimental section / scheme: 41-mesylate""}, {""source_id"": ""si"", ""sha256"": ""25570e998f1ba92c276e8301a0e62bfa9f16c2d69beeae66086b2047866ff65a"", ""pages"": [42], ""locator"": ""Compound drawing and associated NMR spectrum: 41-mesylate""}]",structures/41-mesylate.svg,route_compound,pending_independent_chemist_review,False,False
46,,COC(=O)CC[C@@H]1O[C@@H](CCCC[C@@H]2O[C@@H](CN=[N+]=[N-])C[C@H]2O[Si](C)(C)C(C)(C)C)C[C@H]1O[Si](C)(C)C(C)(C)C,source_drawing_transcription,mol-4c89b72620b6248684f46c1e3faac588da893c3437f05bd66a2002de6611e031,46,SI compound 46,COC(=O)CC[C@@H]1O[C@@H](CCCC[C@@H]2O[C@@H](CN=[N+]=[N-])C[C@H]2O[Si](C)(C)C(C)(C)C)C[C@H]1O[Si](C)(C)C(C)(C)C,C29H57N3O6Si2,599.378589604,"[{""source_id"": ""article"", ""sha256"": ""996ca2bc188470bf83989378b3982513067a40fc72d37e0a1714fdf7ceb4c208"", ""pages"": [7], ""locator"": ""Main experimental section / scheme: 46""}, {""source_id"": ""si"", ""sha256"": ""25570e998f1ba92c276e8301a0e62bfa9f16c2d69beeae66086b2047866ff65a"", ""pages"": [42], ""locator"": ""Compound drawing and associated NMR spectrum: 46""}]",structures/46.svg,route_compound,pending_independent_chemist_review,False,False
34,"Crude dihydroxylation intermediate, not separately isolated.",COC(=O)[C@H](O)[C@H](O)C[C@@H](COCc1ccccc1)OS(C)(=O)=O,source_drawing_transcription,mol-b1923afd18bcc0f636da6a971e35f3eac6e6397383523dc0479ee7d119b248c9,34,SI compound 34,COC(=O)[C@H](O)[C@H](O)C[C@@H](COCc1ccccc1)OS(C)(=O)=O,C15H22O8S,362.1035386639999,"[{""source_id"": ""article"", ""sha256"": ""996ca2bc188470bf83989378b3982513067a40fc72d37e0a1714fdf7ceb4c208"", ""pages"": [6], ""locator"": ""Main experimental section / scheme: 34""}, {""source_id"": ""si"", ""sha256"": ""25570e998f1ba92c276e8301a0e62bfa9f16c2d69beeae66086b2047866ff65a"", ""pages"": [33], ""locator"": ""Compound drawing and associated NMR spectrum: 34""}]",structures/34.svg,route_compound,pending_independent_chemist_review,False,False
33,,COC(=O)/C=C/C[C@@H](COCc1ccccc1)OS(C)(=O)=O,source_drawing_transcription,mol-31fe26ac8603cc569114feba8b20c17715c466c7b659c57abddc66abfbea3c5f,33,SI compound 33,COC(=O)/C=C/C[C@@H](COCc1ccccc1)OS(C)(=O)=O,C15H20O6S,328.09805936,"[{""source_id"": ""article"", ""sha256"": ""996ca2bc188470bf83989378b3982513067a40fc72d37e0a1714fdf7ceb4c208"", ""pages"": [6], ""locator"": ""Main experimental section / scheme: 33""}, {""source_id"": ""si"", ""sha256"": ""25570e998f1ba92c276e8301a0e62bfa9f16c2d69beeae66086b2047866ff65a"", ""pages"": [33], ""locator"": ""Compound drawing and associated NMR spectrum: 33""}]",structures/33.svg,route_compound,pending_independent_chemist_review,False,False
S11,"E major component of E/Z28:1 mixture, combined sequence yield.",COC(=O)/C=C/C[C@H](O)COCc1ccccc1,source_drawing_transcription,mol-ae9804c5ad9aa9652f22455fb5f006ecfa619d5b67a1edf58aa26e16bfb64c5e,S11,SI compound S11,COC(=O)/C=C/C[C@H](O)COCc1ccccc1,C14H18O4,250.120509056,"[{""source_id"": ""article"", ""sha256"": ""996ca2bc188470bf83989378b3982513067a40fc72d37e0a1714fdf7ceb4c208"", ""pages"": [6], ""locator"": ""Main experimental section / scheme: S11""}, {""source_id"": ""si"", ""sha256"": ""25570e998f1ba92c276e8301a0e62bfa9f16c2d69beeae66086b2047866ff65a"", ""pages"": [32, 33], ""locator"": ""Compound drawing and associated NMR spectrum: S11""}]",structures/S11.svg,route_compound,pending_independent_chemist_review,False,False
32,,C=CC[C@H](O)COCc1ccccc1,source_drawing_transcription,mol-dbabc3a225a7446d7b08da7df2c389c1397f403b34d1dbeea629d62d9d3d2317,32,SI compound 32,C=CC[C@H](O)COCc1ccccc1,C12H16O2,192.115029752,"[{""source_id"": ""article"", ""sha256"": ""996ca2bc188470bf83989378b3982513067a40fc72d37e0a1714fdf7ceb4c208"", ""pages"": [6], ""locator"": ""Main experimental section / scheme: 32""}, {""source_id"": ""si"", ""sha256"": ""25570e998f1ba92c276e8301a0e62bfa9f16c2d69beeae66086b2047866ff65a"", ""pages"": [32], ""locator"": ""Compound drawing and associated NMR spectrum: 32""}]",structures/32.svg,route_compound,pending_independent_chemist_review,False,False
31,,c1ccc(COC[C@H]2CO2)cc1,source_drawing_transcription,mol-6058e2d76cb7c75e1c792308f5681cdb524971c4e03e665945e9fb01fef54b07,31,SI compound 31,c1ccc(COC[C@H]2CO2)cc1,C10H12O2,164.083729624,"[{""source_id"": ""article"", ""sha256"": ""996ca2bc188470bf83989378b3982513067a40fc72d37e0a1714fdf7ceb4c208"", ""pages"": [6], ""locator"": ""Main experimental section / scheme: 31""}, {""source_id"": ""si"", ""sha256"": ""25570e998f1ba92c276e8301a0e62bfa9f16c2d69beeae66086b2047866ff65a"", ""pages"": [32], ""locator"": ""Compound drawing and associated NMR spectrum: 31""}]",structures/31.svg,route_compound,pending_independent_chemist_review,False,False
S16,,COC(=O)CC[C@@H]1O[C@@H](CCCC[C@@H]2O[C@@H](CNC(C)=O)C[C@H]2O[Si](C)(C)C(C)(C)C)C[C@H]1O[Si](C)(C)C(C)(C)C,source_drawing_transcription,mol-2c61a79a17a1990acfeaa10f63ed6e5a523c90ce6b71fdce3760aee51472fa6f,S16,SI compound S16,COC(=O)CC[C@@H]1O[C@@H](CCCC[C@@H]2O[C@@H](CNC(C)=O)C[C@H]2O[Si](C)(C)C(C)(C)C)C[C@H]1O[Si](C)(C)C(C)(C)C,C31H61NO7Si2,615.3986563519999,"[{""source_id"": ""article"", ""sha256"": ""996ca2bc188470bf83989378b3982513067a40fc72d37e0a1714fdf7ceb4c208"", ""pages"": [7], ""locator"": ""Main experimental section / scheme: S16""}, {""source_id"": ""si"", ""sha256"": ""25570e998f1ba92c276e8301a0e62bfa9f16c2d69beeae66086b2047866ff65a"", ""pages"": [43], ""locator"": ""Compound drawing and associated NMR spectrum: S16""}]",structures/S16.svg,route_compound,pending_independent_chemist_review,False,False
47,,COC(=O)CC[C@@H]1O[C@@H](CCCC[C@@H]2O[C@@H](CN(N=O)C(C)=O)C[C@H]2O[Si](C)(C)C(C)(C)C)C[C@H]1O[Si](C)(C)C(C)(C)C,source_drawing_transcription,mol-81590724ed85a571b7d1460b185adfa6de45d27c9aeffc07e6797c37fc6c5f1e,47,SI compound 47,COC(=O)CC[C@@H]1O[C@@H](CCCC[C@@H]2O[C@@H](CN(N=O)C(C)=O)C[C@H]2O[Si](C)(C)C(C)(C)C)C[C@H]1O[Si](C)(C)C(C)(C)C,C31H60N2O8Si2,644.38881994,"[{""source_id"": ""article"", ""sha256"": ""996ca2bc188470bf83989378b3982513067a40fc72d37e0a1714fdf7ceb4c208"", ""pages"": [7], ""locator"": ""Main experimental section / scheme: 47""}, {""source_id"": ""si"", ""sha256"": ""25570e998f1ba92c276e8301a0e62bfa9f16c2d69beeae66086b2047866ff65a"", ""pages"": [43], ""locator"": ""Compound drawing and associated NMR spectrum: 47""}]",structures/47.svg,route_compound,pending_independent_chemist_review,False,False
S17,,CC(C)(C)[Si](C)(C)O[C@@H]1C[C@H](COCc2ccccc2)O[C@H]1/C=C\I,source_drawing_transcription,mol-b2db5e8776398d9893f47445e2916daff5d01ebb180f3747c599b59b7734f87a,S17,SI compound S17,CC(C)(C)[Si](C)(C)O[C@@H]1C[C@H](COCc2ccccc2)O[C@H]1/C=C\I,C20H31IO3Si,474.10871938199995,"[{""source_id"": ""article"", ""sha256"": ""996ca2bc188470bf83989378b3982513067a40fc72d37e0a1714fdf7ceb4c208"", ""pages"": [7], ""locator"": ""Main experimental section / scheme: S17""}, {""source_id"": ""si"", ""sha256"": ""25570e998f1ba92c276e8301a0e62bfa9f16c2d69beeae66086b2047866ff65a"", ""pages"": [44], ""locator"": ""Compound drawing and associated NMR spectrum: S17""}]",structures/S17.svg,route_compound,pending_independent_chemist_review,False,False
S18,,C=C[C@H]1C[C@@H](O[Si](C)(C)C(C)(C)C)[C@H](CCC(=O)OC)O1,source_drawing_transcription,mol-97536a99d098048ddaf5901d564a3c2b4d54bb5196c85c05ee253d3c5f7a7660,S18,SI compound S18,C=C[C@H]1C[C@@H](O[Si](C)(C)C(C)(C)C)[C@H](CCC(=O)OC)O1,C16H30O4Si,314.19133596999995,"[{""source_id"": ""article"", ""sha256"": ""996ca2bc188470bf83989378b3982513067a40fc72d37e0a1714fdf7ceb4c208"", ""pages"": [7], ""locator"": ""Main experimental section / scheme: S18""}, {""source_id"": ""si"", ""sha256"": ""25570e998f1ba92c276e8301a0e62bfa9f16c2d69beeae66086b2047866ff65a"", ""pages"": [44, 45], ""locator"": ""Compound drawing and associated NMR spectrum: S18""}]",structures/S18.svg,route_compound,pending_independent_chemist_review,False,False
S19,,COC(=O)CC[C@@H]1O[C@@H](CC/C=C\[C@@H]2O[C@@H](COCc3ccccc3)C[C@H]2O[Si](C)(C)C(C)(C)C)C[C@H]1O[Si](C)(C)C(C)(C)C,source_drawing_transcription,mol-cd73a73ccac31dc90f8f32f4f04c3e0cf47a628ebc4df7c93b2a4397f558ce1c,S19,SI compound S19,COC(=O)CC[C@@H]1O[C@@H](CC/C=C\[C@@H]2O[C@@H](COCc3ccccc3)C[C@H]2O[Si](C)(C)C(C)(C)C)C[C@H]1O[Si](C)(C)C(C)(C)C,C36H62O7Si2,662.403407384,"[{""source_id"": ""article"", ""sha256"": ""996ca2bc188470bf83989378b3982513067a40fc72d37e0a1714fdf7ceb4c208"", ""pages"": [7], ""locator"": ""Main experimental section / scheme: S19""}, {""source_id"": ""si"", ""sha256"": ""25570e998f1ba92c276e8301a0e62bfa9f16c2d69beeae66086b2047866ff65a"", ""pages"": [45], ""locator"": ""Compound drawing and associated NMR spectrum: S19""}]",structures/S19.svg,route_compound,pending_independent_chemist_review,False,False
50,,COC(=O)[C@@H]1C[C@@H](O[Si](C)(C)C(C)(C)C)[C@H](O[Si](C)(C)C(C)(C)C)[C@@H](CO)O1,source_drawing_transcription,mol-820121f926049de7d82b499c96ea03e40c9e0ccb730d3ee9704438374f08ffb6,50,SI compound 50,COC(=O)[C@@H]1C[C@@H](O[Si](C)(C)C(C)(C)C)[C@H](O[Si](C)(C)C(C)(C)C)[C@@H](CO)O1,C20H42O6Si2,434.2519921239999,"[{""source_id"": ""article"", ""sha256"": ""996ca2bc188470bf83989378b3982513067a40fc72d37e0a1714fdf7ceb4c208"", ""pages"": [7], ""locator"": ""Main experimental section / scheme: 50""}, {""source_id"": ""si"", ""sha256"": ""25570e998f1ba92c276e8301a0e62bfa9f16c2d69beeae66086b2047866ff65a"", ""pages"": [47], ""locator"": ""Compound drawing and associated NMR spectrum: 50""}]",structures/50.svg,route_compound,pending_independent_chemist_review,False,False
49,Wavy anomeric chloride center; crude material.,CC(C)(C)[Si](C)(C)OC[C@H]1OC(Cl)C[C@@H](O[Si](C)(C)C(C)(C)C)[C@@H]1O[Si](C)(C)C(C)(C)C,source_drawing_transcription,mol-a2ddbf7e0895c39b271bc8690c5c7b0cef27a2f85c1d772dffd0c01170c42a7a,49,SI compound 49,CC(C)(C)[Si](C)(C)OC[C@H]1OC(Cl)C[C@@H](O[Si](C)(C)C(C)(C)C)[C@@H]1O[Si](C)(C)C(C)(C)C,C24H53ClO4Si3,524.294017446,"[{""source_id"": ""article"", ""sha256"": ""996ca2bc188470bf83989378b3982513067a40fc72d37e0a1714fdf7ceb4c208"", ""pages"": [7], ""locator"": ""Main experimental section / scheme: 49""}, {""source_id"": ""si"", ""sha256"": ""25570e998f1ba92c276e8301a0e62bfa9f16c2d69beeae66086b2047866ff65a"", ""pages"": [47], ""locator"": ""Compound drawing and associated NMR spectrum: 49""}]",structures/49.svg,route_compound,pending_independent_chemist_review,False,False
48,,CC(C)(C)[Si](C)(C)OC[C@H]1OC=C[C@@H](O[Si](C)(C)C(C)(C)C)[C@@H]1O[Si](C)(C)C(C)(C)C,source_drawing_transcription,mol-7410878aea033f163a2d680acf470c9681a4cadc7dc3150bc9662f8f2379dfaf,48,SI compound 48,CC(C)(C)[Si](C)(C)OC[C@H]1OC=C[C@@H](O[Si](C)(C)C(C)(C)C)[C@@H]1O[Si](C)(C)C(C)(C)C,C24H52O4Si3,488.317339734,"[{""source_id"": ""article"", ""sha256"": ""996ca2bc188470bf83989378b3982513067a40fc72d37e0a1714fdf7ceb4c208"", ""pages"": [7], ""locator"": ""Main experimental section / scheme: 48""}, {""source_id"": ""si"", ""sha256"": ""25570e998f1ba92c276e8301a0e62bfa9f16c2d69beeae66086b2047866ff65a"", ""pages"": [46], ""locator"": ""Compound drawing and associated NMR spectrum: 48""}]",structures/48.svg,route_compound,pending_independent_chemist_review,False,False
tri-O-acetyl-D-glucal,,CC(=O)OC[C@H]1OC=C[C@@H](OC(C)=O)[C@@H]1OC(C)=O,source_drawing_transcription,mol-451c08c3b58cb1eedd9f114d2df55b2d0d4a0f581ff66186cdd63588dd47c1f5,tri-O-acetyl-D-glucal,SI compound tri-O-acetyl-D-glucal,CC(=O)OC[C@H]1OC=C[C@@H](OC(C)=O)[C@@H]1OC(C)=O,C12H16O7,272.08960285200004,"[{""source_id"": ""article"", ""sha256"": ""996ca2bc188470bf83989378b3982513067a40fc72d37e0a1714fdf7ceb4c208"", ""pages"": [7], ""locator"": ""Main experimental section / scheme: tri-O-acetyl-D-glucal""}, {""source_id"": ""si"", ""sha256"": ""25570e998f1ba92c276e8301a0e62bfa9f16c2d69beeae66086b2047866ff65a"", ""pages"": [46], ""locator"": ""Compound drawing and associated NMR spectrum: tri-O-acetyl-D-glucal""}]",structures/tri-O-acetyl-D-glucal.svg,route_compound,pending_independent_chemist_review,False,False
51,,C=CCOCOC,source_drawing_transcription,mol-ed0dbe1ebf162def15f066b2291173fcc058863e3b46f602c6b6331ac5d89596,51,SI compound 51,C=CCOCOC,C5H10O2,102.06807956,"[{""source_id"": ""article"", ""sha256"": ""996ca2bc188470bf83989378b3982513067a40fc72d37e0a1714fdf7ceb4c208"", ""pages"": [7], ""locator"": ""Main experimental section / scheme: 51""}, {""source_id"": ""si"", ""sha256"": ""25570e998f1ba92c276e8301a0e62bfa9f16c2d69beeae66086b2047866ff65a"", ""pages"": [47, 48], ""locator"": ""Compound drawing and associated NMR spectrum: 51""}]",structures/51.svg,route_compound,pending_independent_chemist_review,False,False
allyl-alcohol,,C=CCO,source_drawing_transcription,mol-aa5130f1b438b19cb8fffaf90a6645407ac68a3a83b3f113f53f06d93f09913a,allyl-alcohol,SI compound allyl-alcohol,C=CCO,C3H6O,58.041864812,"[{""source_id"": ""article"", ""sha256"": ""996ca2bc188470bf83989378b3982513067a40fc72d37e0a1714fdf7ceb4c208"", ""pages"": [7], ""locator"": ""Main experimental section / scheme: allyl-alcohol""}, {""source_id"": ""si"", ""sha256"": ""25570e998f1ba92c276e8301a0e62bfa9f16c2d69beeae66086b2047866ff65a"", ""pages"": [47], ""locator"": ""Compound drawing and associated NMR spectrum: allyl-alcohol""}]",structures/allyl-alcohol.svg,route_compound,pending_independent_chemist_review,False,False
MOM-chloride,,COCCl,source_drawing_transcription,mol-6f9669b5fe73c479892425a112f18264317f91c7c74cba7a1b89342bc5f4f2d2,MOM-chloride,SI compound MOM-chloride,COCCl,C2H5ClO,80.00289246,"[{""source_id"": ""article"", ""sha256"": ""996ca2bc188470bf83989378b3982513067a40fc72d37e0a1714fdf7ceb4c208"", ""pages"": [7], ""locator"": ""Main experimental section / scheme: MOM-chloride""}, {""source_id"": ""si"", ""sha256"": ""25570e998f1ba92c276e8301a0e62bfa9f16c2d69beeae66086b2047866ff65a"", ""pages"": [47], ""locator"": ""Compound drawing and associated NMR spectrum: MOM-chloride""}]",structures/MOM-chloride.svg,route_compound,pending_independent_chemist_review,False,False
Mander-reagent,,COC(=O)C#N,source_drawing_transcription,mol-5dbe755e9ac67ec3874815b34bf0e2ace6f74731c903974f3a2a621561834bb2,Mander-reagent,SI compound Mander-reagent,COC(=O)C#N,C3H3NO2,85.016378336,"[{""source_id"": ""article"", ""sha256"": ""996ca2bc188470bf83989378b3982513067a40fc72d37e0a1714fdf7ceb4c208"", ""pages"": [7], ""locator"": ""Main experimental section / scheme: Mander-reagent""}, {""source_id"": ""si"", ""sha256"": ""25570e998f1ba92c276e8301a0e62bfa9f16c2d69beeae66086b2047866ff65a"", ""pages"": [47], ""locator"": ""Compound drawing and associated NMR spectrum: Mander-reagent""}]",structures/Mander-reagent.svg,route_compound,pending_independent_chemist_review,False,False
50-aldehyde,,COC(=O)[C@@H]1C[C@@H](O[Si](C)(C)C(C)(C)C)[C@H](O[Si](C)(C)C(C)(C)C)[C@@H](C=O)O1,source_drawing_transcription,mol-c1389b588a09231517feef70586c08ca473b275dd93cdf3aa23926e8d87f2261,50-aldehyde,SI compound 50-aldehyde,COC(=O)[C@@H]1C[C@@H](O[Si](C)(C)C(C)(C)C)[C@H](O[Si](C)(C)C(C)(C)C)[C@@H](C=O)O1,C20H40O6Si2,432.2363420599999,"[{""source_id"": ""article"", ""sha256"": ""996ca2bc188470bf83989378b3982513067a40fc72d37e0a1714fdf7ceb4c208"", ""pages"": [7], ""locator"": ""Main experimental section / scheme: 50-aldehyde""}, {""source_id"": ""si"", ""sha256"": ""25570e998f1ba92c276e8301a0e62bfa9f16c2d69beeae66086b2047866ff65a"", ""pages"": [48, 49], ""locator"": ""Compound drawing and associated NMR spectrum: 50-aldehyde""}]",structures/50-aldehyde.svg,route_compound,pending_independent_chemist_review,False,False
52,,C=C[C@H](OCOC)[C@@H](O)[C@H]1O[C@H](C(=O)OC)C[C@@H](O[Si](C)(C)C(C)(C)C)[C@@H]1O[Si](C)(C)C(C)(C)C,source_drawing_transcription,mol-4e00e195ce5cbbc3f038933c2cd9bf36267cca243bbdd70aa9991cd88a339a25,52,SI compound 52,C=C[C@H](OCOC)[C@@H](O)[C@H]1O[C@H](C(=O)OC)C[C@@H](O[Si](C)(C)C(C)(C)C)[C@@H]1O[Si](C)(C)C(C)(C)C,C25H50O8Si2,534.30442162,"[{""source_id"": ""article"", ""sha256"": ""996ca2bc188470bf83989378b3982513067a40fc72d37e0a1714fdf7ceb4c208"", ""pages"": [7], ""locator"": ""Main experimental section / scheme: 52""}, {""source_id"": ""si"", ""sha256"": ""25570e998f1ba92c276e8301a0e62bfa9f16c2d69beeae66086b2047866ff65a"", ""pages"": [48, 49], ""locator"": ""Compound drawing and associated NMR spectrum: 52""}]",structures/52.svg,route_compound,pending_independent_chemist_review,False,False
S20,,C=C[C@H](OCOC)[C@@H](O)[C@H]1O[C@H](C(=O)OC)C[C@@H](O)[C@@H]1O,source_drawing_transcription,mol-d2a8c028c4349f1d5bb93a15b2921ae187c0731261d58bd4604e1400d2462cb9,S20,SI compound S20,C=C[C@H](OCOC)[C@@H](O)[C@H]1O[C@H](C(=O)OC)C[C@@H](O)[C@@H]1O,C13H22O8,306.13146766399996,"[{""source_id"": ""article"", ""sha256"": ""996ca2bc188470bf83989378b3982513067a40fc72d37e0a1714fdf7ceb4c208"", ""pages"": [7], ""locator"": ""Main experimental section / scheme: S20""}, {""source_id"": ""si"", ""sha256"": ""25570e998f1ba92c276e8301a0e62bfa9f16c2d69beeae66086b2047866ff65a"", ""pages"": [49, 50], ""locator"": ""Compound drawing and associated NMR spectrum: S20""}]",structures/S20.svg,route_compound,pending_independent_chemist_review,False,False
53,,C=C[C@H](O)[C@@H](O)[C@H]1O[C@H](C(=O)OC)C[C@@H](O[Si](C)(C)C(C)(C)C)[C@@H]1O[Si](C)(C)C(C)(C)C,source_drawing_transcription,mol-9e2122620d2abfba3079d9c88d0660e9315d653eabdbb422241a692ea595afee,53,SI compound 53,C=C[C@H](O)[C@@H](O)[C@H]1O[C@H](C(=O)OC)C[C@@H](O[Si](C)(C)C(C)(C)C)[C@@H]1O[Si](C)(C)C(C)(C)C,C23H46O7Si2,490.278206872,"[{""source_id"": ""article"", ""sha256"": ""996ca2bc188470bf83989378b3982513067a40fc72d37e0a1714fdf7ceb4c208"", ""pages"": [7], ""locator"": ""Main experimental section / scheme: 53""}, {""source_id"": ""si"", ""sha256"": ""25570e998f1ba92c276e8301a0e62bfa9f16c2d69beeae66086b2047866ff65a"", ""pages"": [50], ""locator"": ""Compound drawing and associated NMR spectrum: 53""}]",structures/53.svg,route_compound,pending_independent_chemist_review,False,False
54,,C=C[C@H](O[Si](C)(C)C(C)(C)C)[C@@H](O[Si](C)(C)C(C)(C)C)[C@H]1O[C@H](C(=O)OC)C[C@@H](O[Si](C)(C)C(C)(C)C)[C@@H]1O[Si](C)(C)C(C)(C)C,source_drawing_transcription,mol-8fa94d71c1ec6ea4fc33c0e46c125b5bf37c0513cf744f5c19ec355bd97db9be,54,SI compound 54,C=C[C@H](O[Si](C)(C)C(C)(C)C)[C@@H](O[Si](C)(C)C(C)(C)C)[C@H]1O[C@H](C(=O)OC)C[C@@H](O[Si](C)(C)C(C)(C)C)[C@@H]1O[Si](C)(C)C(C)(C)C,C35H74O7Si4,718.451160828,"[{""source_id"": ""article"", ""sha256"": ""996ca2bc188470bf83989378b3982513067a40fc72d37e0a1714fdf7ceb4c208"", ""pages"": [7], ""locator"": ""Main experimental section / scheme: 54""}, {""source_id"": ""si"", ""sha256"": ""25570e998f1ba92c276e8301a0e62bfa9f16c2d69beeae66086b2047866ff65a"", ""pages"": [52], ""locator"": ""Compound drawing and associated NMR spectrum: 54""}]",structures/54.svg,route_compound,pending_independent_chemist_review,False,False
56,,C=C[C@@H]1OC(C)(C)O[C@H]1[C@H]1O[C@H](C(=O)OC)C[C@@H](O[Si](C)(C)C(C)(C)C)[C@@H]1O[Si](C)(C)C(C)(C)C,source_drawing_transcription,mol-f2ca31928ed28138395ba050d8c0a2b177dfadf4689942d4b73ed62282200cd9,56,SI compound 56,C=C[C@@H]1OC(C)(C)O[C@H]1[C@H]1O[C@H](C(=O)OC)C[C@@H](O[Si](C)(C)C(C)(C)C)[C@@H]1O[Si](C)(C)C(C)(C)C,C26H50O7Si2,530.309507,"[{""source_id"": ""article"", ""sha256"": ""996ca2bc188470bf83989378b3982513067a40fc72d37e0a1714fdf7ceb4c208"", ""pages"": [7], ""locator"": ""Main experimental section / scheme: 56""}, {""source_id"": ""si"", ""sha256"": ""25570e998f1ba92c276e8301a0e62bfa9f16c2d69beeae66086b2047866ff65a"", ""pages"": [52], ""locator"": ""Compound drawing and associated NMR spectrum: 56""}]",structures/56.svg,route_compound,pending_independent_chemist_review,False,False
57,,C=C[C@H](OCOC)[C@H]1O[C@@H](c2ccc(OC)cc2)O[C@@H]2[C@@H]1O[C@H](C(=O)OC)C[C@H]2O,source_drawing_transcription,mol-42d532ee332c30a5c54be589d46e22c884f73e40e540e8dd475a9f0b47b77d30,57,SI compound 57,C=C[C@H](OCOC)[C@H]1O[C@@H](c2ccc(OC)cc2)O[C@@H]2[C@@H]1O[C@H](C(=O)OC)C[C@H]2O,C21H28O9,424.1733324759999,"[{""source_id"": ""article"", ""sha256"": ""996ca2bc188470bf83989378b3982513067a40fc72d37e0a1714fdf7ceb4c208"", ""pages"": [7], ""locator"": ""Main experimental section / scheme: 57""}, {""source_id"": ""si"", ""sha256"": ""25570e998f1ba92c276e8301a0e62bfa9f16c2d69beeae66086b2047866ff65a"", ""pages"": [53], ""locator"": ""Compound drawing and associated NMR spectrum: 57""}]",structures/57.svg,route_compound,pending_independent_chemist_review,False,False
58,,C=C[C@H](O[Si](C)(C)C(C)(C)C)[C@@H](O[Si](C)(C)C(C)(C)C)[C@H]1O[C@H](C=O)C[C@@H](O[Si](C)(C)C(C)(C)C)[C@@H]1O[Si](C)(C)C(C)(C)C,source_drawing_transcription,mol-760bc314ecf8888725c8ce2958430662164a01794e642461cca72f1e6d19d339,58,SI compound 58,C=C[C@H](O[Si](C)(C)C(C)(C)C)[C@@H](O[Si](C)(C)C(C)(C)C)[C@H]1O[C@H](C=O)C[C@@H](O[Si](C)(C)C(C)(C)C)[C@@H]1O[Si](C)(C)C(C)(C)C,C34H72O6Si4,688.4405961439999,"[{""source_id"": ""article"", ""sha256"": ""996ca2bc188470bf83989378b3982513067a40fc72d37e0a1714fdf7ceb4c208"", ""pages"": [8], ""locator"": ""Main experimental section / scheme: 58""}, {""source_id"": ""si"", ""sha256"": ""25570e998f1ba92c276e8301a0e62bfa9f16c2d69beeae66086b2047866ff65a"", ""pages"": [53], ""locator"": ""Compound drawing and associated NMR spectrum: 58""}]",structures/58.svg,route_compound,pending_independent_chemist_review,False,False
59,"Transient in-situ generated diazo reagent, not isolated.",COC(=O)CC[C@@H]1O[C@@H](CCCC[C@@H]2O[C@@H](C=[N+]=[N-])C[C@H]2O[Si](C)(C)C(C)(C)C)C[C@H]1O[Si](C)(C)C(C)(C)C,source_drawing_transcription,mol-2fde4d4a6490d471b08ceca7c72c47aa22b70493d26d1e8f06e46d7a19817b40,59,SI compound 59,COC(=O)CC[C@@H]1O[C@@H](CCCC[C@@H]2O[C@@H](C=[N+]=[N-])C[C@H]2O[Si](C)(C)C(C)(C)C)C[C@H]1O[Si](C)(C)C(C)(C)C,C29H56N2O6Si2,584.3676905719999,"[{""source_id"": ""article"", ""sha256"": ""996ca2bc188470bf83989378b3982513067a40fc72d37e0a1714fdf7ceb4c208"", ""pages"": [8], ""locator"": ""Main experimental section / scheme: 59""}, {""source_id"": ""si"", ""sha256"": ""25570e998f1ba92c276e8301a0e62bfa9f16c2d69beeae66086b2047866ff65a"", ""pages"": [54], ""locator"": ""Compound drawing and associated NMR spectrum: 59""}]",structures/59.svg,route_compound,pending_independent_chemist_review,False,False
60,,C=C[C@H](O[Si](C)(C)C(C)(C)C)[C@@H](O[Si](C)(C)C(C)(C)C)[C@H]1O[C@H](C(=O)C[C@H]2C[C@@H](O[Si](C)(C)C(C)(C)C)[C@H](CCCC[C@H]3C[C@@H](O[Si](C)(C)C(C)(C)C)[C@H](CCC(=O)OC)O3)O2)C[C@@H](O[Si](C)(C)C(C)(C)C)[C@@H]1O[Si](C)(C)C(C)(C)C,source_drawing_transcription,mol-dbd90de013f72ddc0a839e1d25f78f8791bd3e872b54a04d93623db38124ad86,60,SI compound 60,C=C[C@H](O[Si](C)(C)C(C)(C)C)[C@@H](O[Si](C)(C)C(C)(C)C)[C@H]1O[C@H](C(=O)C[C@H]2C[C@@H](O[Si](C)(C)C(C)(C)C)[C@H](CCCC[C@H]3C[C@@H](O[Si](C)(C)C(C)(C)C)[C@H](CCC(=O)OC)O3)O2)C[C@@H](O[Si](C)(C)C(C)(C)C)[C@@H]1O[Si](C)(C)C(C)(C)C,C63H128O12Si6,1244.8021387160002,"[{""source_id"": ""article"", ""sha256"": ""996ca2bc188470bf83989378b3982513067a40fc72d37e0a1714fdf7ceb4c208"", ""pages"": [8], ""locator"": ""Main experimental section / scheme: 60""}, {""source_id"": ""si"", ""sha256"": ""25570e998f1ba92c276e8301a0e62bfa9f16c2d69beeae66086b2047866ff65a"", ""pages"": [54], ""locator"": ""Compound drawing and associated NMR spectrum: 60""}]",structures/60.svg,route_compound,pending_independent_chemist_review,False,False
34S-61,,C=C[C@H](O[Si](C)(C)C(C)(C)C)[C@@H](O[Si](C)(C)C(C)(C)C)[C@H]1O[C@H]([C@@H](O)C[C@H]2C[C@@H](O[Si](C)(C)C(C)(C)C)[C@H](CCCC[C@H]3C[C@@H](O[Si](C)(C)C(C)(C)C)[C@H](CCC(=O)OC)O3)O2)C[C@@H](O[Si](C)(C)C(C)(C)C)[C@@H]1O[Si](C)(C)C(C)(C)C,source_drawing_transcription,mol-2198e05cd3e6f6a18bc6bbf22c5f39eb08eaf02522eee8e304be91b40384894a,34S-61,SI compound 34S-61,C=C[C@H](O[Si](C)(C)C(C)(C)C)[C@@H](O[Si](C)(C)C(C)(C)C)[C@H]1O[C@H]([C@@H](O)C[C@H]2C[C@@H](O[Si](C)(C)C(C)(C)C)[C@H](CCCC[C@H]3C[C@@H](O[Si](C)(C)C(C)(C)C)[C@H](CCC(=O)OC)O3)O2)C[C@@H](O[Si](C)(C)C(C)(C)C)[C@@H]1O[Si](C)(C)C(C)(C)C,C63H130O12Si6,1246.8177887800002,"[{""source_id"": ""article"", ""sha256"": ""996ca2bc188470bf83989378b3982513067a40fc72d37e0a1714fdf7ceb4c208"", ""pages"": [8], ""locator"": ""Main experimental section / scheme: 34S-61""}, {""source_id"": ""si"", ""sha256"": ""25570e998f1ba92c276e8301a0e62bfa9f16c2d69beeae66086b2047866ff65a"", ""pages"": [54, 55], ""locator"": ""Compound drawing and associated NMR spectrum: 34S-61""}]",structures/34S-61.svg,route_compound,pending_independent_chemist_review,False,False
34R-61,,C=C[C@H](O[Si](C)(C)C(C)(C)C)[C@@H](O[Si](C)(C)C(C)(C)C)[C@H]1O[C@H]([C@H](O)C[C@H]2C[C@@H](O[Si](C)(C)C(C)(C)C)[C@H](CCCC[C@H]3C[C@@H](O[Si](C)(C)C(C)(C)C)[C@H](CCC(=O)OC)O3)O2)C[C@@H](O[Si](C)(C)C(C)(C)C)[C@@H]1O[Si](C)(C)C(C)(C)C,source_drawing_transcription,mol-f813e2f53c8c7428ce10cdfe706dd516cb74a9936cc9fc226da1ba9f0163767c,34R-61,SI compound 34R-61,C=C[C@H](O[Si](C)(C)C(C)(C)C)[C@@H](O[Si](C)(C)C(C)(C)C)[C@H]1O[C@H]([C@H](O)C[C@H]2C[C@@H](O[Si](C)(C)C(C)(C)C)[C@H](CCCC[C@H]3C[C@@H](O[Si](C)(C)C(C)(C)C)[C@H](CCC(=O)OC)O3)O2)C[C@@H](O[Si](C)(C)C(C)(C)C)[C@@H]1O[Si](C)(C)C(C)(C)C,C63H130O12Si6,1246.8177887800002,"[{""source_id"": ""article"", ""sha256"": ""996ca2bc188470bf83989378b3982513067a40fc72d37e0a1714fdf7ceb4c208"", ""pages"": [8], ""locator"": ""Main experimental section / scheme: 34R-61""}, {""source_id"": ""si"", ""sha256"": ""25570e998f1ba92c276e8301a0e62bfa9f16c2d69beeae66086b2047866ff65a"", ""pages"": [54, 55], ""locator"": ""Compound drawing and associated NMR spectrum: 34R-61""}]",structures/34R-61.svg,route_compound,pending_independent_chemist_review,False,False
34S-62,,C=C[C@H](O)[C@@H](O)[C@H]1O[C@H]([C@@H](O)C[C@H]2C[C@@H](O)[C@H](CCCC[C@H]3C[C@@H](O)[C@H](CCCO)O3)O2)C[C@@H](O)[C@@H]1O,source_drawing_transcription,mol-95f41d3679b2328c5c0203c9b49bf924ee0393f606fd0f5b8e49ff73f2da1ae1,34S-62,SI compound 34S-62,C=C[C@H](O)[C@@H](O)[C@H]1O[C@H]([C@@H](O)C[C@H]2C[C@@H](O)[C@H](CCCC[C@H]3C[C@@H](O)[C@H](CCCO)O3)O2)C[C@@H](O)[C@@H]1O,C26H46O11,534.3040122919999,"[{""source_id"": ""article"", ""sha256"": ""996ca2bc188470bf83989378b3982513067a40fc72d37e0a1714fdf7ceb4c208"", ""pages"": [8], ""locator"": ""Main experimental section / scheme: 34S-62""}, {""source_id"": ""si"", ""sha256"": ""25570e998f1ba92c276e8301a0e62bfa9f16c2d69beeae66086b2047866ff65a"", ""pages"": [59, 60], ""locator"": ""Compound drawing and associated NMR spectrum: 34S-62""}]",structures/34S-62.svg,route_compound,pending_independent_chemist_review,False,False
34R-62,,C=C[C@H](O)[C@@H](O)[C@H]1O[C@H]([C@H](O)C[C@H]2C[C@@H](O)[C@H](CCCC[C@H]3C[C@@H](O)[C@H](CCCO)O3)O2)C[C@@H](O)[C@@H]1O,source_drawing_transcription,mol-c9cb0c7ad996603fb22f03e10a9ec5f7ec82c8927012856f7bb376791dde4662,34R-62,SI compound 34R-62,C=C[C@H](O)[C@@H](O)[C@H]1O[C@H]([C@H](O)C[C@H]2C[C@@H](O)[C@H](CCCC[C@H]3C[C@@H](O)[C@H](CCCO)O3)O2)C[C@@H](O)[C@@H]1O,C26H46O11,534.3040122919999,"[{""source_id"": ""article"", ""sha256"": ""996ca2bc188470bf83989378b3982513067a40fc72d37e0a1714fdf7ceb4c208"", ""pages"": [8], ""locator"": ""Main experimental section / scheme: 34R-62""}, {""source_id"": ""si"", ""sha256"": ""25570e998f1ba92c276e8301a0e62bfa9f16c2d69beeae66086b2047866ff65a"", ""pages"": [63], ""locator"": ""Compound drawing and associated NMR spectrum: 34R-62""}]",structures/34R-62.svg,route_compound,pending_independent_chemist_review,False,False
63,,C=C[C@H](OCOC)C(=O)[C@H]1O[C@H](C(=O)OC)C[C@@H](O[Si](C)(C)C(C)(C)C)[C@@H]1O[Si](C)(C)C(C)(C)C,source_drawing_transcription,mol-28191fda81a370645a46b4f9eee6c4bc0a850912da61cb8d9c33c68abc7bf0aa,63,SI compound 63,C=C[C@H](OCOC)C(=O)[C@H]1O[C@H](C(=O)OC)C[C@@H](O[Si](C)(C)C(C)(C)C)[C@@H]1O[Si](C)(C)C(C)(C)C,C25H48O8Si2,532.288771556,"[{""source_id"": ""article"", ""sha256"": ""996ca2bc188470bf83989378b3982513067a40fc72d37e0a1714fdf7ceb4c208"", ""pages"": [9], ""locator"": ""Main experimental section / scheme: 63""}, {""source_id"": ""si"", ""sha256"": ""25570e998f1ba92c276e8301a0e62bfa9f16c2d69beeae66086b2047866ff65a"", ""pages"": [66], ""locator"": ""Compound drawing and associated NMR spectrum: 63""}]",structures/63.svg,route_compound,pending_independent_chemist_review,False,False
64,,C=C[C@H](OCOC)[C@H](O)[C@H]1O[C@H](C(=O)OC)C[C@@H](O[Si](C)(C)C(C)(C)C)[C@@H]1O[Si](C)(C)C(C)(C)C,source_drawing_transcription,mol-0dbb555aabb1c1f067ed146c02e2b9e000e2e1c78979a7d99329e2dc6ab4dfcb,64,SI compound 64,C=C[C@H](OCOC)[C@H](O)[C@H]1O[C@H](C(=O)OC)C[C@@H](O[Si](C)(C)C(C)(C)C)[C@@H]1O[Si](C)(C)C(C)(C)C,C25H50O8Si2,534.30442162,"[{""source_id"": ""article"", ""sha256"": ""996ca2bc188470bf83989378b3982513067a40fc72d37e0a1714fdf7ceb4c208"", ""pages"": [9, 10], ""locator"": ""Main experimental section / scheme: 64""}, {""source_id"": ""si"", ""sha256"": ""25570e998f1ba92c276e8301a0e62bfa9f16c2d69beeae66086b2047866ff65a"", ""pages"": [66, 67], ""locator"": ""Compound drawing and associated NMR spectrum: 64""}]",structures/64.svg,route_compound,pending_independent_chemist_review,False,False
S21,,C=C[C@H](O)[C@H](O)[C@H]1O[C@H](C(=O)OC)C[C@@H](O[Si](C)(C)C(C)(C)C)[C@@H]1O[Si](C)(C)C(C)(C)C,source_drawing_transcription,mol-56a6d64ccd55f8cf3cb51ae6ff038e34f7916e2adba71297f2e138c4cccafccc,S21,SI compound S21,C=C[C@H](O)[C@H](O)[C@H]1O[C@H](C(=O)OC)C[C@@H](O[Si](C)(C)C(C)(C)C)[C@@H]1O[Si](C)(C)C(C)(C)C,C23H46O7Si2,490.278206872,"[{""source_id"": ""article"", ""sha256"": ""996ca2bc188470bf83989378b3982513067a40fc72d37e0a1714fdf7ceb4c208"", ""pages"": [10], ""locator"": ""Main experimental section / scheme: S21""}, {""source_id"": ""si"", ""sha256"": ""25570e998f1ba92c276e8301a0e62bfa9f16c2d69beeae66086b2047866ff65a"", ""pages"": [67], ""locator"": ""Compound drawing and associated NMR spectrum: S21""}]",structures/S21.svg,route_compound,pending_independent_chemist_review,False,False
S22,,C=C[C@H](O[Si](C)(C)C(C)(C)C)[C@H](O[Si](C)(C)C(C)(C)C)[C@H]1O[C@H](C(=O)OC)C[C@@H](O[Si](C)(C)C(C)(C)C)[C@@H]1O[Si](C)(C)C(C)(C)C,source_drawing_transcription,mol-80fa2ef172e5f17514b8bda9e662888810682d912250908159a4c60b7b14d3e0,S22,SI compound S22,C=C[C@H](O[Si](C)(C)C(C)(C)C)[C@H](O[Si](C)(C)C(C)(C)C)[C@H]1O[C@H](C(=O)OC)C[C@@H](O[Si](C)(C)C(C)(C)C)[C@@H]1O[Si](C)(C)C(C)(C)C,C35H74O7Si4,718.451160828,"[{""source_id"": ""article"", ""sha256"": ""996ca2bc188470bf83989378b3982513067a40fc72d37e0a1714fdf7ceb4c208"", ""pages"": [10], ""locator"": ""Main experimental section / scheme: S22""}, {""source_id"": ""si"", ""sha256"": ""25570e998f1ba92c276e8301a0e62bfa9f16c2d69beeae66086b2047866ff65a"", ""pages"": [72], ""locator"": ""Compound drawing and associated NMR spectrum: S22""}]",structures/S22.svg,route_compound,pending_independent_chemist_review,False,False
67,,C=C[C@H](O[Si](C)(C)C(C)(C)C)[C@H](O[Si](C)(C)C(C)(C)C)[C@H]1O[C@H](C=O)C[C@@H](O[Si](C)(C)C(C)(C)C)[C@@H]1O[Si](C)(C)C(C)(C)C,source_drawing_transcription,mol-b70475b1bf4722c6cc369faaa179bdbbe17d8e163ad94df9236c82a5c60da2f7,67,SI compound 67,C=C[C@H](O[Si](C)(C)C(C)(C)C)[C@H](O[Si](C)(C)C(C)(C)C)[C@H]1O[C@H](C=O)C[C@@H](O[Si](C)(C)C(C)(C)C)[C@@H]1O[Si](C)(C)C(C)(C)C,C34H72O6Si4,688.4405961439999,"[{""source_id"": ""article"", ""sha256"": ""996ca2bc188470bf83989378b3982513067a40fc72d37e0a1714fdf7ceb4c208"", ""pages"": [10], ""locator"": ""Main experimental section / scheme: 67""}, {""source_id"": ""si"", ""sha256"": ""25570e998f1ba92c276e8301a0e62bfa9f16c2d69beeae66086b2047866ff65a"", ""pages"": [72], ""locator"": ""Compound drawing and associated NMR spectrum: 67""}]",structures/67.svg,route_compound,pending_independent_chemist_review,False,False
68,,C=C[C@H](O[Si](C)(C)C(C)(C)C)[C@H](O[Si](C)(C)C(C)(C)C)[C@H]1O[C@H](C(=O)C[C@H]2C[C@@H](O[Si](C)(C)C(C)(C)C)[C@H](CCCC[C@H]3C[C@@H](O[Si](C)(C)C(C)(C)C)[C@H](CCC(=O)OC)O3)O2)C[C@@H](O[Si](C)(C)C(C)(C)C)[C@@H]1O[Si](C)(C)C(C)(C)C,source_drawing_transcription,mol-d8782ff47e978757d881dd4660750af73b0b4496feb1a354b5131ca8b5b17564,68,SI compound 68,C=C[C@H](O[Si](C)(C)C(C)(C)C)[C@H](O[Si](C)(C)C(C)(C)C)[C@H]1O[C@H](C(=O)C[C@H]2C[C@@H](O[Si](C)(C)C(C)(C)C)[C@H](CCCC[C@H]3C[C@@H](O[Si](C)(C)C(C)(C)C)[C@H](CCC(=O)OC)O3)O2)C[C@@H](O[Si](C)(C)C(C)(C)C)[C@@H]1O[Si](C)(C)C(C)(C)C,C63H128O12Si6,1244.8021387160002,"[{""source_id"": ""article"", ""sha256"": ""996ca2bc188470bf83989378b3982513067a40fc72d37e0a1714fdf7ceb4c208"", ""pages"": [10], ""locator"": ""Main experimental section / scheme: 68""}, {""source_id"": ""si"", ""sha256"": ""25570e998f1ba92c276e8301a0e62bfa9f16c2d69beeae66086b2047866ff65a"", ""pages"": [72, 73], ""locator"": ""Compound drawing and associated NMR spectrum: 68""}]",structures/68.svg,route_compound,pending_independent_chemist_review,False,False
69,,C=C[C@H](O[Si](C)(C)C(C)(C)C)[C@H](O[Si](C)(C)C(C)(C)C)[C@H]1O[C@H]([C@@H](O)C[C@H]2C[C@@H](O[Si](C)(C)C(C)(C)C)[C@H](CCCC[C@H]3C[C@@H](O[Si](C)(C)C(C)(C)C)[C@H](CCC(=O)OC)O3)O2)C[C@@H](O[Si](C)(C)C(C)(C)C)[C@@H]1O[Si](C)(C)C(C)(C)C,source_drawing_transcription,mol-de6e0249447c5a3d4cbcc1e7e749738f06afd4e40c40e251ca05cf615d0b44a7,69,SI compound 69,C=C[C@H](O[Si](C)(C)C(C)(C)C)[C@H](O[Si](C)(C)C(C)(C)C)[C@H]1O[C@H]([C@@H](O)C[C@H]2C[C@@H](O[Si](C)(C)C(C)(C)C)[C@H](CCCC[C@H]3C[C@@H](O[Si](C)(C)C(C)(C)C)[C@H](CCC(=O)OC)O3)O2)C[C@@H](O[Si](C)(C)C(C)(C)C)[C@@H]1O[Si](C)(C)C(C)(C)C,C63H130O12Si6,1246.8177887800002,"[{""source_id"": ""article"", ""sha256"": ""996ca2bc188470bf83989378b3982513067a40fc72d37e0a1714fdf7ceb4c208"", ""pages"": [10], ""locator"": ""Main experimental section / scheme: 69""}, {""source_id"": ""si"", ""sha256"": ""25570e998f1ba92c276e8301a0e62bfa9f16c2d69beeae66086b2047866ff65a"", ""pages"": [73], ""locator"": ""Compound drawing and associated NMR spectrum: 69""}]",structures/69.svg,target,pending_independent_chemist_review,False,False
70,,C=C[C@H](O)[C@H](O)[C@H]1O[C@H]([C@@H](O)C[C@H]2C[C@@H](O)[C@H](CCCC[C@H]3C[C@@H](O)[C@H](CCCO)O3)O2)C[C@@H](O)[C@@H]1O,source_drawing_transcription,mol-9e0cee825fc4a60b9bde97654872b6c2dc948ab75444edb9de76882cc73287e8,70,SI compound 70,C=C[C@H](O)[C@H](O)[C@H]1O[C@H]([C@@H](O)C[C@H]2C[C@@H](O)[C@H](CCCC[C@H]3C[C@@H](O)[C@H](CCCO)O3)O2)C[C@@H](O)[C@@H]1O,C26H46O11,534.3040122919999,"[{""source_id"": ""article"", ""sha256"": ""996ca2bc188470bf83989378b3982513067a40fc72d37e0a1714fdf7ceb4c208"", ""pages"": [10], ""locator"": ""Main experimental section / scheme: 70""}, {""source_id"": ""si"", ""sha256"": ""25570e998f1ba92c276e8301a0e62bfa9f16c2d69beeae66086b2047866ff65a"", ""pages"": [73, 74], ""locator"": ""Compound drawing and associated NMR spectrum: 70""}]",structures/70.svg,route_compound,pending_independent_chemist_review,False,False
65,,C=C[C@H](O)[C@@H](O)[C@H]1O[C@H](CO)C[C@@H](O)[C@@H]1O,source_drawing_transcription,mol-cfeae71ca6a5b6d27af1912ae134f313f0f70f94196d92e15389b43924eab278,65,SI compound 65,C=C[C@H](O)[C@@H](O)[C@H]1O[C@H](CO)C[C@@H](O)[C@@H]1O,C10H18O6,234.110338296,"[{""source_id"": ""article"", ""sha256"": ""996ca2bc188470bf83989378b3982513067a40fc72d37e0a1714fdf7ceb4c208"", ""pages"": [9], ""locator"": ""Main experimental section / scheme: 65""}, {""source_id"": ""si"", ""sha256"": ""25570e998f1ba92c276e8301a0e62bfa9f16c2d69beeae66086b2047866ff65a"", ""pages"": [67, 68], ""locator"": ""Compound drawing and associated NMR spectrum: 65""}]",structures/65.svg,route_compound,pending_independent_chemist_review,False,False
66,,C=C[C@H](O)[C@H](O)[C@H]1O[C@H](CO)C[C@@H](O)[C@@H]1O,source_drawing_transcription,mol-b2936c0b11c7486d562b03f10b1730411da8dd0e9b75d4a44bf5fc5f0f1eddda,66,SI compound 66,C=C[C@H](O)[C@H](O)[C@H]1O[C@H](CO)C[C@@H](O)[C@@H]1O,C10H18O6,234.110338296,"[{""source_id"": ""article"", ""sha256"": ""996ca2bc188470bf83989378b3982513067a40fc72d37e0a1714fdf7ceb4c208"", ""pages"": [9], ""locator"": ""Main experimental section / scheme: 66""}, {""source_id"": ""si"", ""sha256"": ""25570e998f1ba92c276e8301a0e62bfa9f16c2d69beeae66086b2047866ff65a"", ""pages"": [69], ""locator"": ""Compound drawing and associated NMR spectrum: 66""}]",structures/66.svg,route_compound,pending_independent_chemist_review,False,False
24-MTPA-RR,Analytical Mosher derivative; configuration refers to ester MTPA stereocenter(s).,C=C1C[C@@H](CCOCc2ccc(OC)cc2)O[C@]2(C1)C[C@@H](OC(=O)c1ccccc1)[C@H](OC(=O)c1ccccc1)[C@@H](C[C@@H](COC(=O)[C@](OC)(c1ccccc1)C(F)(F)F)OC(=O)[C@](OC)(c1ccccc1)C(F)(F)F)O2,source_drawing_transcription,mol-570f7afaa8f040e349f6672b78f845a0d5c0fdf0ed7fb89e852b81e91a4d46c4,24-MTPA-RR,SI compound 24-MTPA-RR,C=C1C[C@@H](CCOCc2ccc(OC)cc2)O[C@]2(C1)C[C@@H](OC(=O)c1ccccc1)[C@H](OC(=O)c1ccccc1)[C@@H](C[C@@H](COC(=O)[C@](OC)(c1ccccc1)C(F)(F)F)OC(=O)[C@](OC)(c1ccccc1)C(F)(F)F)O2,C57H56F6O14,1078.3574257920002,"[{""source_id"": ""article"", ""sha256"": ""996ca2bc188470bf83989378b3982513067a40fc72d37e0a1714fdf7ceb4c208"", ""pages"": [6], ""locator"": ""Main experimental section / scheme: 24-MTPA-RR""}, {""source_id"": ""si"", ""sha256"": ""25570e998f1ba92c276e8301a0e62bfa9f16c2d69beeae66086b2047866ff65a"", ""pages"": [24, 25], ""locator"": ""Compound drawing and associated NMR spectrum: 24-MTPA-RR""}]",structures/24-MTPA-RR.svg,route_compound,pending_independent_chemist_review,False,False
24-MTPA-SS,Analytical Mosher derivative; configuration refers to ester MTPA stereocenter(s).,C=C1C[C@@H](CCOCc2ccc(OC)cc2)O[C@]2(C1)C[C@@H](OC(=O)c1ccccc1)[C@H](OC(=O)c1ccccc1)[C@@H](C[C@@H](COC(=O)[C@@](OC)(c1ccccc1)C(F)(F)F)OC(=O)[C@@](OC)(c1ccccc1)C(F)(F)F)O2,source_drawing_transcription,mol-3104e5e5f02cc762c6df157ac5ecf0677c0b0155c3d04caae9d4e1f0e538d90a,24-MTPA-SS,SI compound 24-MTPA-SS,C=C1C[C@@H](CCOCc2ccc(OC)cc2)O[C@]2(C1)C[C@@H](OC(=O)c1ccccc1)[C@H](OC(=O)c1ccccc1)[C@@H](C[C@@H](COC(=O)[C@@](OC)(c1ccccc1)C(F)(F)F)OC(=O)[C@@](OC)(c1ccccc1)C(F)(F)F)O2,C57H56F6O14,1078.3574257920002,"[{""source_id"": ""article"", ""sha256"": ""996ca2bc188470bf83989378b3982513067a40fc72d37e0a1714fdf7ceb4c208"", ""pages"": [6], ""locator"": ""Main experimental section / scheme: 24-MTPA-SS""}, {""source_id"": ""si"", ""sha256"": ""25570e998f1ba92c276e8301a0e62bfa9f16c2d69beeae66086b2047866ff65a"", ""pages"": [24, 25], ""locator"": ""Compound drawing and associated NMR spectrum: 24-MTPA-SS""}]",structures/24-MTPA-SS.svg,route_compound,pending_independent_chemist_review,False,False
28-MTPA-R,Analytical Mosher derivative; configuration refers to ester MTPA stereocenter(s).,C=C1C[C@@H](C[C@H](C/C=[CH]/[Sn]([CH2]CCC)([CH2]CCC)[CH2]CCC)OC(=O)[C@](OC)(c2ccccc2)C(F)(F)F)O[C@]2(C1)C[C@@H](OC(=O)c1ccccc1)[C@H](OC(=O)c1ccccc1)[C@@H](C[C@@H](CO[Si](C)(C)C(C)(C)C)O[Si](C)(C)C(C)(C)C)O2,source_drawing_transcription,mol-b99650e170b79115000a3b6a72634b68ddb24dad3dd2b4871f5e5830651a4bd5,28-MTPA-R,SI compound 28-MTPA-R,C=C1C[C@@H](C[C@H](C/C=[CH]/[Sn]([CH2]CCC)([CH2]CCC)[CH2]CCC)OC(=O)[C@](OC)(c2ccccc2)C(F)(F)F)O[C@]2(C1)C[C@@H](OC(=O)c1ccccc1)[C@H](OC(=O)c1ccccc1)[C@@H](C[C@@H](CO[Si](C)(C)C(C)(C)C)O[Si](C)(C)C(C)(C)C)O2,C66H99F3O11Si2Sn,1300.569996408,"[{""source_id"": ""article"", ""sha256"": ""996ca2bc188470bf83989378b3982513067a40fc72d37e0a1714fdf7ceb4c208"", ""pages"": [6], ""locator"": ""Main experimental section / scheme: 28-MTPA-R""}, {""source_id"": ""si"", ""sha256"": ""25570e998f1ba92c276e8301a0e62bfa9f16c2d69beeae66086b2047866ff65a"", ""pages"": [29, 30], ""locator"": ""Compound drawing and associated NMR spectrum: 28-MTPA-R""}]",structures/28-MTPA-R.svg,route_compound,pending_independent_chemist_review,False,False
28-MTPA-S,Analytical Mosher derivative; configuration refers to ester MTPA stereocenter(s).,C=C1C[C@@H](C[C@H](C/C=[CH]/[Sn]([CH2]CCC)([CH2]CCC)[CH2]CCC)OC(=O)[C@@](OC)(c2ccccc2)C(F)(F)F)O[C@]2(C1)C[C@@H](OC(=O)c1ccccc1)[C@H](OC(=O)c1ccccc1)[C@@H](C[C@@H](CO[Si](C)(C)C(C)(C)C)O[Si](C)(C)C(C)(C)C)O2,source_drawing_transcription,mol-a2a152f9ecd274ebb7c78c9bb4622f50dce6a8aa2bb6ede25d9c75e4e5a50f36,28-MTPA-S,SI compound 28-MTPA-S,C=C1C[C@@H](C[C@H](C/C=[CH]/[Sn]([CH2]CCC)([CH2]CCC)[CH2]CCC)OC(=O)[C@@](OC)(c2ccccc2)C(F)(F)F)O[C@]2(C1)C[C@@H](OC(=O)c1ccccc1)[C@H](OC(=O)c1ccccc1)[C@@H](C[C@@H](CO[Si](C)(C)C(C)(C)C)O[Si](C)(C)C(C)(C)C)O2,C66H99F3O11Si2Sn,1300.569996408,"[{""source_id"": ""article"", ""sha256"": ""996ca2bc188470bf83989378b3982513067a40fc72d37e0a1714fdf7ceb4c208"", ""pages"": [6], ""locator"": ""Main experimental section / scheme: 28-MTPA-S""}, {""source_id"": ""si"", ""sha256"": ""25570e998f1ba92c276e8301a0e62bfa9f16c2d69beeae66086b2047866ff65a"", ""pages"": [29, 30], ""locator"": ""Compound drawing and associated NMR spectrum: 28-MTPA-S""}]",structures/28-MTPA-S.svg,route_compound,pending_independent_chemist_review,False,False
S12-MTPA-R,Analytical Mosher derivative; configuration refers to ester MTPA stereocenter(s).,COC(=O)[C@@H]1O[C@@H](COCc2ccccc2)C[C@H]1OC(=O)[C@](OC)(c1ccccc1)C(F)(F)F,source_drawing_transcription,mol-768a0cd026f2ae58b1bd95f08b0ef0d080bd19d9c1da9ba82c5dba723f2d1d9a,S12-MTPA-R,SI compound S12-MTPA-R,COC(=O)[C@@H]1O[C@@H](COCc2ccccc2)C[C@H]1OC(=O)[C@](OC)(c1ccccc1)C(F)(F)F,C24H25F3O7,482.1552378,"[{""source_id"": ""article"", ""sha256"": ""996ca2bc188470bf83989378b3982513067a40fc72d37e0a1714fdf7ceb4c208"", ""pages"": [6], ""locator"": ""Main experimental section / scheme: S12-MTPA-R""}, {""source_id"": ""si"", ""sha256"": ""25570e998f1ba92c276e8301a0e62bfa9f16c2d69beeae66086b2047866ff65a"", ""pages"": [34, 35], ""locator"": ""Compound drawing and associated NMR spectrum: S12-MTPA-R""}]",structures/S12-MTPA-R.svg,route_compound,pending_independent_chemist_review,False,False
S12-MTPA-S,Analytical Mosher derivative; configuration refers to ester MTPA stereocenter(s).,COC(=O)[C@@H]1O[C@@H](COCc2ccccc2)C[C@H]1OC(=O)[C@@](OC)(c1ccccc1)C(F)(F)F,source_drawing_transcription,mol-9cac58b0472712712af4b1995fce9b3bb8c32046b2352b7a2f0da5fd988d2a10,S12-MTPA-S,SI compound S12-MTPA-S,COC(=O)[C@@H]1O[C@@H](COCc2ccccc2)C[C@H]1OC(=O)[C@@](OC)(c1ccccc1)C(F)(F)F,C24H25F3O7,482.1552378,"[{""source_id"": ""article"", ""sha256"": ""996ca2bc188470bf83989378b3982513067a40fc72d37e0a1714fdf7ceb4c208"", ""pages"": [6], ""locator"": ""Main experimental section / scheme: S12-MTPA-S""}, {""source_id"": ""si"", ""sha256"": ""25570e998f1ba92c276e8301a0e62bfa9f16c2d69beeae66086b2047866ff65a"", ""pages"": [34, 35], ""locator"": ""Compound drawing and associated NMR spectrum: S12-MTPA-S""}]",structures/S12-MTPA-S.svg,route_compound,pending_independent_chemist_review,False,False
53-MTPA-R,Analytical Mosher derivative; configuration refers to ester MTPA stereocenter(s).,C=C[C@H](OC(=O)[C@](OC)(c1ccccc1)C(F)(F)F)[C@@H](O)[C@H]1O[C@H](C(=O)OC)C[C@@H](O[Si](C)(C)C(C)(C)C)[C@@H]1O[Si](C)(C)C(C)(C)C,source_drawing_transcription,mol-11b9b3ed0bd5391e591d8fecf58a312879e996f1ffd23a15a4201715e04747b0,53-MTPA-R,SI compound 53-MTPA-R,C=C[C@H](OC(=O)[C@](OC)(c1ccccc1)C(F)(F)F)[C@@H](O)[C@H]1O[C@H](C(=O)OC)C[C@@H](O[Si](C)(C)C(C)(C)C)[C@@H]1O[Si](C)(C)C(C)(C)C,C33H53F3O9Si2,706.318020996,"[{""source_id"": ""article"", ""sha256"": ""996ca2bc188470bf83989378b3982513067a40fc72d37e0a1714fdf7ceb4c208"", ""pages"": [7], ""locator"": ""Main experimental section / scheme: 53-MTPA-R""}, {""source_id"": ""si"", ""sha256"": ""25570e998f1ba92c276e8301a0e62bfa9f16c2d69beeae66086b2047866ff65a"", ""pages"": [50, 51], ""locator"": ""Compound drawing and associated NMR spectrum: 53-MTPA-R""}]",structures/53-MTPA-R.svg,route_compound,pending_independent_chemist_review,False,False
53-MTPA-S,Analytical Mosher derivative; configuration refers to ester MTPA stereocenter(s).,C=C[C@H](OC(=O)[C@@](OC)(c1ccccc1)C(F)(F)F)[C@@H](O)[C@H]1O[C@H](C(=O)OC)C[C@@H](O[Si](C)(C)C(C)(C)C)[C@@H]1O[Si](C)(C)C(C)(C)C,source_drawing_transcription,mol-6300c0f8edeb3fc037b62896329e2b3f503374723d51a4ad8b5bf260b8556f19,53-MTPA-S,SI compound 53-MTPA-S,C=C[C@H](OC(=O)[C@@](OC)(c1ccccc1)C(F)(F)F)[C@@H](O)[C@H]1O[C@H](C(=O)OC)C[C@@H](O[Si](C)(C)C(C)(C)C)[C@@H]1O[Si](C)(C)C(C)(C)C,C33H53F3O9Si2,706.318020996,"[{""source_id"": ""article"", ""sha256"": ""996ca2bc188470bf83989378b3982513067a40fc72d37e0a1714fdf7ceb4c208"", ""pages"": [7], ""locator"": ""Main experimental section / scheme: 53-MTPA-S""}, {""source_id"": ""si"", ""sha256"": ""25570e998f1ba92c276e8301a0e62bfa9f16c2d69beeae66086b2047866ff65a"", ""pages"": [50, 51], ""locator"": ""Compound drawing and associated NMR spectrum: 53-MTPA-S""}]",structures/53-MTPA-S.svg,route_compound,pending_independent_chemist_review,False,False
34S-61-MTPA-R,Analytical Mosher derivative; configuration refers to ester MTPA stereocenter(s).,C=C[C@H](O[Si](C)(C)C(C)(C)C)[C@@H](O[Si](C)(C)C(C)(C)C)[C@H]1O[C@H]([C@H](C[C@H]2C[C@@H](O[Si](C)(C)C(C)(C)C)[C@H](CCCC[C@H]3C[C@@H](O[Si](C)(C)C(C)(C)C)[C@H](CCC(=O)OC)O3)O2)OC(=O)[C@](OC)(c2ccccc2)C(F)(F)F)C[C@@H](O[Si](C)(C)C(C)(C)C)[C@@H]1O[Si](C)(C)C(C)(C)C,source_drawing_transcription,mol-749d0b1c9fa5c3c47a27472fd6c1d4c009e86805ff24d81e9d33979282f0f1c1,34S-61-MTPA-R,SI compound 34S-61-MTPA-R,C=C[C@H](O[Si](C)(C)C(C)(C)C)[C@@H](O[Si](C)(C)C(C)(C)C)[C@H]1O[C@H]([C@H](C[C@H]2C[C@@H](O[Si](C)(C)C(C)(C)C)[C@H](CCCC[C@H]3C[C@@H](O[Si](C)(C)C(C)(C)C)[C@H](CCC(=O)OC)O3)O2)OC(=O)[C@](OC)(c2ccccc2)C(F)(F)F)C[C@@H](O[Si](C)(C)C(C)(C)C)[C@@H]1O[Si](C)(C)C(C)(C)C,C73H137F3O14Si6,1462.8576029039998,"[{""source_id"": ""article"", ""sha256"": ""996ca2bc188470bf83989378b3982513067a40fc72d37e0a1714fdf7ceb4c208"", ""pages"": [8], ""locator"": ""Main experimental section / scheme: 34S-61-MTPA-R""}, {""source_id"": ""si"", ""sha256"": ""25570e998f1ba92c276e8301a0e62bfa9f16c2d69beeae66086b2047866ff65a"", ""pages"": [56, 57], ""locator"": ""Compound drawing and associated NMR spectrum: 34S-61-MTPA-R""}]",structures/34S-61-MTPA-R.svg,route_compound,pending_independent_chemist_review,False,False
34S-61-MTPA-S,Analytical Mosher derivative; configuration refers to ester MTPA stereocenter(s).,C=C[C@H](O[Si](C)(C)C(C)(C)C)[C@@H](O[Si](C)(C)C(C)(C)C)[C@H]1O[C@H]([C@H](C[C@H]2C[C@@H](O[Si](C)(C)C(C)(C)C)[C@H](CCCC[C@H]3C[C@@H](O[Si](C)(C)C(C)(C)C)[C@H](CCC(=O)OC)O3)O2)OC(=O)[C@@](OC)(c2ccccc2)C(F)(F)F)C[C@@H](O[Si](C)(C)C(C)(C)C)[C@@H]1O[Si](C)(C)C(C)(C)C,source_drawing_transcription,mol-8f20f89d10eae280fc25d46d43befacb14d3605e6aab4fd511f87737db74a267,34S-61-MTPA-S,SI compound 34S-61-MTPA-S,C=C[C@H](O[Si](C)(C)C(C)(C)C)[C@@H](O[Si](C)(C)C(C)(C)C)[C@H]1O[C@H]([C@H](C[C@H]2C[C@@H](O[Si](C)(C)C(C)(C)C)[C@H](CCCC[C@H]3C[C@@H](O[Si](C)(C)C(C)(C)C)[C@H](CCC(=O)OC)O3)O2)OC(=O)[C@@](OC)(c2ccccc2)C(F)(F)F)C[C@@H](O[Si](C)(C)C(C)(C)C)[C@@H]1O[Si](C)(C)C(C)(C)C,C73H137F3O14Si6,1462.8576029039998,"[{""source_id"": ""article"", ""sha256"": ""996ca2bc188470bf83989378b3982513067a40fc72d37e0a1714fdf7ceb4c208"", ""pages"": [8], ""locator"": ""Main experimental section / scheme: 34S-61-MTPA-S""}, {""source_id"": ""si"", ""sha256"": ""25570e998f1ba92c276e8301a0e62bfa9f16c2d69beeae66086b2047866ff65a"", ""pages"": [56, 57], ""locator"": ""Compound drawing and associated NMR spectrum: 34S-61-MTPA-S""}]",structures/34S-61-MTPA-S.svg,route_compound,pending_independent_chemist_review,False,False
34R-61-MTPA-R,Analytical Mosher derivative; configuration refers to ester MTPA stereocenter(s).,C=C[C@H](O[Si](C)(C)C(C)(C)C)[C@@H](O[Si](C)(C)C(C)(C)C)[C@H]1O[C@H]([C@@H](C[C@H]2C[C@@H](O[Si](C)(C)C(C)(C)C)[C@H](CCCC[C@H]3C[C@@H](O[Si](C)(C)C(C)(C)C)[C@H](CCC(=O)OC)O3)O2)OC(=O)[C@](OC)(c2ccccc2)C(F)(F)F)C[C@@H](O[Si](C)(C)C(C)(C)C)[C@@H]1O[Si](C)(C)C(C)(C)C,source_drawing_transcription,mol-f60d4ede96fc4b2d6457445c8540def75a1cb4d0a93c836357d9f348e1df12f2,34R-61-MTPA-R,SI compound 34R-61-MTPA-R,C=C[C@H](O[Si](C)(C)C(C)(C)C)[C@@H](O[Si](C)(C)C(C)(C)C)[C@H]1O[C@H]([C@@H](C[C@H]2C[C@@H](O[Si](C)(C)C(C)(C)C)[C@H](CCCC[C@H]3C[C@@H](O[Si](C)(C)C(C)(C)C)[C@H](CCC(=O)OC)O3)O2)OC(=O)[C@](OC)(c2ccccc2)C(F)(F)F)C[C@@H](O[Si](C)(C)C(C)(C)C)[C@@H]1O[Si](C)(C)C(C)(C)C,C73H137F3O14Si6,1462.8576029039998,"[{""source_id"": ""article"", ""sha256"": ""996ca2bc188470bf83989378b3982513067a40fc72d37e0a1714fdf7ceb4c208"", ""pages"": [8], ""locator"": ""Main experimental section / scheme: 34R-61-MTPA-R""}, {""source_id"": ""si"", ""sha256"": ""25570e998f1ba92c276e8301a0e62bfa9f16c2d69beeae66086b2047866ff65a"", ""pages"": [57, 58], ""locator"": ""Compound drawing and associated NMR spectrum: 34R-61-MTPA-R""}]",structures/34R-61-MTPA-R.svg,route_compound,pending_independent_chemist_review,False,False
34R-61-MTPA-S,Analytical Mosher derivative; configuration refers to ester MTPA stereocenter(s).,C=C[C@H](O[Si](C)(C)C(C)(C)C)[C@@H](O[Si](C)(C)C(C)(C)C)[C@H]1O[C@H]([C@@H](C[C@H]2C[C@@H](O[Si](C)(C)C(C)(C)C)[C@H](CCCC[C@H]3C[C@@H](O[Si](C)(C)C(C)(C)C)[C@H](CCC(=O)OC)O3)O2)OC(=O)[C@@](OC)(c2ccccc2)C(F)(F)F)C[C@@H](O[Si](C)(C)C(C)(C)C)[C@@H]1O[Si](C)(C)C(C)(C)C,source_drawing_transcription,mol-f45b0ff2c25e8ce2cad4389745c6f3a6570995390011933a1594fa0643466283,34R-61-MTPA-S,SI compound 34R-61-MTPA-S,C=C[C@H](O[Si](C)(C)C(C)(C)C)[C@@H](O[Si](C)(C)C(C)(C)C)[C@H]1O[C@H]([C@@H](C[C@H]2C[C@@H](O[Si](C)(C)C(C)(C)C)[C@H](CCCC[C@H]3C[C@@H](O[Si](C)(C)C(C)(C)C)[C@H](CCC(=O)OC)O3)O2)OC(=O)[C@@](OC)(c2ccccc2)C(F)(F)F)C[C@@H](O[Si](C)(C)C(C)(C)C)[C@@H]1O[Si](C)(C)C(C)(C)C,C73H137F3O14Si6,1462.8576029039998,"[{""source_id"": ""article"", ""sha256"": ""996ca2bc188470bf83989378b3982513067a40fc72d37e0a1714fdf7ceb4c208"", ""pages"": [8], ""locator"": ""Main experimental section / scheme: 34R-61-MTPA-S""}, {""source_id"": ""si"", ""sha256"": ""25570e998f1ba92c276e8301a0e62bfa9f16c2d69beeae66086b2047866ff65a"", ""pages"": [57, 58], ""locator"": ""Compound drawing and associated NMR spectrum: 34R-61-MTPA-S""}]",structures/34R-61-MTPA-S.svg,route_compound,pending_independent_chemist_review,False,False
26,,C=C=[CH][Sn]([CH2]CCC)([CH2]CCC)[CH2]CCC,source_drawing_transcription,mol-151432f1bfa5312bbe4f04427b4eb546c6dee75f087353a016bf37f8a3cc4273,26,"1,2-Propadienyltributyltin",C=C=[CH][Sn]([CH2]CCC)([CH2]CCC)[CH2]CCC,C15H30Sn,330.13694566,"[{""source_id"": ""article"", ""sha256"": ""996ca2bc188470bf83989378b3982513067a40fc72d37e0a1714fdf7ceb4c208"", ""pages"": [6], ""locator"": ""Main experimental section / scheme: 26""}, {""source_id"": ""si"", ""sha256"": ""25570e998f1ba92c276e8301a0e62bfa9f16c2d69beeae66086b2047866ff65a"", ""pages"": [27, 28], ""locator"": ""Compound drawing and associated NMR spectrum: 26""}]",structures/26.svg,route_compound,pending_independent_chemist_review,False,False
15,Ionic representation of source organomagnesium reagent.,C=[C-]C[Si](C)(C)C.[Br-].[Mg+2],source_drawing_transcription,mol-06c38b8ee1a6da366882fb1ee56a6e945c2671208ee7047051ad186b6b4225c5,15,SI compound 15,C=[C-]C[Si](C)(C)C.[Br-].[Mg+2],C6H13BrMgSi,215.982030746,"[{""source_id"": ""article"", ""sha256"": ""996ca2bc188470bf83989378b3982513067a40fc72d37e0a1714fdf7ceb4c208"", ""pages"": [5], ""locator"": ""Main experimental section / scheme: 15""}, {""source_id"": ""si"", ""sha256"": ""25570e998f1ba92c276e8301a0e62bfa9f16c2d69beeae66086b2047866ff65a"", ""pages"": [19], ""locator"": ""Compound drawing and associated NMR spectrum: 15""}]",structures/15.svg,route_compound,pending_independent_chemist_review,False,False
methyl-acrylate,,C=CC(=O)OC,source_drawing_transcription,mol-7eef9856e5d090f08a9653a9e2a7e84e712302799ef5b58c552caf9661c56dd7,methyl-acrylate,SI compound methyl-acrylate,C=CC(=O)OC,C4H6O2,86.036779432,"[{""source_id"": ""article"", ""sha256"": ""996ca2bc188470bf83989378b3982513067a40fc72d37e0a1714fdf7ceb4c208"", ""pages"": [6], ""locator"": ""Main experimental section / scheme: methyl-acrylate""}, {""source_id"": ""si"", ""sha256"": ""25570e998f1ba92c276e8301a0e62bfa9f16c2d69beeae66086b2047866ff65a"", ""pages"": [32], ""locator"": ""Compound drawing and associated NMR spectrum: methyl-acrylate""}]",structures/methyl-acrylate.svg,route_compound,pending_independent_chemist_review,False,False
methoxycarbonylmethylene-triphenylphosphorane,,COC(=O)C=P(c1ccccc1)(c1ccccc1)c1ccccc1,source_drawing_transcription,mol-231494f3277d9c685fcf0b1225ea2dd4eb409b2f72721617e4f5bb4359a013e1,methoxycarbonylmethylene-triphenylphosphorane,SI compound methoxycarbonylmethylene-triphenylphosphorane,COC(=O)C=P(c1ccccc1)(c1ccccc1)c1ccccc1,C21H19O2P,334.11226647800004,"[{""source_id"": ""article"", ""sha256"": ""996ca2bc188470bf83989378b3982513067a40fc72d37e0a1714fdf7ceb4c208"", ""pages"": [6], ""locator"": ""Main experimental section / scheme: methoxycarbonylmethylene-triphenylphosphorane""}, {""source_id"": ""si"", ""sha256"": ""25570e998f1ba92c276e8301a0e62bfa9f16c2d69beeae66086b2047866ff65a"", ""pages"": [36], ""locator"": ""Compound drawing and associated NMR spectrum: methoxycarbonylmethylene-triphenylphosphorane""}]",structures/methoxycarbonylmethylene-triphenylphosphorane.svg,route_compound,pending_independent_chemist_review,False,False
methylene-triphenylphosphorane,,C=P(c1ccccc1)(c1ccccc1)c1ccccc1,source_drawing_transcription,mol-1ee8f677479e6cddc5e787474678c39b8f5cadfd0b392c9914676fb63f454981,methylene-triphenylphosphorane,SI compound methylene-triphenylphosphorane,C=P(c1ccccc1)(c1ccccc1)c1ccccc1,C19H17P,276.10678717400003,"[{""source_id"": ""article"", ""sha256"": ""996ca2bc188470bf83989378b3982513067a40fc72d37e0a1714fdf7ceb4c208"", ""pages"": [7], ""locator"": ""Main experimental section / scheme: methylene-triphenylphosphorane""}, {""source_id"": ""si"", ""sha256"": ""25570e998f1ba92c276e8301a0e62bfa9f16c2d69beeae66086b2047866ff65a"", ""pages"": [39, 45], ""locator"": ""Compound drawing and associated NMR spectrum: methylene-triphenylphosphorane""}]",structures/methylene-triphenylphosphorane.svg,route_compound,pending_independent_chemist_review,False,False
iodomethyltriphenylphosphonium-iodide,,IC[P+](c1ccccc1)(c1ccccc1)c1ccccc1.[I-],source_drawing_transcription,mol-4ad67342b9c5e4b59f4d923eee03f2dc0cfb43088c9aa2033c5289f057ffb757,iodomethyltriphenylphosphonium-iodide,SI compound iodomethyltriphenylphosphonium-iodide,IC[P+](c1ccccc1)(c1ccccc1)c1ccccc1.[I-],C19H17I2P,529.915733174,"[{""source_id"": ""article"", ""sha256"": ""996ca2bc188470bf83989378b3982513067a40fc72d37e0a1714fdf7ceb4c208"", ""pages"": [6], ""locator"": ""Main experimental section / scheme: iodomethyltriphenylphosphonium-iodide""}, {""source_id"": ""si"", ""sha256"": ""25570e998f1ba92c276e8301a0e62bfa9f16c2d69beeae66086b2047866ff65a"", ""pages"": [38, 44], ""locator"": ""Compound drawing and associated NMR spectrum: iodomethyltriphenylphosphonium-iodide""}]",structures/iodomethyltriphenylphosphonium-iodide.svg,route_compound,pending_independent_chemist_review,False,False
benzyl-bromide,,BrCc1ccccc1,source_drawing_transcription,mol-ab5754b604fa41107d91a7a64abe320603eef637339ff2f0a659f88c5a99fd39,benzyl-bromide,SI compound benzyl-bromide,BrCc1ccccc1,C7H7Br,169.973112324,"[{""source_id"": ""article"", ""sha256"": ""996ca2bc188470bf83989378b3982513067a40fc72d37e0a1714fdf7ceb4c208"", ""pages"": [4], ""locator"": ""Main experimental section / scheme: benzyl-bromide""}, {""source_id"": ""si"", ""sha256"": ""25570e998f1ba92c276e8301a0e62bfa9f16c2d69beeae66086b2047866ff65a"", ""pages"": [13], ""locator"": ""Compound drawing and associated NMR spectrum: benzyl-bromide""}]",structures/benzyl-bromide.svg,route_compound,pending_independent_chemist_review,False,False
trityl-chloride,,ClC(c1ccccc1)(c1ccccc1)c1ccccc1,source_drawing_transcription,mol-52710c3ef0dc2d7d2e59323efef3004361f62f5e14fd6aee33709ae0c94b1505,trityl-chloride,SI compound trityl-chloride,ClC(c1ccccc1)(c1ccccc1)c1ccccc1,C19H15Cl,278.08622816,"[{""source_id"": ""article"", ""sha256"": ""996ca2bc188470bf83989378b3982513067a40fc72d37e0a1714fdf7ceb4c208"", ""pages"": [4], ""locator"": ""Main experimental section / scheme: trityl-chloride""}, {""source_id"": ""si"", ""sha256"": ""25570e998f1ba92c276e8301a0e62bfa9f16c2d69beeae66086b2047866ff65a"", ""pages"": [11], ""locator"": ""Compound drawing and associated NMR spectrum: trityl-chloride""}]",structures/trityl-chloride.svg,route_compound,pending_independent_chemist_review,False,False
benzoyl-chloride,,O=C(Cl)c1ccccc1,source_drawing_transcription,mol-83dfdb4fc675bd566905a8e38d67f29b7fe2f009f3ba3dcc727c02dbb2a40f22,benzoyl-chloride,SI compound benzoyl-chloride,O=C(Cl)c1ccccc1,C7H5ClO,140.00289246,"[{""source_id"": ""article"", ""sha256"": ""996ca2bc188470bf83989378b3982513067a40fc72d37e0a1714fdf7ceb4c208"", ""pages"": [4], ""locator"": ""Main experimental section / scheme: benzoyl-chloride""}, {""source_id"": ""si"", ""sha256"": ""25570e998f1ba92c276e8301a0e62bfa9f16c2d69beeae66086b2047866ff65a"", ""pages"": [14, 15], ""locator"": ""Compound drawing and associated NMR spectrum: benzoyl-chloride""}]",structures/benzoyl-chloride.svg,route_compound,pending_independent_chemist_review,False,False
