route_id,start_label,start_labels,target_label,route_type,ordered_event_ids,ordered_step_ids,ordered_molecule_labels,molecule_smiles_sequence,step_reaction_smiles_sequence,from_commercial_starting_materials_complete,full_article_route_coverage,split_group,formal_benchmark_eligible,admission_authority
preparation-A05,D-ribose,"[""D-ribose"", ""trityl-chloride"", ""6""]",3,source_bound_control_branch,"[""A01"", ""A03"", ""A04"", ""A05""]","[""A01.1"", ""A03.1"", ""A04.1"", ""A05.1""]","[""D-ribose"", ""2"", ""trityl-chloride"", ""4"", ""6"", ""5"", ""3""]","[""OC[C@H]1OC(O)[C@H](O)[C@@H]1O"", ""CC1(C)O[C@@H]2[C@@H](CO)OC(O)[C@@H]2O1"", ""ClC(c1ccccc1)(c1ccccc1)c1ccccc1"", ""CC1(C)O[C@@H]2[C@@H](COC(c3ccccc3)(c3ccccc3)c3ccccc3)OC(O)[C@@H]2O1"", ""COP(=O)(OC)C(=[N+]=[N-])C(C)=O"", ""C#C[C@H]1OC(C)(C)O[C@@H]1[C@H](O)COC(c1ccccc1)(c1ccccc1)c1ccccc1"", ""C#C[C@H]1OC(C)(C)O[C@@H]1[C@H](O)CO""]","[""OC[C@H]1OC(O)[C@H](O)[C@@H]1O>>CC1(C)O[C@@H]2[C@@H](CO)OC(O)[C@@H]2O1"", ""CC1(C)O[C@@H]2[C@@H](CO)OC(O)[C@@H]2O1.ClC(c1ccccc1)(c1ccccc1)c1ccccc1>>CC1(C)O[C@@H]2[C@@H](COC(c3ccccc3)(c3ccccc3)c3ccccc3)OC(O)[C@@H]2O1"", ""CC1(C)O[C@@H]2[C@@H](COC(c3ccccc3)(c3ccccc3)c3ccccc3)OC(O)[C@@H]2O1.COP(=O)(OC)C(=[N+]=[N-])C(C)=O>>C#C[C@H]1OC(C)(C)O[C@@H]1[C@H](O)COC(c1ccccc1)(c1ccccc1)c1ccccc1"", ""C#C[C@H]1OC(C)(C)O[C@@H]1[C@H](O)COC(c1ccccc1)(c1ccccc1)c1ccccc1>>C#C[C@H]1OC(C)(C)O[C@@H]1[C@H](O)CO""]",False,False,10.1021/jacs.6c05580,False,False
preparation-A26,D-ribose,"[""D-ribose"", ""6"", ""vinylmagnesium-bromide"", ""benzoyl-chloride"", ""L-aspartic-acid"", ""PMB-alcohol"", ""2,3-dibromopropene""]",21,source_bound_control_branch,"[""A01"", ""A02"", ""A06"", ""A07"", ""A13"", ""A14"", ""A15"", ""A16"", ""A17"", ""A18"", ""A19"", ""A20"", ""A21"", ""A22"", ""A23"", ""A24"", ""A25"", ""A26""]","[""A01.1"", ""A02.1"", ""A06.1"", ""A07.1"", ""A13.1"", ""A14.1"", ""A15.1"", ""A16.1"", ""A17.1"", ""A18.1"", ""A19.1"", ""A20.1"", ""A21.1"", ""A22.1"", ""A23.1"", ""A24.1"", ""A25.1"", ""A26.1""]","[""D-ribose"", ""2"", ""6"", ""3"", ""7"", ""vinylmagnesium-bromide"", ""S1"", ""benzoyl-chloride"", ""S4"", ""S5"", ""11"", ""L-aspartic-acid"", ""13"", ""S7"", ""PMB-alcohol"", ""PMB-bromide"", ""14"", ""2,3-dibromopropene"", ""S8"", ""15"", ""16"", ""17"", ""S9"", ""18"", ""21""]","[""OC[C@H]1OC(O)[C@H](O)[C@@H]1O"", ""CC1(C)O[C@@H]2[C@@H](CO)OC(O)[C@@H]2O1"", ""COP(=O)(OC)C(=[N+]=[N-])C(C)=O"", ""C#C[C@H]1OC(C)(C)O[C@@H]1[C@H](O)CO"", ""C#C[C@H]1OC(C)(C)O[C@@H]1[C@H]1CO1"", ""[Br-].[CH-]=C.[Mg+2]"", ""C#C[C@H]1OC(C)(C)O[C@@H]1[C@H](O)CC=C"", ""O=C(Cl)c1ccccc1"", ""C#C[C@H]1OC(C)(C)O[C@@H]1[C@@H](CC=C)OC(=O)c1ccccc1"", ""C#C[C@@H](O)[C@H](O)[C@@H](CC=C)OC(=O)c1ccccc1"", ""C#C[C@@H](O[Si](C)(C)C(C)(C)C)[C@H](O[Si](C)(C)C(C)(C)C)[C@@H](CC=C)OC(=O)c1ccccc1"", ""N[C@@H](CC(=O)O)C(=O)O"", ""O=C(O)C[C@H](Br)C(=O)O"", ""OCC[C@H](Br)CO"", ""COc1ccc(CO)cc1"", ""COc1ccc(CBr)cc1"", ""COc1ccc(COCC[C@@H]2CO2)cc1"", ""C=C(Br)CBr"", ""C=C(Br)C[Si](C)(C)C"", ""C=[C-]C[Si](C)(C)C.[Br-].[Mg+2]"", ""C=C(C[C@H](O)CCOCc1ccc(OC)cc1)C[Si](C)(C)C"", ""C=C(CBr)C[C@H](O)CCOCc1ccc(OC)cc1"", ""C=CC[C@@H](OC(=O)c1ccccc1)[C@@H](O[Si](C)(C)C(C)(C)C)[C@@H](C#CCC(=C)C[C@H](O)CCOCc1ccc(OC)cc1)O[Si](C)(C)C(C)(C)C"", ""C=CC[C@@H](O)[C@@H](O[Si](C)(C)C(C)(C)C)[C@@H](C#CCC(=C)C[C@H](O)CCOCc1ccc(OC)cc1)O[Si](C)(C)C(C)(C)C"", ""C=CC[C@H]1O[C@@]2(CCC(=C)C[C@@H](CCOCc3ccc(OC)cc3)O2)[C@@H](O[Si](C)(C)C(C)(C)C)[C@@H]1O[Si](C)(C)C(C)(C)C""]","[""OC[C@H]1OC(O)[C@H](O)[C@@H]1O>>CC1(C)O[C@@H]2[C@@H](CO)OC(O)[C@@H]2O1"", ""CC1(C)O[C@@H]2[C@@H](CO)OC(O)[C@@H]2O1.COP(=O)(OC)C(=[N+]=[N-])C(C)=O>>C#C[C@H]1OC(C)(C)O[C@@H]1[C@H](O)CO"", ""C#C[C@H]1OC(C)(C)O[C@@H]1[C@H](O)CO>>C#C[C@H]1OC(C)(C)O[C@@H]1[C@H]1CO1"", ""C#C[C@H]1OC(C)(C)O[C@@H]1[C@H]1CO1.[Br-].[CH-]=C.[Mg+2]>>C#C[C@H]1OC(C)(C)O[C@@H]1[C@H](O)CC=C"", ""C#C[C@H]1OC(C)(C)O[C@@H]1[C@H](O)CC=C.O=C(Cl)c1ccccc1>>C#C[C@H]1OC(C)(C)O[C@@H]1[C@@H](CC=C)OC(=O)c1ccccc1"", ""C#C[C@H]1OC(C)(C)O[C@@H]1[C@@H](CC=C)OC(=O)c1ccccc1>>C#C[C@@H](O)[C@H](O)[C@@H](CC=C)OC(=O)c1ccccc1"", ""C#C[C@@H](O)[C@H](O)[C@@H](CC=C)OC(=O)c1ccccc1>>C#C[C@@H](O[Si](C)(C)C(C)(C)C)[C@H](O[Si](C)(C)C(C)(C)C)[C@@H](CC=C)OC(=O)c1ccccc1"", ""N[C@@H](CC(=O)O)C(=O)O>>O=C(O)C[C@H](Br)C(=O)O"", ""O=C(O)C[C@H](Br)C(=O)O>>OCC[C@H](Br)CO"", ""COc1ccc(CO)cc1>>COc1ccc(CBr)cc1"", ""COc1ccc(CBr)cc1.OCC[C@H](Br)CO>>COc1ccc(COCC[C@@H]2CO2)cc1"", ""C=C(Br)CBr>>C=C(Br)C[Si](C)(C)C"", ""C=C(Br)C[Si](C)(C)C>>C=[C-]C[Si](C)(C)C.[Br-].[Mg+2]"", ""C=[C-]C[Si](C)(C)C.COc1ccc(COCC[C@@H]2CO2)cc1.[Br-].[Mg+2]>>C=C(C[C@H](O)CCOCc1ccc(OC)cc1)C[Si](C)(C)C"", ""C=C(C[C@H](O)CCOCc1ccc(OC)cc1)C[Si](C)(C)C>>C=C(CBr)C[C@H](O)CCOCc1ccc(OC)cc1"", ""C#C[C@@H](O[Si](C)(C)C(C)(C)C)[C@H](O[Si](C)(C)C(C)(C)C)[C@@H](CC=C)OC(=O)c1ccccc1.C=C(CBr)C[C@H](O)CCOCc1ccc(OC)cc1>>C=CC[C@@H](OC(=O)c1ccccc1)[C@@H](O[Si](C)(C)C(C)(C)C)[C@@H](C#CCC(=C)C[C@H](O)CCOCc1ccc(OC)cc1)O[Si](C)(C)C(C)(C)C"", ""C=CC[C@@H](OC(=O)c1ccccc1)[C@@H](O[Si](C)(C)C(C)(C)C)[C@@H](C#CCC(=C)C[C@H](O)CCOCc1ccc(OC)cc1)O[Si](C)(C)C(C)(C)C>>C=CC[C@@H](O)[C@@H](O[Si](C)(C)C(C)(C)C)[C@@H](C#CCC(=C)C[C@H](O)CCOCc1ccc(OC)cc1)O[Si](C)(C)C(C)(C)C"", ""C=CC[C@@H](O)[C@@H](O[Si](C)(C)C(C)(C)C)[C@@H](C#CCC(=C)C[C@H](O)CCOCc1ccc(OC)cc1)O[Si](C)(C)C(C)(C)C>>C=CC[C@H]1O[C@@]2(CCC(=C)C[C@@H](CCOCc3ccc(OC)cc3)O2)[C@@H](O[Si](C)(C)C(C)(C)C)[C@@H]1O[Si](C)(C)C(C)(C)C""]",False,False,10.1021/jacs.6c05580,False,False
preparation-A27,19,"[""19""]",21,source_bound_control_branch,"[""A27""]","[""A27.1""]","[""19"", ""21""]","[""C=CC[C@@H](OC1CCCCO1)[C@@H](O[Si](C)(C)C(C)(C)C)[C@@H](C#CCC(=C)C[C@H](O)CCOCc1ccc(OC)cc1)O[Si](C)(C)C(C)(C)C"", ""C=CC[C@H]1O[C@@]2(CCC(=C)C[C@@H](CCOCc3ccc(OC)cc3)O2)[C@@H](O[Si](C)(C)C(C)(C)C)[C@@H]1O[Si](C)(C)C(C)(C)C""]","[""C=CC[C@@H](OC1CCCCO1)[C@@H](O[Si](C)(C)C(C)(C)C)[C@@H](C#CCC(=C)C[C@H](O)CCOCc1ccc(OC)cc1)O[Si](C)(C)C(C)(C)C>>C=CC[C@H]1O[C@@]2(CCC(=C)C[C@@H](CCOCc3ccc(OC)cc3)O2)[C@@H](O[Si](C)(C)C(C)(C)C)[C@@H]1O[Si](C)(C)C(C)(C)C""]",False,False,10.1021/jacs.6c05580,False,False
preparation-A29,D-ribose,"[""D-ribose"", ""6"", ""vinylmagnesium-bromide"", ""benzyl-bromide"", ""benzoyl-chloride"", ""L-aspartic-acid"", ""PMB-alcohol"", ""2,3-dibromopropene""]",8-epi-23,source_bound_control_branch,"[""A01"", ""A02"", ""A06"", ""A07"", ""A08"", ""A09"", ""A10"", ""A11"", ""A12"", ""A16"", ""A17"", ""A18"", ""A19"", ""A20"", ""A21"", ""A22"", ""A23"", ""A28"", ""A29""]","[""A01.1"", ""A02.1"", ""A06.1"", ""A07.1"", ""A08.1"", ""A09.1"", ""A10.1"", ""A11.1"", ""A12.1"", ""A16.1"", ""A17.1"", ""A18.1"", ""A19.1"", ""A20.1"", ""A21.1"", ""A22.1"", ""A23.1"", ""A28.1"", ""A29.1""]","[""D-ribose"", ""2"", ""6"", ""3"", ""7"", ""vinylmagnesium-bromide"", ""S1"", ""benzyl-bromide"", ""8"", ""9"", ""benzoyl-chloride"", ""S2"", ""S3"", ""10"", ""L-aspartic-acid"", ""13"", ""S7"", ""PMB-alcohol"", ""PMB-bromide"", ""14"", ""2,3-dibromopropene"", ""S8"", ""15"", ""16"", ""17"", ""22"", ""23"", ""8-epi-23""]","[""OC[C@H]1OC(O)[C@H](O)[C@@H]1O"", ""CC1(C)O[C@@H]2[C@@H](CO)OC(O)[C@@H]2O1"", ""COP(=O)(OC)C(=[N+]=[N-])C(C)=O"", ""C#C[C@H]1OC(C)(C)O[C@@H]1[C@H](O)CO"", ""C#C[C@H]1OC(C)(C)O[C@@H]1[C@H]1CO1"", ""[Br-].[CH-]=C.[Mg+2]"", ""C#C[C@H]1OC(C)(C)O[C@@H]1[C@H](O)CC=C"", ""BrCc1ccccc1"", ""C#C[C@H]1OC(C)(C)O[C@@H]1[C@@H](CC=C)OCc1ccccc1"", ""C#C[C@@H](O)[C@H](O)[C@H](O)CC=C"", ""O=C(Cl)c1ccccc1"", ""C#C[C@@H](OC(=O)c1ccccc1)[C@H](OC(=O)c1ccccc1)[C@@H](CC=C)OCc1ccccc1"", ""C#C[C@@H](OC(=O)c1ccccc1)[C@H](OC(=O)c1ccccc1)[C@H](O)CC=C"", ""C#C[C@@H](OC(=O)c1ccccc1)[C@H](OC(=O)c1ccccc1)[C@@H](CC=C)O[Si](CC)(CC)CC"", ""N[C@@H](CC(=O)O)C(=O)O"", ""O=C(O)C[C@H](Br)C(=O)O"", ""OCC[C@H](Br)CO"", ""COc1ccc(CO)cc1"", ""COc1ccc(CBr)cc1"", ""COc1ccc(COCC[C@@H]2CO2)cc1"", ""C=C(Br)CBr"", ""C=C(Br)C[Si](C)(C)C"", ""C=[C-]C[Si](C)(C)C.[Br-].[Mg+2]"", ""C=C(C[C@H](O)CCOCc1ccc(OC)cc1)C[Si](C)(C)C"", ""C=C(CBr)C[C@H](O)CCOCc1ccc(OC)cc1"", ""C=CC[C@@H](O)[C@@H](OC(=O)c1ccccc1)[C@@H](C#CCC(=C)C[C@H](O)CCOCc1ccc(OC)cc1)OC(=O)c1ccccc1"", ""C=CC[C@H]1O[C@@]2(CC(=C)C[C@@H](CCOCc3ccc(OC)cc3)O2)C[C@@H](OC(=O)c2ccccc2)[C@@H]1OC(=O)c1ccccc1"", ""C=CC[C@H]1O[C@]2(CC(=C)C[C@@H](CCOCc3ccc(OC)cc3)O2)C[C@@H](OC(=O)c2ccccc2)[C@@H]1OC(=O)c1ccccc1""]","[""OC[C@H]1OC(O)[C@H](O)[C@@H]1O>>CC1(C)O[C@@H]2[C@@H](CO)OC(O)[C@@H]2O1"", ""CC1(C)O[C@@H]2[C@@H](CO)OC(O)[C@@H]2O1.COP(=O)(OC)C(=[N+]=[N-])C(C)=O>>C#C[C@H]1OC(C)(C)O[C@@H]1[C@H](O)CO"", ""C#C[C@H]1OC(C)(C)O[C@@H]1[C@H](O)CO>>C#C[C@H]1OC(C)(C)O[C@@H]1[C@H]1CO1"", ""C#C[C@H]1OC(C)(C)O[C@@H]1[C@H]1CO1.[Br-].[CH-]=C.[Mg+2]>>C#C[C@H]1OC(C)(C)O[C@@H]1[C@H](O)CC=C"", ""BrCc1ccccc1.C#C[C@H]1OC(C)(C)O[C@@H]1[C@H](O)CC=C>>C#C[C@H]1OC(C)(C)O[C@@H]1[C@@H](CC=C)OCc1ccccc1"", ""C#C[C@H]1OC(C)(C)O[C@@H]1[C@@H](CC=C)OCc1ccccc1>>C#C[C@@H](O)[C@H](O)[C@H](O)CC=C"", ""C#C[C@@H](O)[C@H](O)[C@H](O)CC=C.O=C(Cl)c1ccccc1>>C#C[C@@H](OC(=O)c1ccccc1)[C@H](OC(=O)c1ccccc1)[C@@H](CC=C)OCc1ccccc1"", ""C#C[C@@H](OC(=O)c1ccccc1)[C@H](OC(=O)c1ccccc1)[C@@H](CC=C)OCc1ccccc1>>C#C[C@@H](OC(=O)c1ccccc1)[C@H](OC(=O)c1ccccc1)[C@H](O)CC=C"", ""C#C[C@@H](OC(=O)c1ccccc1)[C@H](OC(=O)c1ccccc1)[C@H](O)CC=C>>C#C[C@@H](OC(=O)c1ccccc1)[C@H](OC(=O)c1ccccc1)[C@@H](CC=C)O[Si](CC)(CC)CC"", ""N[C@@H](CC(=O)O)C(=O)O>>O=C(O)C[C@H](Br)C(=O)O"", ""O=C(O)C[C@H](Br)C(=O)O>>OCC[C@H](Br)CO"", ""COc1ccc(CO)cc1>>COc1ccc(CBr)cc1"", ""COc1ccc(CBr)cc1.OCC[C@H](Br)CO>>COc1ccc(COCC[C@@H]2CO2)cc1"", ""C=C(Br)CBr>>C=C(Br)C[Si](C)(C)C"", ""C=C(Br)C[Si](C)(C)C>>C=[C-]C[Si](C)(C)C.[Br-].[Mg+2]"", ""C=[C-]C[Si](C)(C)C.COc1ccc(COCC[C@@H]2CO2)cc1.[Br-].[Mg+2]>>C=C(C[C@H](O)CCOCc1ccc(OC)cc1)C[Si](C)(C)C"", ""C=C(C[C@H](O)CCOCc1ccc(OC)cc1)C[Si](C)(C)C>>C=C(CBr)C[C@H](O)CCOCc1ccc(OC)cc1"", ""C#C[C@@H](OC(=O)c1ccccc1)[C@H](OC(=O)c1ccccc1)[C@@H](CC=C)O[Si](CC)(CC)CC.C=C(CBr)C[C@H](O)CCOCc1ccc(OC)cc1>>C=CC[C@@H](O)[C@@H](OC(=O)c1ccccc1)[C@@H](C#CCC(=C)C[C@H](O)CCOCc1ccc(OC)cc1)OC(=O)c1ccccc1"", ""C=CC[C@@H](O)[C@@H](OC(=O)c1ccccc1)[C@@H](C#CCC(=C)C[C@H](O)CCOCc1ccc(OC)cc1)OC(=O)c1ccccc1>>C=CC[C@H]1O[C@@]2(CC(=C)C[C@@H](CCOCc3ccc(OC)cc3)O2)C[C@@H](OC(=O)c2ccccc2)[C@@H]1OC(=O)c1ccccc1.C=CC[C@H]1O[C@]2(CC(=C)C[C@@H](CCOCc3ccc(OC)cc3)O2)C[C@@H](OC(=O)c2ccccc2)[C@@H]1OC(=O)c1ccccc1""]",False,False,10.1021/jacs.6c05580,False,False
preparation-A30,D-ribose,"[""D-ribose"", ""6"", ""vinylmagnesium-bromide"", ""benzyl-bromide"", ""benzoyl-chloride"", ""L-aspartic-acid"", ""PMB-alcohol"", ""2,3-dibromopropene""]",8-epi-23,source_bound_control_branch,"[""A01"", ""A02"", ""A06"", ""A07"", ""A08"", ""A09"", ""A10"", ""A11"", ""A12"", ""A16"", ""A17"", ""A18"", ""A19"", ""A20"", ""A21"", ""A22"", ""A23"", ""A28"", ""A30""]","[""A01.1"", ""A02.1"", ""A06.1"", ""A07.1"", ""A08.1"", ""A09.1"", ""A10.1"", ""A11.1"", ""A12.1"", ""A16.1"", ""A17.1"", ""A18.1"", ""A19.1"", ""A20.1"", ""A21.1"", ""A22.1"", ""A23.1"", ""A28.1"", ""A30.1""]","[""D-ribose"", ""2"", ""6"", ""3"", ""7"", ""vinylmagnesium-bromide"", ""S1"", ""benzyl-bromide"", ""8"", ""9"", ""benzoyl-chloride"", ""S2"", ""S3"", ""10"", ""L-aspartic-acid"", ""13"", ""S7"", ""PMB-alcohol"", ""PMB-bromide"", ""14"", ""2,3-dibromopropene"", ""S8"", ""15"", ""16"", ""17"", ""22"", ""23"", ""8-epi-23""]","[""OC[C@H]1OC(O)[C@H](O)[C@@H]1O"", ""CC1(C)O[C@@H]2[C@@H](CO)OC(O)[C@@H]2O1"", ""COP(=O)(OC)C(=[N+]=[N-])C(C)=O"", ""C#C[C@H]1OC(C)(C)O[C@@H]1[C@H](O)CO"", ""C#C[C@H]1OC(C)(C)O[C@@H]1[C@H]1CO1"", ""[Br-].[CH-]=C.[Mg+2]"", ""C#C[C@H]1OC(C)(C)O[C@@H]1[C@H](O)CC=C"", ""BrCc1ccccc1"", ""C#C[C@H]1OC(C)(C)O[C@@H]1[C@@H](CC=C)OCc1ccccc1"", ""C#C[C@@H](O)[C@H](O)[C@H](O)CC=C"", ""O=C(Cl)c1ccccc1"", ""C#C[C@@H](OC(=O)c1ccccc1)[C@H](OC(=O)c1ccccc1)[C@@H](CC=C)OCc1ccccc1"", ""C#C[C@@H](OC(=O)c1ccccc1)[C@H](OC(=O)c1ccccc1)[C@H](O)CC=C"", ""C#C[C@@H](OC(=O)c1ccccc1)[C@H](OC(=O)c1ccccc1)[C@@H](CC=C)O[Si](CC)(CC)CC"", ""N[C@@H](CC(=O)O)C(=O)O"", ""O=C(O)C[C@H](Br)C(=O)O"", ""OCC[C@H](Br)CO"", ""COc1ccc(CO)cc1"", ""COc1ccc(CBr)cc1"", ""COc1ccc(COCC[C@@H]2CO2)cc1"", ""C=C(Br)CBr"", ""C=C(Br)C[Si](C)(C)C"", ""C=[C-]C[Si](C)(C)C.[Br-].[Mg+2]"", ""C=C(C[C@H](O)CCOCc1ccc(OC)cc1)C[Si](C)(C)C"", ""C=C(CBr)C[C@H](O)CCOCc1ccc(OC)cc1"", ""C=CC[C@@H](O)[C@@H](OC(=O)c1ccccc1)[C@@H](C#CCC(=C)C[C@H](O)CCOCc1ccc(OC)cc1)OC(=O)c1ccccc1"", ""C=CC[C@H]1O[C@@]2(CC(=C)C[C@@H](CCOCc3ccc(OC)cc3)O2)C[C@@H](OC(=O)c2ccccc2)[C@@H]1OC(=O)c1ccccc1"", ""C=CC[C@H]1O[C@]2(CC(=C)C[C@@H](CCOCc3ccc(OC)cc3)O2)C[C@@H](OC(=O)c2ccccc2)[C@@H]1OC(=O)c1ccccc1""]","[""OC[C@H]1OC(O)[C@H](O)[C@@H]1O>>CC1(C)O[C@@H]2[C@@H](CO)OC(O)[C@@H]2O1"", ""CC1(C)O[C@@H]2[C@@H](CO)OC(O)[C@@H]2O1.COP(=O)(OC)C(=[N+]=[N-])C(C)=O>>C#C[C@H]1OC(C)(C)O[C@@H]1[C@H](O)CO"", ""C#C[C@H]1OC(C)(C)O[C@@H]1[C@H](O)CO>>C#C[C@H]1OC(C)(C)O[C@@H]1[C@H]1CO1"", ""C#C[C@H]1OC(C)(C)O[C@@H]1[C@H]1CO1.[Br-].[CH-]=C.[Mg+2]>>C#C[C@H]1OC(C)(C)O[C@@H]1[C@H](O)CC=C"", ""BrCc1ccccc1.C#C[C@H]1OC(C)(C)O[C@@H]1[C@H](O)CC=C>>C#C[C@H]1OC(C)(C)O[C@@H]1[C@@H](CC=C)OCc1ccccc1"", ""C#C[C@H]1OC(C)(C)O[C@@H]1[C@@H](CC=C)OCc1ccccc1>>C#C[C@@H](O)[C@H](O)[C@H](O)CC=C"", ""C#C[C@@H](O)[C@H](O)[C@H](O)CC=C.O=C(Cl)c1ccccc1>>C#C[C@@H](OC(=O)c1ccccc1)[C@H](OC(=O)c1ccccc1)[C@@H](CC=C)OCc1ccccc1"", ""C#C[C@@H](OC(=O)c1ccccc1)[C@H](OC(=O)c1ccccc1)[C@@H](CC=C)OCc1ccccc1>>C#C[C@@H](OC(=O)c1ccccc1)[C@H](OC(=O)c1ccccc1)[C@H](O)CC=C"", ""C#C[C@@H](OC(=O)c1ccccc1)[C@H](OC(=O)c1ccccc1)[C@H](O)CC=C>>C#C[C@@H](OC(=O)c1ccccc1)[C@H](OC(=O)c1ccccc1)[C@@H](CC=C)O[Si](CC)(CC)CC"", ""N[C@@H](CC(=O)O)C(=O)O>>O=C(O)C[C@H](Br)C(=O)O"", ""O=C(O)C[C@H](Br)C(=O)O>>OCC[C@H](Br)CO"", ""COc1ccc(CO)cc1>>COc1ccc(CBr)cc1"", ""COc1ccc(CBr)cc1.OCC[C@H](Br)CO>>COc1ccc(COCC[C@@H]2CO2)cc1"", ""C=C(Br)CBr>>C=C(Br)C[Si](C)(C)C"", ""C=C(Br)C[Si](C)(C)C>>C=[C-]C[Si](C)(C)C.[Br-].[Mg+2]"", ""C=[C-]C[Si](C)(C)C.COc1ccc(COCC[C@@H]2CO2)cc1.[Br-].[Mg+2]>>C=C(C[C@H](O)CCOCc1ccc(OC)cc1)C[Si](C)(C)C"", ""C=C(C[C@H](O)CCOCc1ccc(OC)cc1)C[Si](C)(C)C>>C=C(CBr)C[C@H](O)CCOCc1ccc(OC)cc1"", ""C#C[C@@H](OC(=O)c1ccccc1)[C@H](OC(=O)c1ccccc1)[C@@H](CC=C)O[Si](CC)(CC)CC.C=C(CBr)C[C@H](O)CCOCc1ccc(OC)cc1>>C=CC[C@@H](O)[C@@H](OC(=O)c1ccccc1)[C@@H](C#CCC(=C)C[C@H](O)CCOCc1ccc(OC)cc1)OC(=O)c1ccccc1"", ""C=CC[C@@H](O)[C@@H](OC(=O)c1ccccc1)[C@@H](C#CCC(=C)C[C@H](O)CCOCc1ccc(OC)cc1)OC(=O)c1ccccc1>>C=CC[C@H]1O[C@@]2(CC(=C)C[C@@H](CCOCc3ccc(OC)cc3)O2)C[C@@H](OC(=O)c2ccccc2)[C@@H]1OC(=O)c1ccccc1.C=CC[C@H]1O[C@]2(CC(=C)C[C@@H](CCOCc3ccc(OC)cc3)O2)C[C@@H](OC(=O)c2ccccc2)[C@@H]1OC(=O)c1ccccc1""]",False,False,10.1021/jacs.6c05580,False,False
preparation-A35,D-ribose,"[""D-ribose"", ""6"", ""vinylmagnesium-bromide"", ""benzyl-bromide"", ""benzoyl-chloride"", ""L-aspartic-acid"", ""PMB-alcohol"", ""2,3-dibromopropene"", ""26""]",28,source_bound_successful_synthesis,"[""A01"", ""A02"", ""A06"", ""A07"", ""A08"", ""A09"", ""A10"", ""A11"", ""A12"", ""A16"", ""A17"", ""A18"", ""A19"", ""A20"", ""A21"", ""A22"", ""A23"", ""A28"", ""A29"", ""A31"", ""A32"", ""A33"", ""A34"", ""A35""]","[""A01.1"", ""A02.1"", ""A06.1"", ""A07.1"", ""A08.1"", ""A09.1"", ""A10.1"", ""A11.1"", ""A12.1"", ""A16.1"", ""A17.1"", ""A18.1"", ""A19.1"", ""A20.1"", ""A21.1"", ""A22.1"", ""A23.1"", ""A28.1"", ""A29.1"", ""A31.1"", ""A32.1"", ""A33.1"", ""A34.1"", ""A35.1""]","[""D-ribose"", ""2"", ""6"", ""3"", ""7"", ""vinylmagnesium-bromide"", ""S1"", ""benzyl-bromide"", ""8"", ""9"", ""benzoyl-chloride"", ""S2"", ""S3"", ""10"", ""L-aspartic-acid"", ""13"", ""S7"", ""PMB-alcohol"", ""PMB-bromide"", ""14"", ""2,3-dibromopropene"", ""S8"", ""15"", ""16"", ""17"", ""22"", ""23"", ""8-epi-23"", ""24"", ""S10-PMB"", ""S10"", ""25"", ""26"", ""28""]","[""OC[C@H]1OC(O)[C@H](O)[C@@H]1O"", ""CC1(C)O[C@@H]2[C@@H](CO)OC(O)[C@@H]2O1"", ""COP(=O)(OC)C(=[N+]=[N-])C(C)=O"", ""C#C[C@H]1OC(C)(C)O[C@@H]1[C@H](O)CO"", ""C#C[C@H]1OC(C)(C)O[C@@H]1[C@H]1CO1"", ""[Br-].[CH-]=C.[Mg+2]"", ""C#C[C@H]1OC(C)(C)O[C@@H]1[C@H](O)CC=C"", ""BrCc1ccccc1"", ""C#C[C@H]1OC(C)(C)O[C@@H]1[C@@H](CC=C)OCc1ccccc1"", ""C#C[C@@H](O)[C@H](O)[C@H](O)CC=C"", ""O=C(Cl)c1ccccc1"", ""C#C[C@@H](OC(=O)c1ccccc1)[C@H](OC(=O)c1ccccc1)[C@@H](CC=C)OCc1ccccc1"", ""C#C[C@@H](OC(=O)c1ccccc1)[C@H](OC(=O)c1ccccc1)[C@H](O)CC=C"", ""C#C[C@@H](OC(=O)c1ccccc1)[C@H](OC(=O)c1ccccc1)[C@@H](CC=C)O[Si](CC)(CC)CC"", ""N[C@@H](CC(=O)O)C(=O)O"", ""O=C(O)C[C@H](Br)C(=O)O"", ""OCC[C@H](Br)CO"", ""COc1ccc(CO)cc1"", ""COc1ccc(CBr)cc1"", ""COc1ccc(COCC[C@@H]2CO2)cc1"", ""C=C(Br)CBr"", ""C=C(Br)C[Si](C)(C)C"", ""C=[C-]C[Si](C)(C)C.[Br-].[Mg+2]"", ""C=C(C[C@H](O)CCOCc1ccc(OC)cc1)C[Si](C)(C)C"", ""C=C(CBr)C[C@H](O)CCOCc1ccc(OC)cc1"", ""C=CC[C@@H](O)[C@@H](OC(=O)c1ccccc1)[C@@H](C#CCC(=C)C[C@H](O)CCOCc1ccc(OC)cc1)OC(=O)c1ccccc1"", ""C=CC[C@H]1O[C@@]2(CC(=C)C[C@@H](CCOCc3ccc(OC)cc3)O2)C[C@@H](OC(=O)c2ccccc2)[C@@H]1OC(=O)c1ccccc1"", ""C=CC[C@H]1O[C@]2(CC(=C)C[C@@H](CCOCc3ccc(OC)cc3)O2)C[C@@H](OC(=O)c2ccccc2)[C@@H]1OC(=O)c1ccccc1"", ""C=C1C[C@@H](CCOCc2ccc(OC)cc2)O[C@]2(C1)C[C@@H](OC(=O)c1ccccc1)[C@H](OC(=O)c1ccccc1)[C@@H](C[C@H](O)CO)O2"", ""C=C1C[C@@H](CCOCc2ccc(OC)cc2)O[C@]2(C1)C[C@@H](OC(=O)c1ccccc1)[C@H](OC(=O)c1ccccc1)[C@@H](C[C@@H](CO[Si](C)(C)C(C)(C)C)O[Si](C)(C)C(C)(C)C)O2"", ""C=C1C[C@@H](CCO)O[C@]2(C1)C[C@@H](OC(=O)c1ccccc1)[C@H](OC(=O)c1ccccc1)[C@@H](C[C@@H](CO[Si](C)(C)C(C)(C)C)O[Si](C)(C)C(C)(C)C)O2"", ""C=C1C[C@@H](CC=O)O[C@]2(C1)C[C@@H](OC(=O)c1ccccc1)[C@H](OC(=O)c1ccccc1)[C@@H](C[C@@H](CO[Si](C)(C)C(C)(C)C)O[Si](C)(C)C(C)(C)C)O2"", ""C=C=[CH][Sn]([CH2]CCC)([CH2]CCC)[CH2]CCC"", ""C=C1C[C@@H](C[C@@H](O)C/C=[CH]/[Sn]([CH2]CCC)([CH2]CCC)[CH2]CCC)O[C@]2(C1)C[C@@H](OC(=O)c1ccccc1)[C@H](OC(=O)c1ccccc1)[C@@H](C[C@@H](CO[Si](C)(C)C(C)(C)C)O[Si](C)(C)C(C)(C)C)O2""]","[""OC[C@H]1OC(O)[C@H](O)[C@@H]1O>>CC1(C)O[C@@H]2[C@@H](CO)OC(O)[C@@H]2O1"", ""CC1(C)O[C@@H]2[C@@H](CO)OC(O)[C@@H]2O1.COP(=O)(OC)C(=[N+]=[N-])C(C)=O>>C#C[C@H]1OC(C)(C)O[C@@H]1[C@H](O)CO"", ""C#C[C@H]1OC(C)(C)O[C@@H]1[C@H](O)CO>>C#C[C@H]1OC(C)(C)O[C@@H]1[C@H]1CO1"", ""C#C[C@H]1OC(C)(C)O[C@@H]1[C@H]1CO1.[Br-].[CH-]=C.[Mg+2]>>C#C[C@H]1OC(C)(C)O[C@@H]1[C@H](O)CC=C"", ""BrCc1ccccc1.C#C[C@H]1OC(C)(C)O[C@@H]1[C@H](O)CC=C>>C#C[C@H]1OC(C)(C)O[C@@H]1[C@@H](CC=C)OCc1ccccc1"", ""C#C[C@H]1OC(C)(C)O[C@@H]1[C@@H](CC=C)OCc1ccccc1>>C#C[C@@H](O)[C@H](O)[C@H](O)CC=C"", ""C#C[C@@H](O)[C@H](O)[C@H](O)CC=C.O=C(Cl)c1ccccc1>>C#C[C@@H](OC(=O)c1ccccc1)[C@H](OC(=O)c1ccccc1)[C@@H](CC=C)OCc1ccccc1"", ""C#C[C@@H](OC(=O)c1ccccc1)[C@H](OC(=O)c1ccccc1)[C@@H](CC=C)OCc1ccccc1>>C#C[C@@H](OC(=O)c1ccccc1)[C@H](OC(=O)c1ccccc1)[C@H](O)CC=C"", ""C#C[C@@H](OC(=O)c1ccccc1)[C@H](OC(=O)c1ccccc1)[C@H](O)CC=C>>C#C[C@@H](OC(=O)c1ccccc1)[C@H](OC(=O)c1ccccc1)[C@@H](CC=C)O[Si](CC)(CC)CC"", ""N[C@@H](CC(=O)O)C(=O)O>>O=C(O)C[C@H](Br)C(=O)O"", ""O=C(O)C[C@H](Br)C(=O)O>>OCC[C@H](Br)CO"", ""COc1ccc(CO)cc1>>COc1ccc(CBr)cc1"", ""COc1ccc(CBr)cc1.OCC[C@H](Br)CO>>COc1ccc(COCC[C@@H]2CO2)cc1"", ""C=C(Br)CBr>>C=C(Br)C[Si](C)(C)C"", ""C=C(Br)C[Si](C)(C)C>>C=[C-]C[Si](C)(C)C.[Br-].[Mg+2]"", ""C=[C-]C[Si](C)(C)C.COc1ccc(COCC[C@@H]2CO2)cc1.[Br-].[Mg+2]>>C=C(C[C@H](O)CCOCc1ccc(OC)cc1)C[Si](C)(C)C"", ""C=C(C[C@H](O)CCOCc1ccc(OC)cc1)C[Si](C)(C)C>>C=C(CBr)C[C@H](O)CCOCc1ccc(OC)cc1"", ""C#C[C@@H](OC(=O)c1ccccc1)[C@H](OC(=O)c1ccccc1)[C@@H](CC=C)O[Si](CC)(CC)CC.C=C(CBr)C[C@H](O)CCOCc1ccc(OC)cc1>>C=CC[C@@H](O)[C@@H](OC(=O)c1ccccc1)[C@@H](C#CCC(=C)C[C@H](O)CCOCc1ccc(OC)cc1)OC(=O)c1ccccc1"", ""C=CC[C@@H](O)[C@@H](OC(=O)c1ccccc1)[C@@H](C#CCC(=C)C[C@H](O)CCOCc1ccc(OC)cc1)OC(=O)c1ccccc1>>C=CC[C@H]1O[C@@]2(CC(=C)C[C@@H](CCOCc3ccc(OC)cc3)O2)C[C@@H](OC(=O)c2ccccc2)[C@@H]1OC(=O)c1ccccc1.C=CC[C@H]1O[C@]2(CC(=C)C[C@@H](CCOCc3ccc(OC)cc3)O2)C[C@@H](OC(=O)c2ccccc2)[C@@H]1OC(=O)c1ccccc1"", ""C=CC[C@H]1O[C@@]2(CC(=C)C[C@@H](CCOCc3ccc(OC)cc3)O2)C[C@@H](OC(=O)c2ccccc2)[C@@H]1OC(=O)c1ccccc1>>C=C1C[C@@H](CCOCc2ccc(OC)cc2)O[C@]2(C1)C[C@@H](OC(=O)c1ccccc1)[C@H](OC(=O)c1ccccc1)[C@@H](C[C@H](O)CO)O2"", ""C=C1C[C@@H](CCOCc2ccc(OC)cc2)O[C@]2(C1)C[C@@H](OC(=O)c1ccccc1)[C@H](OC(=O)c1ccccc1)[C@@H](C[C@H](O)CO)O2>>C=C1C[C@@H](CCOCc2ccc(OC)cc2)O[C@]2(C1)C[C@@H](OC(=O)c1ccccc1)[C@H](OC(=O)c1ccccc1)[C@@H](C[C@@H](CO[Si](C)(C)C(C)(C)C)O[Si](C)(C)C(C)(C)C)O2"", ""C=C1C[C@@H](CCOCc2ccc(OC)cc2)O[C@]2(C1)C[C@@H](OC(=O)c1ccccc1)[C@H](OC(=O)c1ccccc1)[C@@H](C[C@@H](CO[Si](C)(C)C(C)(C)C)O[Si](C)(C)C(C)(C)C)O2>>C=C1C[C@@H](CCO)O[C@]2(C1)C[C@@H](OC(=O)c1ccccc1)[C@H](OC(=O)c1ccccc1)[C@@H](C[C@@H](CO[Si](C)(C)C(C)(C)C)O[Si](C)(C)C(C)(C)C)O2"", ""C=C1C[C@@H](CCO)O[C@]2(C1)C[C@@H](OC(=O)c1ccccc1)[C@H](OC(=O)c1ccccc1)[C@@H](C[C@@H](CO[Si](C)(C)C(C)(C)C)O[Si](C)(C)C(C)(C)C)O2>>C=C1C[C@@H](CC=O)O[C@]2(C1)C[C@@H](OC(=O)c1ccccc1)[C@H](OC(=O)c1ccccc1)[C@@H](C[C@@H](CO[Si](C)(C)C(C)(C)C)O[Si](C)(C)C(C)(C)C)O2"", ""C=C1C[C@@H](CC=O)O[C@]2(C1)C[C@@H](OC(=O)c1ccccc1)[C@H](OC(=O)c1ccccc1)[C@@H](C[C@@H](CO[Si](C)(C)C(C)(C)C)O[Si](C)(C)C(C)(C)C)O2.C=C=[CH][Sn]([CH2]CCC)([CH2]CCC)[CH2]CCC>>C=C1C[C@@H](C[C@@H](O)C/C=[CH]/[Sn]([CH2]CCC)([CH2]CCC)[CH2]CCC)O[C@]2(C1)C[C@@H](OC(=O)c1ccccc1)[C@H](OC(=O)c1ccccc1)[C@@H](C[C@@H](CO[Si](C)(C)C(C)(C)C)O[Si](C)(C)C(C)(C)C)O2""]",False,False,10.1021/jacs.6c05580,False,False
preparation-A36,D-ribose,"[""D-ribose"", ""6"", ""vinylmagnesium-bromide"", ""benzyl-bromide"", ""benzoyl-chloride"", ""L-aspartic-acid"", ""PMB-alcohol"", ""2,3-dibromopropene"", ""26""]",28a,source_bound_control_branch,"[""A01"", ""A02"", ""A06"", ""A07"", ""A08"", ""A09"", ""A10"", ""A11"", ""A12"", ""A16"", ""A17"", ""A18"", ""A19"", ""A20"", ""A21"", ""A22"", ""A23"", ""A28"", ""A29"", ""A31"", ""A32"", ""A33"", ""A34"", ""A35"", ""A36""]","[""A01.1"", ""A02.1"", ""A06.1"", ""A07.1"", ""A08.1"", ""A09.1"", ""A10.1"", ""A11.1"", ""A12.1"", ""A16.1"", ""A17.1"", ""A18.1"", ""A19.1"", ""A20.1"", ""A21.1"", ""A22.1"", ""A23.1"", ""A28.1"", ""A29.1"", ""A31.1"", ""A32.1"", ""A33.1"", ""A34.1"", ""A35.1"", ""A36.1""]","[""D-ribose"", ""2"", ""6"", ""3"", ""7"", ""vinylmagnesium-bromide"", ""S1"", ""benzyl-bromide"", ""8"", ""9"", ""benzoyl-chloride"", ""S2"", ""S3"", ""10"", ""L-aspartic-acid"", ""13"", ""S7"", ""PMB-alcohol"", ""PMB-bromide"", ""14"", ""2,3-dibromopropene"", ""S8"", ""15"", ""16"", ""17"", ""22"", ""23"", ""8-epi-23"", ""24"", ""S10-PMB"", ""S10"", ""25"", ""26"", ""28"", ""28a""]","[""OC[C@H]1OC(O)[C@H](O)[C@@H]1O"", ""CC1(C)O[C@@H]2[C@@H](CO)OC(O)[C@@H]2O1"", ""COP(=O)(OC)C(=[N+]=[N-])C(C)=O"", ""C#C[C@H]1OC(C)(C)O[C@@H]1[C@H](O)CO"", ""C#C[C@H]1OC(C)(C)O[C@@H]1[C@H]1CO1"", ""[Br-].[CH-]=C.[Mg+2]"", ""C#C[C@H]1OC(C)(C)O[C@@H]1[C@H](O)CC=C"", ""BrCc1ccccc1"", ""C#C[C@H]1OC(C)(C)O[C@@H]1[C@@H](CC=C)OCc1ccccc1"", ""C#C[C@@H](O)[C@H](O)[C@H](O)CC=C"", ""O=C(Cl)c1ccccc1"", ""C#C[C@@H](OC(=O)c1ccccc1)[C@H](OC(=O)c1ccccc1)[C@@H](CC=C)OCc1ccccc1"", ""C#C[C@@H](OC(=O)c1ccccc1)[C@H](OC(=O)c1ccccc1)[C@H](O)CC=C"", ""C#C[C@@H](OC(=O)c1ccccc1)[C@H](OC(=O)c1ccccc1)[C@@H](CC=C)O[Si](CC)(CC)CC"", ""N[C@@H](CC(=O)O)C(=O)O"", ""O=C(O)C[C@H](Br)C(=O)O"", ""OCC[C@H](Br)CO"", ""COc1ccc(CO)cc1"", ""COc1ccc(CBr)cc1"", ""COc1ccc(COCC[C@@H]2CO2)cc1"", ""C=C(Br)CBr"", ""C=C(Br)C[Si](C)(C)C"", ""C=[C-]C[Si](C)(C)C.[Br-].[Mg+2]"", ""C=C(C[C@H](O)CCOCc1ccc(OC)cc1)C[Si](C)(C)C"", ""C=C(CBr)C[C@H](O)CCOCc1ccc(OC)cc1"", ""C=CC[C@@H](O)[C@@H](OC(=O)c1ccccc1)[C@@H](C#CCC(=C)C[C@H](O)CCOCc1ccc(OC)cc1)OC(=O)c1ccccc1"", ""C=CC[C@H]1O[C@@]2(CC(=C)C[C@@H](CCOCc3ccc(OC)cc3)O2)C[C@@H](OC(=O)c2ccccc2)[C@@H]1OC(=O)c1ccccc1"", ""C=CC[C@H]1O[C@]2(CC(=C)C[C@@H](CCOCc3ccc(OC)cc3)O2)C[C@@H](OC(=O)c2ccccc2)[C@@H]1OC(=O)c1ccccc1"", ""C=C1C[C@@H](CCOCc2ccc(OC)cc2)O[C@]2(C1)C[C@@H](OC(=O)c1ccccc1)[C@H](OC(=O)c1ccccc1)[C@@H](C[C@H](O)CO)O2"", ""C=C1C[C@@H](CCOCc2ccc(OC)cc2)O[C@]2(C1)C[C@@H](OC(=O)c1ccccc1)[C@H](OC(=O)c1ccccc1)[C@@H](C[C@@H](CO[Si](C)(C)C(C)(C)C)O[Si](C)(C)C(C)(C)C)O2"", ""C=C1C[C@@H](CCO)O[C@]2(C1)C[C@@H](OC(=O)c1ccccc1)[C@H](OC(=O)c1ccccc1)[C@@H](C[C@@H](CO[Si](C)(C)C(C)(C)C)O[Si](C)(C)C(C)(C)C)O2"", ""C=C1C[C@@H](CC=O)O[C@]2(C1)C[C@@H](OC(=O)c1ccccc1)[C@H](OC(=O)c1ccccc1)[C@@H](C[C@@H](CO[Si](C)(C)C(C)(C)C)O[Si](C)(C)C(C)(C)C)O2"", ""C=C=[CH][Sn]([CH2]CCC)([CH2]CCC)[CH2]CCC"", ""C=C1C[C@@H](C[C@@H](O)C/C=[CH]/[Sn]([CH2]CCC)([CH2]CCC)[CH2]CCC)O[C@]2(C1)C[C@@H](OC(=O)c1ccccc1)[C@H](OC(=O)c1ccccc1)[C@@H](C[C@@H](CO[Si](C)(C)C(C)(C)C)O[Si](C)(C)C(C)(C)C)O2"", ""C=CC[C@H](O)C[C@@H]1CC(=C)C[C@]2(C[C@@H](OC(=O)c3ccccc3)[C@H](OC(=O)c3ccccc3)[C@@H](C[C@@H](CO[Si](C)(C)C(C)(C)C)O[Si](C)(C)C(C)(C)C)O2)O1""]","[""OC[C@H]1OC(O)[C@H](O)[C@@H]1O>>CC1(C)O[C@@H]2[C@@H](CO)OC(O)[C@@H]2O1"", ""CC1(C)O[C@@H]2[C@@H](CO)OC(O)[C@@H]2O1.COP(=O)(OC)C(=[N+]=[N-])C(C)=O>>C#C[C@H]1OC(C)(C)O[C@@H]1[C@H](O)CO"", ""C#C[C@H]1OC(C)(C)O[C@@H]1[C@H](O)CO>>C#C[C@H]1OC(C)(C)O[C@@H]1[C@H]1CO1"", ""C#C[C@H]1OC(C)(C)O[C@@H]1[C@H]1CO1.[Br-].[CH-]=C.[Mg+2]>>C#C[C@H]1OC(C)(C)O[C@@H]1[C@H](O)CC=C"", ""BrCc1ccccc1.C#C[C@H]1OC(C)(C)O[C@@H]1[C@H](O)CC=C>>C#C[C@H]1OC(C)(C)O[C@@H]1[C@@H](CC=C)OCc1ccccc1"", ""C#C[C@H]1OC(C)(C)O[C@@H]1[C@@H](CC=C)OCc1ccccc1>>C#C[C@@H](O)[C@H](O)[C@H](O)CC=C"", ""C#C[C@@H](O)[C@H](O)[C@H](O)CC=C.O=C(Cl)c1ccccc1>>C#C[C@@H](OC(=O)c1ccccc1)[C@H](OC(=O)c1ccccc1)[C@@H](CC=C)OCc1ccccc1"", ""C#C[C@@H](OC(=O)c1ccccc1)[C@H](OC(=O)c1ccccc1)[C@@H](CC=C)OCc1ccccc1>>C#C[C@@H](OC(=O)c1ccccc1)[C@H](OC(=O)c1ccccc1)[C@H](O)CC=C"", ""C#C[C@@H](OC(=O)c1ccccc1)[C@H](OC(=O)c1ccccc1)[C@H](O)CC=C>>C#C[C@@H](OC(=O)c1ccccc1)[C@H](OC(=O)c1ccccc1)[C@@H](CC=C)O[Si](CC)(CC)CC"", ""N[C@@H](CC(=O)O)C(=O)O>>O=C(O)C[C@H](Br)C(=O)O"", ""O=C(O)C[C@H](Br)C(=O)O>>OCC[C@H](Br)CO"", ""COc1ccc(CO)cc1>>COc1ccc(CBr)cc1"", ""COc1ccc(CBr)cc1.OCC[C@H](Br)CO>>COc1ccc(COCC[C@@H]2CO2)cc1"", ""C=C(Br)CBr>>C=C(Br)C[Si](C)(C)C"", ""C=C(Br)C[Si](C)(C)C>>C=[C-]C[Si](C)(C)C.[Br-].[Mg+2]"", ""C=[C-]C[Si](C)(C)C.COc1ccc(COCC[C@@H]2CO2)cc1.[Br-].[Mg+2]>>C=C(C[C@H](O)CCOCc1ccc(OC)cc1)C[Si](C)(C)C"", ""C=C(C[C@H](O)CCOCc1ccc(OC)cc1)C[Si](C)(C)C>>C=C(CBr)C[C@H](O)CCOCc1ccc(OC)cc1"", ""C#C[C@@H](OC(=O)c1ccccc1)[C@H](OC(=O)c1ccccc1)[C@@H](CC=C)O[Si](CC)(CC)CC.C=C(CBr)C[C@H](O)CCOCc1ccc(OC)cc1>>C=CC[C@@H](O)[C@@H](OC(=O)c1ccccc1)[C@@H](C#CCC(=C)C[C@H](O)CCOCc1ccc(OC)cc1)OC(=O)c1ccccc1"", ""C=CC[C@@H](O)[C@@H](OC(=O)c1ccccc1)[C@@H](C#CCC(=C)C[C@H](O)CCOCc1ccc(OC)cc1)OC(=O)c1ccccc1>>C=CC[C@H]1O[C@@]2(CC(=C)C[C@@H](CCOCc3ccc(OC)cc3)O2)C[C@@H](OC(=O)c2ccccc2)[C@@H]1OC(=O)c1ccccc1.C=CC[C@H]1O[C@]2(CC(=C)C[C@@H](CCOCc3ccc(OC)cc3)O2)C[C@@H](OC(=O)c2ccccc2)[C@@H]1OC(=O)c1ccccc1"", ""C=CC[C@H]1O[C@@]2(CC(=C)C[C@@H](CCOCc3ccc(OC)cc3)O2)C[C@@H](OC(=O)c2ccccc2)[C@@H]1OC(=O)c1ccccc1>>C=C1C[C@@H](CCOCc2ccc(OC)cc2)O[C@]2(C1)C[C@@H](OC(=O)c1ccccc1)[C@H](OC(=O)c1ccccc1)[C@@H](C[C@H](O)CO)O2"", ""C=C1C[C@@H](CCOCc2ccc(OC)cc2)O[C@]2(C1)C[C@@H](OC(=O)c1ccccc1)[C@H](OC(=O)c1ccccc1)[C@@H](C[C@H](O)CO)O2>>C=C1C[C@@H](CCOCc2ccc(OC)cc2)O[C@]2(C1)C[C@@H](OC(=O)c1ccccc1)[C@H](OC(=O)c1ccccc1)[C@@H](C[C@@H](CO[Si](C)(C)C(C)(C)C)O[Si](C)(C)C(C)(C)C)O2"", ""C=C1C[C@@H](CCOCc2ccc(OC)cc2)O[C@]2(C1)C[C@@H](OC(=O)c1ccccc1)[C@H](OC(=O)c1ccccc1)[C@@H](C[C@@H](CO[Si](C)(C)C(C)(C)C)O[Si](C)(C)C(C)(C)C)O2>>C=C1C[C@@H](CCO)O[C@]2(C1)C[C@@H](OC(=O)c1ccccc1)[C@H](OC(=O)c1ccccc1)[C@@H](C[C@@H](CO[Si](C)(C)C(C)(C)C)O[Si](C)(C)C(C)(C)C)O2"", ""C=C1C[C@@H](CCO)O[C@]2(C1)C[C@@H](OC(=O)c1ccccc1)[C@H](OC(=O)c1ccccc1)[C@@H](C[C@@H](CO[Si](C)(C)C(C)(C)C)O[Si](C)(C)C(C)(C)C)O2>>C=C1C[C@@H](CC=O)O[C@]2(C1)C[C@@H](OC(=O)c1ccccc1)[C@H](OC(=O)c1ccccc1)[C@@H](C[C@@H](CO[Si](C)(C)C(C)(C)C)O[Si](C)(C)C(C)(C)C)O2"", ""C=C1C[C@@H](CC=O)O[C@]2(C1)C[C@@H](OC(=O)c1ccccc1)[C@H](OC(=O)c1ccccc1)[C@@H](C[C@@H](CO[Si](C)(C)C(C)(C)C)O[Si](C)(C)C(C)(C)C)O2.C=C=[CH][Sn]([CH2]CCC)([CH2]CCC)[CH2]CCC>>C=C1C[C@@H](C[C@@H](O)C/C=[CH]/[Sn]([CH2]CCC)([CH2]CCC)[CH2]CCC)O[C@]2(C1)C[C@@H](OC(=O)c1ccccc1)[C@H](OC(=O)c1ccccc1)[C@@H](C[C@@H](CO[Si](C)(C)C(C)(C)C)O[Si](C)(C)C(C)(C)C)O2"", ""C=C1C[C@@H](C[C@@H](O)C/C=[CH]/[Sn]([CH2]CCC)([CH2]CCC)[CH2]CCC)O[C@]2(C1)C[C@@H](OC(=O)c1ccccc1)[C@H](OC(=O)c1ccccc1)[C@@H](C[C@@H](CO[Si](C)(C)C(C)(C)C)O[Si](C)(C)C(C)(C)C)O2>>C=CC[C@H](O)C[C@@H]1CC(=C)C[C@]2(C[C@@H](OC(=O)c3ccccc3)[C@H](OC(=O)c3ccccc3)[C@@H](C[C@@H](CO[Si](C)(C)C(C)(C)C)O[Si](C)(C)C(C)(C)C)O2)O1""]",False,False,10.1021/jacs.6c05580,False,False
preparation-A38,D-ribose,"[""D-ribose"", ""6"", ""vinylmagnesium-bromide"", ""benzyl-bromide"", ""benzoyl-chloride"", ""L-aspartic-acid"", ""PMB-alcohol"", ""2,3-dibromopropene"", ""26""]",29,source_bound_control_branch,"[""A01"", ""A02"", ""A06"", ""A07"", ""A08"", ""A09"", ""A10"", ""A11"", ""A12"", ""A16"", ""A17"", ""A18"", ""A19"", ""A20"", ""A21"", ""A22"", ""A23"", ""A28"", ""A29"", ""A31"", ""A32"", ""A33"", ""A34"", ""A35"", ""A37"", ""A38""]","[""A01.1"", ""A02.1"", ""A06.1"", ""A07.1"", ""A08.1"", ""A09.1"", ""A10.1"", ""A11.1"", ""A12.1"", ""A16.1"", ""A17.1"", ""A18.1"", ""A19.1"", ""A20.1"", ""A21.1"", ""A22.1"", ""A23.1"", ""A28.1"", ""A29.1"", ""A31.1"", ""A32.1"", ""A33.1"", ""A34.1"", ""A35.1"", ""A37.1"", ""A38.1""]","[""D-ribose"", ""2"", ""6"", ""3"", ""7"", ""vinylmagnesium-bromide"", ""S1"", ""benzyl-bromide"", ""8"", ""9"", ""benzoyl-chloride"", ""S2"", ""S3"", ""10"", ""L-aspartic-acid"", ""13"", ""S7"", ""PMB-alcohol"", ""PMB-bromide"", ""14"", ""2,3-dibromopropene"", ""S8"", ""15"", ""16"", ""17"", ""22"", ""23"", ""8-epi-23"", ""24"", ""S10-PMB"", ""S10"", ""25"", ""26"", ""28"", ""29a"", ""29""]","[""OC[C@H]1OC(O)[C@H](O)[C@@H]1O"", ""CC1(C)O[C@@H]2[C@@H](CO)OC(O)[C@@H]2O1"", ""COP(=O)(OC)C(=[N+]=[N-])C(C)=O"", ""C#C[C@H]1OC(C)(C)O[C@@H]1[C@H](O)CO"", ""C#C[C@H]1OC(C)(C)O[C@@H]1[C@H]1CO1"", ""[Br-].[CH-]=C.[Mg+2]"", ""C#C[C@H]1OC(C)(C)O[C@@H]1[C@H](O)CC=C"", ""BrCc1ccccc1"", ""C#C[C@H]1OC(C)(C)O[C@@H]1[C@@H](CC=C)OCc1ccccc1"", ""C#C[C@@H](O)[C@H](O)[C@H](O)CC=C"", ""O=C(Cl)c1ccccc1"", ""C#C[C@@H](OC(=O)c1ccccc1)[C@H](OC(=O)c1ccccc1)[C@@H](CC=C)OCc1ccccc1"", ""C#C[C@@H](OC(=O)c1ccccc1)[C@H](OC(=O)c1ccccc1)[C@H](O)CC=C"", ""C#C[C@@H](OC(=O)c1ccccc1)[C@H](OC(=O)c1ccccc1)[C@@H](CC=C)O[Si](CC)(CC)CC"", ""N[C@@H](CC(=O)O)C(=O)O"", ""O=C(O)C[C@H](Br)C(=O)O"", ""OCC[C@H](Br)CO"", ""COc1ccc(CO)cc1"", ""COc1ccc(CBr)cc1"", ""COc1ccc(COCC[C@@H]2CO2)cc1"", ""C=C(Br)CBr"", ""C=C(Br)C[Si](C)(C)C"", ""C=[C-]C[Si](C)(C)C.[Br-].[Mg+2]"", ""C=C(C[C@H](O)CCOCc1ccc(OC)cc1)C[Si](C)(C)C"", ""C=C(CBr)C[C@H](O)CCOCc1ccc(OC)cc1"", ""C=CC[C@@H](O)[C@@H](OC(=O)c1ccccc1)[C@@H](C#CCC(=C)C[C@H](O)CCOCc1ccc(OC)cc1)OC(=O)c1ccccc1"", ""C=CC[C@H]1O[C@@]2(CC(=C)C[C@@H](CCOCc3ccc(OC)cc3)O2)C[C@@H](OC(=O)c2ccccc2)[C@@H]1OC(=O)c1ccccc1"", ""C=CC[C@H]1O[C@]2(CC(=C)C[C@@H](CCOCc3ccc(OC)cc3)O2)C[C@@H](OC(=O)c2ccccc2)[C@@H]1OC(=O)c1ccccc1"", ""C=C1C[C@@H](CCOCc2ccc(OC)cc2)O[C@]2(C1)C[C@@H](OC(=O)c1ccccc1)[C@H](OC(=O)c1ccccc1)[C@@H](C[C@H](O)CO)O2"", ""C=C1C[C@@H](CCOCc2ccc(OC)cc2)O[C@]2(C1)C[C@@H](OC(=O)c1ccccc1)[C@H](OC(=O)c1ccccc1)[C@@H](C[C@@H](CO[Si](C)(C)C(C)(C)C)O[Si](C)(C)C(C)(C)C)O2"", ""C=C1C[C@@H](CCO)O[C@]2(C1)C[C@@H](OC(=O)c1ccccc1)[C@H](OC(=O)c1ccccc1)[C@@H](C[C@@H](CO[Si](C)(C)C(C)(C)C)O[Si](C)(C)C(C)(C)C)O2"", ""C=C1C[C@@H](CC=O)O[C@]2(C1)C[C@@H](OC(=O)c1ccccc1)[C@H](OC(=O)c1ccccc1)[C@@H](C[C@@H](CO[Si](C)(C)C(C)(C)C)O[Si](C)(C)C(C)(C)C)O2"", ""C=C=[CH][Sn]([CH2]CCC)([CH2]CCC)[CH2]CCC"", ""C=C1C[C@@H](C[C@@H](O)C/C=[CH]/[Sn]([CH2]CCC)([CH2]CCC)[CH2]CCC)O[C@]2(C1)C[C@@H](OC(=O)c1ccccc1)[C@H](OC(=O)c1ccccc1)[C@@H](C[C@@H](CO[Si](C)(C)C(C)(C)C)O[Si](C)(C)C(C)(C)C)O2"", ""C=CC[C@H](O)C[C@@H]1CC(=C)C[C@]2(C[C@@H](O)[C@H](O)[C@@H](C[C@H](O)CO)O2)O1"", ""OCC[C@H](O)C[C@@H]1C[C@@H](O)C[C@]2(C[C@@H](O)[C@H](O)[C@@H](C[C@H](O)CO)O2)O1""]","[""OC[C@H]1OC(O)[C@H](O)[C@@H]1O>>CC1(C)O[C@@H]2[C@@H](CO)OC(O)[C@@H]2O1"", ""CC1(C)O[C@@H]2[C@@H](CO)OC(O)[C@@H]2O1.COP(=O)(OC)C(=[N+]=[N-])C(C)=O>>C#C[C@H]1OC(C)(C)O[C@@H]1[C@H](O)CO"", ""C#C[C@H]1OC(C)(C)O[C@@H]1[C@H](O)CO>>C#C[C@H]1OC(C)(C)O[C@@H]1[C@H]1CO1"", ""C#C[C@H]1OC(C)(C)O[C@@H]1[C@H]1CO1.[Br-].[CH-]=C.[Mg+2]>>C#C[C@H]1OC(C)(C)O[C@@H]1[C@H](O)CC=C"", ""BrCc1ccccc1.C#C[C@H]1OC(C)(C)O[C@@H]1[C@H](O)CC=C>>C#C[C@H]1OC(C)(C)O[C@@H]1[C@@H](CC=C)OCc1ccccc1"", ""C#C[C@H]1OC(C)(C)O[C@@H]1[C@@H](CC=C)OCc1ccccc1>>C#C[C@@H](O)[C@H](O)[C@H](O)CC=C"", ""C#C[C@@H](O)[C@H](O)[C@H](O)CC=C.O=C(Cl)c1ccccc1>>C#C[C@@H](OC(=O)c1ccccc1)[C@H](OC(=O)c1ccccc1)[C@@H](CC=C)OCc1ccccc1"", ""C#C[C@@H](OC(=O)c1ccccc1)[C@H](OC(=O)c1ccccc1)[C@@H](CC=C)OCc1ccccc1>>C#C[C@@H](OC(=O)c1ccccc1)[C@H](OC(=O)c1ccccc1)[C@H](O)CC=C"", ""C#C[C@@H](OC(=O)c1ccccc1)[C@H](OC(=O)c1ccccc1)[C@H](O)CC=C>>C#C[C@@H](OC(=O)c1ccccc1)[C@H](OC(=O)c1ccccc1)[C@@H](CC=C)O[Si](CC)(CC)CC"", ""N[C@@H](CC(=O)O)C(=O)O>>O=C(O)C[C@H](Br)C(=O)O"", ""O=C(O)C[C@H](Br)C(=O)O>>OCC[C@H](Br)CO"", ""COc1ccc(CO)cc1>>COc1ccc(CBr)cc1"", ""COc1ccc(CBr)cc1.OCC[C@H](Br)CO>>COc1ccc(COCC[C@@H]2CO2)cc1"", ""C=C(Br)CBr>>C=C(Br)C[Si](C)(C)C"", ""C=C(Br)C[Si](C)(C)C>>C=[C-]C[Si](C)(C)C.[Br-].[Mg+2]"", ""C=[C-]C[Si](C)(C)C.COc1ccc(COCC[C@@H]2CO2)cc1.[Br-].[Mg+2]>>C=C(C[C@H](O)CCOCc1ccc(OC)cc1)C[Si](C)(C)C"", ""C=C(C[C@H](O)CCOCc1ccc(OC)cc1)C[Si](C)(C)C>>C=C(CBr)C[C@H](O)CCOCc1ccc(OC)cc1"", ""C#C[C@@H](OC(=O)c1ccccc1)[C@H](OC(=O)c1ccccc1)[C@@H](CC=C)O[Si](CC)(CC)CC.C=C(CBr)C[C@H](O)CCOCc1ccc(OC)cc1>>C=CC[C@@H](O)[C@@H](OC(=O)c1ccccc1)[C@@H](C#CCC(=C)C[C@H](O)CCOCc1ccc(OC)cc1)OC(=O)c1ccccc1"", ""C=CC[C@@H](O)[C@@H](OC(=O)c1ccccc1)[C@@H](C#CCC(=C)C[C@H](O)CCOCc1ccc(OC)cc1)OC(=O)c1ccccc1>>C=CC[C@H]1O[C@@]2(CC(=C)C[C@@H](CCOCc3ccc(OC)cc3)O2)C[C@@H](OC(=O)c2ccccc2)[C@@H]1OC(=O)c1ccccc1.C=CC[C@H]1O[C@]2(CC(=C)C[C@@H](CCOCc3ccc(OC)cc3)O2)C[C@@H](OC(=O)c2ccccc2)[C@@H]1OC(=O)c1ccccc1"", ""C=CC[C@H]1O[C@@]2(CC(=C)C[C@@H](CCOCc3ccc(OC)cc3)O2)C[C@@H](OC(=O)c2ccccc2)[C@@H]1OC(=O)c1ccccc1>>C=C1C[C@@H](CCOCc2ccc(OC)cc2)O[C@]2(C1)C[C@@H](OC(=O)c1ccccc1)[C@H](OC(=O)c1ccccc1)[C@@H](C[C@H](O)CO)O2"", ""C=C1C[C@@H](CCOCc2ccc(OC)cc2)O[C@]2(C1)C[C@@H](OC(=O)c1ccccc1)[C@H](OC(=O)c1ccccc1)[C@@H](C[C@H](O)CO)O2>>C=C1C[C@@H](CCOCc2ccc(OC)cc2)O[C@]2(C1)C[C@@H](OC(=O)c1ccccc1)[C@H](OC(=O)c1ccccc1)[C@@H](C[C@@H](CO[Si](C)(C)C(C)(C)C)O[Si](C)(C)C(C)(C)C)O2"", ""C=C1C[C@@H](CCOCc2ccc(OC)cc2)O[C@]2(C1)C[C@@H](OC(=O)c1ccccc1)[C@H](OC(=O)c1ccccc1)[C@@H](C[C@@H](CO[Si](C)(C)C(C)(C)C)O[Si](C)(C)C(C)(C)C)O2>>C=C1C[C@@H](CCO)O[C@]2(C1)C[C@@H](OC(=O)c1ccccc1)[C@H](OC(=O)c1ccccc1)[C@@H](C[C@@H](CO[Si](C)(C)C(C)(C)C)O[Si](C)(C)C(C)(C)C)O2"", ""C=C1C[C@@H](CCO)O[C@]2(C1)C[C@@H](OC(=O)c1ccccc1)[C@H](OC(=O)c1ccccc1)[C@@H](C[C@@H](CO[Si](C)(C)C(C)(C)C)O[Si](C)(C)C(C)(C)C)O2>>C=C1C[C@@H](CC=O)O[C@]2(C1)C[C@@H](OC(=O)c1ccccc1)[C@H](OC(=O)c1ccccc1)[C@@H](C[C@@H](CO[Si](C)(C)C(C)(C)C)O[Si](C)(C)C(C)(C)C)O2"", ""C=C1C[C@@H](CC=O)O[C@]2(C1)C[C@@H](OC(=O)c1ccccc1)[C@H](OC(=O)c1ccccc1)[C@@H](C[C@@H](CO[Si](C)(C)C(C)(C)C)O[Si](C)(C)C(C)(C)C)O2.C=C=[CH][Sn]([CH2]CCC)([CH2]CCC)[CH2]CCC>>C=C1C[C@@H](C[C@@H](O)C/C=[CH]/[Sn]([CH2]CCC)([CH2]CCC)[CH2]CCC)O[C@]2(C1)C[C@@H](OC(=O)c1ccccc1)[C@H](OC(=O)c1ccccc1)[C@@H](C[C@@H](CO[Si](C)(C)C(C)(C)C)O[Si](C)(C)C(C)(C)C)O2"", ""C=C1C[C@@H](C[C@@H](O)C/C=[CH]/[Sn]([CH2]CCC)([CH2]CCC)[CH2]CCC)O[C@]2(C1)C[C@@H](OC(=O)c1ccccc1)[C@H](OC(=O)c1ccccc1)[C@@H](C[C@@H](CO[Si](C)(C)C(C)(C)C)O[Si](C)(C)C(C)(C)C)O2>>C=CC[C@H](O)C[C@@H]1CC(=C)C[C@]2(C[C@@H](O)[C@H](O)[C@@H](C[C@H](O)CO)O2)O1"", ""C=CC[C@H](O)C[C@@H]1CC(=C)C[C@]2(C[C@@H](O)[C@H](O)[C@@H](C[C@H](O)CO)O2)O1>>OCC[C@H](O)C[C@@H]1C[C@@H](O)C[C@]2(C[C@@H](O)[C@H](O)[C@@H](C[C@H](O)CO)O2)O1""]",False,False,10.1021/jacs.6c05580,False,False
preparation-B07,31,"[""31"", ""vinylmagnesium-bromide"", ""methyl-acrylate""]",S14,source_bound_control_branch,"[""B01"", ""B02"", ""B03"", ""B04"", ""B05"", ""B06"", ""B07""]","[""B01.1"", ""B02.1"", ""B03.1"", ""B04.1"", ""B05.1"", ""B06.1"", ""B07.1""]","[""31"", ""vinylmagnesium-bromide"", ""32"", ""methyl-acrylate"", ""S11"", ""33"", ""34"", ""S12"", ""35"", ""S13"", ""S14""]","[""c1ccc(COC[C@H]2CO2)cc1"", ""[Br-].[CH-]=C.[Mg+2]"", ""C=CC[C@H](O)COCc1ccccc1"", ""C=CC(=O)OC"", ""COC(=O)/C=C/C[C@H](O)COCc1ccccc1"", ""COC(=O)/C=C/C[C@@H](COCc1ccccc1)OS(C)(=O)=O"", ""COC(=O)[C@H](O)[C@H](O)C[C@@H](COCc1ccccc1)OS(C)(=O)=O"", ""COC(=O)[C@@H]1O[C@@H](COCc2ccccc2)C[C@H]1O"", ""COC(=O)[C@@H]1O[C@@H](COCc2ccccc2)C[C@H]1O[Si](C)(C)C(C)(C)C"", ""COC(=O)[C@@H]1O[C@@H](CO)C[C@H]1O[Si](C)(C)C(C)(C)C"", ""COC(=O)[C@@H]1O[C@@H](CO)C[C@H]1O""]","[""[Br-].[CH-]=C.[Mg+2].c1ccc(COC[C@H]2CO2)cc1>>C=CC[C@H](O)COCc1ccccc1"", ""C=CC(=O)OC.C=CC[C@H](O)COCc1ccccc1>>COC(=O)/C=C/C[C@H](O)COCc1ccccc1"", ""COC(=O)/C=C/C[C@H](O)COCc1ccccc1>>COC(=O)/C=C/C[C@@H](COCc1ccccc1)OS(C)(=O)=O"", ""COC(=O)/C=C/C[C@@H](COCc1ccccc1)OS(C)(=O)=O>>COC(=O)[C@H](O)[C@H](O)C[C@@H](COCc1ccccc1)OS(C)(=O)=O"", ""COC(=O)[C@H](O)[C@H](O)C[C@@H](COCc1ccccc1)OS(C)(=O)=O>>COC(=O)[C@@H]1O[C@@H](COCc2ccccc2)C[C@H]1O"", ""COC(=O)[C@@H]1O[C@@H](COCc2ccccc2)C[C@H]1O>>COC(=O)[C@@H]1O[C@@H](COCc2ccccc2)C[C@H]1O[Si](C)(C)C(C)(C)C"", ""COC(=O)[C@@H]1O[C@@H](COCc2ccccc2)C[C@H]1O[Si](C)(C)C(C)(C)C>>COC(=O)[C@@H]1O[C@@H](CO)C[C@H]1O.COC(=O)[C@@H]1O[C@@H](CO)C[C@H]1O[Si](C)(C)C(C)(C)C""]",False,False,10.1021/jacs.6c05580,False,False
preparation-B14,31,"[""31"", ""vinylmagnesium-bromide"", ""methyl-acrylate"", ""methoxycarbonylmethylene-triphenylphosphorane"", ""iodomethyltriphenylphosphonium-iodide"", ""6""]",40,source_bound_control_branch,"[""B01"", ""B02"", ""B03"", ""B04"", ""B05"", ""B06"", ""B08"", ""B10"", ""B11"", ""B12"", ""B13"", ""B09"", ""B14""]","[""B01.1"", ""B02.1"", ""B03.1"", ""B04.1"", ""B05.1"", ""B06.1"", ""B08.1"", ""B10.1"", ""B11.1"", ""B12.1"", ""B13.1"", ""B09.1"", ""B14.1""]","[""31"", ""vinylmagnesium-bromide"", ""32"", ""methyl-acrylate"", ""S11"", ""33"", ""34"", ""S12"", ""35"", ""36"", ""methoxycarbonylmethylene-triphenylphosphorane"", ""38-E"", ""38-Z"", ""S15"", ""S15-aldehyde"", ""iodomethyltriphenylphosphonium-iodide"", ""39"", ""6"", ""37"", ""40""]","[""c1ccc(COC[C@H]2CO2)cc1"", ""[Br-].[CH-]=C.[Mg+2]"", ""C=CC[C@H](O)COCc1ccccc1"", ""C=CC(=O)OC"", ""COC(=O)/C=C/C[C@H](O)COCc1ccccc1"", ""COC(=O)/C=C/C[C@@H](COCc1ccccc1)OS(C)(=O)=O"", ""COC(=O)[C@H](O)[C@H](O)C[C@@H](COCc1ccccc1)OS(C)(=O)=O"", ""COC(=O)[C@@H]1O[C@@H](COCc2ccccc2)C[C@H]1O"", ""COC(=O)[C@@H]1O[C@@H](COCc2ccccc2)C[C@H]1O[Si](C)(C)C(C)(C)C"", ""CC(C)(C)[Si](C)(C)O[C@@H]1C[C@H](COCc2ccccc2)O[C@H]1C=O"", ""COC(=O)C=P(c1ccccc1)(c1ccccc1)c1ccccc1"", ""COC(=O)/C=C/[C@@H]1O[C@@H](COCc2ccccc2)C[C@H]1O[Si](C)(C)C(C)(C)C"", ""COC(=O)/C=C\\[C@@H]1O[C@@H](COCc2ccccc2)C[C@H]1O[Si](C)(C)C(C)(C)C"", ""COC(=O)CC[C@@H]1O[C@@H](CO)C[C@H]1O[Si](C)(C)C(C)(C)C"", ""COC(=O)CC[C@@H]1O[C@@H](C=O)C[C@H]1O[Si](C)(C)C(C)(C)C"", ""IC[P+](c1ccccc1)(c1ccccc1)c1ccccc1.[I-]"", ""COC(=O)CC[C@@H]1O[C@@H](/C=C\\I)C[C@H]1O[Si](C)(C)C(C)(C)C"", ""COP(=O)(OC)C(=[N+]=[N-])C(C)=O"", ""C#C[C@@H]1O[C@@H](COCc2ccccc2)C[C@H]1O[Si](C)(C)C(C)(C)C"", ""COC(=O)CC[C@@H]1O[C@@H](/C=C\\C#C[C@@H]2O[C@@H](COCc3ccccc3)C[C@H]2O[Si](C)(C)C(C)(C)C)C[C@H]1O[Si](C)(C)C(C)(C)C""]","[""[Br-].[CH-]=C.[Mg+2].c1ccc(COC[C@H]2CO2)cc1>>C=CC[C@H](O)COCc1ccccc1"", ""C=CC(=O)OC.C=CC[C@H](O)COCc1ccccc1>>COC(=O)/C=C/C[C@H](O)COCc1ccccc1"", ""COC(=O)/C=C/C[C@H](O)COCc1ccccc1>>COC(=O)/C=C/C[C@@H](COCc1ccccc1)OS(C)(=O)=O"", ""COC(=O)/C=C/C[C@@H](COCc1ccccc1)OS(C)(=O)=O>>COC(=O)[C@H](O)[C@H](O)C[C@@H](COCc1ccccc1)OS(C)(=O)=O"", ""COC(=O)[C@H](O)[C@H](O)C[C@@H](COCc1ccccc1)OS(C)(=O)=O>>COC(=O)[C@@H]1O[C@@H](COCc2ccccc2)C[C@H]1O"", ""COC(=O)[C@@H]1O[C@@H](COCc2ccccc2)C[C@H]1O>>COC(=O)[C@@H]1O[C@@H](COCc2ccccc2)C[C@H]1O[Si](C)(C)C(C)(C)C"", ""COC(=O)[C@@H]1O[C@@H](COCc2ccccc2)C[C@H]1O[Si](C)(C)C(C)(C)C>>CC(C)(C)[Si](C)(C)O[C@@H]1C[C@H](COCc2ccccc2)O[C@H]1C=O"", ""CC(C)(C)[Si](C)(C)O[C@@H]1C[C@H](COCc2ccccc2)O[C@H]1C=O.COC(=O)C=P(c1ccccc1)(c1ccccc1)c1ccccc1>>COC(=O)/C=C/[C@@H]1O[C@@H](COCc2ccccc2)C[C@H]1O[Si](C)(C)C(C)(C)C.COC(=O)/C=C\\[C@@H]1O[C@@H](COCc2ccccc2)C[C@H]1O[Si](C)(C)C(C)(C)C"", ""COC(=O)/C=C/[C@@H]1O[C@@H](COCc2ccccc2)C[C@H]1O[Si](C)(C)C(C)(C)C.COC(=O)/C=C\\[C@@H]1O[C@@H](COCc2ccccc2)C[C@H]1O[Si](C)(C)C(C)(C)C>>COC(=O)CC[C@@H]1O[C@@H](CO)C[C@H]1O[Si](C)(C)C(C)(C)C"", ""COC(=O)CC[C@@H]1O[C@@H](CO)C[C@H]1O[Si](C)(C)C(C)(C)C>>COC(=O)CC[C@@H]1O[C@@H](C=O)C[C@H]1O[Si](C)(C)C(C)(C)C"", ""COC(=O)CC[C@@H]1O[C@@H](C=O)C[C@H]1O[Si](C)(C)C(C)(C)C.IC[P+](c1ccccc1)(c1ccccc1)c1ccccc1.[I-]>>COC(=O)CC[C@@H]1O[C@@H](/C=C\\I)C[C@H]1O[Si](C)(C)C(C)(C)C"", ""CC(C)(C)[Si](C)(C)O[C@@H]1C[C@H](COCc2ccccc2)O[C@H]1C=O.COP(=O)(OC)C(=[N+]=[N-])C(C)=O>>C#C[C@@H]1O[C@@H](COCc2ccccc2)C[C@H]1O[Si](C)(C)C(C)(C)C"", ""C#C[C@@H]1O[C@@H](COCc2ccccc2)C[C@H]1O[Si](C)(C)C(C)(C)C.COC(=O)CC[C@@H]1O[C@@H](/C=C\\I)C[C@H]1O[Si](C)(C)C(C)(C)C>>COC(=O)CC[C@@H]1O[C@@H](/C=C\\C#C[C@@H]2O[C@@H](COCc3ccccc3)C[C@H]2O[Si](C)(C)C(C)(C)C)C[C@H]1O[Si](C)(C)C(C)(C)C""]",False,False,10.1021/jacs.6c05580,False,False
preparation-B17,31,"[""31"", ""vinylmagnesium-bromide"", ""methyl-acrylate"", ""methylene-triphenylphosphorane"", ""methoxycarbonylmethylene-triphenylphosphorane"", ""iodomethyltriphenylphosphonium-iodide""]",44,source_bound_control_branch,"[""B01"", ""B02"", ""B03"", ""B04"", ""B05"", ""B06"", ""B08"", ""B15"", ""B10"", ""B11"", ""B12"", ""B13"", ""B16"", ""B17""]","[""B01.1"", ""B02.1"", ""B03.1"", ""B04.1"", ""B05.1"", ""B06.1"", ""B08.1"", ""B15.1"", ""B10.1"", ""B11.1"", ""B12.1"", ""B13.1"", ""B16.1"", ""B17.1""]","[""31"", ""vinylmagnesium-bromide"", ""32"", ""methyl-acrylate"", ""S11"", ""33"", ""34"", ""S12"", ""35"", ""36"", ""methylene-triphenylphosphorane"", ""42"", ""methoxycarbonylmethylene-triphenylphosphorane"", ""38-E"", ""38-Z"", ""S15"", ""S15-aldehyde"", ""iodomethyltriphenylphosphonium-iodide"", ""39"", ""43"", ""44""]","[""c1ccc(COC[C@H]2CO2)cc1"", ""[Br-].[CH-]=C.[Mg+2]"", ""C=CC[C@H](O)COCc1ccccc1"", ""C=CC(=O)OC"", ""COC(=O)/C=C/C[C@H](O)COCc1ccccc1"", ""COC(=O)/C=C/C[C@@H](COCc1ccccc1)OS(C)(=O)=O"", ""COC(=O)[C@H](O)[C@H](O)C[C@@H](COCc1ccccc1)OS(C)(=O)=O"", ""COC(=O)[C@@H]1O[C@@H](COCc2ccccc2)C[C@H]1O"", ""COC(=O)[C@@H]1O[C@@H](COCc2ccccc2)C[C@H]1O[Si](C)(C)C(C)(C)C"", ""CC(C)(C)[Si](C)(C)O[C@@H]1C[C@H](COCc2ccccc2)O[C@H]1C=O"", ""C=P(c1ccccc1)(c1ccccc1)c1ccccc1"", ""C=C[C@@H]1O[C@@H](COCc2ccccc2)C[C@H]1O[Si](C)(C)C(C)(C)C"", ""COC(=O)C=P(c1ccccc1)(c1ccccc1)c1ccccc1"", ""COC(=O)/C=C/[C@@H]1O[C@@H](COCc2ccccc2)C[C@H]1O[Si](C)(C)C(C)(C)C"", ""COC(=O)/C=C\\[C@@H]1O[C@@H](COCc2ccccc2)C[C@H]1O[Si](C)(C)C(C)(C)C"", ""COC(=O)CC[C@@H]1O[C@@H](CO)C[C@H]1O[Si](C)(C)C(C)(C)C"", ""COC(=O)CC[C@@H]1O[C@@H](C=O)C[C@H]1O[Si](C)(C)C(C)(C)C"", ""IC[P+](c1ccccc1)(c1ccccc1)c1ccccc1.[I-]"", ""COC(=O)CC[C@@H]1O[C@@H](/C=C\\I)C[C@H]1O[Si](C)(C)C(C)(C)C"", ""COC(=O)CC[C@@H]1O[C@@H](/C=C\\CC[C@@H]2O[C@@H](COCc3ccccc3)C[C@H]2O[Si](C)(C)C(C)(C)C)C[C@H]1O[Si](C)(C)C(C)(C)C"", ""COC(=O)CC[C@H](O[Si](C)(C)C(C)(C)C)[C@@H](CCCCCC[C@@H]1O[C@@H](CO[Si](C)(C)C(C)(C)C)C[C@H]1O[Si](C)(C)C(C)(C)C)O[Si](C)(C)C(C)(C)C""]","[""[Br-].[CH-]=C.[Mg+2].c1ccc(COC[C@H]2CO2)cc1>>C=CC[C@H](O)COCc1ccccc1"", ""C=CC(=O)OC.C=CC[C@H](O)COCc1ccccc1>>COC(=O)/C=C/C[C@H](O)COCc1ccccc1"", ""COC(=O)/C=C/C[C@H](O)COCc1ccccc1>>COC(=O)/C=C/C[C@@H](COCc1ccccc1)OS(C)(=O)=O"", ""COC(=O)/C=C/C[C@@H](COCc1ccccc1)OS(C)(=O)=O>>COC(=O)[C@H](O)[C@H](O)C[C@@H](COCc1ccccc1)OS(C)(=O)=O"", ""COC(=O)[C@H](O)[C@H](O)C[C@@H](COCc1ccccc1)OS(C)(=O)=O>>COC(=O)[C@@H]1O[C@@H](COCc2ccccc2)C[C@H]1O"", ""COC(=O)[C@@H]1O[C@@H](COCc2ccccc2)C[C@H]1O>>COC(=O)[C@@H]1O[C@@H](COCc2ccccc2)C[C@H]1O[Si](C)(C)C(C)(C)C"", ""COC(=O)[C@@H]1O[C@@H](COCc2ccccc2)C[C@H]1O[Si](C)(C)C(C)(C)C>>CC(C)(C)[Si](C)(C)O[C@@H]1C[C@H](COCc2ccccc2)O[C@H]1C=O"", ""C=P(c1ccccc1)(c1ccccc1)c1ccccc1.CC(C)(C)[Si](C)(C)O[C@@H]1C[C@H](COCc2ccccc2)O[C@H]1C=O>>C=C[C@@H]1O[C@@H](COCc2ccccc2)C[C@H]1O[Si](C)(C)C(C)(C)C"", ""CC(C)(C)[Si](C)(C)O[C@@H]1C[C@H](COCc2ccccc2)O[C@H]1C=O.COC(=O)C=P(c1ccccc1)(c1ccccc1)c1ccccc1>>COC(=O)/C=C/[C@@H]1O[C@@H](COCc2ccccc2)C[C@H]1O[Si](C)(C)C(C)(C)C.COC(=O)/C=C\\[C@@H]1O[C@@H](COCc2ccccc2)C[C@H]1O[Si](C)(C)C(C)(C)C"", ""COC(=O)/C=C/[C@@H]1O[C@@H](COCc2ccccc2)C[C@H]1O[Si](C)(C)C(C)(C)C.COC(=O)/C=C\\[C@@H]1O[C@@H](COCc2ccccc2)C[C@H]1O[Si](C)(C)C(C)(C)C>>COC(=O)CC[C@@H]1O[C@@H](CO)C[C@H]1O[Si](C)(C)C(C)(C)C"", ""COC(=O)CC[C@@H]1O[C@@H](CO)C[C@H]1O[Si](C)(C)C(C)(C)C>>COC(=O)CC[C@@H]1O[C@@H](C=O)C[C@H]1O[Si](C)(C)C(C)(C)C"", ""COC(=O)CC[C@@H]1O[C@@H](C=O)C[C@H]1O[Si](C)(C)C(C)(C)C.IC[P+](c1ccccc1)(c1ccccc1)c1ccccc1.[I-]>>COC(=O)CC[C@@H]1O[C@@H](/C=C\\I)C[C@H]1O[Si](C)(C)C(C)(C)C"", ""C=C[C@@H]1O[C@@H](COCc2ccccc2)C[C@H]1O[Si](C)(C)C(C)(C)C.COC(=O)CC[C@@H]1O[C@@H](/C=C\\I)C[C@H]1O[Si](C)(C)C(C)(C)C>>COC(=O)CC[C@@H]1O[C@@H](/C=C\\CC[C@@H]2O[C@@H](COCc3ccccc3)C[C@H]2O[Si](C)(C)C(C)(C)C)C[C@H]1O[Si](C)(C)C(C)(C)C"", ""COC(=O)CC[C@@H]1O[C@@H](/C=C\\CC[C@@H]2O[C@@H](COCc3ccccc3)C[C@H]2O[Si](C)(C)C(C)(C)C)C[C@H]1O[Si](C)(C)C(C)(C)C>>COC(=O)CC[C@H](O[Si](C)(C)C(C)(C)C)[C@@H](CCCCCC[C@@H]1O[C@@H](CO[Si](C)(C)C(C)(C)C)C[C@H]1O[Si](C)(C)C(C)(C)C)O[Si](C)(C)C(C)(C)C""]",False,False,10.1021/jacs.6c05580,False,False
preparation-B19,31,"[""31"", ""vinylmagnesium-bromide"", ""methyl-acrylate"", ""methylene-triphenylphosphorane"", ""methoxycarbonylmethylene-triphenylphosphorane"", ""iodomethyltriphenylphosphonium-iodide""]",41,source_bound_control_branch,"[""B01"", ""B02"", ""B03"", ""B04"", ""B05"", ""B06"", ""B08"", ""B15"", ""B10"", ""B11"", ""B12"", ""B13"", ""B16"", ""B18"", ""B19""]","[""B01.1"", ""B02.1"", ""B03.1"", ""B04.1"", ""B05.1"", ""B06.1"", ""B08.1"", ""B15.1"", ""B10.1"", ""B11.1"", ""B12.1"", ""B13.1"", ""B16.1"", ""B18.1"", ""B19.1""]","[""31"", ""vinylmagnesium-bromide"", ""32"", ""methyl-acrylate"", ""S11"", ""33"", ""34"", ""S12"", ""35"", ""36"", ""methylene-triphenylphosphorane"", ""42"", ""methoxycarbonylmethylene-triphenylphosphorane"", ""38-E"", ""38-Z"", ""S15"", ""S15-aldehyde"", ""iodomethyltriphenylphosphonium-iodide"", ""39"", ""43"", ""45"", ""41""]","[""c1ccc(COC[C@H]2CO2)cc1"", ""[Br-].[CH-]=C.[Mg+2]"", ""C=CC[C@H](O)COCc1ccccc1"", ""C=CC(=O)OC"", ""COC(=O)/C=C/C[C@H](O)COCc1ccccc1"", ""COC(=O)/C=C/C[C@@H](COCc1ccccc1)OS(C)(=O)=O"", ""COC(=O)[C@H](O)[C@H](O)C[C@@H](COCc1ccccc1)OS(C)(=O)=O"", ""COC(=O)[C@@H]1O[C@@H](COCc2ccccc2)C[C@H]1O"", ""COC(=O)[C@@H]1O[C@@H](COCc2ccccc2)C[C@H]1O[Si](C)(C)C(C)(C)C"", ""CC(C)(C)[Si](C)(C)O[C@@H]1C[C@H](COCc2ccccc2)O[C@H]1C=O"", ""C=P(c1ccccc1)(c1ccccc1)c1ccccc1"", ""C=C[C@@H]1O[C@@H](COCc2ccccc2)C[C@H]1O[Si](C)(C)C(C)(C)C"", ""COC(=O)C=P(c1ccccc1)(c1ccccc1)c1ccccc1"", ""COC(=O)/C=C/[C@@H]1O[C@@H](COCc2ccccc2)C[C@H]1O[Si](C)(C)C(C)(C)C"", ""COC(=O)/C=C\\[C@@H]1O[C@@H](COCc2ccccc2)C[C@H]1O[Si](C)(C)C(C)(C)C"", ""COC(=O)CC[C@@H]1O[C@@H](CO)C[C@H]1O[Si](C)(C)C(C)(C)C"", ""COC(=O)CC[C@@H]1O[C@@H](C=O)C[C@H]1O[Si](C)(C)C(C)(C)C"", ""IC[P+](c1ccccc1)(c1ccccc1)c1ccccc1.[I-]"", ""COC(=O)CC[C@@H]1O[C@@H](/C=C\\I)C[C@H]1O[Si](C)(C)C(C)(C)C"", ""COC(=O)CC[C@@H]1O[C@@H](/C=C\\CC[C@@H]2O[C@@H](COCc3ccccc3)C[C@H]2O[Si](C)(C)C(C)(C)C)C[C@H]1O[Si](C)(C)C(C)(C)C"", ""COC(=O)CC[C@@H]1O[C@@H](CCCC[C@@H]2O[C@@H](COCc3ccccc3)C[C@H]2O[Si](C)(C)C(C)(C)C)C[C@H]1O[Si](C)(C)C(C)(C)C"", ""COC(=O)CC[C@@H]1O[C@@H](CCCC[C@@H]2O[C@@H](CO)C[C@H]2O[Si](C)(C)C(C)(C)C)C[C@H]1O[Si](C)(C)C(C)(C)C""]","[""[Br-].[CH-]=C.[Mg+2].c1ccc(COC[C@H]2CO2)cc1>>C=CC[C@H](O)COCc1ccccc1"", ""C=CC(=O)OC.C=CC[C@H](O)COCc1ccccc1>>COC(=O)/C=C/C[C@H](O)COCc1ccccc1"", ""COC(=O)/C=C/C[C@H](O)COCc1ccccc1>>COC(=O)/C=C/C[C@@H](COCc1ccccc1)OS(C)(=O)=O"", ""COC(=O)/C=C/C[C@@H](COCc1ccccc1)OS(C)(=O)=O>>COC(=O)[C@H](O)[C@H](O)C[C@@H](COCc1ccccc1)OS(C)(=O)=O"", ""COC(=O)[C@H](O)[C@H](O)C[C@@H](COCc1ccccc1)OS(C)(=O)=O>>COC(=O)[C@@H]1O[C@@H](COCc2ccccc2)C[C@H]1O"", ""COC(=O)[C@@H]1O[C@@H](COCc2ccccc2)C[C@H]1O>>COC(=O)[C@@H]1O[C@@H](COCc2ccccc2)C[C@H]1O[Si](C)(C)C(C)(C)C"", ""COC(=O)[C@@H]1O[C@@H](COCc2ccccc2)C[C@H]1O[Si](C)(C)C(C)(C)C>>CC(C)(C)[Si](C)(C)O[C@@H]1C[C@H](COCc2ccccc2)O[C@H]1C=O"", ""C=P(c1ccccc1)(c1ccccc1)c1ccccc1.CC(C)(C)[Si](C)(C)O[C@@H]1C[C@H](COCc2ccccc2)O[C@H]1C=O>>C=C[C@@H]1O[C@@H](COCc2ccccc2)C[C@H]1O[Si](C)(C)C(C)(C)C"", ""CC(C)(C)[Si](C)(C)O[C@@H]1C[C@H](COCc2ccccc2)O[C@H]1C=O.COC(=O)C=P(c1ccccc1)(c1ccccc1)c1ccccc1>>COC(=O)/C=C/[C@@H]1O[C@@H](COCc2ccccc2)C[C@H]1O[Si](C)(C)C(C)(C)C.COC(=O)/C=C\\[C@@H]1O[C@@H](COCc2ccccc2)C[C@H]1O[Si](C)(C)C(C)(C)C"", ""COC(=O)/C=C/[C@@H]1O[C@@H](COCc2ccccc2)C[C@H]1O[Si](C)(C)C(C)(C)C.COC(=O)/C=C\\[C@@H]1O[C@@H](COCc2ccccc2)C[C@H]1O[Si](C)(C)C(C)(C)C>>COC(=O)CC[C@@H]1O[C@@H](CO)C[C@H]1O[Si](C)(C)C(C)(C)C"", ""COC(=O)CC[C@@H]1O[C@@H](CO)C[C@H]1O[Si](C)(C)C(C)(C)C>>COC(=O)CC[C@@H]1O[C@@H](C=O)C[C@H]1O[Si](C)(C)C(C)(C)C"", ""COC(=O)CC[C@@H]1O[C@@H](C=O)C[C@H]1O[Si](C)(C)C(C)(C)C.IC[P+](c1ccccc1)(c1ccccc1)c1ccccc1.[I-]>>COC(=O)CC[C@@H]1O[C@@H](/C=C\\I)C[C@H]1O[Si](C)(C)C(C)(C)C"", ""C=C[C@@H]1O[C@@H](COCc2ccccc2)C[C@H]1O[Si](C)(C)C(C)(C)C.COC(=O)CC[C@@H]1O[C@@H](/C=C\\I)C[C@H]1O[Si](C)(C)C(C)(C)C>>COC(=O)CC[C@@H]1O[C@@H](/C=C\\CC[C@@H]2O[C@@H](COCc3ccccc3)C[C@H]2O[Si](C)(C)C(C)(C)C)C[C@H]1O[Si](C)(C)C(C)(C)C"", ""COC(=O)CC[C@@H]1O[C@@H](/C=C\\CC[C@@H]2O[C@@H](COCc3ccccc3)C[C@H]2O[Si](C)(C)C(C)(C)C)C[C@H]1O[Si](C)(C)C(C)(C)C>>COC(=O)CC[C@@H]1O[C@@H](CCCC[C@@H]2O[C@@H](COCc3ccccc3)C[C@H]2O[Si](C)(C)C(C)(C)C)C[C@H]1O[Si](C)(C)C(C)(C)C"", ""COC(=O)CC[C@@H]1O[C@@H](CCCC[C@@H]2O[C@@H](COCc3ccccc3)C[C@H]2O[Si](C)(C)C(C)(C)C)C[C@H]1O[Si](C)(C)C(C)(C)C>>COC(=O)CC[C@@H]1O[C@@H](CCCC[C@@H]2O[C@@H](CO)C[C@H]2O[Si](C)(C)C(C)(C)C)C[C@H]1O[Si](C)(C)C(C)(C)C""]",False,False,10.1021/jacs.6c05580,False,False
preparation-B27,31,"[""31"", ""vinylmagnesium-bromide"", ""methyl-acrylate"", ""methoxycarbonylmethylene-triphenylphosphorane"", ""methylene-triphenylphosphorane"", ""iodomethyltriphenylphosphonium-iodide""]",41,source_bound_control_branch,"[""B01"", ""B02"", ""B03"", ""B04"", ""B05"", ""B06"", ""B08"", ""B10"", ""B11"", ""B12"", ""B25"", ""B24"", ""B26"", ""B27""]","[""B01.1"", ""B02.1"", ""B03.1"", ""B04.1"", ""B05.1"", ""B06.1"", ""B08.1"", ""B10.1"", ""B11.1"", ""B12.1"", ""B25.1"", ""B24.1"", ""B26.1"", ""B27.1""]","[""31"", ""vinylmagnesium-bromide"", ""32"", ""methyl-acrylate"", ""S11"", ""33"", ""34"", ""S12"", ""35"", ""36"", ""methoxycarbonylmethylene-triphenylphosphorane"", ""38-E"", ""38-Z"", ""S15"", ""S15-aldehyde"", ""methylene-triphenylphosphorane"", ""S18"", ""iodomethyltriphenylphosphonium-iodide"", ""S17"", ""S19"", ""41""]","[""c1ccc(COC[C@H]2CO2)cc1"", ""[Br-].[CH-]=C.[Mg+2]"", ""C=CC[C@H](O)COCc1ccccc1"", ""C=CC(=O)OC"", ""COC(=O)/C=C/C[C@H](O)COCc1ccccc1"", ""COC(=O)/C=C/C[C@@H](COCc1ccccc1)OS(C)(=O)=O"", ""COC(=O)[C@H](O)[C@H](O)C[C@@H](COCc1ccccc1)OS(C)(=O)=O"", ""COC(=O)[C@@H]1O[C@@H](COCc2ccccc2)C[C@H]1O"", ""COC(=O)[C@@H]1O[C@@H](COCc2ccccc2)C[C@H]1O[Si](C)(C)C(C)(C)C"", ""CC(C)(C)[Si](C)(C)O[C@@H]1C[C@H](COCc2ccccc2)O[C@H]1C=O"", ""COC(=O)C=P(c1ccccc1)(c1ccccc1)c1ccccc1"", ""COC(=O)/C=C/[C@@H]1O[C@@H](COCc2ccccc2)C[C@H]1O[Si](C)(C)C(C)(C)C"", ""COC(=O)/C=C\\[C@@H]1O[C@@H](COCc2ccccc2)C[C@H]1O[Si](C)(C)C(C)(C)C"", ""COC(=O)CC[C@@H]1O[C@@H](CO)C[C@H]1O[Si](C)(C)C(C)(C)C"", ""COC(=O)CC[C@@H]1O[C@@H](C=O)C[C@H]1O[Si](C)(C)C(C)(C)C"", ""C=P(c1ccccc1)(c1ccccc1)c1ccccc1"", ""C=C[C@H]1C[C@@H](O[Si](C)(C)C(C)(C)C)[C@H](CCC(=O)OC)O1"", ""IC[P+](c1ccccc1)(c1ccccc1)c1ccccc1.[I-]"", ""CC(C)(C)[Si](C)(C)O[C@@H]1C[C@H](COCc2ccccc2)O[C@H]1/C=C\\I"", ""COC(=O)CC[C@@H]1O[C@@H](CC/C=C\\[C@@H]2O[C@@H](COCc3ccccc3)C[C@H]2O[Si](C)(C)C(C)(C)C)C[C@H]1O[Si](C)(C)C(C)(C)C"", ""COC(=O)CC[C@@H]1O[C@@H](CCCC[C@@H]2O[C@@H](CO)C[C@H]2O[Si](C)(C)C(C)(C)C)C[C@H]1O[Si](C)(C)C(C)(C)C""]","[""[Br-].[CH-]=C.[Mg+2].c1ccc(COC[C@H]2CO2)cc1>>C=CC[C@H](O)COCc1ccccc1"", ""C=CC(=O)OC.C=CC[C@H](O)COCc1ccccc1>>COC(=O)/C=C/C[C@H](O)COCc1ccccc1"", ""COC(=O)/C=C/C[C@H](O)COCc1ccccc1>>COC(=O)/C=C/C[C@@H](COCc1ccccc1)OS(C)(=O)=O"", ""COC(=O)/C=C/C[C@@H](COCc1ccccc1)OS(C)(=O)=O>>COC(=O)[C@H](O)[C@H](O)C[C@@H](COCc1ccccc1)OS(C)(=O)=O"", ""COC(=O)[C@H](O)[C@H](O)C[C@@H](COCc1ccccc1)OS(C)(=O)=O>>COC(=O)[C@@H]1O[C@@H](COCc2ccccc2)C[C@H]1O"", ""COC(=O)[C@@H]1O[C@@H](COCc2ccccc2)C[C@H]1O>>COC(=O)[C@@H]1O[C@@H](COCc2ccccc2)C[C@H]1O[Si](C)(C)C(C)(C)C"", ""COC(=O)[C@@H]1O[C@@H](COCc2ccccc2)C[C@H]1O[Si](C)(C)C(C)(C)C>>CC(C)(C)[Si](C)(C)O[C@@H]1C[C@H](COCc2ccccc2)O[C@H]1C=O"", ""CC(C)(C)[Si](C)(C)O[C@@H]1C[C@H](COCc2ccccc2)O[C@H]1C=O.COC(=O)C=P(c1ccccc1)(c1ccccc1)c1ccccc1>>COC(=O)/C=C/[C@@H]1O[C@@H](COCc2ccccc2)C[C@H]1O[Si](C)(C)C(C)(C)C.COC(=O)/C=C\\[C@@H]1O[C@@H](COCc2ccccc2)C[C@H]1O[Si](C)(C)C(C)(C)C"", ""COC(=O)/C=C/[C@@H]1O[C@@H](COCc2ccccc2)C[C@H]1O[Si](C)(C)C(C)(C)C.COC(=O)/C=C\\[C@@H]1O[C@@H](COCc2ccccc2)C[C@H]1O[Si](C)(C)C(C)(C)C>>COC(=O)CC[C@@H]1O[C@@H](CO)C[C@H]1O[Si](C)(C)C(C)(C)C"", ""COC(=O)CC[C@@H]1O[C@@H](CO)C[C@H]1O[Si](C)(C)C(C)(C)C>>COC(=O)CC[C@@H]1O[C@@H](C=O)C[C@H]1O[Si](C)(C)C(C)(C)C"", ""C=P(c1ccccc1)(c1ccccc1)c1ccccc1.COC(=O)CC[C@@H]1O[C@@H](C=O)C[C@H]1O[Si](C)(C)C(C)(C)C>>C=C[C@H]1C[C@@H](O[Si](C)(C)C(C)(C)C)[C@H](CCC(=O)OC)O1"", ""CC(C)(C)[Si](C)(C)O[C@@H]1C[C@H](COCc2ccccc2)O[C@H]1C=O.IC[P+](c1ccccc1)(c1ccccc1)c1ccccc1.[I-]>>CC(C)(C)[Si](C)(C)O[C@@H]1C[C@H](COCc2ccccc2)O[C@H]1/C=C\\I"", ""C=C[C@H]1C[C@@H](O[Si](C)(C)C(C)(C)C)[C@H](CCC(=O)OC)O1.CC(C)(C)[Si](C)(C)O[C@@H]1C[C@H](COCc2ccccc2)O[C@H]1/C=C\\I>>COC(=O)CC[C@@H]1O[C@@H](CC/C=C\\[C@@H]2O[C@@H](COCc3ccccc3)C[C@H]2O[Si](C)(C)C(C)(C)C)C[C@H]1O[Si](C)(C)C(C)(C)C"", ""COC(=O)CC[C@@H]1O[C@@H](CC/C=C\\[C@@H]2O[C@@H](COCc3ccccc3)C[C@H]2O[Si](C)(C)C(C)(C)C)C[C@H]1O[Si](C)(C)C(C)(C)C>>COC(=O)CC[C@@H]1O[C@@H](CCCC[C@@H]2O[C@@H](CO)C[C@H]2O[Si](C)(C)C(C)(C)C)C[C@H]1O[Si](C)(C)C(C)(C)C""]",False,False,10.1021/jacs.6c05580,False,False
preparation-C07,tri-O-acetyl-D-glucal,"[""tri-O-acetyl-D-glucal"", ""Mander-reagent"", ""allyl-alcohol"", ""MOM-chloride""]",52,source_bound_control_branch,"[""C01"", ""C02"", ""C03"", ""C05"", ""C04"", ""C07""]","[""C01.1"", ""C02.1"", ""C03.1"", ""C05.1"", ""C04.1"", ""C07.1""]","[""tri-O-acetyl-D-glucal"", ""48"", ""49"", ""Mander-reagent"", ""50"", ""50-aldehyde"", ""allyl-alcohol"", ""MOM-chloride"", ""51"", ""52""]","[""CC(=O)OC[C@H]1OC=C[C@@H](OC(C)=O)[C@@H]1OC(C)=O"", ""CC(C)(C)[Si](C)(C)OC[C@H]1OC=C[C@@H](O[Si](C)(C)C(C)(C)C)[C@@H]1O[Si](C)(C)C(C)(C)C"", ""CC(C)(C)[Si](C)(C)OC[C@H]1OC(Cl)C[C@@H](O[Si](C)(C)C(C)(C)C)[C@@H]1O[Si](C)(C)C(C)(C)C"", ""COC(=O)C#N"", ""COC(=O)[C@@H]1C[C@@H](O[Si](C)(C)C(C)(C)C)[C@H](O[Si](C)(C)C(C)(C)C)[C@@H](CO)O1"", ""COC(=O)[C@@H]1C[C@@H](O[Si](C)(C)C(C)(C)C)[C@H](O[Si](C)(C)C(C)(C)C)[C@@H](C=O)O1"", ""C=CCO"", ""COCCl"", ""C=CCOCOC"", ""C=C[C@H](OCOC)[C@@H](O)[C@H]1O[C@H](C(=O)OC)C[C@@H](O[Si](C)(C)C(C)(C)C)[C@@H]1O[Si](C)(C)C(C)(C)C""]","[""CC(=O)OC[C@H]1OC=C[C@@H](OC(C)=O)[C@@H]1OC(C)=O>>CC(C)(C)[Si](C)(C)OC[C@H]1OC=C[C@@H](O[Si](C)(C)C(C)(C)C)[C@@H]1O[Si](C)(C)C(C)(C)C"", ""CC(C)(C)[Si](C)(C)OC[C@H]1OC=C[C@@H](O[Si](C)(C)C(C)(C)C)[C@@H]1O[Si](C)(C)C(C)(C)C>>CC(C)(C)[Si](C)(C)OC[C@H]1OC(Cl)C[C@@H](O[Si](C)(C)C(C)(C)C)[C@@H]1O[Si](C)(C)C(C)(C)C"", ""CC(C)(C)[Si](C)(C)OC[C@H]1OC(Cl)C[C@@H](O[Si](C)(C)C(C)(C)C)[C@@H]1O[Si](C)(C)C(C)(C)C.COC(=O)C#N>>COC(=O)[C@@H]1C[C@@H](O[Si](C)(C)C(C)(C)C)[C@H](O[Si](C)(C)C(C)(C)C)[C@@H](CO)O1"", ""COC(=O)[C@@H]1C[C@@H](O[Si](C)(C)C(C)(C)C)[C@H](O[Si](C)(C)C(C)(C)C)[C@@H](CO)O1>>COC(=O)[C@@H]1C[C@@H](O[Si](C)(C)C(C)(C)C)[C@H](O[Si](C)(C)C(C)(C)C)[C@@H](C=O)O1"", ""C=CCO.COCCl>>C=CCOCOC"", ""C=CCOCOC.COC(=O)[C@@H]1C[C@@H](O[Si](C)(C)C(C)(C)C)[C@H](O[Si](C)(C)C(C)(C)C)[C@@H](C=O)O1>>C=C[C@H](OCOC)[C@@H](O)[C@H]1O[C@H](C(=O)OC)C[C@@H](O[Si](C)(C)C(C)(C)C)[C@@H]1O[Si](C)(C)C(C)(C)C""]",False,False,10.1021/jacs.6c05580,False,False
preparation-C11,tri-O-acetyl-D-glucal,"[""tri-O-acetyl-D-glucal"", ""Mander-reagent"", ""allyl-alcohol"", ""MOM-chloride""]",56,source_bound_control_branch,"[""C01"", ""C02"", ""C03"", ""C05"", ""C04"", ""C06"", ""C09"", ""C11""]","[""C01.1"", ""C02.1"", ""C03.1"", ""C05.1"", ""C04.1"", ""C06.1"", ""C09.1"", ""C11.1""]","[""tri-O-acetyl-D-glucal"", ""48"", ""49"", ""Mander-reagent"", ""50"", ""50-aldehyde"", ""allyl-alcohol"", ""MOM-chloride"", ""51"", ""52"", ""53"", ""56""]","[""CC(=O)OC[C@H]1OC=C[C@@H](OC(C)=O)[C@@H]1OC(C)=O"", ""CC(C)(C)[Si](C)(C)OC[C@H]1OC=C[C@@H](O[Si](C)(C)C(C)(C)C)[C@@H]1O[Si](C)(C)C(C)(C)C"", ""CC(C)(C)[Si](C)(C)OC[C@H]1OC(Cl)C[C@@H](O[Si](C)(C)C(C)(C)C)[C@@H]1O[Si](C)(C)C(C)(C)C"", ""COC(=O)C#N"", ""COC(=O)[C@@H]1C[C@@H](O[Si](C)(C)C(C)(C)C)[C@H](O[Si](C)(C)C(C)(C)C)[C@@H](CO)O1"", ""COC(=O)[C@@H]1C[C@@H](O[Si](C)(C)C(C)(C)C)[C@H](O[Si](C)(C)C(C)(C)C)[C@@H](C=O)O1"", ""C=CCO"", ""COCCl"", ""C=CCOCOC"", ""C=C[C@H](OCOC)[C@@H](O)[C@H]1O[C@H](C(=O)OC)C[C@@H](O[Si](C)(C)C(C)(C)C)[C@@H]1O[Si](C)(C)C(C)(C)C"", ""C=C[C@H](O)[C@@H](O)[C@H]1O[C@H](C(=O)OC)C[C@@H](O[Si](C)(C)C(C)(C)C)[C@@H]1O[Si](C)(C)C(C)(C)C"", ""C=C[C@@H]1OC(C)(C)O[C@H]1[C@H]1O[C@H](C(=O)OC)C[C@@H](O[Si](C)(C)C(C)(C)C)[C@@H]1O[Si](C)(C)C(C)(C)C""]","[""CC(=O)OC[C@H]1OC=C[C@@H](OC(C)=O)[C@@H]1OC(C)=O>>CC(C)(C)[Si](C)(C)OC[C@H]1OC=C[C@@H](O[Si](C)(C)C(C)(C)C)[C@@H]1O[Si](C)(C)C(C)(C)C"", ""CC(C)(C)[Si](C)(C)OC[C@H]1OC=C[C@@H](O[Si](C)(C)C(C)(C)C)[C@@H]1O[Si](C)(C)C(C)(C)C>>CC(C)(C)[Si](C)(C)OC[C@H]1OC(Cl)C[C@@H](O[Si](C)(C)C(C)(C)C)[C@@H]1O[Si](C)(C)C(C)(C)C"", ""CC(C)(C)[Si](C)(C)OC[C@H]1OC(Cl)C[C@@H](O[Si](C)(C)C(C)(C)C)[C@@H]1O[Si](C)(C)C(C)(C)C.COC(=O)C#N>>COC(=O)[C@@H]1C[C@@H](O[Si](C)(C)C(C)(C)C)[C@H](O[Si](C)(C)C(C)(C)C)[C@@H](CO)O1"", ""COC(=O)[C@@H]1C[C@@H](O[Si](C)(C)C(C)(C)C)[C@H](O[Si](C)(C)C(C)(C)C)[C@@H](CO)O1>>COC(=O)[C@@H]1C[C@@H](O[Si](C)(C)C(C)(C)C)[C@H](O[Si](C)(C)C(C)(C)C)[C@@H](C=O)O1"", ""C=CCO.COCCl>>C=CCOCOC"", ""C=CCOCOC.COC(=O)[C@@H]1C[C@@H](O[Si](C)(C)C(C)(C)C)[C@H](O[Si](C)(C)C(C)(C)C)[C@@H](C=O)O1>>C=C[C@H](OCOC)[C@@H](O)[C@H]1O[C@H](C(=O)OC)C[C@@H](O[Si](C)(C)C(C)(C)C)[C@@H]1O[Si](C)(C)C(C)(C)C"", ""C=C[C@H](OCOC)[C@@H](O)[C@H]1O[C@H](C(=O)OC)C[C@@H](O[Si](C)(C)C(C)(C)C)[C@@H]1O[Si](C)(C)C(C)(C)C>>C=C[C@H](O)[C@@H](O)[C@H]1O[C@H](C(=O)OC)C[C@@H](O[Si](C)(C)C(C)(C)C)[C@@H]1O[Si](C)(C)C(C)(C)C"", ""C=C[C@H](O)[C@@H](O)[C@H]1O[C@H](C(=O)OC)C[C@@H](O[Si](C)(C)C(C)(C)C)[C@@H]1O[Si](C)(C)C(C)(C)C>>C=C[C@@H]1OC(C)(C)O[C@H]1[C@H]1O[C@H](C(=O)OC)C[C@@H](O[Si](C)(C)C(C)(C)C)[C@@H]1O[Si](C)(C)C(C)(C)C""]",False,False,10.1021/jacs.6c05580,False,False
preparation-C12,tri-O-acetyl-D-glucal,"[""tri-O-acetyl-D-glucal"", ""Mander-reagent"", ""allyl-alcohol"", ""MOM-chloride""]",57,source_bound_control_branch,"[""C01"", ""C02"", ""C03"", ""C05"", ""C04"", ""C06"", ""C08"", ""C12""]","[""C01.1"", ""C02.1"", ""C03.1"", ""C05.1"", ""C04.1"", ""C06.1"", ""C08.1"", ""C12.1""]","[""tri-O-acetyl-D-glucal"", ""48"", ""49"", ""Mander-reagent"", ""50"", ""50-aldehyde"", ""allyl-alcohol"", ""MOM-chloride"", ""51"", ""52"", ""S20"", ""57""]","[""CC(=O)OC[C@H]1OC=C[C@@H](OC(C)=O)[C@@H]1OC(C)=O"", ""CC(C)(C)[Si](C)(C)OC[C@H]1OC=C[C@@H](O[Si](C)(C)C(C)(C)C)[C@@H]1O[Si](C)(C)C(C)(C)C"", ""CC(C)(C)[Si](C)(C)OC[C@H]1OC(Cl)C[C@@H](O[Si](C)(C)C(C)(C)C)[C@@H]1O[Si](C)(C)C(C)(C)C"", ""COC(=O)C#N"", ""COC(=O)[C@@H]1C[C@@H](O[Si](C)(C)C(C)(C)C)[C@H](O[Si](C)(C)C(C)(C)C)[C@@H](CO)O1"", ""COC(=O)[C@@H]1C[C@@H](O[Si](C)(C)C(C)(C)C)[C@H](O[Si](C)(C)C(C)(C)C)[C@@H](C=O)O1"", ""C=CCO"", ""COCCl"", ""C=CCOCOC"", ""C=C[C@H](OCOC)[C@@H](O)[C@H]1O[C@H](C(=O)OC)C[C@@H](O[Si](C)(C)C(C)(C)C)[C@@H]1O[Si](C)(C)C(C)(C)C"", ""C=C[C@H](OCOC)[C@@H](O)[C@H]1O[C@H](C(=O)OC)C[C@@H](O)[C@@H]1O"", ""C=C[C@H](OCOC)[C@H]1O[C@@H](c2ccc(OC)cc2)O[C@@H]2[C@@H]1O[C@H](C(=O)OC)C[C@H]2O""]","[""CC(=O)OC[C@H]1OC=C[C@@H](OC(C)=O)[C@@H]1OC(C)=O>>CC(C)(C)[Si](C)(C)OC[C@H]1OC=C[C@@H](O[Si](C)(C)C(C)(C)C)[C@@H]1O[Si](C)(C)C(C)(C)C"", ""CC(C)(C)[Si](C)(C)OC[C@H]1OC=C[C@@H](O[Si](C)(C)C(C)(C)C)[C@@H]1O[Si](C)(C)C(C)(C)C>>CC(C)(C)[Si](C)(C)OC[C@H]1OC(Cl)C[C@@H](O[Si](C)(C)C(C)(C)C)[C@@H]1O[Si](C)(C)C(C)(C)C"", ""CC(C)(C)[Si](C)(C)OC[C@H]1OC(Cl)C[C@@H](O[Si](C)(C)C(C)(C)C)[C@@H]1O[Si](C)(C)C(C)(C)C.COC(=O)C#N>>COC(=O)[C@@H]1C[C@@H](O[Si](C)(C)C(C)(C)C)[C@H](O[Si](C)(C)C(C)(C)C)[C@@H](CO)O1"", ""COC(=O)[C@@H]1C[C@@H](O[Si](C)(C)C(C)(C)C)[C@H](O[Si](C)(C)C(C)(C)C)[C@@H](CO)O1>>COC(=O)[C@@H]1C[C@@H](O[Si](C)(C)C(C)(C)C)[C@H](O[Si](C)(C)C(C)(C)C)[C@@H](C=O)O1"", ""C=CCO.COCCl>>C=CCOCOC"", ""C=CCOCOC.COC(=O)[C@@H]1C[C@@H](O[Si](C)(C)C(C)(C)C)[C@H](O[Si](C)(C)C(C)(C)C)[C@@H](C=O)O1>>C=C[C@H](OCOC)[C@@H](O)[C@H]1O[C@H](C(=O)OC)C[C@@H](O[Si](C)(C)C(C)(C)C)[C@@H]1O[Si](C)(C)C(C)(C)C"", ""C=C[C@H](OCOC)[C@@H](O)[C@H]1O[C@H](C(=O)OC)C[C@@H](O[Si](C)(C)C(C)(C)C)[C@@H]1O[Si](C)(C)C(C)(C)C>>C=C[C@H](OCOC)[C@@H](O)[C@H]1O[C@H](C(=O)OC)C[C@@H](O)[C@@H]1O"", ""C=C[C@H](OCOC)[C@@H](O)[C@H]1O[C@H](C(=O)OC)C[C@@H](O)[C@@H]1O>>C=C[C@H](OCOC)[C@H]1O[C@@H](c2ccc(OC)cc2)O[C@@H]2[C@@H]1O[C@H](C(=O)OC)C[C@H]2O""]",False,False,10.1021/jacs.6c05580,False,False
preparation-C17,31,"[""31"", ""vinylmagnesium-bromide"", ""methyl-acrylate"", ""methylene-triphenylphosphorane"", ""methoxycarbonylmethylene-triphenylphosphorane"", ""iodomethyltriphenylphosphonium-iodide"", ""tri-O-acetyl-D-glucal"", ""Mander-reagent"", ""allyl-alcohol"", ""MOM-chloride""]",34S-62,source_bound_control_branch,"[""B01"", ""B02"", ""B03"", ""B04"", ""B05"", ""B06"", ""B08"", ""B15"", ""B10"", ""B11"", ""B12"", ""B13"", ""B16"", ""B18"", ""B19"", ""B20"", ""B21"", ""B22"", ""B23"", ""C14"", ""C01"", ""C02"", ""C03"", ""C05"", ""C04"", ""C06"", ""C09"", ""C10"", ""C13"", ""C15"", ""C16"", ""C17""]","[""B01.1"", ""B02.1"", ""B03.1"", ""B04.1"", ""B05.1"", ""B06.1"", ""B08.1"", ""B15.1"", ""B10.1"", ""B11.1"", ""B12.1"", ""B13.1"", ""B16.1"", ""B18.1"", ""B19.1"", ""B20.1"", ""B21.1"", ""B22.1"", ""B23.1"", ""C14.1"", ""C01.1"", ""C02.1"", ""C03.1"", ""C05.1"", ""C04.1"", ""C06.1"", ""C09.1"", ""C10.1"", ""C13.1"", ""C15.1"", ""C16.1"", ""C17.1""]","[""31"", ""vinylmagnesium-bromide"", ""32"", ""methyl-acrylate"", ""S11"", ""33"", ""34"", ""S12"", ""35"", ""36"", ""methylene-triphenylphosphorane"", ""42"", ""methoxycarbonylmethylene-triphenylphosphorane"", ""38-E"", ""38-Z"", ""S15"", ""S15-aldehyde"", ""iodomethyltriphenylphosphonium-iodide"", ""39"", ""43"", ""45"", ""41"", ""41-mesylate"", ""46"", ""S16"", ""47"", ""59"", ""tri-O-acetyl-D-glucal"", ""48"", ""49"", ""Mander-reagent"", ""50"", ""50-aldehyde"", ""allyl-alcohol"", ""MOM-chloride"", ""51"", ""52"", ""53"", ""54"", ""58"", ""60"", ""34S-61"", ""34R-61"", ""34S-62""]","[""c1ccc(COC[C@H]2CO2)cc1"", ""[Br-].[CH-]=C.[Mg+2]"", ""C=CC[C@H](O)COCc1ccccc1"", ""C=CC(=O)OC"", ""COC(=O)/C=C/C[C@H](O)COCc1ccccc1"", ""COC(=O)/C=C/C[C@@H](COCc1ccccc1)OS(C)(=O)=O"", ""COC(=O)[C@H](O)[C@H](O)C[C@@H](COCc1ccccc1)OS(C)(=O)=O"", ""COC(=O)[C@@H]1O[C@@H](COCc2ccccc2)C[C@H]1O"", ""COC(=O)[C@@H]1O[C@@H](COCc2ccccc2)C[C@H]1O[Si](C)(C)C(C)(C)C"", ""CC(C)(C)[Si](C)(C)O[C@@H]1C[C@H](COCc2ccccc2)O[C@H]1C=O"", ""C=P(c1ccccc1)(c1ccccc1)c1ccccc1"", ""C=C[C@@H]1O[C@@H](COCc2ccccc2)C[C@H]1O[Si](C)(C)C(C)(C)C"", ""COC(=O)C=P(c1ccccc1)(c1ccccc1)c1ccccc1"", ""COC(=O)/C=C/[C@@H]1O[C@@H](COCc2ccccc2)C[C@H]1O[Si](C)(C)C(C)(C)C"", ""COC(=O)/C=C\\[C@@H]1O[C@@H](COCc2ccccc2)C[C@H]1O[Si](C)(C)C(C)(C)C"", ""COC(=O)CC[C@@H]1O[C@@H](CO)C[C@H]1O[Si](C)(C)C(C)(C)C"", ""COC(=O)CC[C@@H]1O[C@@H](C=O)C[C@H]1O[Si](C)(C)C(C)(C)C"", ""IC[P+](c1ccccc1)(c1ccccc1)c1ccccc1.[I-]"", ""COC(=O)CC[C@@H]1O[C@@H](/C=C\\I)C[C@H]1O[Si](C)(C)C(C)(C)C"", ""COC(=O)CC[C@@H]1O[C@@H](/C=C\\CC[C@@H]2O[C@@H](COCc3ccccc3)C[C@H]2O[Si](C)(C)C(C)(C)C)C[C@H]1O[Si](C)(C)C(C)(C)C"", ""COC(=O)CC[C@@H]1O[C@@H](CCCC[C@@H]2O[C@@H](COCc3ccccc3)C[C@H]2O[Si](C)(C)C(C)(C)C)C[C@H]1O[Si](C)(C)C(C)(C)C"", ""COC(=O)CC[C@@H]1O[C@@H](CCCC[C@@H]2O[C@@H](CO)C[C@H]2O[Si](C)(C)C(C)(C)C)C[C@H]1O[Si](C)(C)C(C)(C)C"", ""COC(=O)CC[C@@H]1O[C@@H](CCCC[C@@H]2O[C@@H](COS(C)(=O)=O)C[C@H]2O[Si](C)(C)C(C)(C)C)C[C@H]1O[Si](C)(C)C(C)(C)C"", ""COC(=O)CC[C@@H]1O[C@@H](CCCC[C@@H]2O[C@@H](CN=[N+]=[N-])C[C@H]2O[Si](C)(C)C(C)(C)C)C[C@H]1O[Si](C)(C)C(C)(C)C"", ""COC(=O)CC[C@@H]1O[C@@H](CCCC[C@@H]2O[C@@H](CNC(C)=O)C[C@H]2O[Si](C)(C)C(C)(C)C)C[C@H]1O[Si](C)(C)C(C)(C)C"", ""COC(=O)CC[C@@H]1O[C@@H](CCCC[C@@H]2O[C@@H](CN(N=O)C(C)=O)C[C@H]2O[Si](C)(C)C(C)(C)C)C[C@H]1O[Si](C)(C)C(C)(C)C"", ""COC(=O)CC[C@@H]1O[C@@H](CCCC[C@@H]2O[C@@H](C=[N+]=[N-])C[C@H]2O[Si](C)(C)C(C)(C)C)C[C@H]1O[Si](C)(C)C(C)(C)C"", ""CC(=O)OC[C@H]1OC=C[C@@H](OC(C)=O)[C@@H]1OC(C)=O"", ""CC(C)(C)[Si](C)(C)OC[C@H]1OC=C[C@@H](O[Si](C)(C)C(C)(C)C)[C@@H]1O[Si](C)(C)C(C)(C)C"", ""CC(C)(C)[Si](C)(C)OC[C@H]1OC(Cl)C[C@@H](O[Si](C)(C)C(C)(C)C)[C@@H]1O[Si](C)(C)C(C)(C)C"", ""COC(=O)C#N"", ""COC(=O)[C@@H]1C[C@@H](O[Si](C)(C)C(C)(C)C)[C@H](O[Si](C)(C)C(C)(C)C)[C@@H](CO)O1"", ""COC(=O)[C@@H]1C[C@@H](O[Si](C)(C)C(C)(C)C)[C@H](O[Si](C)(C)C(C)(C)C)[C@@H](C=O)O1"", ""C=CCO"", ""COCCl"", ""C=CCOCOC"", ""C=C[C@H](OCOC)[C@@H](O)[C@H]1O[C@H](C(=O)OC)C[C@@H](O[Si](C)(C)C(C)(C)C)[C@@H]1O[Si](C)(C)C(C)(C)C"", ""C=C[C@H](O)[C@@H](O)[C@H]1O[C@H](C(=O)OC)C[C@@H](O[Si](C)(C)C(C)(C)C)[C@@H]1O[Si](C)(C)C(C)(C)C"", ""C=C[C@H](O[Si](C)(C)C(C)(C)C)[C@@H](O[Si](C)(C)C(C)(C)C)[C@H]1O[C@H](C(=O)OC)C[C@@H](O[Si](C)(C)C(C)(C)C)[C@@H]1O[Si](C)(C)C(C)(C)C"", ""C=C[C@H](O[Si](C)(C)C(C)(C)C)[C@@H](O[Si](C)(C)C(C)(C)C)[C@H]1O[C@H](C=O)C[C@@H](O[Si](C)(C)C(C)(C)C)[C@@H]1O[Si](C)(C)C(C)(C)C"", ""C=C[C@H](O[Si](C)(C)C(C)(C)C)[C@@H](O[Si](C)(C)C(C)(C)C)[C@H]1O[C@H](C(=O)C[C@H]2C[C@@H](O[Si](C)(C)C(C)(C)C)[C@H](CCCC[C@H]3C[C@@H](O[Si](C)(C)C(C)(C)C)[C@H](CCC(=O)OC)O3)O2)C[C@@H](O[Si](C)(C)C(C)(C)C)[C@@H]1O[Si](C)(C)C(C)(C)C"", ""C=C[C@H](O[Si](C)(C)C(C)(C)C)[C@@H](O[Si](C)(C)C(C)(C)C)[C@H]1O[C@H]([C@@H](O)C[C@H]2C[C@@H](O[Si](C)(C)C(C)(C)C)[C@H](CCCC[C@H]3C[C@@H](O[Si](C)(C)C(C)(C)C)[C@H](CCC(=O)OC)O3)O2)C[C@@H](O[Si](C)(C)C(C)(C)C)[C@@H]1O[Si](C)(C)C(C)(C)C"", ""C=C[C@H](O[Si](C)(C)C(C)(C)C)[C@@H](O[Si](C)(C)C(C)(C)C)[C@H]1O[C@H]([C@H](O)C[C@H]2C[C@@H](O[Si](C)(C)C(C)(C)C)[C@H](CCCC[C@H]3C[C@@H](O[Si](C)(C)C(C)(C)C)[C@H](CCC(=O)OC)O3)O2)C[C@@H](O[Si](C)(C)C(C)(C)C)[C@@H]1O[Si](C)(C)C(C)(C)C"", ""C=C[C@H](O)[C@@H](O)[C@H]1O[C@H]([C@@H](O)C[C@H]2C[C@@H](O)[C@H](CCCC[C@H]3C[C@@H](O)[C@H](CCCO)O3)O2)C[C@@H](O)[C@@H]1O""]","[""[Br-].[CH-]=C.[Mg+2].c1ccc(COC[C@H]2CO2)cc1>>C=CC[C@H](O)COCc1ccccc1"", ""C=CC(=O)OC.C=CC[C@H](O)COCc1ccccc1>>COC(=O)/C=C/C[C@H](O)COCc1ccccc1"", ""COC(=O)/C=C/C[C@H](O)COCc1ccccc1>>COC(=O)/C=C/C[C@@H](COCc1ccccc1)OS(C)(=O)=O"", ""COC(=O)/C=C/C[C@@H](COCc1ccccc1)OS(C)(=O)=O>>COC(=O)[C@H](O)[C@H](O)C[C@@H](COCc1ccccc1)OS(C)(=O)=O"", ""COC(=O)[C@H](O)[C@H](O)C[C@@H](COCc1ccccc1)OS(C)(=O)=O>>COC(=O)[C@@H]1O[C@@H](COCc2ccccc2)C[C@H]1O"", ""COC(=O)[C@@H]1O[C@@H](COCc2ccccc2)C[C@H]1O>>COC(=O)[C@@H]1O[C@@H](COCc2ccccc2)C[C@H]1O[Si](C)(C)C(C)(C)C"", ""COC(=O)[C@@H]1O[C@@H](COCc2ccccc2)C[C@H]1O[Si](C)(C)C(C)(C)C>>CC(C)(C)[Si](C)(C)O[C@@H]1C[C@H](COCc2ccccc2)O[C@H]1C=O"", ""C=P(c1ccccc1)(c1ccccc1)c1ccccc1.CC(C)(C)[Si](C)(C)O[C@@H]1C[C@H](COCc2ccccc2)O[C@H]1C=O>>C=C[C@@H]1O[C@@H](COCc2ccccc2)C[C@H]1O[Si](C)(C)C(C)(C)C"", ""CC(C)(C)[Si](C)(C)O[C@@H]1C[C@H](COCc2ccccc2)O[C@H]1C=O.COC(=O)C=P(c1ccccc1)(c1ccccc1)c1ccccc1>>COC(=O)/C=C/[C@@H]1O[C@@H](COCc2ccccc2)C[C@H]1O[Si](C)(C)C(C)(C)C.COC(=O)/C=C\\[C@@H]1O[C@@H](COCc2ccccc2)C[C@H]1O[Si](C)(C)C(C)(C)C"", ""COC(=O)/C=C/[C@@H]1O[C@@H](COCc2ccccc2)C[C@H]1O[Si](C)(C)C(C)(C)C.COC(=O)/C=C\\[C@@H]1O[C@@H](COCc2ccccc2)C[C@H]1O[Si](C)(C)C(C)(C)C>>COC(=O)CC[C@@H]1O[C@@H](CO)C[C@H]1O[Si](C)(C)C(C)(C)C"", ""COC(=O)CC[C@@H]1O[C@@H](CO)C[C@H]1O[Si](C)(C)C(C)(C)C>>COC(=O)CC[C@@H]1O[C@@H](C=O)C[C@H]1O[Si](C)(C)C(C)(C)C"", ""COC(=O)CC[C@@H]1O[C@@H](C=O)C[C@H]1O[Si](C)(C)C(C)(C)C.IC[P+](c1ccccc1)(c1ccccc1)c1ccccc1.[I-]>>COC(=O)CC[C@@H]1O[C@@H](/C=C\\I)C[C@H]1O[Si](C)(C)C(C)(C)C"", ""C=C[C@@H]1O[C@@H](COCc2ccccc2)C[C@H]1O[Si](C)(C)C(C)(C)C.COC(=O)CC[C@@H]1O[C@@H](/C=C\\I)C[C@H]1O[Si](C)(C)C(C)(C)C>>COC(=O)CC[C@@H]1O[C@@H](/C=C\\CC[C@@H]2O[C@@H](COCc3ccccc3)C[C@H]2O[Si](C)(C)C(C)(C)C)C[C@H]1O[Si](C)(C)C(C)(C)C"", ""COC(=O)CC[C@@H]1O[C@@H](/C=C\\CC[C@@H]2O[C@@H](COCc3ccccc3)C[C@H]2O[Si](C)(C)C(C)(C)C)C[C@H]1O[Si](C)(C)C(C)(C)C>>COC(=O)CC[C@@H]1O[C@@H](CCCC[C@@H]2O[C@@H](COCc3ccccc3)C[C@H]2O[Si](C)(C)C(C)(C)C)C[C@H]1O[Si](C)(C)C(C)(C)C"", ""COC(=O)CC[C@@H]1O[C@@H](CCCC[C@@H]2O[C@@H](COCc3ccccc3)C[C@H]2O[Si](C)(C)C(C)(C)C)C[C@H]1O[Si](C)(C)C(C)(C)C>>COC(=O)CC[C@@H]1O[C@@H](CCCC[C@@H]2O[C@@H](CO)C[C@H]2O[Si](C)(C)C(C)(C)C)C[C@H]1O[Si](C)(C)C(C)(C)C"", ""COC(=O)CC[C@@H]1O[C@@H](CCCC[C@@H]2O[C@@H](CO)C[C@H]2O[Si](C)(C)C(C)(C)C)C[C@H]1O[Si](C)(C)C(C)(C)C>>COC(=O)CC[C@@H]1O[C@@H](CCCC[C@@H]2O[C@@H](COS(C)(=O)=O)C[C@H]2O[Si](C)(C)C(C)(C)C)C[C@H]1O[Si](C)(C)C(C)(C)C"", ""COC(=O)CC[C@@H]1O[C@@H](CCCC[C@@H]2O[C@@H](COS(C)(=O)=O)C[C@H]2O[Si](C)(C)C(C)(C)C)C[C@H]1O[Si](C)(C)C(C)(C)C>>COC(=O)CC[C@@H]1O[C@@H](CCCC[C@@H]2O[C@@H](CN=[N+]=[N-])C[C@H]2O[Si](C)(C)C(C)(C)C)C[C@H]1O[Si](C)(C)C(C)(C)C"", ""COC(=O)CC[C@@H]1O[C@@H](CCCC[C@@H]2O[C@@H](CN=[N+]=[N-])C[C@H]2O[Si](C)(C)C(C)(C)C)C[C@H]1O[Si](C)(C)C(C)(C)C>>COC(=O)CC[C@@H]1O[C@@H](CCCC[C@@H]2O[C@@H](CNC(C)=O)C[C@H]2O[Si](C)(C)C(C)(C)C)C[C@H]1O[Si](C)(C)C(C)(C)C"", ""COC(=O)CC[C@@H]1O[C@@H](CCCC[C@@H]2O[C@@H](CNC(C)=O)C[C@H]2O[Si](C)(C)C(C)(C)C)C[C@H]1O[Si](C)(C)C(C)(C)C>>COC(=O)CC[C@@H]1O[C@@H](CCCC[C@@H]2O[C@@H](CN(N=O)C(C)=O)C[C@H]2O[Si](C)(C)C(C)(C)C)C[C@H]1O[Si](C)(C)C(C)(C)C"", ""COC(=O)CC[C@@H]1O[C@@H](CCCC[C@@H]2O[C@@H](CN(N=O)C(C)=O)C[C@H]2O[Si](C)(C)C(C)(C)C)C[C@H]1O[Si](C)(C)C(C)(C)C>>COC(=O)CC[C@@H]1O[C@@H](CCCC[C@@H]2O[C@@H](C=[N+]=[N-])C[C@H]2O[Si](C)(C)C(C)(C)C)C[C@H]1O[Si](C)(C)C(C)(C)C"", ""CC(=O)OC[C@H]1OC=C[C@@H](OC(C)=O)[C@@H]1OC(C)=O>>CC(C)(C)[Si](C)(C)OC[C@H]1OC=C[C@@H](O[Si](C)(C)C(C)(C)C)[C@@H]1O[Si](C)(C)C(C)(C)C"", ""CC(C)(C)[Si](C)(C)OC[C@H]1OC=C[C@@H](O[Si](C)(C)C(C)(C)C)[C@@H]1O[Si](C)(C)C(C)(C)C>>CC(C)(C)[Si](C)(C)OC[C@H]1OC(Cl)C[C@@H](O[Si](C)(C)C(C)(C)C)[C@@H]1O[Si](C)(C)C(C)(C)C"", ""CC(C)(C)[Si](C)(C)OC[C@H]1OC(Cl)C[C@@H](O[Si](C)(C)C(C)(C)C)[C@@H]1O[Si](C)(C)C(C)(C)C.COC(=O)C#N>>COC(=O)[C@@H]1C[C@@H](O[Si](C)(C)C(C)(C)C)[C@H](O[Si](C)(C)C(C)(C)C)[C@@H](CO)O1"", ""COC(=O)[C@@H]1C[C@@H](O[Si](C)(C)C(C)(C)C)[C@H](O[Si](C)(C)C(C)(C)C)[C@@H](CO)O1>>COC(=O)[C@@H]1C[C@@H](O[Si](C)(C)C(C)(C)C)[C@H](O[Si](C)(C)C(C)(C)C)[C@@H](C=O)O1"", ""C=CCO.COCCl>>C=CCOCOC"", ""C=CCOCOC.COC(=O)[C@@H]1C[C@@H](O[Si](C)(C)C(C)(C)C)[C@H](O[Si](C)(C)C(C)(C)C)[C@@H](C=O)O1>>C=C[C@H](OCOC)[C@@H](O)[C@H]1O[C@H](C(=O)OC)C[C@@H](O[Si](C)(C)C(C)(C)C)[C@@H]1O[Si](C)(C)C(C)(C)C"", ""C=C[C@H](OCOC)[C@@H](O)[C@H]1O[C@H](C(=O)OC)C[C@@H](O[Si](C)(C)C(C)(C)C)[C@@H]1O[Si](C)(C)C(C)(C)C>>C=C[C@H](O)[C@@H](O)[C@H]1O[C@H](C(=O)OC)C[C@@H](O[Si](C)(C)C(C)(C)C)[C@@H]1O[Si](C)(C)C(C)(C)C"", ""C=C[C@H](O)[C@@H](O)[C@H]1O[C@H](C(=O)OC)C[C@@H](O[Si](C)(C)C(C)(C)C)[C@@H]1O[Si](C)(C)C(C)(C)C>>C=C[C@H](O[Si](C)(C)C(C)(C)C)[C@@H](O[Si](C)(C)C(C)(C)C)[C@H]1O[C@H](C(=O)OC)C[C@@H](O[Si](C)(C)C(C)(C)C)[C@@H]1O[Si](C)(C)C(C)(C)C"", ""C=C[C@H](O[Si](C)(C)C(C)(C)C)[C@@H](O[Si](C)(C)C(C)(C)C)[C@H]1O[C@H](C(=O)OC)C[C@@H](O[Si](C)(C)C(C)(C)C)[C@@H]1O[Si](C)(C)C(C)(C)C>>C=C[C@H](O[Si](C)(C)C(C)(C)C)[C@@H](O[Si](C)(C)C(C)(C)C)[C@H]1O[C@H](C=O)C[C@@H](O[Si](C)(C)C(C)(C)C)[C@@H]1O[Si](C)(C)C(C)(C)C"", ""C=C[C@H](O[Si](C)(C)C(C)(C)C)[C@@H](O[Si](C)(C)C(C)(C)C)[C@H]1O[C@H](C=O)C[C@@H](O[Si](C)(C)C(C)(C)C)[C@@H]1O[Si](C)(C)C(C)(C)C.COC(=O)CC[C@@H]1O[C@@H](CCCC[C@@H]2O[C@@H](C=[N+]=[N-])C[C@H]2O[Si](C)(C)C(C)(C)C)C[C@H]1O[Si](C)(C)C(C)(C)C>>C=C[C@H](O[Si](C)(C)C(C)(C)C)[C@@H](O[Si](C)(C)C(C)(C)C)[C@H]1O[C@H](C(=O)C[C@H]2C[C@@H](O[Si](C)(C)C(C)(C)C)[C@H](CCCC[C@H]3C[C@@H](O[Si](C)(C)C(C)(C)C)[C@H](CCC(=O)OC)O3)O2)C[C@@H](O[Si](C)(C)C(C)(C)C)[C@@H]1O[Si](C)(C)C(C)(C)C"", ""C=C[C@H](O[Si](C)(C)C(C)(C)C)[C@@H](O[Si](C)(C)C(C)(C)C)[C@H]1O[C@H](C(=O)C[C@H]2C[C@@H](O[Si](C)(C)C(C)(C)C)[C@H](CCCC[C@H]3C[C@@H](O[Si](C)(C)C(C)(C)C)[C@H](CCC(=O)OC)O3)O2)C[C@@H](O[Si](C)(C)C(C)(C)C)[C@@H]1O[Si](C)(C)C(C)(C)C>>C=C[C@H](O[Si](C)(C)C(C)(C)C)[C@@H](O[Si](C)(C)C(C)(C)C)[C@H]1O[C@H]([C@@H](O)C[C@H]2C[C@@H](O[Si](C)(C)C(C)(C)C)[C@H](CCCC[C@H]3C[C@@H](O[Si](C)(C)C(C)(C)C)[C@H](CCC(=O)OC)O3)O2)C[C@@H](O[Si](C)(C)C(C)(C)C)[C@@H]1O[Si](C)(C)C(C)(C)C.C=C[C@H](O[Si](C)(C)C(C)(C)C)[C@@H](O[Si](C)(C)C(C)(C)C)[C@H]1O[C@H]([C@H](O)C[C@H]2C[C@@H](O[Si](C)(C)C(C)(C)C)[C@H](CCCC[C@H]3C[C@@H](O[Si](C)(C)C(C)(C)C)[C@H](CCC(=O)OC)O3)O2)C[C@@H](O[Si](C)(C)C(C)(C)C)[C@@H]1O[Si](C)(C)C(C)(C)C"", ""C=C[C@H](O[Si](C)(C)C(C)(C)C)[C@@H](O[Si](C)(C)C(C)(C)C)[C@H]1O[C@H]([C@@H](O)C[C@H]2C[C@@H](O[Si](C)(C)C(C)(C)C)[C@H](CCCC[C@H]3C[C@@H](O[Si](C)(C)C(C)(C)C)[C@H](CCC(=O)OC)O3)O2)C[C@@H](O[Si](C)(C)C(C)(C)C)[C@@H]1O[Si](C)(C)C(C)(C)C>>C=C[C@H](O)[C@@H](O)[C@H]1O[C@H]([C@@H](O)C[C@H]2C[C@@H](O)[C@H](CCCC[C@H]3C[C@@H](O)[C@H](CCCO)O3)O2)C[C@@H](O)[C@@H]1O""]",False,False,10.1021/jacs.6c05580,False,False
preparation-C18,31,"[""31"", ""vinylmagnesium-bromide"", ""methyl-acrylate"", ""methylene-triphenylphosphorane"", ""methoxycarbonylmethylene-triphenylphosphorane"", ""iodomethyltriphenylphosphonium-iodide"", ""tri-O-acetyl-D-glucal"", ""Mander-reagent"", ""allyl-alcohol"", ""MOM-chloride""]",34R-62,source_bound_control_branch,"[""B01"", ""B02"", ""B03"", ""B04"", ""B05"", ""B06"", ""B08"", ""B15"", ""B10"", ""B11"", ""B12"", ""B13"", ""B16"", ""B18"", ""B19"", ""B20"", ""B21"", ""B22"", ""B23"", ""C14"", ""C01"", ""C02"", ""C03"", ""C05"", ""C04"", ""C06"", ""C09"", ""C10"", ""C13"", ""C15"", ""C16"", ""C18""]","[""B01.1"", ""B02.1"", ""B03.1"", ""B04.1"", ""B05.1"", ""B06.1"", ""B08.1"", ""B15.1"", ""B10.1"", ""B11.1"", ""B12.1"", ""B13.1"", ""B16.1"", ""B18.1"", ""B19.1"", ""B20.1"", ""B21.1"", ""B22.1"", ""B23.1"", ""C14.1"", ""C01.1"", ""C02.1"", ""C03.1"", ""C05.1"", ""C04.1"", ""C06.1"", ""C09.1"", ""C10.1"", ""C13.1"", ""C15.1"", ""C16.1"", ""C18.1""]","[""31"", ""vinylmagnesium-bromide"", ""32"", ""methyl-acrylate"", ""S11"", ""33"", ""34"", ""S12"", ""35"", ""36"", ""methylene-triphenylphosphorane"", ""42"", ""methoxycarbonylmethylene-triphenylphosphorane"", ""38-E"", ""38-Z"", ""S15"", ""S15-aldehyde"", ""iodomethyltriphenylphosphonium-iodide"", ""39"", ""43"", ""45"", ""41"", ""41-mesylate"", ""46"", ""S16"", ""47"", ""59"", ""tri-O-acetyl-D-glucal"", ""48"", ""49"", ""Mander-reagent"", ""50"", ""50-aldehyde"", ""allyl-alcohol"", ""MOM-chloride"", ""51"", ""52"", ""53"", ""54"", ""58"", ""60"", ""34S-61"", ""34R-61"", ""34R-62""]","[""c1ccc(COC[C@H]2CO2)cc1"", ""[Br-].[CH-]=C.[Mg+2]"", ""C=CC[C@H](O)COCc1ccccc1"", ""C=CC(=O)OC"", ""COC(=O)/C=C/C[C@H](O)COCc1ccccc1"", ""COC(=O)/C=C/C[C@@H](COCc1ccccc1)OS(C)(=O)=O"", ""COC(=O)[C@H](O)[C@H](O)C[C@@H](COCc1ccccc1)OS(C)(=O)=O"", ""COC(=O)[C@@H]1O[C@@H](COCc2ccccc2)C[C@H]1O"", ""COC(=O)[C@@H]1O[C@@H](COCc2ccccc2)C[C@H]1O[Si](C)(C)C(C)(C)C"", ""CC(C)(C)[Si](C)(C)O[C@@H]1C[C@H](COCc2ccccc2)O[C@H]1C=O"", ""C=P(c1ccccc1)(c1ccccc1)c1ccccc1"", ""C=C[C@@H]1O[C@@H](COCc2ccccc2)C[C@H]1O[Si](C)(C)C(C)(C)C"", ""COC(=O)C=P(c1ccccc1)(c1ccccc1)c1ccccc1"", ""COC(=O)/C=C/[C@@H]1O[C@@H](COCc2ccccc2)C[C@H]1O[Si](C)(C)C(C)(C)C"", ""COC(=O)/C=C\\[C@@H]1O[C@@H](COCc2ccccc2)C[C@H]1O[Si](C)(C)C(C)(C)C"", ""COC(=O)CC[C@@H]1O[C@@H](CO)C[C@H]1O[Si](C)(C)C(C)(C)C"", ""COC(=O)CC[C@@H]1O[C@@H](C=O)C[C@H]1O[Si](C)(C)C(C)(C)C"", ""IC[P+](c1ccccc1)(c1ccccc1)c1ccccc1.[I-]"", ""COC(=O)CC[C@@H]1O[C@@H](/C=C\\I)C[C@H]1O[Si](C)(C)C(C)(C)C"", ""COC(=O)CC[C@@H]1O[C@@H](/C=C\\CC[C@@H]2O[C@@H](COCc3ccccc3)C[C@H]2O[Si](C)(C)C(C)(C)C)C[C@H]1O[Si](C)(C)C(C)(C)C"", ""COC(=O)CC[C@@H]1O[C@@H](CCCC[C@@H]2O[C@@H](COCc3ccccc3)C[C@H]2O[Si](C)(C)C(C)(C)C)C[C@H]1O[Si](C)(C)C(C)(C)C"", ""COC(=O)CC[C@@H]1O[C@@H](CCCC[C@@H]2O[C@@H](CO)C[C@H]2O[Si](C)(C)C(C)(C)C)C[C@H]1O[Si](C)(C)C(C)(C)C"", ""COC(=O)CC[C@@H]1O[C@@H](CCCC[C@@H]2O[C@@H](COS(C)(=O)=O)C[C@H]2O[Si](C)(C)C(C)(C)C)C[C@H]1O[Si](C)(C)C(C)(C)C"", ""COC(=O)CC[C@@H]1O[C@@H](CCCC[C@@H]2O[C@@H](CN=[N+]=[N-])C[C@H]2O[Si](C)(C)C(C)(C)C)C[C@H]1O[Si](C)(C)C(C)(C)C"", ""COC(=O)CC[C@@H]1O[C@@H](CCCC[C@@H]2O[C@@H](CNC(C)=O)C[C@H]2O[Si](C)(C)C(C)(C)C)C[C@H]1O[Si](C)(C)C(C)(C)C"", ""COC(=O)CC[C@@H]1O[C@@H](CCCC[C@@H]2O[C@@H](CN(N=O)C(C)=O)C[C@H]2O[Si](C)(C)C(C)(C)C)C[C@H]1O[Si](C)(C)C(C)(C)C"", ""COC(=O)CC[C@@H]1O[C@@H](CCCC[C@@H]2O[C@@H](C=[N+]=[N-])C[C@H]2O[Si](C)(C)C(C)(C)C)C[C@H]1O[Si](C)(C)C(C)(C)C"", ""CC(=O)OC[C@H]1OC=C[C@@H](OC(C)=O)[C@@H]1OC(C)=O"", ""CC(C)(C)[Si](C)(C)OC[C@H]1OC=C[C@@H](O[Si](C)(C)C(C)(C)C)[C@@H]1O[Si](C)(C)C(C)(C)C"", ""CC(C)(C)[Si](C)(C)OC[C@H]1OC(Cl)C[C@@H](O[Si](C)(C)C(C)(C)C)[C@@H]1O[Si](C)(C)C(C)(C)C"", ""COC(=O)C#N"", ""COC(=O)[C@@H]1C[C@@H](O[Si](C)(C)C(C)(C)C)[C@H](O[Si](C)(C)C(C)(C)C)[C@@H](CO)O1"", ""COC(=O)[C@@H]1C[C@@H](O[Si](C)(C)C(C)(C)C)[C@H](O[Si](C)(C)C(C)(C)C)[C@@H](C=O)O1"", ""C=CCO"", ""COCCl"", ""C=CCOCOC"", ""C=C[C@H](OCOC)[C@@H](O)[C@H]1O[C@H](C(=O)OC)C[C@@H](O[Si](C)(C)C(C)(C)C)[C@@H]1O[Si](C)(C)C(C)(C)C"", ""C=C[C@H](O)[C@@H](O)[C@H]1O[C@H](C(=O)OC)C[C@@H](O[Si](C)(C)C(C)(C)C)[C@@H]1O[Si](C)(C)C(C)(C)C"", ""C=C[C@H](O[Si](C)(C)C(C)(C)C)[C@@H](O[Si](C)(C)C(C)(C)C)[C@H]1O[C@H](C(=O)OC)C[C@@H](O[Si](C)(C)C(C)(C)C)[C@@H]1O[Si](C)(C)C(C)(C)C"", ""C=C[C@H](O[Si](C)(C)C(C)(C)C)[C@@H](O[Si](C)(C)C(C)(C)C)[C@H]1O[C@H](C=O)C[C@@H](O[Si](C)(C)C(C)(C)C)[C@@H]1O[Si](C)(C)C(C)(C)C"", ""C=C[C@H](O[Si](C)(C)C(C)(C)C)[C@@H](O[Si](C)(C)C(C)(C)C)[C@H]1O[C@H](C(=O)C[C@H]2C[C@@H](O[Si](C)(C)C(C)(C)C)[C@H](CCCC[C@H]3C[C@@H](O[Si](C)(C)C(C)(C)C)[C@H](CCC(=O)OC)O3)O2)C[C@@H](O[Si](C)(C)C(C)(C)C)[C@@H]1O[Si](C)(C)C(C)(C)C"", ""C=C[C@H](O[Si](C)(C)C(C)(C)C)[C@@H](O[Si](C)(C)C(C)(C)C)[C@H]1O[C@H]([C@@H](O)C[C@H]2C[C@@H](O[Si](C)(C)C(C)(C)C)[C@H](CCCC[C@H]3C[C@@H](O[Si](C)(C)C(C)(C)C)[C@H](CCC(=O)OC)O3)O2)C[C@@H](O[Si](C)(C)C(C)(C)C)[C@@H]1O[Si](C)(C)C(C)(C)C"", ""C=C[C@H](O[Si](C)(C)C(C)(C)C)[C@@H](O[Si](C)(C)C(C)(C)C)[C@H]1O[C@H]([C@H](O)C[C@H]2C[C@@H](O[Si](C)(C)C(C)(C)C)[C@H](CCCC[C@H]3C[C@@H](O[Si](C)(C)C(C)(C)C)[C@H](CCC(=O)OC)O3)O2)C[C@@H](O[Si](C)(C)C(C)(C)C)[C@@H]1O[Si](C)(C)C(C)(C)C"", ""C=C[C@H](O)[C@@H](O)[C@H]1O[C@H]([C@H](O)C[C@H]2C[C@@H](O)[C@H](CCCC[C@H]3C[C@@H](O)[C@H](CCCO)O3)O2)C[C@@H](O)[C@@H]1O""]","[""[Br-].[CH-]=C.[Mg+2].c1ccc(COC[C@H]2CO2)cc1>>C=CC[C@H](O)COCc1ccccc1"", ""C=CC(=O)OC.C=CC[C@H](O)COCc1ccccc1>>COC(=O)/C=C/C[C@H](O)COCc1ccccc1"", ""COC(=O)/C=C/C[C@H](O)COCc1ccccc1>>COC(=O)/C=C/C[C@@H](COCc1ccccc1)OS(C)(=O)=O"", ""COC(=O)/C=C/C[C@@H](COCc1ccccc1)OS(C)(=O)=O>>COC(=O)[C@H](O)[C@H](O)C[C@@H](COCc1ccccc1)OS(C)(=O)=O"", ""COC(=O)[C@H](O)[C@H](O)C[C@@H](COCc1ccccc1)OS(C)(=O)=O>>COC(=O)[C@@H]1O[C@@H](COCc2ccccc2)C[C@H]1O"", ""COC(=O)[C@@H]1O[C@@H](COCc2ccccc2)C[C@H]1O>>COC(=O)[C@@H]1O[C@@H](COCc2ccccc2)C[C@H]1O[Si](C)(C)C(C)(C)C"", ""COC(=O)[C@@H]1O[C@@H](COCc2ccccc2)C[C@H]1O[Si](C)(C)C(C)(C)C>>CC(C)(C)[Si](C)(C)O[C@@H]1C[C@H](COCc2ccccc2)O[C@H]1C=O"", ""C=P(c1ccccc1)(c1ccccc1)c1ccccc1.CC(C)(C)[Si](C)(C)O[C@@H]1C[C@H](COCc2ccccc2)O[C@H]1C=O>>C=C[C@@H]1O[C@@H](COCc2ccccc2)C[C@H]1O[Si](C)(C)C(C)(C)C"", ""CC(C)(C)[Si](C)(C)O[C@@H]1C[C@H](COCc2ccccc2)O[C@H]1C=O.COC(=O)C=P(c1ccccc1)(c1ccccc1)c1ccccc1>>COC(=O)/C=C/[C@@H]1O[C@@H](COCc2ccccc2)C[C@H]1O[Si](C)(C)C(C)(C)C.COC(=O)/C=C\\[C@@H]1O[C@@H](COCc2ccccc2)C[C@H]1O[Si](C)(C)C(C)(C)C"", ""COC(=O)/C=C/[C@@H]1O[C@@H](COCc2ccccc2)C[C@H]1O[Si](C)(C)C(C)(C)C.COC(=O)/C=C\\[C@@H]1O[C@@H](COCc2ccccc2)C[C@H]1O[Si](C)(C)C(C)(C)C>>COC(=O)CC[C@@H]1O[C@@H](CO)C[C@H]1O[Si](C)(C)C(C)(C)C"", ""COC(=O)CC[C@@H]1O[C@@H](CO)C[C@H]1O[Si](C)(C)C(C)(C)C>>COC(=O)CC[C@@H]1O[C@@H](C=O)C[C@H]1O[Si](C)(C)C(C)(C)C"", ""COC(=O)CC[C@@H]1O[C@@H](C=O)C[C@H]1O[Si](C)(C)C(C)(C)C.IC[P+](c1ccccc1)(c1ccccc1)c1ccccc1.[I-]>>COC(=O)CC[C@@H]1O[C@@H](/C=C\\I)C[C@H]1O[Si](C)(C)C(C)(C)C"", ""C=C[C@@H]1O[C@@H](COCc2ccccc2)C[C@H]1O[Si](C)(C)C(C)(C)C.COC(=O)CC[C@@H]1O[C@@H](/C=C\\I)C[C@H]1O[Si](C)(C)C(C)(C)C>>COC(=O)CC[C@@H]1O[C@@H](/C=C\\CC[C@@H]2O[C@@H](COCc3ccccc3)C[C@H]2O[Si](C)(C)C(C)(C)C)C[C@H]1O[Si](C)(C)C(C)(C)C"", ""COC(=O)CC[C@@H]1O[C@@H](/C=C\\CC[C@@H]2O[C@@H](COCc3ccccc3)C[C@H]2O[Si](C)(C)C(C)(C)C)C[C@H]1O[Si](C)(C)C(C)(C)C>>COC(=O)CC[C@@H]1O[C@@H](CCCC[C@@H]2O[C@@H](COCc3ccccc3)C[C@H]2O[Si](C)(C)C(C)(C)C)C[C@H]1O[Si](C)(C)C(C)(C)C"", ""COC(=O)CC[C@@H]1O[C@@H](CCCC[C@@H]2O[C@@H](COCc3ccccc3)C[C@H]2O[Si](C)(C)C(C)(C)C)C[C@H]1O[Si](C)(C)C(C)(C)C>>COC(=O)CC[C@@H]1O[C@@H](CCCC[C@@H]2O[C@@H](CO)C[C@H]2O[Si](C)(C)C(C)(C)C)C[C@H]1O[Si](C)(C)C(C)(C)C"", ""COC(=O)CC[C@@H]1O[C@@H](CCCC[C@@H]2O[C@@H](CO)C[C@H]2O[Si](C)(C)C(C)(C)C)C[C@H]1O[Si](C)(C)C(C)(C)C>>COC(=O)CC[C@@H]1O[C@@H](CCCC[C@@H]2O[C@@H](COS(C)(=O)=O)C[C@H]2O[Si](C)(C)C(C)(C)C)C[C@H]1O[Si](C)(C)C(C)(C)C"", ""COC(=O)CC[C@@H]1O[C@@H](CCCC[C@@H]2O[C@@H](COS(C)(=O)=O)C[C@H]2O[Si](C)(C)C(C)(C)C)C[C@H]1O[Si](C)(C)C(C)(C)C>>COC(=O)CC[C@@H]1O[C@@H](CCCC[C@@H]2O[C@@H](CN=[N+]=[N-])C[C@H]2O[Si](C)(C)C(C)(C)C)C[C@H]1O[Si](C)(C)C(C)(C)C"", ""COC(=O)CC[C@@H]1O[C@@H](CCCC[C@@H]2O[C@@H](CN=[N+]=[N-])C[C@H]2O[Si](C)(C)C(C)(C)C)C[C@H]1O[Si](C)(C)C(C)(C)C>>COC(=O)CC[C@@H]1O[C@@H](CCCC[C@@H]2O[C@@H](CNC(C)=O)C[C@H]2O[Si](C)(C)C(C)(C)C)C[C@H]1O[Si](C)(C)C(C)(C)C"", ""COC(=O)CC[C@@H]1O[C@@H](CCCC[C@@H]2O[C@@H](CNC(C)=O)C[C@H]2O[Si](C)(C)C(C)(C)C)C[C@H]1O[Si](C)(C)C(C)(C)C>>COC(=O)CC[C@@H]1O[C@@H](CCCC[C@@H]2O[C@@H](CN(N=O)C(C)=O)C[C@H]2O[Si](C)(C)C(C)(C)C)C[C@H]1O[Si](C)(C)C(C)(C)C"", ""COC(=O)CC[C@@H]1O[C@@H](CCCC[C@@H]2O[C@@H](CN(N=O)C(C)=O)C[C@H]2O[Si](C)(C)C(C)(C)C)C[C@H]1O[Si](C)(C)C(C)(C)C>>COC(=O)CC[C@@H]1O[C@@H](CCCC[C@@H]2O[C@@H](C=[N+]=[N-])C[C@H]2O[Si](C)(C)C(C)(C)C)C[C@H]1O[Si](C)(C)C(C)(C)C"", ""CC(=O)OC[C@H]1OC=C[C@@H](OC(C)=O)[C@@H]1OC(C)=O>>CC(C)(C)[Si](C)(C)OC[C@H]1OC=C[C@@H](O[Si](C)(C)C(C)(C)C)[C@@H]1O[Si](C)(C)C(C)(C)C"", ""CC(C)(C)[Si](C)(C)OC[C@H]1OC=C[C@@H](O[Si](C)(C)C(C)(C)C)[C@@H]1O[Si](C)(C)C(C)(C)C>>CC(C)(C)[Si](C)(C)OC[C@H]1OC(Cl)C[C@@H](O[Si](C)(C)C(C)(C)C)[C@@H]1O[Si](C)(C)C(C)(C)C"", ""CC(C)(C)[Si](C)(C)OC[C@H]1OC(Cl)C[C@@H](O[Si](C)(C)C(C)(C)C)[C@@H]1O[Si](C)(C)C(C)(C)C.COC(=O)C#N>>COC(=O)[C@@H]1C[C@@H](O[Si](C)(C)C(C)(C)C)[C@H](O[Si](C)(C)C(C)(C)C)[C@@H](CO)O1"", ""COC(=O)[C@@H]1C[C@@H](O[Si](C)(C)C(C)(C)C)[C@H](O[Si](C)(C)C(C)(C)C)[C@@H](CO)O1>>COC(=O)[C@@H]1C[C@@H](O[Si](C)(C)C(C)(C)C)[C@H](O[Si](C)(C)C(C)(C)C)[C@@H](C=O)O1"", ""C=CCO.COCCl>>C=CCOCOC"", ""C=CCOCOC.COC(=O)[C@@H]1C[C@@H](O[Si](C)(C)C(C)(C)C)[C@H](O[Si](C)(C)C(C)(C)C)[C@@H](C=O)O1>>C=C[C@H](OCOC)[C@@H](O)[C@H]1O[C@H](C(=O)OC)C[C@@H](O[Si](C)(C)C(C)(C)C)[C@@H]1O[Si](C)(C)C(C)(C)C"", ""C=C[C@H](OCOC)[C@@H](O)[C@H]1O[C@H](C(=O)OC)C[C@@H](O[Si](C)(C)C(C)(C)C)[C@@H]1O[Si](C)(C)C(C)(C)C>>C=C[C@H](O)[C@@H](O)[C@H]1O[C@H](C(=O)OC)C[C@@H](O[Si](C)(C)C(C)(C)C)[C@@H]1O[Si](C)(C)C(C)(C)C"", ""C=C[C@H](O)[C@@H](O)[C@H]1O[C@H](C(=O)OC)C[C@@H](O[Si](C)(C)C(C)(C)C)[C@@H]1O[Si](C)(C)C(C)(C)C>>C=C[C@H](O[Si](C)(C)C(C)(C)C)[C@@H](O[Si](C)(C)C(C)(C)C)[C@H]1O[C@H](C(=O)OC)C[C@@H](O[Si](C)(C)C(C)(C)C)[C@@H]1O[Si](C)(C)C(C)(C)C"", ""C=C[C@H](O[Si](C)(C)C(C)(C)C)[C@@H](O[Si](C)(C)C(C)(C)C)[C@H]1O[C@H](C(=O)OC)C[C@@H](O[Si](C)(C)C(C)(C)C)[C@@H]1O[Si](C)(C)C(C)(C)C>>C=C[C@H](O[Si](C)(C)C(C)(C)C)[C@@H](O[Si](C)(C)C(C)(C)C)[C@H]1O[C@H](C=O)C[C@@H](O[Si](C)(C)C(C)(C)C)[C@@H]1O[Si](C)(C)C(C)(C)C"", ""C=C[C@H](O[Si](C)(C)C(C)(C)C)[C@@H](O[Si](C)(C)C(C)(C)C)[C@H]1O[C@H](C=O)C[C@@H](O[Si](C)(C)C(C)(C)C)[C@@H]1O[Si](C)(C)C(C)(C)C.COC(=O)CC[C@@H]1O[C@@H](CCCC[C@@H]2O[C@@H](C=[N+]=[N-])C[C@H]2O[Si](C)(C)C(C)(C)C)C[C@H]1O[Si](C)(C)C(C)(C)C>>C=C[C@H](O[Si](C)(C)C(C)(C)C)[C@@H](O[Si](C)(C)C(C)(C)C)[C@H]1O[C@H](C(=O)C[C@H]2C[C@@H](O[Si](C)(C)C(C)(C)C)[C@H](CCCC[C@H]3C[C@@H](O[Si](C)(C)C(C)(C)C)[C@H](CCC(=O)OC)O3)O2)C[C@@H](O[Si](C)(C)C(C)(C)C)[C@@H]1O[Si](C)(C)C(C)(C)C"", ""C=C[C@H](O[Si](C)(C)C(C)(C)C)[C@@H](O[Si](C)(C)C(C)(C)C)[C@H]1O[C@H](C(=O)C[C@H]2C[C@@H](O[Si](C)(C)C(C)(C)C)[C@H](CCCC[C@H]3C[C@@H](O[Si](C)(C)C(C)(C)C)[C@H](CCC(=O)OC)O3)O2)C[C@@H](O[Si](C)(C)C(C)(C)C)[C@@H]1O[Si](C)(C)C(C)(C)C>>C=C[C@H](O[Si](C)(C)C(C)(C)C)[C@@H](O[Si](C)(C)C(C)(C)C)[C@H]1O[C@H]([C@@H](O)C[C@H]2C[C@@H](O[Si](C)(C)C(C)(C)C)[C@H](CCCC[C@H]3C[C@@H](O[Si](C)(C)C(C)(C)C)[C@H](CCC(=O)OC)O3)O2)C[C@@H](O[Si](C)(C)C(C)(C)C)[C@@H]1O[Si](C)(C)C(C)(C)C.C=C[C@H](O[Si](C)(C)C(C)(C)C)[C@@H](O[Si](C)(C)C(C)(C)C)[C@H]1O[C@H]([C@H](O)C[C@H]2C[C@@H](O[Si](C)(C)C(C)(C)C)[C@H](CCCC[C@H]3C[C@@H](O[Si](C)(C)C(C)(C)C)[C@H](CCC(=O)OC)O3)O2)C[C@@H](O[Si](C)(C)C(C)(C)C)[C@@H]1O[Si](C)(C)C(C)(C)C"", ""C=C[C@H](O[Si](C)(C)C(C)(C)C)[C@@H](O[Si](C)(C)C(C)(C)C)[C@H]1O[C@H]([C@H](O)C[C@H]2C[C@@H](O[Si](C)(C)C(C)(C)C)[C@H](CCCC[C@H]3C[C@@H](O[Si](C)(C)C(C)(C)C)[C@H](CCC(=O)OC)O3)O2)C[C@@H](O[Si](C)(C)C(C)(C)C)[C@@H]1O[Si](C)(C)C(C)(C)C>>C=C[C@H](O)[C@@H](O)[C@H]1O[C@H]([C@H](O)C[C@H]2C[C@@H](O)[C@H](CCCC[C@H]3C[C@@H](O)[C@H](CCCO)O3)O2)C[C@@H](O)[C@@H]1O""]",False,False,10.1021/jacs.6c05580,False,False
preparation-C20,tri-O-acetyl-D-glucal,"[""tri-O-acetyl-D-glucal"", ""Mander-reagent"", ""allyl-alcohol"", ""MOM-chloride""]",64,source_bound_control_branch,"[""C01"", ""C02"", ""C03"", ""C05"", ""C04"", ""C06"", ""C19"", ""C20""]","[""C01.1"", ""C02.1"", ""C03.1"", ""C05.1"", ""C04.1"", ""C06.1"", ""C19.1"", ""C20.1""]","[""tri-O-acetyl-D-glucal"", ""48"", ""49"", ""Mander-reagent"", ""50"", ""50-aldehyde"", ""allyl-alcohol"", ""MOM-chloride"", ""51"", ""52"", ""63"", ""64""]","[""CC(=O)OC[C@H]1OC=C[C@@H](OC(C)=O)[C@@H]1OC(C)=O"", ""CC(C)(C)[Si](C)(C)OC[C@H]1OC=C[C@@H](O[Si](C)(C)C(C)(C)C)[C@@H]1O[Si](C)(C)C(C)(C)C"", ""CC(C)(C)[Si](C)(C)OC[C@H]1OC(Cl)C[C@@H](O[Si](C)(C)C(C)(C)C)[C@@H]1O[Si](C)(C)C(C)(C)C"", ""COC(=O)C#N"", ""COC(=O)[C@@H]1C[C@@H](O[Si](C)(C)C(C)(C)C)[C@H](O[Si](C)(C)C(C)(C)C)[C@@H](CO)O1"", ""COC(=O)[C@@H]1C[C@@H](O[Si](C)(C)C(C)(C)C)[C@H](O[Si](C)(C)C(C)(C)C)[C@@H](C=O)O1"", ""C=CCO"", ""COCCl"", ""C=CCOCOC"", ""C=C[C@H](OCOC)[C@@H](O)[C@H]1O[C@H](C(=O)OC)C[C@@H](O[Si](C)(C)C(C)(C)C)[C@@H]1O[Si](C)(C)C(C)(C)C"", ""C=C[C@H](OCOC)C(=O)[C@H]1O[C@H](C(=O)OC)C[C@@H](O[Si](C)(C)C(C)(C)C)[C@@H]1O[Si](C)(C)C(C)(C)C"", ""C=C[C@H](OCOC)[C@H](O)[C@H]1O[C@H](C(=O)OC)C[C@@H](O[Si](C)(C)C(C)(C)C)[C@@H]1O[Si](C)(C)C(C)(C)C""]","[""CC(=O)OC[C@H]1OC=C[C@@H](OC(C)=O)[C@@H]1OC(C)=O>>CC(C)(C)[Si](C)(C)OC[C@H]1OC=C[C@@H](O[Si](C)(C)C(C)(C)C)[C@@H]1O[Si](C)(C)C(C)(C)C"", ""CC(C)(C)[Si](C)(C)OC[C@H]1OC=C[C@@H](O[Si](C)(C)C(C)(C)C)[C@@H]1O[Si](C)(C)C(C)(C)C>>CC(C)(C)[Si](C)(C)OC[C@H]1OC(Cl)C[C@@H](O[Si](C)(C)C(C)(C)C)[C@@H]1O[Si](C)(C)C(C)(C)C"", ""CC(C)(C)[Si](C)(C)OC[C@H]1OC(Cl)C[C@@H](O[Si](C)(C)C(C)(C)C)[C@@H]1O[Si](C)(C)C(C)(C)C.COC(=O)C#N>>COC(=O)[C@@H]1C[C@@H](O[Si](C)(C)C(C)(C)C)[C@H](O[Si](C)(C)C(C)(C)C)[C@@H](CO)O1"", ""COC(=O)[C@@H]1C[C@@H](O[Si](C)(C)C(C)(C)C)[C@H](O[Si](C)(C)C(C)(C)C)[C@@H](CO)O1>>COC(=O)[C@@H]1C[C@@H](O[Si](C)(C)C(C)(C)C)[C@H](O[Si](C)(C)C(C)(C)C)[C@@H](C=O)O1"", ""C=CCO.COCCl>>C=CCOCOC"", ""C=CCOCOC.COC(=O)[C@@H]1C[C@@H](O[Si](C)(C)C(C)(C)C)[C@H](O[Si](C)(C)C(C)(C)C)[C@@H](C=O)O1>>C=C[C@H](OCOC)[C@@H](O)[C@H]1O[C@H](C(=O)OC)C[C@@H](O[Si](C)(C)C(C)(C)C)[C@@H]1O[Si](C)(C)C(C)(C)C"", ""C=C[C@H](OCOC)[C@@H](O)[C@H]1O[C@H](C(=O)OC)C[C@@H](O[Si](C)(C)C(C)(C)C)[C@@H]1O[Si](C)(C)C(C)(C)C>>C=C[C@H](OCOC)C(=O)[C@H]1O[C@H](C(=O)OC)C[C@@H](O[Si](C)(C)C(C)(C)C)[C@@H]1O[Si](C)(C)C(C)(C)C"", ""C=C[C@H](OCOC)C(=O)[C@H]1O[C@H](C(=O)OC)C[C@@H](O[Si](C)(C)C(C)(C)C)[C@@H]1O[Si](C)(C)C(C)(C)C>>C=C[C@H](OCOC)[C@@H](O)[C@H]1O[C@H](C(=O)OC)C[C@@H](O[Si](C)(C)C(C)(C)C)[C@@H]1O[Si](C)(C)C(C)(C)C.C=C[C@H](OCOC)[C@H](O)[C@H]1O[C@H](C(=O)OC)C[C@@H](O[Si](C)(C)C(C)(C)C)[C@@H]1O[Si](C)(C)C(C)(C)C""]",False,False,10.1021/jacs.6c05580,False,False
preparation-C21,tri-O-acetyl-D-glucal,"[""tri-O-acetyl-D-glucal"", ""Mander-reagent"", ""allyl-alcohol"", ""MOM-chloride""]",64,source_bound_control_branch,"[""C01"", ""C02"", ""C03"", ""C05"", ""C04"", ""C21""]","[""C01.1"", ""C02.1"", ""C03.1"", ""C05.1"", ""C04.1"", ""C21.1""]","[""tri-O-acetyl-D-glucal"", ""48"", ""49"", ""Mander-reagent"", ""50"", ""50-aldehyde"", ""allyl-alcohol"", ""MOM-chloride"", ""51"", ""64""]","[""CC(=O)OC[C@H]1OC=C[C@@H](OC(C)=O)[C@@H]1OC(C)=O"", ""CC(C)(C)[Si](C)(C)OC[C@H]1OC=C[C@@H](O[Si](C)(C)C(C)(C)C)[C@@H]1O[Si](C)(C)C(C)(C)C"", ""CC(C)(C)[Si](C)(C)OC[C@H]1OC(Cl)C[C@@H](O[Si](C)(C)C(C)(C)C)[C@@H]1O[Si](C)(C)C(C)(C)C"", ""COC(=O)C#N"", ""COC(=O)[C@@H]1C[C@@H](O[Si](C)(C)C(C)(C)C)[C@H](O[Si](C)(C)C(C)(C)C)[C@@H](CO)O1"", ""COC(=O)[C@@H]1C[C@@H](O[Si](C)(C)C(C)(C)C)[C@H](O[Si](C)(C)C(C)(C)C)[C@@H](C=O)O1"", ""C=CCO"", ""COCCl"", ""C=CCOCOC"", ""C=C[C@H](OCOC)[C@H](O)[C@H]1O[C@H](C(=O)OC)C[C@@H](O[Si](C)(C)C(C)(C)C)[C@@H]1O[Si](C)(C)C(C)(C)C""]","[""CC(=O)OC[C@H]1OC=C[C@@H](OC(C)=O)[C@@H]1OC(C)=O>>CC(C)(C)[Si](C)(C)OC[C@H]1OC=C[C@@H](O[Si](C)(C)C(C)(C)C)[C@@H]1O[Si](C)(C)C(C)(C)C"", ""CC(C)(C)[Si](C)(C)OC[C@H]1OC=C[C@@H](O[Si](C)(C)C(C)(C)C)[C@@H]1O[Si](C)(C)C(C)(C)C>>CC(C)(C)[Si](C)(C)OC[C@H]1OC(Cl)C[C@@H](O[Si](C)(C)C(C)(C)C)[C@@H]1O[Si](C)(C)C(C)(C)C"", ""CC(C)(C)[Si](C)(C)OC[C@H]1OC(Cl)C[C@@H](O[Si](C)(C)C(C)(C)C)[C@@H]1O[Si](C)(C)C(C)(C)C.COC(=O)C#N>>COC(=O)[C@@H]1C[C@@H](O[Si](C)(C)C(C)(C)C)[C@H](O[Si](C)(C)C(C)(C)C)[C@@H](CO)O1"", ""COC(=O)[C@@H]1C[C@@H](O[Si](C)(C)C(C)(C)C)[C@H](O[Si](C)(C)C(C)(C)C)[C@@H](CO)O1>>COC(=O)[C@@H]1C[C@@H](O[Si](C)(C)C(C)(C)C)[C@H](O[Si](C)(C)C(C)(C)C)[C@@H](C=O)O1"", ""C=CCO.COCCl>>C=CCOCOC"", ""C=CCOCOC.COC(=O)[C@@H]1C[C@@H](O[Si](C)(C)C(C)(C)C)[C@H](O[Si](C)(C)C(C)(C)C)[C@@H](C=O)O1>>C=C[C@H](OCOC)[C@H](O)[C@H]1O[C@H](C(=O)OC)C[C@@H](O[Si](C)(C)C(C)(C)C)[C@@H]1O[Si](C)(C)C(C)(C)C""]",False,False,10.1021/jacs.6c05580,False,False
preparation-C26,31,"[""31"", ""vinylmagnesium-bromide"", ""methyl-acrylate"", ""methylene-triphenylphosphorane"", ""methoxycarbonylmethylene-triphenylphosphorane"", ""iodomethyltriphenylphosphonium-iodide"", ""tri-O-acetyl-D-glucal"", ""Mander-reagent"", ""allyl-alcohol"", ""MOM-chloride""]",69,source_bound_successful_synthesis,"[""B01"", ""B02"", ""B03"", ""B04"", ""B05"", ""B06"", ""B08"", ""B15"", ""B10"", ""B11"", ""B12"", ""B13"", ""B16"", ""B18"", ""B19"", ""B20"", ""B21"", ""B22"", ""B23"", ""C14"", ""C01"", ""C02"", ""C03"", ""C05"", ""C04"", ""C06"", ""C19"", ""C20"", ""C22"", ""C23"", ""C24"", ""C25"", ""C26""]","[""B01.1"", ""B02.1"", ""B03.1"", ""B04.1"", ""B05.1"", ""B06.1"", ""B08.1"", ""B15.1"", ""B10.1"", ""B11.1"", ""B12.1"", ""B13.1"", ""B16.1"", ""B18.1"", ""B19.1"", ""B20.1"", ""B21.1"", ""B22.1"", ""B23.1"", ""C14.1"", ""C01.1"", ""C02.1"", ""C03.1"", ""C05.1"", ""C04.1"", ""C06.1"", ""C19.1"", ""C20.1"", ""C22.1"", ""C23.1"", ""C24.1"", ""C25.1"", ""C26.1""]","[""31"", ""vinylmagnesium-bromide"", ""32"", ""methyl-acrylate"", ""S11"", ""33"", ""34"", ""S12"", ""35"", ""36"", ""methylene-triphenylphosphorane"", ""42"", ""methoxycarbonylmethylene-triphenylphosphorane"", ""38-E"", ""38-Z"", ""S15"", ""S15-aldehyde"", ""iodomethyltriphenylphosphonium-iodide"", ""39"", ""43"", ""45"", ""41"", ""41-mesylate"", ""46"", ""S16"", ""47"", ""59"", ""tri-O-acetyl-D-glucal"", ""48"", ""49"", ""Mander-reagent"", ""50"", ""50-aldehyde"", ""allyl-alcohol"", ""MOM-chloride"", ""51"", ""52"", ""63"", ""64"", ""S21"", ""S22"", ""67"", ""68"", ""69""]","[""c1ccc(COC[C@H]2CO2)cc1"", ""[Br-].[CH-]=C.[Mg+2]"", ""C=CC[C@H](O)COCc1ccccc1"", ""C=CC(=O)OC"", ""COC(=O)/C=C/C[C@H](O)COCc1ccccc1"", ""COC(=O)/C=C/C[C@@H](COCc1ccccc1)OS(C)(=O)=O"", ""COC(=O)[C@H](O)[C@H](O)C[C@@H](COCc1ccccc1)OS(C)(=O)=O"", ""COC(=O)[C@@H]1O[C@@H](COCc2ccccc2)C[C@H]1O"", ""COC(=O)[C@@H]1O[C@@H](COCc2ccccc2)C[C@H]1O[Si](C)(C)C(C)(C)C"", ""CC(C)(C)[Si](C)(C)O[C@@H]1C[C@H](COCc2ccccc2)O[C@H]1C=O"", ""C=P(c1ccccc1)(c1ccccc1)c1ccccc1"", ""C=C[C@@H]1O[C@@H](COCc2ccccc2)C[C@H]1O[Si](C)(C)C(C)(C)C"", ""COC(=O)C=P(c1ccccc1)(c1ccccc1)c1ccccc1"", ""COC(=O)/C=C/[C@@H]1O[C@@H](COCc2ccccc2)C[C@H]1O[Si](C)(C)C(C)(C)C"", ""COC(=O)/C=C\\[C@@H]1O[C@@H](COCc2ccccc2)C[C@H]1O[Si](C)(C)C(C)(C)C"", ""COC(=O)CC[C@@H]1O[C@@H](CO)C[C@H]1O[Si](C)(C)C(C)(C)C"", ""COC(=O)CC[C@@H]1O[C@@H](C=O)C[C@H]1O[Si](C)(C)C(C)(C)C"", ""IC[P+](c1ccccc1)(c1ccccc1)c1ccccc1.[I-]"", ""COC(=O)CC[C@@H]1O[C@@H](/C=C\\I)C[C@H]1O[Si](C)(C)C(C)(C)C"", ""COC(=O)CC[C@@H]1O[C@@H](/C=C\\CC[C@@H]2O[C@@H](COCc3ccccc3)C[C@H]2O[Si](C)(C)C(C)(C)C)C[C@H]1O[Si](C)(C)C(C)(C)C"", ""COC(=O)CC[C@@H]1O[C@@H](CCCC[C@@H]2O[C@@H](COCc3ccccc3)C[C@H]2O[Si](C)(C)C(C)(C)C)C[C@H]1O[Si](C)(C)C(C)(C)C"", ""COC(=O)CC[C@@H]1O[C@@H](CCCC[C@@H]2O[C@@H](CO)C[C@H]2O[Si](C)(C)C(C)(C)C)C[C@H]1O[Si](C)(C)C(C)(C)C"", ""COC(=O)CC[C@@H]1O[C@@H](CCCC[C@@H]2O[C@@H](COS(C)(=O)=O)C[C@H]2O[Si](C)(C)C(C)(C)C)C[C@H]1O[Si](C)(C)C(C)(C)C"", ""COC(=O)CC[C@@H]1O[C@@H](CCCC[C@@H]2O[C@@H](CN=[N+]=[N-])C[C@H]2O[Si](C)(C)C(C)(C)C)C[C@H]1O[Si](C)(C)C(C)(C)C"", ""COC(=O)CC[C@@H]1O[C@@H](CCCC[C@@H]2O[C@@H](CNC(C)=O)C[C@H]2O[Si](C)(C)C(C)(C)C)C[C@H]1O[Si](C)(C)C(C)(C)C"", ""COC(=O)CC[C@@H]1O[C@@H](CCCC[C@@H]2O[C@@H](CN(N=O)C(C)=O)C[C@H]2O[Si](C)(C)C(C)(C)C)C[C@H]1O[Si](C)(C)C(C)(C)C"", ""COC(=O)CC[C@@H]1O[C@@H](CCCC[C@@H]2O[C@@H](C=[N+]=[N-])C[C@H]2O[Si](C)(C)C(C)(C)C)C[C@H]1O[Si](C)(C)C(C)(C)C"", ""CC(=O)OC[C@H]1OC=C[C@@H](OC(C)=O)[C@@H]1OC(C)=O"", ""CC(C)(C)[Si](C)(C)OC[C@H]1OC=C[C@@H](O[Si](C)(C)C(C)(C)C)[C@@H]1O[Si](C)(C)C(C)(C)C"", ""CC(C)(C)[Si](C)(C)OC[C@H]1OC(Cl)C[C@@H](O[Si](C)(C)C(C)(C)C)[C@@H]1O[Si](C)(C)C(C)(C)C"", ""COC(=O)C#N"", ""COC(=O)[C@@H]1C[C@@H](O[Si](C)(C)C(C)(C)C)[C@H](O[Si](C)(C)C(C)(C)C)[C@@H](CO)O1"", ""COC(=O)[C@@H]1C[C@@H](O[Si](C)(C)C(C)(C)C)[C@H](O[Si](C)(C)C(C)(C)C)[C@@H](C=O)O1"", ""C=CCO"", ""COCCl"", ""C=CCOCOC"", ""C=C[C@H](OCOC)[C@@H](O)[C@H]1O[C@H](C(=O)OC)C[C@@H](O[Si](C)(C)C(C)(C)C)[C@@H]1O[Si](C)(C)C(C)(C)C"", ""C=C[C@H](OCOC)C(=O)[C@H]1O[C@H](C(=O)OC)C[C@@H](O[Si](C)(C)C(C)(C)C)[C@@H]1O[Si](C)(C)C(C)(C)C"", ""C=C[C@H](OCOC)[C@H](O)[C@H]1O[C@H](C(=O)OC)C[C@@H](O[Si](C)(C)C(C)(C)C)[C@@H]1O[Si](C)(C)C(C)(C)C"", ""C=C[C@H](O)[C@H](O)[C@H]1O[C@H](C(=O)OC)C[C@@H](O[Si](C)(C)C(C)(C)C)[C@@H]1O[Si](C)(C)C(C)(C)C"", ""C=C[C@H](O[Si](C)(C)C(C)(C)C)[C@H](O[Si](C)(C)C(C)(C)C)[C@H]1O[C@H](C(=O)OC)C[C@@H](O[Si](C)(C)C(C)(C)C)[C@@H]1O[Si](C)(C)C(C)(C)C"", ""C=C[C@H](O[Si](C)(C)C(C)(C)C)[C@H](O[Si](C)(C)C(C)(C)C)[C@H]1O[C@H](C=O)C[C@@H](O[Si](C)(C)C(C)(C)C)[C@@H]1O[Si](C)(C)C(C)(C)C"", ""C=C[C@H](O[Si](C)(C)C(C)(C)C)[C@H](O[Si](C)(C)C(C)(C)C)[C@H]1O[C@H](C(=O)C[C@H]2C[C@@H](O[Si](C)(C)C(C)(C)C)[C@H](CCCC[C@H]3C[C@@H](O[Si](C)(C)C(C)(C)C)[C@H](CCC(=O)OC)O3)O2)C[C@@H](O[Si](C)(C)C(C)(C)C)[C@@H]1O[Si](C)(C)C(C)(C)C"", ""C=C[C@H](O[Si](C)(C)C(C)(C)C)[C@H](O[Si](C)(C)C(C)(C)C)[C@H]1O[C@H]([C@@H](O)C[C@H]2C[C@@H](O[Si](C)(C)C(C)(C)C)[C@H](CCCC[C@H]3C[C@@H](O[Si](C)(C)C(C)(C)C)[C@H](CCC(=O)OC)O3)O2)C[C@@H](O[Si](C)(C)C(C)(C)C)[C@@H]1O[Si](C)(C)C(C)(C)C""]","[""[Br-].[CH-]=C.[Mg+2].c1ccc(COC[C@H]2CO2)cc1>>C=CC[C@H](O)COCc1ccccc1"", ""C=CC(=O)OC.C=CC[C@H](O)COCc1ccccc1>>COC(=O)/C=C/C[C@H](O)COCc1ccccc1"", ""COC(=O)/C=C/C[C@H](O)COCc1ccccc1>>COC(=O)/C=C/C[C@@H](COCc1ccccc1)OS(C)(=O)=O"", ""COC(=O)/C=C/C[C@@H](COCc1ccccc1)OS(C)(=O)=O>>COC(=O)[C@H](O)[C@H](O)C[C@@H](COCc1ccccc1)OS(C)(=O)=O"", ""COC(=O)[C@H](O)[C@H](O)C[C@@H](COCc1ccccc1)OS(C)(=O)=O>>COC(=O)[C@@H]1O[C@@H](COCc2ccccc2)C[C@H]1O"", ""COC(=O)[C@@H]1O[C@@H](COCc2ccccc2)C[C@H]1O>>COC(=O)[C@@H]1O[C@@H](COCc2ccccc2)C[C@H]1O[Si](C)(C)C(C)(C)C"", ""COC(=O)[C@@H]1O[C@@H](COCc2ccccc2)C[C@H]1O[Si](C)(C)C(C)(C)C>>CC(C)(C)[Si](C)(C)O[C@@H]1C[C@H](COCc2ccccc2)O[C@H]1C=O"", ""C=P(c1ccccc1)(c1ccccc1)c1ccccc1.CC(C)(C)[Si](C)(C)O[C@@H]1C[C@H](COCc2ccccc2)O[C@H]1C=O>>C=C[C@@H]1O[C@@H](COCc2ccccc2)C[C@H]1O[Si](C)(C)C(C)(C)C"", ""CC(C)(C)[Si](C)(C)O[C@@H]1C[C@H](COCc2ccccc2)O[C@H]1C=O.COC(=O)C=P(c1ccccc1)(c1ccccc1)c1ccccc1>>COC(=O)/C=C/[C@@H]1O[C@@H](COCc2ccccc2)C[C@H]1O[Si](C)(C)C(C)(C)C.COC(=O)/C=C\\[C@@H]1O[C@@H](COCc2ccccc2)C[C@H]1O[Si](C)(C)C(C)(C)C"", ""COC(=O)/C=C/[C@@H]1O[C@@H](COCc2ccccc2)C[C@H]1O[Si](C)(C)C(C)(C)C.COC(=O)/C=C\\[C@@H]1O[C@@H](COCc2ccccc2)C[C@H]1O[Si](C)(C)C(C)(C)C>>COC(=O)CC[C@@H]1O[C@@H](CO)C[C@H]1O[Si](C)(C)C(C)(C)C"", ""COC(=O)CC[C@@H]1O[C@@H](CO)C[C@H]1O[Si](C)(C)C(C)(C)C>>COC(=O)CC[C@@H]1O[C@@H](C=O)C[C@H]1O[Si](C)(C)C(C)(C)C"", ""COC(=O)CC[C@@H]1O[C@@H](C=O)C[C@H]1O[Si](C)(C)C(C)(C)C.IC[P+](c1ccccc1)(c1ccccc1)c1ccccc1.[I-]>>COC(=O)CC[C@@H]1O[C@@H](/C=C\\I)C[C@H]1O[Si](C)(C)C(C)(C)C"", ""C=C[C@@H]1O[C@@H](COCc2ccccc2)C[C@H]1O[Si](C)(C)C(C)(C)C.COC(=O)CC[C@@H]1O[C@@H](/C=C\\I)C[C@H]1O[Si](C)(C)C(C)(C)C>>COC(=O)CC[C@@H]1O[C@@H](/C=C\\CC[C@@H]2O[C@@H](COCc3ccccc3)C[C@H]2O[Si](C)(C)C(C)(C)C)C[C@H]1O[Si](C)(C)C(C)(C)C"", ""COC(=O)CC[C@@H]1O[C@@H](/C=C\\CC[C@@H]2O[C@@H](COCc3ccccc3)C[C@H]2O[Si](C)(C)C(C)(C)C)C[C@H]1O[Si](C)(C)C(C)(C)C>>COC(=O)CC[C@@H]1O[C@@H](CCCC[C@@H]2O[C@@H](COCc3ccccc3)C[C@H]2O[Si](C)(C)C(C)(C)C)C[C@H]1O[Si](C)(C)C(C)(C)C"", ""COC(=O)CC[C@@H]1O[C@@H](CCCC[C@@H]2O[C@@H](COCc3ccccc3)C[C@H]2O[Si](C)(C)C(C)(C)C)C[C@H]1O[Si](C)(C)C(C)(C)C>>COC(=O)CC[C@@H]1O[C@@H](CCCC[C@@H]2O[C@@H](CO)C[C@H]2O[Si](C)(C)C(C)(C)C)C[C@H]1O[Si](C)(C)C(C)(C)C"", ""COC(=O)CC[C@@H]1O[C@@H](CCCC[C@@H]2O[C@@H](CO)C[C@H]2O[Si](C)(C)C(C)(C)C)C[C@H]1O[Si](C)(C)C(C)(C)C>>COC(=O)CC[C@@H]1O[C@@H](CCCC[C@@H]2O[C@@H](COS(C)(=O)=O)C[C@H]2O[Si](C)(C)C(C)(C)C)C[C@H]1O[Si](C)(C)C(C)(C)C"", ""COC(=O)CC[C@@H]1O[C@@H](CCCC[C@@H]2O[C@@H](COS(C)(=O)=O)C[C@H]2O[Si](C)(C)C(C)(C)C)C[C@H]1O[Si](C)(C)C(C)(C)C>>COC(=O)CC[C@@H]1O[C@@H](CCCC[C@@H]2O[C@@H](CN=[N+]=[N-])C[C@H]2O[Si](C)(C)C(C)(C)C)C[C@H]1O[Si](C)(C)C(C)(C)C"", ""COC(=O)CC[C@@H]1O[C@@H](CCCC[C@@H]2O[C@@H](CN=[N+]=[N-])C[C@H]2O[Si](C)(C)C(C)(C)C)C[C@H]1O[Si](C)(C)C(C)(C)C>>COC(=O)CC[C@@H]1O[C@@H](CCCC[C@@H]2O[C@@H](CNC(C)=O)C[C@H]2O[Si](C)(C)C(C)(C)C)C[C@H]1O[Si](C)(C)C(C)(C)C"", ""COC(=O)CC[C@@H]1O[C@@H](CCCC[C@@H]2O[C@@H](CNC(C)=O)C[C@H]2O[Si](C)(C)C(C)(C)C)C[C@H]1O[Si](C)(C)C(C)(C)C>>COC(=O)CC[C@@H]1O[C@@H](CCCC[C@@H]2O[C@@H](CN(N=O)C(C)=O)C[C@H]2O[Si](C)(C)C(C)(C)C)C[C@H]1O[Si](C)(C)C(C)(C)C"", ""COC(=O)CC[C@@H]1O[C@@H](CCCC[C@@H]2O[C@@H](CN(N=O)C(C)=O)C[C@H]2O[Si](C)(C)C(C)(C)C)C[C@H]1O[Si](C)(C)C(C)(C)C>>COC(=O)CC[C@@H]1O[C@@H](CCCC[C@@H]2O[C@@H](C=[N+]=[N-])C[C@H]2O[Si](C)(C)C(C)(C)C)C[C@H]1O[Si](C)(C)C(C)(C)C"", ""CC(=O)OC[C@H]1OC=C[C@@H](OC(C)=O)[C@@H]1OC(C)=O>>CC(C)(C)[Si](C)(C)OC[C@H]1OC=C[C@@H](O[Si](C)(C)C(C)(C)C)[C@@H]1O[Si](C)(C)C(C)(C)C"", ""CC(C)(C)[Si](C)(C)OC[C@H]1OC=C[C@@H](O[Si](C)(C)C(C)(C)C)[C@@H]1O[Si](C)(C)C(C)(C)C>>CC(C)(C)[Si](C)(C)OC[C@H]1OC(Cl)C[C@@H](O[Si](C)(C)C(C)(C)C)[C@@H]1O[Si](C)(C)C(C)(C)C"", ""CC(C)(C)[Si](C)(C)OC[C@H]1OC(Cl)C[C@@H](O[Si](C)(C)C(C)(C)C)[C@@H]1O[Si](C)(C)C(C)(C)C.COC(=O)C#N>>COC(=O)[C@@H]1C[C@@H](O[Si](C)(C)C(C)(C)C)[C@H](O[Si](C)(C)C(C)(C)C)[C@@H](CO)O1"", ""COC(=O)[C@@H]1C[C@@H](O[Si](C)(C)C(C)(C)C)[C@H](O[Si](C)(C)C(C)(C)C)[C@@H](CO)O1>>COC(=O)[C@@H]1C[C@@H](O[Si](C)(C)C(C)(C)C)[C@H](O[Si](C)(C)C(C)(C)C)[C@@H](C=O)O1"", ""C=CCO.COCCl>>C=CCOCOC"", ""C=CCOCOC.COC(=O)[C@@H]1C[C@@H](O[Si](C)(C)C(C)(C)C)[C@H](O[Si](C)(C)C(C)(C)C)[C@@H](C=O)O1>>C=C[C@H](OCOC)[C@@H](O)[C@H]1O[C@H](C(=O)OC)C[C@@H](O[Si](C)(C)C(C)(C)C)[C@@H]1O[Si](C)(C)C(C)(C)C"", ""C=C[C@H](OCOC)[C@@H](O)[C@H]1O[C@H](C(=O)OC)C[C@@H](O[Si](C)(C)C(C)(C)C)[C@@H]1O[Si](C)(C)C(C)(C)C>>C=C[C@H](OCOC)C(=O)[C@H]1O[C@H](C(=O)OC)C[C@@H](O[Si](C)(C)C(C)(C)C)[C@@H]1O[Si](C)(C)C(C)(C)C"", ""C=C[C@H](OCOC)C(=O)[C@H]1O[C@H](C(=O)OC)C[C@@H](O[Si](C)(C)C(C)(C)C)[C@@H]1O[Si](C)(C)C(C)(C)C>>C=C[C@H](OCOC)[C@@H](O)[C@H]1O[C@H](C(=O)OC)C[C@@H](O[Si](C)(C)C(C)(C)C)[C@@H]1O[Si](C)(C)C(C)(C)C.C=C[C@H](OCOC)[C@H](O)[C@H]1O[C@H](C(=O)OC)C[C@@H](O[Si](C)(C)C(C)(C)C)[C@@H]1O[Si](C)(C)C(C)(C)C"", ""C=C[C@H](OCOC)[C@H](O)[C@H]1O[C@H](C(=O)OC)C[C@@H](O[Si](C)(C)C(C)(C)C)[C@@H]1O[Si](C)(C)C(C)(C)C>>C=C[C@H](O)[C@H](O)[C@H]1O[C@H](C(=O)OC)C[C@@H](O[Si](C)(C)C(C)(C)C)[C@@H]1O[Si](C)(C)C(C)(C)C"", ""C=C[C@H](O)[C@H](O)[C@H]1O[C@H](C(=O)OC)C[C@@H](O[Si](C)(C)C(C)(C)C)[C@@H]1O[Si](C)(C)C(C)(C)C>>C=C[C@H](O[Si](C)(C)C(C)(C)C)[C@H](O[Si](C)(C)C(C)(C)C)[C@H]1O[C@H](C(=O)OC)C[C@@H](O[Si](C)(C)C(C)(C)C)[C@@H]1O[Si](C)(C)C(C)(C)C"", ""C=C[C@H](O[Si](C)(C)C(C)(C)C)[C@H](O[Si](C)(C)C(C)(C)C)[C@H]1O[C@H](C(=O)OC)C[C@@H](O[Si](C)(C)C(C)(C)C)[C@@H]1O[Si](C)(C)C(C)(C)C>>C=C[C@H](O[Si](C)(C)C(C)(C)C)[C@H](O[Si](C)(C)C(C)(C)C)[C@H]1O[C@H](C=O)C[C@@H](O[Si](C)(C)C(C)(C)C)[C@@H]1O[Si](C)(C)C(C)(C)C"", ""C=C[C@H](O[Si](C)(C)C(C)(C)C)[C@H](O[Si](C)(C)C(C)(C)C)[C@H]1O[C@H](C=O)C[C@@H](O[Si](C)(C)C(C)(C)C)[C@@H]1O[Si](C)(C)C(C)(C)C.COC(=O)CC[C@@H]1O[C@@H](CCCC[C@@H]2O[C@@H](C=[N+]=[N-])C[C@H]2O[Si](C)(C)C(C)(C)C)C[C@H]1O[Si](C)(C)C(C)(C)C>>C=C[C@H](O[Si](C)(C)C(C)(C)C)[C@H](O[Si](C)(C)C(C)(C)C)[C@H]1O[C@H](C(=O)C[C@H]2C[C@@H](O[Si](C)(C)C(C)(C)C)[C@H](CCCC[C@H]3C[C@@H](O[Si](C)(C)C(C)(C)C)[C@H](CCC(=O)OC)O3)O2)C[C@@H](O[Si](C)(C)C(C)(C)C)[C@@H]1O[Si](C)(C)C(C)(C)C"", ""C=C[C@H](O[Si](C)(C)C(C)(C)C)[C@H](O[Si](C)(C)C(C)(C)C)[C@H]1O[C@H](C(=O)C[C@H]2C[C@@H](O[Si](C)(C)C(C)(C)C)[C@H](CCCC[C@H]3C[C@@H](O[Si](C)(C)C(C)(C)C)[C@H](CCC(=O)OC)O3)O2)C[C@@H](O[Si](C)(C)C(C)(C)C)[C@@H]1O[Si](C)(C)C(C)(C)C>>C=C[C@H](O[Si](C)(C)C(C)(C)C)[C@H](O[Si](C)(C)C(C)(C)C)[C@H]1O[C@H]([C@@H](O)C[C@H]2C[C@@H](O[Si](C)(C)C(C)(C)C)[C@H](CCCC[C@H]3C[C@@H](O[Si](C)(C)C(C)(C)C)[C@H](CCC(=O)OC)O3)O2)C[C@@H](O[Si](C)(C)C(C)(C)C)[C@@H]1O[Si](C)(C)C(C)(C)C""]",False,False,10.1021/jacs.6c05580,False,False
preparation-C27,31,"[""31"", ""vinylmagnesium-bromide"", ""methyl-acrylate"", ""methylene-triphenylphosphorane"", ""methoxycarbonylmethylene-triphenylphosphorane"", ""iodomethyltriphenylphosphonium-iodide"", ""tri-O-acetyl-D-glucal"", ""Mander-reagent"", ""allyl-alcohol"", ""MOM-chloride""]",70,source_bound_control_branch,"[""B01"", ""B02"", ""B03"", ""B04"", ""B05"", ""B06"", ""B08"", ""B15"", ""B10"", ""B11"", ""B12"", ""B13"", ""B16"", ""B18"", ""B19"", ""B20"", ""B21"", ""B22"", ""B23"", ""C14"", ""C01"", ""C02"", ""C03"", ""C05"", ""C04"", ""C06"", ""C19"", ""C20"", ""C22"", ""C23"", ""C24"", ""C25"", ""C26"", ""C27""]","[""B01.1"", ""B02.1"", ""B03.1"", ""B04.1"", ""B05.1"", ""B06.1"", ""B08.1"", ""B15.1"", ""B10.1"", ""B11.1"", ""B12.1"", ""B13.1"", ""B16.1"", ""B18.1"", ""B19.1"", ""B20.1"", ""B21.1"", ""B22.1"", ""B23.1"", ""C14.1"", ""C01.1"", ""C02.1"", ""C03.1"", ""C05.1"", ""C04.1"", ""C06.1"", ""C19.1"", ""C20.1"", ""C22.1"", ""C23.1"", ""C24.1"", ""C25.1"", ""C26.1"", ""C27.1""]","[""31"", ""vinylmagnesium-bromide"", ""32"", ""methyl-acrylate"", ""S11"", ""33"", ""34"", ""S12"", ""35"", ""36"", ""methylene-triphenylphosphorane"", ""42"", ""methoxycarbonylmethylene-triphenylphosphorane"", ""38-E"", ""38-Z"", ""S15"", ""S15-aldehyde"", ""iodomethyltriphenylphosphonium-iodide"", ""39"", ""43"", ""45"", ""41"", ""41-mesylate"", ""46"", ""S16"", ""47"", ""59"", ""tri-O-acetyl-D-glucal"", ""48"", ""49"", ""Mander-reagent"", ""50"", ""50-aldehyde"", ""allyl-alcohol"", ""MOM-chloride"", ""51"", ""52"", ""63"", ""64"", ""S21"", ""S22"", ""67"", ""68"", ""69"", ""70""]","[""c1ccc(COC[C@H]2CO2)cc1"", ""[Br-].[CH-]=C.[Mg+2]"", ""C=CC[C@H](O)COCc1ccccc1"", ""C=CC(=O)OC"", ""COC(=O)/C=C/C[C@H](O)COCc1ccccc1"", ""COC(=O)/C=C/C[C@@H](COCc1ccccc1)OS(C)(=O)=O"", ""COC(=O)[C@H](O)[C@H](O)C[C@@H](COCc1ccccc1)OS(C)(=O)=O"", ""COC(=O)[C@@H]1O[C@@H](COCc2ccccc2)C[C@H]1O"", ""COC(=O)[C@@H]1O[C@@H](COCc2ccccc2)C[C@H]1O[Si](C)(C)C(C)(C)C"", ""CC(C)(C)[Si](C)(C)O[C@@H]1C[C@H](COCc2ccccc2)O[C@H]1C=O"", ""C=P(c1ccccc1)(c1ccccc1)c1ccccc1"", ""C=C[C@@H]1O[C@@H](COCc2ccccc2)C[C@H]1O[Si](C)(C)C(C)(C)C"", ""COC(=O)C=P(c1ccccc1)(c1ccccc1)c1ccccc1"", ""COC(=O)/C=C/[C@@H]1O[C@@H](COCc2ccccc2)C[C@H]1O[Si](C)(C)C(C)(C)C"", ""COC(=O)/C=C\\[C@@H]1O[C@@H](COCc2ccccc2)C[C@H]1O[Si](C)(C)C(C)(C)C"", ""COC(=O)CC[C@@H]1O[C@@H](CO)C[C@H]1O[Si](C)(C)C(C)(C)C"", ""COC(=O)CC[C@@H]1O[C@@H](C=O)C[C@H]1O[Si](C)(C)C(C)(C)C"", ""IC[P+](c1ccccc1)(c1ccccc1)c1ccccc1.[I-]"", ""COC(=O)CC[C@@H]1O[C@@H](/C=C\\I)C[C@H]1O[Si](C)(C)C(C)(C)C"", ""COC(=O)CC[C@@H]1O[C@@H](/C=C\\CC[C@@H]2O[C@@H](COCc3ccccc3)C[C@H]2O[Si](C)(C)C(C)(C)C)C[C@H]1O[Si](C)(C)C(C)(C)C"", ""COC(=O)CC[C@@H]1O[C@@H](CCCC[C@@H]2O[C@@H](COCc3ccccc3)C[C@H]2O[Si](C)(C)C(C)(C)C)C[C@H]1O[Si](C)(C)C(C)(C)C"", ""COC(=O)CC[C@@H]1O[C@@H](CCCC[C@@H]2O[C@@H](CO)C[C@H]2O[Si](C)(C)C(C)(C)C)C[C@H]1O[Si](C)(C)C(C)(C)C"", ""COC(=O)CC[C@@H]1O[C@@H](CCCC[C@@H]2O[C@@H](COS(C)(=O)=O)C[C@H]2O[Si](C)(C)C(C)(C)C)C[C@H]1O[Si](C)(C)C(C)(C)C"", ""COC(=O)CC[C@@H]1O[C@@H](CCCC[C@@H]2O[C@@H](CN=[N+]=[N-])C[C@H]2O[Si](C)(C)C(C)(C)C)C[C@H]1O[Si](C)(C)C(C)(C)C"", ""COC(=O)CC[C@@H]1O[C@@H](CCCC[C@@H]2O[C@@H](CNC(C)=O)C[C@H]2O[Si](C)(C)C(C)(C)C)C[C@H]1O[Si](C)(C)C(C)(C)C"", ""COC(=O)CC[C@@H]1O[C@@H](CCCC[C@@H]2O[C@@H](CN(N=O)C(C)=O)C[C@H]2O[Si](C)(C)C(C)(C)C)C[C@H]1O[Si](C)(C)C(C)(C)C"", ""COC(=O)CC[C@@H]1O[C@@H](CCCC[C@@H]2O[C@@H](C=[N+]=[N-])C[C@H]2O[Si](C)(C)C(C)(C)C)C[C@H]1O[Si](C)(C)C(C)(C)C"", ""CC(=O)OC[C@H]1OC=C[C@@H](OC(C)=O)[C@@H]1OC(C)=O"", ""CC(C)(C)[Si](C)(C)OC[C@H]1OC=C[C@@H](O[Si](C)(C)C(C)(C)C)[C@@H]1O[Si](C)(C)C(C)(C)C"", ""CC(C)(C)[Si](C)(C)OC[C@H]1OC(Cl)C[C@@H](O[Si](C)(C)C(C)(C)C)[C@@H]1O[Si](C)(C)C(C)(C)C"", ""COC(=O)C#N"", ""COC(=O)[C@@H]1C[C@@H](O[Si](C)(C)C(C)(C)C)[C@H](O[Si](C)(C)C(C)(C)C)[C@@H](CO)O1"", ""COC(=O)[C@@H]1C[C@@H](O[Si](C)(C)C(C)(C)C)[C@H](O[Si](C)(C)C(C)(C)C)[C@@H](C=O)O1"", ""C=CCO"", ""COCCl"", ""C=CCOCOC"", ""C=C[C@H](OCOC)[C@@H](O)[C@H]1O[C@H](C(=O)OC)C[C@@H](O[Si](C)(C)C(C)(C)C)[C@@H]1O[Si](C)(C)C(C)(C)C"", ""C=C[C@H](OCOC)C(=O)[C@H]1O[C@H](C(=O)OC)C[C@@H](O[Si](C)(C)C(C)(C)C)[C@@H]1O[Si](C)(C)C(C)(C)C"", ""C=C[C@H](OCOC)[C@H](O)[C@H]1O[C@H](C(=O)OC)C[C@@H](O[Si](C)(C)C(C)(C)C)[C@@H]1O[Si](C)(C)C(C)(C)C"", ""C=C[C@H](O)[C@H](O)[C@H]1O[C@H](C(=O)OC)C[C@@H](O[Si](C)(C)C(C)(C)C)[C@@H]1O[Si](C)(C)C(C)(C)C"", ""C=C[C@H](O[Si](C)(C)C(C)(C)C)[C@H](O[Si](C)(C)C(C)(C)C)[C@H]1O[C@H](C(=O)OC)C[C@@H](O[Si](C)(C)C(C)(C)C)[C@@H]1O[Si](C)(C)C(C)(C)C"", ""C=C[C@H](O[Si](C)(C)C(C)(C)C)[C@H](O[Si](C)(C)C(C)(C)C)[C@H]1O[C@H](C=O)C[C@@H](O[Si](C)(C)C(C)(C)C)[C@@H]1O[Si](C)(C)C(C)(C)C"", ""C=C[C@H](O[Si](C)(C)C(C)(C)C)[C@H](O[Si](C)(C)C(C)(C)C)[C@H]1O[C@H](C(=O)C[C@H]2C[C@@H](O[Si](C)(C)C(C)(C)C)[C@H](CCCC[C@H]3C[C@@H](O[Si](C)(C)C(C)(C)C)[C@H](CCC(=O)OC)O3)O2)C[C@@H](O[Si](C)(C)C(C)(C)C)[C@@H]1O[Si](C)(C)C(C)(C)C"", ""C=C[C@H](O[Si](C)(C)C(C)(C)C)[C@H](O[Si](C)(C)C(C)(C)C)[C@H]1O[C@H]([C@@H](O)C[C@H]2C[C@@H](O[Si](C)(C)C(C)(C)C)[C@H](CCCC[C@H]3C[C@@H](O[Si](C)(C)C(C)(C)C)[C@H](CCC(=O)OC)O3)O2)C[C@@H](O[Si](C)(C)C(C)(C)C)[C@@H]1O[Si](C)(C)C(C)(C)C"", ""C=C[C@H](O)[C@H](O)[C@H]1O[C@H]([C@@H](O)C[C@H]2C[C@@H](O)[C@H](CCCC[C@H]3C[C@@H](O)[C@H](CCCO)O3)O2)C[C@@H](O)[C@@H]1O""]","[""[Br-].[CH-]=C.[Mg+2].c1ccc(COC[C@H]2CO2)cc1>>C=CC[C@H](O)COCc1ccccc1"", ""C=CC(=O)OC.C=CC[C@H](O)COCc1ccccc1>>COC(=O)/C=C/C[C@H](O)COCc1ccccc1"", ""COC(=O)/C=C/C[C@H](O)COCc1ccccc1>>COC(=O)/C=C/C[C@@H](COCc1ccccc1)OS(C)(=O)=O"", ""COC(=O)/C=C/C[C@@H](COCc1ccccc1)OS(C)(=O)=O>>COC(=O)[C@H](O)[C@H](O)C[C@@H](COCc1ccccc1)OS(C)(=O)=O"", ""COC(=O)[C@H](O)[C@H](O)C[C@@H](COCc1ccccc1)OS(C)(=O)=O>>COC(=O)[C@@H]1O[C@@H](COCc2ccccc2)C[C@H]1O"", ""COC(=O)[C@@H]1O[C@@H](COCc2ccccc2)C[C@H]1O>>COC(=O)[C@@H]1O[C@@H](COCc2ccccc2)C[C@H]1O[Si](C)(C)C(C)(C)C"", ""COC(=O)[C@@H]1O[C@@H](COCc2ccccc2)C[C@H]1O[Si](C)(C)C(C)(C)C>>CC(C)(C)[Si](C)(C)O[C@@H]1C[C@H](COCc2ccccc2)O[C@H]1C=O"", ""C=P(c1ccccc1)(c1ccccc1)c1ccccc1.CC(C)(C)[Si](C)(C)O[C@@H]1C[C@H](COCc2ccccc2)O[C@H]1C=O>>C=C[C@@H]1O[C@@H](COCc2ccccc2)C[C@H]1O[Si](C)(C)C(C)(C)C"", ""CC(C)(C)[Si](C)(C)O[C@@H]1C[C@H](COCc2ccccc2)O[C@H]1C=O.COC(=O)C=P(c1ccccc1)(c1ccccc1)c1ccccc1>>COC(=O)/C=C/[C@@H]1O[C@@H](COCc2ccccc2)C[C@H]1O[Si](C)(C)C(C)(C)C.COC(=O)/C=C\\[C@@H]1O[C@@H](COCc2ccccc2)C[C@H]1O[Si](C)(C)C(C)(C)C"", ""COC(=O)/C=C/[C@@H]1O[C@@H](COCc2ccccc2)C[C@H]1O[Si](C)(C)C(C)(C)C.COC(=O)/C=C\\[C@@H]1O[C@@H](COCc2ccccc2)C[C@H]1O[Si](C)(C)C(C)(C)C>>COC(=O)CC[C@@H]1O[C@@H](CO)C[C@H]1O[Si](C)(C)C(C)(C)C"", ""COC(=O)CC[C@@H]1O[C@@H](CO)C[C@H]1O[Si](C)(C)C(C)(C)C>>COC(=O)CC[C@@H]1O[C@@H](C=O)C[C@H]1O[Si](C)(C)C(C)(C)C"", ""COC(=O)CC[C@@H]1O[C@@H](C=O)C[C@H]1O[Si](C)(C)C(C)(C)C.IC[P+](c1ccccc1)(c1ccccc1)c1ccccc1.[I-]>>COC(=O)CC[C@@H]1O[C@@H](/C=C\\I)C[C@H]1O[Si](C)(C)C(C)(C)C"", ""C=C[C@@H]1O[C@@H](COCc2ccccc2)C[C@H]1O[Si](C)(C)C(C)(C)C.COC(=O)CC[C@@H]1O[C@@H](/C=C\\I)C[C@H]1O[Si](C)(C)C(C)(C)C>>COC(=O)CC[C@@H]1O[C@@H](/C=C\\CC[C@@H]2O[C@@H](COCc3ccccc3)C[C@H]2O[Si](C)(C)C(C)(C)C)C[C@H]1O[Si](C)(C)C(C)(C)C"", ""COC(=O)CC[C@@H]1O[C@@H](/C=C\\CC[C@@H]2O[C@@H](COCc3ccccc3)C[C@H]2O[Si](C)(C)C(C)(C)C)C[C@H]1O[Si](C)(C)C(C)(C)C>>COC(=O)CC[C@@H]1O[C@@H](CCCC[C@@H]2O[C@@H](COCc3ccccc3)C[C@H]2O[Si](C)(C)C(C)(C)C)C[C@H]1O[Si](C)(C)C(C)(C)C"", ""COC(=O)CC[C@@H]1O[C@@H](CCCC[C@@H]2O[C@@H](COCc3ccccc3)C[C@H]2O[Si](C)(C)C(C)(C)C)C[C@H]1O[Si](C)(C)C(C)(C)C>>COC(=O)CC[C@@H]1O[C@@H](CCCC[C@@H]2O[C@@H](CO)C[C@H]2O[Si](C)(C)C(C)(C)C)C[C@H]1O[Si](C)(C)C(C)(C)C"", ""COC(=O)CC[C@@H]1O[C@@H](CCCC[C@@H]2O[C@@H](CO)C[C@H]2O[Si](C)(C)C(C)(C)C)C[C@H]1O[Si](C)(C)C(C)(C)C>>COC(=O)CC[C@@H]1O[C@@H](CCCC[C@@H]2O[C@@H](COS(C)(=O)=O)C[C@H]2O[Si](C)(C)C(C)(C)C)C[C@H]1O[Si](C)(C)C(C)(C)C"", ""COC(=O)CC[C@@H]1O[C@@H](CCCC[C@@H]2O[C@@H](COS(C)(=O)=O)C[C@H]2O[Si](C)(C)C(C)(C)C)C[C@H]1O[Si](C)(C)C(C)(C)C>>COC(=O)CC[C@@H]1O[C@@H](CCCC[C@@H]2O[C@@H](CN=[N+]=[N-])C[C@H]2O[Si](C)(C)C(C)(C)C)C[C@H]1O[Si](C)(C)C(C)(C)C"", ""COC(=O)CC[C@@H]1O[C@@H](CCCC[C@@H]2O[C@@H](CN=[N+]=[N-])C[C@H]2O[Si](C)(C)C(C)(C)C)C[C@H]1O[Si](C)(C)C(C)(C)C>>COC(=O)CC[C@@H]1O[C@@H](CCCC[C@@H]2O[C@@H](CNC(C)=O)C[C@H]2O[Si](C)(C)C(C)(C)C)C[C@H]1O[Si](C)(C)C(C)(C)C"", ""COC(=O)CC[C@@H]1O[C@@H](CCCC[C@@H]2O[C@@H](CNC(C)=O)C[C@H]2O[Si](C)(C)C(C)(C)C)C[C@H]1O[Si](C)(C)C(C)(C)C>>COC(=O)CC[C@@H]1O[C@@H](CCCC[C@@H]2O[C@@H](CN(N=O)C(C)=O)C[C@H]2O[Si](C)(C)C(C)(C)C)C[C@H]1O[Si](C)(C)C(C)(C)C"", ""COC(=O)CC[C@@H]1O[C@@H](CCCC[C@@H]2O[C@@H](CN(N=O)C(C)=O)C[C@H]2O[Si](C)(C)C(C)(C)C)C[C@H]1O[Si](C)(C)C(C)(C)C>>COC(=O)CC[C@@H]1O[C@@H](CCCC[C@@H]2O[C@@H](C=[N+]=[N-])C[C@H]2O[Si](C)(C)C(C)(C)C)C[C@H]1O[Si](C)(C)C(C)(C)C"", ""CC(=O)OC[C@H]1OC=C[C@@H](OC(C)=O)[C@@H]1OC(C)=O>>CC(C)(C)[Si](C)(C)OC[C@H]1OC=C[C@@H](O[Si](C)(C)C(C)(C)C)[C@@H]1O[Si](C)(C)C(C)(C)C"", ""CC(C)(C)[Si](C)(C)OC[C@H]1OC=C[C@@H](O[Si](C)(C)C(C)(C)C)[C@@H]1O[Si](C)(C)C(C)(C)C>>CC(C)(C)[Si](C)(C)OC[C@H]1OC(Cl)C[C@@H](O[Si](C)(C)C(C)(C)C)[C@@H]1O[Si](C)(C)C(C)(C)C"", ""CC(C)(C)[Si](C)(C)OC[C@H]1OC(Cl)C[C@@H](O[Si](C)(C)C(C)(C)C)[C@@H]1O[Si](C)(C)C(C)(C)C.COC(=O)C#N>>COC(=O)[C@@H]1C[C@@H](O[Si](C)(C)C(C)(C)C)[C@H](O[Si](C)(C)C(C)(C)C)[C@@H](CO)O1"", ""COC(=O)[C@@H]1C[C@@H](O[Si](C)(C)C(C)(C)C)[C@H](O[Si](C)(C)C(C)(C)C)[C@@H](CO)O1>>COC(=O)[C@@H]1C[C@@H](O[Si](C)(C)C(C)(C)C)[C@H](O[Si](C)(C)C(C)(C)C)[C@@H](C=O)O1"", ""C=CCO.COCCl>>C=CCOCOC"", ""C=CCOCOC.COC(=O)[C@@H]1C[C@@H](O[Si](C)(C)C(C)(C)C)[C@H](O[Si](C)(C)C(C)(C)C)[C@@H](C=O)O1>>C=C[C@H](OCOC)[C@@H](O)[C@H]1O[C@H](C(=O)OC)C[C@@H](O[Si](C)(C)C(C)(C)C)[C@@H]1O[Si](C)(C)C(C)(C)C"", ""C=C[C@H](OCOC)[C@@H](O)[C@H]1O[C@H](C(=O)OC)C[C@@H](O[Si](C)(C)C(C)(C)C)[C@@H]1O[Si](C)(C)C(C)(C)C>>C=C[C@H](OCOC)C(=O)[C@H]1O[C@H](C(=O)OC)C[C@@H](O[Si](C)(C)C(C)(C)C)[C@@H]1O[Si](C)(C)C(C)(C)C"", ""C=C[C@H](OCOC)C(=O)[C@H]1O[C@H](C(=O)OC)C[C@@H](O[Si](C)(C)C(C)(C)C)[C@@H]1O[Si](C)(C)C(C)(C)C>>C=C[C@H](OCOC)[C@@H](O)[C@H]1O[C@H](C(=O)OC)C[C@@H](O[Si](C)(C)C(C)(C)C)[C@@H]1O[Si](C)(C)C(C)(C)C.C=C[C@H](OCOC)[C@H](O)[C@H]1O[C@H](C(=O)OC)C[C@@H](O[Si](C)(C)C(C)(C)C)[C@@H]1O[Si](C)(C)C(C)(C)C"", ""C=C[C@H](OCOC)[C@H](O)[C@H]1O[C@H](C(=O)OC)C[C@@H](O[Si](C)(C)C(C)(C)C)[C@@H]1O[Si](C)(C)C(C)(C)C>>C=C[C@H](O)[C@H](O)[C@H]1O[C@H](C(=O)OC)C[C@@H](O[Si](C)(C)C(C)(C)C)[C@@H]1O[Si](C)(C)C(C)(C)C"", ""C=C[C@H](O)[C@H](O)[C@H]1O[C@H](C(=O)OC)C[C@@H](O[Si](C)(C)C(C)(C)C)[C@@H]1O[Si](C)(C)C(C)(C)C>>C=C[C@H](O[Si](C)(C)C(C)(C)C)[C@H](O[Si](C)(C)C(C)(C)C)[C@H]1O[C@H](C(=O)OC)C[C@@H](O[Si](C)(C)C(C)(C)C)[C@@H]1O[Si](C)(C)C(C)(C)C"", ""C=C[C@H](O[Si](C)(C)C(C)(C)C)[C@H](O[Si](C)(C)C(C)(C)C)[C@H]1O[C@H](C(=O)OC)C[C@@H](O[Si](C)(C)C(C)(C)C)[C@@H]1O[Si](C)(C)C(C)(C)C>>C=C[C@H](O[Si](C)(C)C(C)(C)C)[C@H](O[Si](C)(C)C(C)(C)C)[C@H]1O[C@H](C=O)C[C@@H](O[Si](C)(C)C(C)(C)C)[C@@H]1O[Si](C)(C)C(C)(C)C"", ""C=C[C@H](O[Si](C)(C)C(C)(C)C)[C@H](O[Si](C)(C)C(C)(C)C)[C@H]1O[C@H](C=O)C[C@@H](O[Si](C)(C)C(C)(C)C)[C@@H]1O[Si](C)(C)C(C)(C)C.COC(=O)CC[C@@H]1O[C@@H](CCCC[C@@H]2O[C@@H](C=[N+]=[N-])C[C@H]2O[Si](C)(C)C(C)(C)C)C[C@H]1O[Si](C)(C)C(C)(C)C>>C=C[C@H](O[Si](C)(C)C(C)(C)C)[C@H](O[Si](C)(C)C(C)(C)C)[C@H]1O[C@H](C(=O)C[C@H]2C[C@@H](O[Si](C)(C)C(C)(C)C)[C@H](CCCC[C@H]3C[C@@H](O[Si](C)(C)C(C)(C)C)[C@H](CCC(=O)OC)O3)O2)C[C@@H](O[Si](C)(C)C(C)(C)C)[C@@H]1O[Si](C)(C)C(C)(C)C"", ""C=C[C@H](O[Si](C)(C)C(C)(C)C)[C@H](O[Si](C)(C)C(C)(C)C)[C@H]1O[C@H](C(=O)C[C@H]2C[C@@H](O[Si](C)(C)C(C)(C)C)[C@H](CCCC[C@H]3C[C@@H](O[Si](C)(C)C(C)(C)C)[C@H](CCC(=O)OC)O3)O2)C[C@@H](O[Si](C)(C)C(C)(C)C)[C@@H]1O[Si](C)(C)C(C)(C)C>>C=C[C@H](O[Si](C)(C)C(C)(C)C)[C@H](O[Si](C)(C)C(C)(C)C)[C@H]1O[C@H]([C@@H](O)C[C@H]2C[C@@H](O[Si](C)(C)C(C)(C)C)[C@H](CCCC[C@H]3C[C@@H](O[Si](C)(C)C(C)(C)C)[C@H](CCC(=O)OC)O3)O2)C[C@@H](O[Si](C)(C)C(C)(C)C)[C@@H]1O[Si](C)(C)C(C)(C)C"", ""C=C[C@H](O[Si](C)(C)C(C)(C)C)[C@H](O[Si](C)(C)C(C)(C)C)[C@H]1O[C@H]([C@@H](O)C[C@H]2C[C@@H](O[Si](C)(C)C(C)(C)C)[C@H](CCCC[C@H]3C[C@@H](O[Si](C)(C)C(C)(C)C)[C@H](CCC(=O)OC)O3)O2)C[C@@H](O[Si](C)(C)C(C)(C)C)[C@@H]1O[Si](C)(C)C(C)(C)C>>C=C[C@H](O)[C@H](O)[C@H]1O[C@H]([C@@H](O)C[C@H]2C[C@@H](O)[C@H](CCCC[C@H]3C[C@@H](O)[C@H](CCCO)O3)O2)C[C@@H](O)[C@@H]1O""]",False,False,10.1021/jacs.6c05580,False,False
preparation-C28,tri-O-acetyl-D-glucal,"[""tri-O-acetyl-D-glucal"", ""Mander-reagent"", ""allyl-alcohol"", ""MOM-chloride""]",65,source_bound_control_branch,"[""C01"", ""C02"", ""C03"", ""C05"", ""C04"", ""C06"", ""C09"", ""C28""]","[""C01.1"", ""C02.1"", ""C03.1"", ""C05.1"", ""C04.1"", ""C06.1"", ""C09.1"", ""C28.1""]","[""tri-O-acetyl-D-glucal"", ""48"", ""49"", ""Mander-reagent"", ""50"", ""50-aldehyde"", ""allyl-alcohol"", ""MOM-chloride"", ""51"", ""52"", ""53"", ""65""]","[""CC(=O)OC[C@H]1OC=C[C@@H](OC(C)=O)[C@@H]1OC(C)=O"", ""CC(C)(C)[Si](C)(C)OC[C@H]1OC=C[C@@H](O[Si](C)(C)C(C)(C)C)[C@@H]1O[Si](C)(C)C(C)(C)C"", ""CC(C)(C)[Si](C)(C)OC[C@H]1OC(Cl)C[C@@H](O[Si](C)(C)C(C)(C)C)[C@@H]1O[Si](C)(C)C(C)(C)C"", ""COC(=O)C#N"", ""COC(=O)[C@@H]1C[C@@H](O[Si](C)(C)C(C)(C)C)[C@H](O[Si](C)(C)C(C)(C)C)[C@@H](CO)O1"", ""COC(=O)[C@@H]1C[C@@H](O[Si](C)(C)C(C)(C)C)[C@H](O[Si](C)(C)C(C)(C)C)[C@@H](C=O)O1"", ""C=CCO"", ""COCCl"", ""C=CCOCOC"", ""C=C[C@H](OCOC)[C@@H](O)[C@H]1O[C@H](C(=O)OC)C[C@@H](O[Si](C)(C)C(C)(C)C)[C@@H]1O[Si](C)(C)C(C)(C)C"", ""C=C[C@H](O)[C@@H](O)[C@H]1O[C@H](C(=O)OC)C[C@@H](O[Si](C)(C)C(C)(C)C)[C@@H]1O[Si](C)(C)C(C)(C)C"", ""C=C[C@H](O)[C@@H](O)[C@H]1O[C@H](CO)C[C@@H](O)[C@@H]1O""]","[""CC(=O)OC[C@H]1OC=C[C@@H](OC(C)=O)[C@@H]1OC(C)=O>>CC(C)(C)[Si](C)(C)OC[C@H]1OC=C[C@@H](O[Si](C)(C)C(C)(C)C)[C@@H]1O[Si](C)(C)C(C)(C)C"", ""CC(C)(C)[Si](C)(C)OC[C@H]1OC=C[C@@H](O[Si](C)(C)C(C)(C)C)[C@@H]1O[Si](C)(C)C(C)(C)C>>CC(C)(C)[Si](C)(C)OC[C@H]1OC(Cl)C[C@@H](O[Si](C)(C)C(C)(C)C)[C@@H]1O[Si](C)(C)C(C)(C)C"", ""CC(C)(C)[Si](C)(C)OC[C@H]1OC(Cl)C[C@@H](O[Si](C)(C)C(C)(C)C)[C@@H]1O[Si](C)(C)C(C)(C)C.COC(=O)C#N>>COC(=O)[C@@H]1C[C@@H](O[Si](C)(C)C(C)(C)C)[C@H](O[Si](C)(C)C(C)(C)C)[C@@H](CO)O1"", ""COC(=O)[C@@H]1C[C@@H](O[Si](C)(C)C(C)(C)C)[C@H](O[Si](C)(C)C(C)(C)C)[C@@H](CO)O1>>COC(=O)[C@@H]1C[C@@H](O[Si](C)(C)C(C)(C)C)[C@H](O[Si](C)(C)C(C)(C)C)[C@@H](C=O)O1"", ""C=CCO.COCCl>>C=CCOCOC"", ""C=CCOCOC.COC(=O)[C@@H]1C[C@@H](O[Si](C)(C)C(C)(C)C)[C@H](O[Si](C)(C)C(C)(C)C)[C@@H](C=O)O1>>C=C[C@H](OCOC)[C@@H](O)[C@H]1O[C@H](C(=O)OC)C[C@@H](O[Si](C)(C)C(C)(C)C)[C@@H]1O[Si](C)(C)C(C)(C)C"", ""C=C[C@H](OCOC)[C@@H](O)[C@H]1O[C@H](C(=O)OC)C[C@@H](O[Si](C)(C)C(C)(C)C)[C@@H]1O[Si](C)(C)C(C)(C)C>>C=C[C@H](O)[C@@H](O)[C@H]1O[C@H](C(=O)OC)C[C@@H](O[Si](C)(C)C(C)(C)C)[C@@H]1O[Si](C)(C)C(C)(C)C"", ""C=C[C@H](O)[C@@H](O)[C@H]1O[C@H](C(=O)OC)C[C@@H](O[Si](C)(C)C(C)(C)C)[C@@H]1O[Si](C)(C)C(C)(C)C>>C=C[C@H](O)[C@@H](O)[C@H]1O[C@H](CO)C[C@@H](O)[C@@H]1O""]",False,False,10.1021/jacs.6c05580,False,False
preparation-C29,tri-O-acetyl-D-glucal,"[""tri-O-acetyl-D-glucal"", ""Mander-reagent"", ""allyl-alcohol"", ""MOM-chloride""]",66,source_bound_control_branch,"[""C01"", ""C02"", ""C03"", ""C05"", ""C04"", ""C06"", ""C19"", ""C20"", ""C22"", ""C29""]","[""C01.1"", ""C02.1"", ""C03.1"", ""C05.1"", ""C04.1"", ""C06.1"", ""C19.1"", ""C20.1"", ""C22.1"", ""C29.1""]","[""tri-O-acetyl-D-glucal"", ""48"", ""49"", ""Mander-reagent"", ""50"", ""50-aldehyde"", ""allyl-alcohol"", ""MOM-chloride"", ""51"", ""52"", ""63"", ""64"", ""S21"", ""66""]","[""CC(=O)OC[C@H]1OC=C[C@@H](OC(C)=O)[C@@H]1OC(C)=O"", ""CC(C)(C)[Si](C)(C)OC[C@H]1OC=C[C@@H](O[Si](C)(C)C(C)(C)C)[C@@H]1O[Si](C)(C)C(C)(C)C"", ""CC(C)(C)[Si](C)(C)OC[C@H]1OC(Cl)C[C@@H](O[Si](C)(C)C(C)(C)C)[C@@H]1O[Si](C)(C)C(C)(C)C"", ""COC(=O)C#N"", ""COC(=O)[C@@H]1C[C@@H](O[Si](C)(C)C(C)(C)C)[C@H](O[Si](C)(C)C(C)(C)C)[C@@H](CO)O1"", ""COC(=O)[C@@H]1C[C@@H](O[Si](C)(C)C(C)(C)C)[C@H](O[Si](C)(C)C(C)(C)C)[C@@H](C=O)O1"", ""C=CCO"", ""COCCl"", ""C=CCOCOC"", ""C=C[C@H](OCOC)[C@@H](O)[C@H]1O[C@H](C(=O)OC)C[C@@H](O[Si](C)(C)C(C)(C)C)[C@@H]1O[Si](C)(C)C(C)(C)C"", ""C=C[C@H](OCOC)C(=O)[C@H]1O[C@H](C(=O)OC)C[C@@H](O[Si](C)(C)C(C)(C)C)[C@@H]1O[Si](C)(C)C(C)(C)C"", ""C=C[C@H](OCOC)[C@H](O)[C@H]1O[C@H](C(=O)OC)C[C@@H](O[Si](C)(C)C(C)(C)C)[C@@H]1O[Si](C)(C)C(C)(C)C"", ""C=C[C@H](O)[C@H](O)[C@H]1O[C@H](C(=O)OC)C[C@@H](O[Si](C)(C)C(C)(C)C)[C@@H]1O[Si](C)(C)C(C)(C)C"", ""C=C[C@H](O)[C@H](O)[C@H]1O[C@H](CO)C[C@@H](O)[C@@H]1O""]","[""CC(=O)OC[C@H]1OC=C[C@@H](OC(C)=O)[C@@H]1OC(C)=O>>CC(C)(C)[Si](C)(C)OC[C@H]1OC=C[C@@H](O[Si](C)(C)C(C)(C)C)[C@@H]1O[Si](C)(C)C(C)(C)C"", ""CC(C)(C)[Si](C)(C)OC[C@H]1OC=C[C@@H](O[Si](C)(C)C(C)(C)C)[C@@H]1O[Si](C)(C)C(C)(C)C>>CC(C)(C)[Si](C)(C)OC[C@H]1OC(Cl)C[C@@H](O[Si](C)(C)C(C)(C)C)[C@@H]1O[Si](C)(C)C(C)(C)C"", ""CC(C)(C)[Si](C)(C)OC[C@H]1OC(Cl)C[C@@H](O[Si](C)(C)C(C)(C)C)[C@@H]1O[Si](C)(C)C(C)(C)C.COC(=O)C#N>>COC(=O)[C@@H]1C[C@@H](O[Si](C)(C)C(C)(C)C)[C@H](O[Si](C)(C)C(C)(C)C)[C@@H](CO)O1"", ""COC(=O)[C@@H]1C[C@@H](O[Si](C)(C)C(C)(C)C)[C@H](O[Si](C)(C)C(C)(C)C)[C@@H](CO)O1>>COC(=O)[C@@H]1C[C@@H](O[Si](C)(C)C(C)(C)C)[C@H](O[Si](C)(C)C(C)(C)C)[C@@H](C=O)O1"", ""C=CCO.COCCl>>C=CCOCOC"", ""C=CCOCOC.COC(=O)[C@@H]1C[C@@H](O[Si](C)(C)C(C)(C)C)[C@H](O[Si](C)(C)C(C)(C)C)[C@@H](C=O)O1>>C=C[C@H](OCOC)[C@@H](O)[C@H]1O[C@H](C(=O)OC)C[C@@H](O[Si](C)(C)C(C)(C)C)[C@@H]1O[Si](C)(C)C(C)(C)C"", ""C=C[C@H](OCOC)[C@@H](O)[C@H]1O[C@H](C(=O)OC)C[C@@H](O[Si](C)(C)C(C)(C)C)[C@@H]1O[Si](C)(C)C(C)(C)C>>C=C[C@H](OCOC)C(=O)[C@H]1O[C@H](C(=O)OC)C[C@@H](O[Si](C)(C)C(C)(C)C)[C@@H]1O[Si](C)(C)C(C)(C)C"", ""C=C[C@H](OCOC)C(=O)[C@H]1O[C@H](C(=O)OC)C[C@@H](O[Si](C)(C)C(C)(C)C)[C@@H]1O[Si](C)(C)C(C)(C)C>>C=C[C@H](OCOC)[C@@H](O)[C@H]1O[C@H](C(=O)OC)C[C@@H](O[Si](C)(C)C(C)(C)C)[C@@H]1O[Si](C)(C)C(C)(C)C.C=C[C@H](OCOC)[C@H](O)[C@H]1O[C@H](C(=O)OC)C[C@@H](O[Si](C)(C)C(C)(C)C)[C@@H]1O[Si](C)(C)C(C)(C)C"", ""C=C[C@H](OCOC)[C@H](O)[C@H]1O[C@H](C(=O)OC)C[C@@H](O[Si](C)(C)C(C)(C)C)[C@@H]1O[Si](C)(C)C(C)(C)C>>C=C[C@H](O)[C@H](O)[C@H]1O[C@H](C(=O)OC)C[C@@H](O[Si](C)(C)C(C)(C)C)[C@@H]1O[Si](C)(C)C(C)(C)C"", ""C=C[C@H](O)[C@H](O)[C@H]1O[C@H](C(=O)OC)C[C@@H](O[Si](C)(C)C(C)(C)C)[C@@H]1O[Si](C)(C)C(C)(C)C>>C=C[C@H](O)[C@H](O)[C@H]1O[C@H](CO)C[C@@H](O)[C@@H]1O""]",False,False,10.1021/jacs.6c05580,False,False
preparation-M-24-RR,D-ribose,"[""D-ribose"", ""6"", ""vinylmagnesium-bromide"", ""benzyl-bromide"", ""benzoyl-chloride"", ""L-aspartic-acid"", ""PMB-alcohol"", ""2,3-dibromopropene""]",24-MTPA-RR,source_bound_control_branch,"[""A01"", ""A02"", ""A06"", ""A07"", ""A08"", ""A09"", ""A10"", ""A11"", ""A12"", ""A16"", ""A17"", ""A18"", ""A19"", ""A20"", ""A21"", ""A22"", ""A23"", ""A28"", ""A29"", ""A31"", ""M-24-RR""]","[""A01.1"", ""A02.1"", ""A06.1"", ""A07.1"", ""A08.1"", ""A09.1"", ""A10.1"", ""A11.1"", ""A12.1"", ""A16.1"", ""A17.1"", ""A18.1"", ""A19.1"", ""A20.1"", ""A21.1"", ""A22.1"", ""A23.1"", ""A28.1"", ""A29.1"", ""A31.1"", ""M-24-RR.1""]","[""D-ribose"", ""2"", ""6"", ""3"", ""7"", ""vinylmagnesium-bromide"", ""S1"", ""benzyl-bromide"", ""8"", ""9"", ""benzoyl-chloride"", ""S2"", ""S3"", ""10"", ""L-aspartic-acid"", ""13"", ""S7"", ""PMB-alcohol"", ""PMB-bromide"", ""14"", ""2,3-dibromopropene"", ""S8"", ""15"", ""16"", ""17"", ""22"", ""23"", ""8-epi-23"", ""24"", ""24-MTPA-RR""]","[""OC[C@H]1OC(O)[C@H](O)[C@@H]1O"", ""CC1(C)O[C@@H]2[C@@H](CO)OC(O)[C@@H]2O1"", ""COP(=O)(OC)C(=[N+]=[N-])C(C)=O"", ""C#C[C@H]1OC(C)(C)O[C@@H]1[C@H](O)CO"", ""C#C[C@H]1OC(C)(C)O[C@@H]1[C@H]1CO1"", ""[Br-].[CH-]=C.[Mg+2]"", ""C#C[C@H]1OC(C)(C)O[C@@H]1[C@H](O)CC=C"", ""BrCc1ccccc1"", ""C#C[C@H]1OC(C)(C)O[C@@H]1[C@@H](CC=C)OCc1ccccc1"", ""C#C[C@@H](O)[C@H](O)[C@H](O)CC=C"", ""O=C(Cl)c1ccccc1"", ""C#C[C@@H](OC(=O)c1ccccc1)[C@H](OC(=O)c1ccccc1)[C@@H](CC=C)OCc1ccccc1"", ""C#C[C@@H](OC(=O)c1ccccc1)[C@H](OC(=O)c1ccccc1)[C@H](O)CC=C"", ""C#C[C@@H](OC(=O)c1ccccc1)[C@H](OC(=O)c1ccccc1)[C@@H](CC=C)O[Si](CC)(CC)CC"", ""N[C@@H](CC(=O)O)C(=O)O"", ""O=C(O)C[C@H](Br)C(=O)O"", ""OCC[C@H](Br)CO"", ""COc1ccc(CO)cc1"", ""COc1ccc(CBr)cc1"", ""COc1ccc(COCC[C@@H]2CO2)cc1"", ""C=C(Br)CBr"", ""C=C(Br)C[Si](C)(C)C"", ""C=[C-]C[Si](C)(C)C.[Br-].[Mg+2]"", ""C=C(C[C@H](O)CCOCc1ccc(OC)cc1)C[Si](C)(C)C"", ""C=C(CBr)C[C@H](O)CCOCc1ccc(OC)cc1"", ""C=CC[C@@H](O)[C@@H](OC(=O)c1ccccc1)[C@@H](C#CCC(=C)C[C@H](O)CCOCc1ccc(OC)cc1)OC(=O)c1ccccc1"", ""C=CC[C@H]1O[C@@]2(CC(=C)C[C@@H](CCOCc3ccc(OC)cc3)O2)C[C@@H](OC(=O)c2ccccc2)[C@@H]1OC(=O)c1ccccc1"", ""C=CC[C@H]1O[C@]2(CC(=C)C[C@@H](CCOCc3ccc(OC)cc3)O2)C[C@@H](OC(=O)c2ccccc2)[C@@H]1OC(=O)c1ccccc1"", ""C=C1C[C@@H](CCOCc2ccc(OC)cc2)O[C@]2(C1)C[C@@H](OC(=O)c1ccccc1)[C@H](OC(=O)c1ccccc1)[C@@H](C[C@H](O)CO)O2"", ""C=C1C[C@@H](CCOCc2ccc(OC)cc2)O[C@]2(C1)C[C@@H](OC(=O)c1ccccc1)[C@H](OC(=O)c1ccccc1)[C@@H](C[C@@H](COC(=O)[C@](OC)(c1ccccc1)C(F)(F)F)OC(=O)[C@](OC)(c1ccccc1)C(F)(F)F)O2""]","[""OC[C@H]1OC(O)[C@H](O)[C@@H]1O>>CC1(C)O[C@@H]2[C@@H](CO)OC(O)[C@@H]2O1"", ""CC1(C)O[C@@H]2[C@@H](CO)OC(O)[C@@H]2O1.COP(=O)(OC)C(=[N+]=[N-])C(C)=O>>C#C[C@H]1OC(C)(C)O[C@@H]1[C@H](O)CO"", ""C#C[C@H]1OC(C)(C)O[C@@H]1[C@H](O)CO>>C#C[C@H]1OC(C)(C)O[C@@H]1[C@H]1CO1"", ""C#C[C@H]1OC(C)(C)O[C@@H]1[C@H]1CO1.[Br-].[CH-]=C.[Mg+2]>>C#C[C@H]1OC(C)(C)O[C@@H]1[C@H](O)CC=C"", ""BrCc1ccccc1.C#C[C@H]1OC(C)(C)O[C@@H]1[C@H](O)CC=C>>C#C[C@H]1OC(C)(C)O[C@@H]1[C@@H](CC=C)OCc1ccccc1"", ""C#C[C@H]1OC(C)(C)O[C@@H]1[C@@H](CC=C)OCc1ccccc1>>C#C[C@@H](O)[C@H](O)[C@H](O)CC=C"", ""C#C[C@@H](O)[C@H](O)[C@H](O)CC=C.O=C(Cl)c1ccccc1>>C#C[C@@H](OC(=O)c1ccccc1)[C@H](OC(=O)c1ccccc1)[C@@H](CC=C)OCc1ccccc1"", ""C#C[C@@H](OC(=O)c1ccccc1)[C@H](OC(=O)c1ccccc1)[C@@H](CC=C)OCc1ccccc1>>C#C[C@@H](OC(=O)c1ccccc1)[C@H](OC(=O)c1ccccc1)[C@H](O)CC=C"", ""C#C[C@@H](OC(=O)c1ccccc1)[C@H](OC(=O)c1ccccc1)[C@H](O)CC=C>>C#C[C@@H](OC(=O)c1ccccc1)[C@H](OC(=O)c1ccccc1)[C@@H](CC=C)O[Si](CC)(CC)CC"", ""N[C@@H](CC(=O)O)C(=O)O>>O=C(O)C[C@H](Br)C(=O)O"", ""O=C(O)C[C@H](Br)C(=O)O>>OCC[C@H](Br)CO"", ""COc1ccc(CO)cc1>>COc1ccc(CBr)cc1"", ""COc1ccc(CBr)cc1.OCC[C@H](Br)CO>>COc1ccc(COCC[C@@H]2CO2)cc1"", ""C=C(Br)CBr>>C=C(Br)C[Si](C)(C)C"", ""C=C(Br)C[Si](C)(C)C>>C=[C-]C[Si](C)(C)C.[Br-].[Mg+2]"", ""C=[C-]C[Si](C)(C)C.COc1ccc(COCC[C@@H]2CO2)cc1.[Br-].[Mg+2]>>C=C(C[C@H](O)CCOCc1ccc(OC)cc1)C[Si](C)(C)C"", ""C=C(C[C@H](O)CCOCc1ccc(OC)cc1)C[Si](C)(C)C>>C=C(CBr)C[C@H](O)CCOCc1ccc(OC)cc1"", ""C#C[C@@H](OC(=O)c1ccccc1)[C@H](OC(=O)c1ccccc1)[C@@H](CC=C)O[Si](CC)(CC)CC.C=C(CBr)C[C@H](O)CCOCc1ccc(OC)cc1>>C=CC[C@@H](O)[C@@H](OC(=O)c1ccccc1)[C@@H](C#CCC(=C)C[C@H](O)CCOCc1ccc(OC)cc1)OC(=O)c1ccccc1"", ""C=CC[C@@H](O)[C@@H](OC(=O)c1ccccc1)[C@@H](C#CCC(=C)C[C@H](O)CCOCc1ccc(OC)cc1)OC(=O)c1ccccc1>>C=CC[C@H]1O[C@@]2(CC(=C)C[C@@H](CCOCc3ccc(OC)cc3)O2)C[C@@H](OC(=O)c2ccccc2)[C@@H]1OC(=O)c1ccccc1.C=CC[C@H]1O[C@]2(CC(=C)C[C@@H](CCOCc3ccc(OC)cc3)O2)C[C@@H](OC(=O)c2ccccc2)[C@@H]1OC(=O)c1ccccc1"", ""C=CC[C@H]1O[C@@]2(CC(=C)C[C@@H](CCOCc3ccc(OC)cc3)O2)C[C@@H](OC(=O)c2ccccc2)[C@@H]1OC(=O)c1ccccc1>>C=C1C[C@@H](CCOCc2ccc(OC)cc2)O[C@]2(C1)C[C@@H](OC(=O)c1ccccc1)[C@H](OC(=O)c1ccccc1)[C@@H](C[C@H](O)CO)O2"", ""C=C1C[C@@H](CCOCc2ccc(OC)cc2)O[C@]2(C1)C[C@@H](OC(=O)c1ccccc1)[C@H](OC(=O)c1ccccc1)[C@@H](C[C@H](O)CO)O2>>C=C1C[C@@H](CCOCc2ccc(OC)cc2)O[C@]2(C1)C[C@@H](OC(=O)c1ccccc1)[C@H](OC(=O)c1ccccc1)[C@@H](C[C@@H](COC(=O)[C@](OC)(c1ccccc1)C(F)(F)F)OC(=O)[C@](OC)(c1ccccc1)C(F)(F)F)O2""]",False,False,10.1021/jacs.6c05580,False,False
preparation-M-24-SS,D-ribose,"[""D-ribose"", ""6"", ""vinylmagnesium-bromide"", ""benzyl-bromide"", ""benzoyl-chloride"", ""L-aspartic-acid"", ""PMB-alcohol"", ""2,3-dibromopropene""]",24-MTPA-SS,source_bound_control_branch,"[""A01"", ""A02"", ""A06"", ""A07"", ""A08"", ""A09"", ""A10"", ""A11"", ""A12"", ""A16"", ""A17"", ""A18"", ""A19"", ""A20"", ""A21"", ""A22"", ""A23"", ""A28"", ""A29"", ""A31"", ""M-24-SS""]","[""A01.1"", ""A02.1"", ""A06.1"", ""A07.1"", ""A08.1"", ""A09.1"", ""A10.1"", ""A11.1"", ""A12.1"", ""A16.1"", ""A17.1"", ""A18.1"", ""A19.1"", ""A20.1"", ""A21.1"", ""A22.1"", ""A23.1"", ""A28.1"", ""A29.1"", ""A31.1"", ""M-24-SS.1""]","[""D-ribose"", ""2"", ""6"", ""3"", ""7"", ""vinylmagnesium-bromide"", ""S1"", ""benzyl-bromide"", ""8"", ""9"", ""benzoyl-chloride"", ""S2"", ""S3"", ""10"", ""L-aspartic-acid"", ""13"", ""S7"", ""PMB-alcohol"", ""PMB-bromide"", ""14"", ""2,3-dibromopropene"", ""S8"", ""15"", ""16"", ""17"", ""22"", ""23"", ""8-epi-23"", ""24"", ""24-MTPA-SS""]","[""OC[C@H]1OC(O)[C@H](O)[C@@H]1O"", ""CC1(C)O[C@@H]2[C@@H](CO)OC(O)[C@@H]2O1"", ""COP(=O)(OC)C(=[N+]=[N-])C(C)=O"", ""C#C[C@H]1OC(C)(C)O[C@@H]1[C@H](O)CO"", ""C#C[C@H]1OC(C)(C)O[C@@H]1[C@H]1CO1"", ""[Br-].[CH-]=C.[Mg+2]"", ""C#C[C@H]1OC(C)(C)O[C@@H]1[C@H](O)CC=C"", ""BrCc1ccccc1"", ""C#C[C@H]1OC(C)(C)O[C@@H]1[C@@H](CC=C)OCc1ccccc1"", ""C#C[C@@H](O)[C@H](O)[C@H](O)CC=C"", ""O=C(Cl)c1ccccc1"", ""C#C[C@@H](OC(=O)c1ccccc1)[C@H](OC(=O)c1ccccc1)[C@@H](CC=C)OCc1ccccc1"", ""C#C[C@@H](OC(=O)c1ccccc1)[C@H](OC(=O)c1ccccc1)[C@H](O)CC=C"", ""C#C[C@@H](OC(=O)c1ccccc1)[C@H](OC(=O)c1ccccc1)[C@@H](CC=C)O[Si](CC)(CC)CC"", ""N[C@@H](CC(=O)O)C(=O)O"", ""O=C(O)C[C@H](Br)C(=O)O"", ""OCC[C@H](Br)CO"", ""COc1ccc(CO)cc1"", ""COc1ccc(CBr)cc1"", ""COc1ccc(COCC[C@@H]2CO2)cc1"", ""C=C(Br)CBr"", ""C=C(Br)C[Si](C)(C)C"", ""C=[C-]C[Si](C)(C)C.[Br-].[Mg+2]"", ""C=C(C[C@H](O)CCOCc1ccc(OC)cc1)C[Si](C)(C)C"", ""C=C(CBr)C[C@H](O)CCOCc1ccc(OC)cc1"", ""C=CC[C@@H](O)[C@@H](OC(=O)c1ccccc1)[C@@H](C#CCC(=C)C[C@H](O)CCOCc1ccc(OC)cc1)OC(=O)c1ccccc1"", ""C=CC[C@H]1O[C@@]2(CC(=C)C[C@@H](CCOCc3ccc(OC)cc3)O2)C[C@@H](OC(=O)c2ccccc2)[C@@H]1OC(=O)c1ccccc1"", ""C=CC[C@H]1O[C@]2(CC(=C)C[C@@H](CCOCc3ccc(OC)cc3)O2)C[C@@H](OC(=O)c2ccccc2)[C@@H]1OC(=O)c1ccccc1"", ""C=C1C[C@@H](CCOCc2ccc(OC)cc2)O[C@]2(C1)C[C@@H](OC(=O)c1ccccc1)[C@H](OC(=O)c1ccccc1)[C@@H](C[C@H](O)CO)O2"", ""C=C1C[C@@H](CCOCc2ccc(OC)cc2)O[C@]2(C1)C[C@@H](OC(=O)c1ccccc1)[C@H](OC(=O)c1ccccc1)[C@@H](C[C@@H](COC(=O)[C@@](OC)(c1ccccc1)C(F)(F)F)OC(=O)[C@@](OC)(c1ccccc1)C(F)(F)F)O2""]","[""OC[C@H]1OC(O)[C@H](O)[C@@H]1O>>CC1(C)O[C@@H]2[C@@H](CO)OC(O)[C@@H]2O1"", ""CC1(C)O[C@@H]2[C@@H](CO)OC(O)[C@@H]2O1.COP(=O)(OC)C(=[N+]=[N-])C(C)=O>>C#C[C@H]1OC(C)(C)O[C@@H]1[C@H](O)CO"", ""C#C[C@H]1OC(C)(C)O[C@@H]1[C@H](O)CO>>C#C[C@H]1OC(C)(C)O[C@@H]1[C@H]1CO1"", ""C#C[C@H]1OC(C)(C)O[C@@H]1[C@H]1CO1.[Br-].[CH-]=C.[Mg+2]>>C#C[C@H]1OC(C)(C)O[C@@H]1[C@H](O)CC=C"", ""BrCc1ccccc1.C#C[C@H]1OC(C)(C)O[C@@H]1[C@H](O)CC=C>>C#C[C@H]1OC(C)(C)O[C@@H]1[C@@H](CC=C)OCc1ccccc1"", ""C#C[C@H]1OC(C)(C)O[C@@H]1[C@@H](CC=C)OCc1ccccc1>>C#C[C@@H](O)[C@H](O)[C@H](O)CC=C"", ""C#C[C@@H](O)[C@H](O)[C@H](O)CC=C.O=C(Cl)c1ccccc1>>C#C[C@@H](OC(=O)c1ccccc1)[C@H](OC(=O)c1ccccc1)[C@@H](CC=C)OCc1ccccc1"", ""C#C[C@@H](OC(=O)c1ccccc1)[C@H](OC(=O)c1ccccc1)[C@@H](CC=C)OCc1ccccc1>>C#C[C@@H](OC(=O)c1ccccc1)[C@H](OC(=O)c1ccccc1)[C@H](O)CC=C"", ""C#C[C@@H](OC(=O)c1ccccc1)[C@H](OC(=O)c1ccccc1)[C@H](O)CC=C>>C#C[C@@H](OC(=O)c1ccccc1)[C@H](OC(=O)c1ccccc1)[C@@H](CC=C)O[Si](CC)(CC)CC"", ""N[C@@H](CC(=O)O)C(=O)O>>O=C(O)C[C@H](Br)C(=O)O"", ""O=C(O)C[C@H](Br)C(=O)O>>OCC[C@H](Br)CO"", ""COc1ccc(CO)cc1>>COc1ccc(CBr)cc1"", ""COc1ccc(CBr)cc1.OCC[C@H](Br)CO>>COc1ccc(COCC[C@@H]2CO2)cc1"", ""C=C(Br)CBr>>C=C(Br)C[Si](C)(C)C"", ""C=C(Br)C[Si](C)(C)C>>C=[C-]C[Si](C)(C)C.[Br-].[Mg+2]"", ""C=[C-]C[Si](C)(C)C.COc1ccc(COCC[C@@H]2CO2)cc1.[Br-].[Mg+2]>>C=C(C[C@H](O)CCOCc1ccc(OC)cc1)C[Si](C)(C)C"", ""C=C(C[C@H](O)CCOCc1ccc(OC)cc1)C[Si](C)(C)C>>C=C(CBr)C[C@H](O)CCOCc1ccc(OC)cc1"", ""C#C[C@@H](OC(=O)c1ccccc1)[C@H](OC(=O)c1ccccc1)[C@@H](CC=C)O[Si](CC)(CC)CC.C=C(CBr)C[C@H](O)CCOCc1ccc(OC)cc1>>C=CC[C@@H](O)[C@@H](OC(=O)c1ccccc1)[C@@H](C#CCC(=C)C[C@H](O)CCOCc1ccc(OC)cc1)OC(=O)c1ccccc1"", ""C=CC[C@@H](O)[C@@H](OC(=O)c1ccccc1)[C@@H](C#CCC(=C)C[C@H](O)CCOCc1ccc(OC)cc1)OC(=O)c1ccccc1>>C=CC[C@H]1O[C@@]2(CC(=C)C[C@@H](CCOCc3ccc(OC)cc3)O2)C[C@@H](OC(=O)c2ccccc2)[C@@H]1OC(=O)c1ccccc1.C=CC[C@H]1O[C@]2(CC(=C)C[C@@H](CCOCc3ccc(OC)cc3)O2)C[C@@H](OC(=O)c2ccccc2)[C@@H]1OC(=O)c1ccccc1"", ""C=CC[C@H]1O[C@@]2(CC(=C)C[C@@H](CCOCc3ccc(OC)cc3)O2)C[C@@H](OC(=O)c2ccccc2)[C@@H]1OC(=O)c1ccccc1>>C=C1C[C@@H](CCOCc2ccc(OC)cc2)O[C@]2(C1)C[C@@H](OC(=O)c1ccccc1)[C@H](OC(=O)c1ccccc1)[C@@H](C[C@H](O)CO)O2"", ""C=C1C[C@@H](CCOCc2ccc(OC)cc2)O[C@]2(C1)C[C@@H](OC(=O)c1ccccc1)[C@H](OC(=O)c1ccccc1)[C@@H](C[C@H](O)CO)O2>>C=C1C[C@@H](CCOCc2ccc(OC)cc2)O[C@]2(C1)C[C@@H](OC(=O)c1ccccc1)[C@H](OC(=O)c1ccccc1)[C@@H](C[C@@H](COC(=O)[C@@](OC)(c1ccccc1)C(F)(F)F)OC(=O)[C@@](OC)(c1ccccc1)C(F)(F)F)O2""]",False,False,10.1021/jacs.6c05580,False,False
preparation-M-28-R,D-ribose,"[""D-ribose"", ""6"", ""vinylmagnesium-bromide"", ""benzyl-bromide"", ""benzoyl-chloride"", ""L-aspartic-acid"", ""PMB-alcohol"", ""2,3-dibromopropene"", ""26""]",28-MTPA-R,source_bound_control_branch,"[""A01"", ""A02"", ""A06"", ""A07"", ""A08"", ""A09"", ""A10"", ""A11"", ""A12"", ""A16"", ""A17"", ""A18"", ""A19"", ""A20"", ""A21"", ""A22"", ""A23"", ""A28"", ""A29"", ""A31"", ""A32"", ""A33"", ""A34"", ""A35"", ""M-28-R""]","[""A01.1"", ""A02.1"", ""A06.1"", ""A07.1"", ""A08.1"", ""A09.1"", ""A10.1"", ""A11.1"", ""A12.1"", ""A16.1"", ""A17.1"", ""A18.1"", ""A19.1"", ""A20.1"", ""A21.1"", ""A22.1"", ""A23.1"", ""A28.1"", ""A29.1"", ""A31.1"", ""A32.1"", ""A33.1"", ""A34.1"", ""A35.1"", ""M-28-R.1""]","[""D-ribose"", ""2"", ""6"", ""3"", ""7"", ""vinylmagnesium-bromide"", ""S1"", ""benzyl-bromide"", ""8"", ""9"", ""benzoyl-chloride"", ""S2"", ""S3"", ""10"", ""L-aspartic-acid"", ""13"", ""S7"", ""PMB-alcohol"", ""PMB-bromide"", ""14"", ""2,3-dibromopropene"", ""S8"", ""15"", ""16"", ""17"", ""22"", ""23"", ""8-epi-23"", ""24"", ""S10-PMB"", ""S10"", ""25"", ""26"", ""28"", ""28-MTPA-R""]","[""OC[C@H]1OC(O)[C@H](O)[C@@H]1O"", ""CC1(C)O[C@@H]2[C@@H](CO)OC(O)[C@@H]2O1"", ""COP(=O)(OC)C(=[N+]=[N-])C(C)=O"", ""C#C[C@H]1OC(C)(C)O[C@@H]1[C@H](O)CO"", ""C#C[C@H]1OC(C)(C)O[C@@H]1[C@H]1CO1"", ""[Br-].[CH-]=C.[Mg+2]"", ""C#C[C@H]1OC(C)(C)O[C@@H]1[C@H](O)CC=C"", ""BrCc1ccccc1"", ""C#C[C@H]1OC(C)(C)O[C@@H]1[C@@H](CC=C)OCc1ccccc1"", ""C#C[C@@H](O)[C@H](O)[C@H](O)CC=C"", ""O=C(Cl)c1ccccc1"", ""C#C[C@@H](OC(=O)c1ccccc1)[C@H](OC(=O)c1ccccc1)[C@@H](CC=C)OCc1ccccc1"", ""C#C[C@@H](OC(=O)c1ccccc1)[C@H](OC(=O)c1ccccc1)[C@H](O)CC=C"", ""C#C[C@@H](OC(=O)c1ccccc1)[C@H](OC(=O)c1ccccc1)[C@@H](CC=C)O[Si](CC)(CC)CC"", ""N[C@@H](CC(=O)O)C(=O)O"", ""O=C(O)C[C@H](Br)C(=O)O"", ""OCC[C@H](Br)CO"", ""COc1ccc(CO)cc1"", ""COc1ccc(CBr)cc1"", ""COc1ccc(COCC[C@@H]2CO2)cc1"", ""C=C(Br)CBr"", ""C=C(Br)C[Si](C)(C)C"", ""C=[C-]C[Si](C)(C)C.[Br-].[Mg+2]"", ""C=C(C[C@H](O)CCOCc1ccc(OC)cc1)C[Si](C)(C)C"", ""C=C(CBr)C[C@H](O)CCOCc1ccc(OC)cc1"", ""C=CC[C@@H](O)[C@@H](OC(=O)c1ccccc1)[C@@H](C#CCC(=C)C[C@H](O)CCOCc1ccc(OC)cc1)OC(=O)c1ccccc1"", ""C=CC[C@H]1O[C@@]2(CC(=C)C[C@@H](CCOCc3ccc(OC)cc3)O2)C[C@@H](OC(=O)c2ccccc2)[C@@H]1OC(=O)c1ccccc1"", ""C=CC[C@H]1O[C@]2(CC(=C)C[C@@H](CCOCc3ccc(OC)cc3)O2)C[C@@H](OC(=O)c2ccccc2)[C@@H]1OC(=O)c1ccccc1"", ""C=C1C[C@@H](CCOCc2ccc(OC)cc2)O[C@]2(C1)C[C@@H](OC(=O)c1ccccc1)[C@H](OC(=O)c1ccccc1)[C@@H](C[C@H](O)CO)O2"", ""C=C1C[C@@H](CCOCc2ccc(OC)cc2)O[C@]2(C1)C[C@@H](OC(=O)c1ccccc1)[C@H](OC(=O)c1ccccc1)[C@@H](C[C@@H](CO[Si](C)(C)C(C)(C)C)O[Si](C)(C)C(C)(C)C)O2"", ""C=C1C[C@@H](CCO)O[C@]2(C1)C[C@@H](OC(=O)c1ccccc1)[C@H](OC(=O)c1ccccc1)[C@@H](C[C@@H](CO[Si](C)(C)C(C)(C)C)O[Si](C)(C)C(C)(C)C)O2"", ""C=C1C[C@@H](CC=O)O[C@]2(C1)C[C@@H](OC(=O)c1ccccc1)[C@H](OC(=O)c1ccccc1)[C@@H](C[C@@H](CO[Si](C)(C)C(C)(C)C)O[Si](C)(C)C(C)(C)C)O2"", ""C=C=[CH][Sn]([CH2]CCC)([CH2]CCC)[CH2]CCC"", ""C=C1C[C@@H](C[C@@H](O)C/C=[CH]/[Sn]([CH2]CCC)([CH2]CCC)[CH2]CCC)O[C@]2(C1)C[C@@H](OC(=O)c1ccccc1)[C@H](OC(=O)c1ccccc1)[C@@H](C[C@@H](CO[Si](C)(C)C(C)(C)C)O[Si](C)(C)C(C)(C)C)O2"", ""C=C1C[C@@H](C[C@H](C/C=[CH]/[Sn]([CH2]CCC)([CH2]CCC)[CH2]CCC)OC(=O)[C@](OC)(c2ccccc2)C(F)(F)F)O[C@]2(C1)C[C@@H](OC(=O)c1ccccc1)[C@H](OC(=O)c1ccccc1)[C@@H](C[C@@H](CO[Si](C)(C)C(C)(C)C)O[Si](C)(C)C(C)(C)C)O2""]","[""OC[C@H]1OC(O)[C@H](O)[C@@H]1O>>CC1(C)O[C@@H]2[C@@H](CO)OC(O)[C@@H]2O1"", ""CC1(C)O[C@@H]2[C@@H](CO)OC(O)[C@@H]2O1.COP(=O)(OC)C(=[N+]=[N-])C(C)=O>>C#C[C@H]1OC(C)(C)O[C@@H]1[C@H](O)CO"", ""C#C[C@H]1OC(C)(C)O[C@@H]1[C@H](O)CO>>C#C[C@H]1OC(C)(C)O[C@@H]1[C@H]1CO1"", ""C#C[C@H]1OC(C)(C)O[C@@H]1[C@H]1CO1.[Br-].[CH-]=C.[Mg+2]>>C#C[C@H]1OC(C)(C)O[C@@H]1[C@H](O)CC=C"", ""BrCc1ccccc1.C#C[C@H]1OC(C)(C)O[C@@H]1[C@H](O)CC=C>>C#C[C@H]1OC(C)(C)O[C@@H]1[C@@H](CC=C)OCc1ccccc1"", ""C#C[C@H]1OC(C)(C)O[C@@H]1[C@@H](CC=C)OCc1ccccc1>>C#C[C@@H](O)[C@H](O)[C@H](O)CC=C"", ""C#C[C@@H](O)[C@H](O)[C@H](O)CC=C.O=C(Cl)c1ccccc1>>C#C[C@@H](OC(=O)c1ccccc1)[C@H](OC(=O)c1ccccc1)[C@@H](CC=C)OCc1ccccc1"", ""C#C[C@@H](OC(=O)c1ccccc1)[C@H](OC(=O)c1ccccc1)[C@@H](CC=C)OCc1ccccc1>>C#C[C@@H](OC(=O)c1ccccc1)[C@H](OC(=O)c1ccccc1)[C@H](O)CC=C"", ""C#C[C@@H](OC(=O)c1ccccc1)[C@H](OC(=O)c1ccccc1)[C@H](O)CC=C>>C#C[C@@H](OC(=O)c1ccccc1)[C@H](OC(=O)c1ccccc1)[C@@H](CC=C)O[Si](CC)(CC)CC"", ""N[C@@H](CC(=O)O)C(=O)O>>O=C(O)C[C@H](Br)C(=O)O"", ""O=C(O)C[C@H](Br)C(=O)O>>OCC[C@H](Br)CO"", ""COc1ccc(CO)cc1>>COc1ccc(CBr)cc1"", ""COc1ccc(CBr)cc1.OCC[C@H](Br)CO>>COc1ccc(COCC[C@@H]2CO2)cc1"", ""C=C(Br)CBr>>C=C(Br)C[Si](C)(C)C"", ""C=C(Br)C[Si](C)(C)C>>C=[C-]C[Si](C)(C)C.[Br-].[Mg+2]"", ""C=[C-]C[Si](C)(C)C.COc1ccc(COCC[C@@H]2CO2)cc1.[Br-].[Mg+2]>>C=C(C[C@H](O)CCOCc1ccc(OC)cc1)C[Si](C)(C)C"", ""C=C(C[C@H](O)CCOCc1ccc(OC)cc1)C[Si](C)(C)C>>C=C(CBr)C[C@H](O)CCOCc1ccc(OC)cc1"", ""C#C[C@@H](OC(=O)c1ccccc1)[C@H](OC(=O)c1ccccc1)[C@@H](CC=C)O[Si](CC)(CC)CC.C=C(CBr)C[C@H](O)CCOCc1ccc(OC)cc1>>C=CC[C@@H](O)[C@@H](OC(=O)c1ccccc1)[C@@H](C#CCC(=C)C[C@H](O)CCOCc1ccc(OC)cc1)OC(=O)c1ccccc1"", ""C=CC[C@@H](O)[C@@H](OC(=O)c1ccccc1)[C@@H](C#CCC(=C)C[C@H](O)CCOCc1ccc(OC)cc1)OC(=O)c1ccccc1>>C=CC[C@H]1O[C@@]2(CC(=C)C[C@@H](CCOCc3ccc(OC)cc3)O2)C[C@@H](OC(=O)c2ccccc2)[C@@H]1OC(=O)c1ccccc1.C=CC[C@H]1O[C@]2(CC(=C)C[C@@H](CCOCc3ccc(OC)cc3)O2)C[C@@H](OC(=O)c2ccccc2)[C@@H]1OC(=O)c1ccccc1"", ""C=CC[C@H]1O[C@@]2(CC(=C)C[C@@H](CCOCc3ccc(OC)cc3)O2)C[C@@H](OC(=O)c2ccccc2)[C@@H]1OC(=O)c1ccccc1>>C=C1C[C@@H](CCOCc2ccc(OC)cc2)O[C@]2(C1)C[C@@H](OC(=O)c1ccccc1)[C@H](OC(=O)c1ccccc1)[C@@H](C[C@H](O)CO)O2"", ""C=C1C[C@@H](CCOCc2ccc(OC)cc2)O[C@]2(C1)C[C@@H](OC(=O)c1ccccc1)[C@H](OC(=O)c1ccccc1)[C@@H](C[C@H](O)CO)O2>>C=C1C[C@@H](CCOCc2ccc(OC)cc2)O[C@]2(C1)C[C@@H](OC(=O)c1ccccc1)[C@H](OC(=O)c1ccccc1)[C@@H](C[C@@H](CO[Si](C)(C)C(C)(C)C)O[Si](C)(C)C(C)(C)C)O2"", ""C=C1C[C@@H](CCOCc2ccc(OC)cc2)O[C@]2(C1)C[C@@H](OC(=O)c1ccccc1)[C@H](OC(=O)c1ccccc1)[C@@H](C[C@@H](CO[Si](C)(C)C(C)(C)C)O[Si](C)(C)C(C)(C)C)O2>>C=C1C[C@@H](CCO)O[C@]2(C1)C[C@@H](OC(=O)c1ccccc1)[C@H](OC(=O)c1ccccc1)[C@@H](C[C@@H](CO[Si](C)(C)C(C)(C)C)O[Si](C)(C)C(C)(C)C)O2"", ""C=C1C[C@@H](CCO)O[C@]2(C1)C[C@@H](OC(=O)c1ccccc1)[C@H](OC(=O)c1ccccc1)[C@@H](C[C@@H](CO[Si](C)(C)C(C)(C)C)O[Si](C)(C)C(C)(C)C)O2>>C=C1C[C@@H](CC=O)O[C@]2(C1)C[C@@H](OC(=O)c1ccccc1)[C@H](OC(=O)c1ccccc1)[C@@H](C[C@@H](CO[Si](C)(C)C(C)(C)C)O[Si](C)(C)C(C)(C)C)O2"", ""C=C1C[C@@H](CC=O)O[C@]2(C1)C[C@@H](OC(=O)c1ccccc1)[C@H](OC(=O)c1ccccc1)[C@@H](C[C@@H](CO[Si](C)(C)C(C)(C)C)O[Si](C)(C)C(C)(C)C)O2.C=C=[CH][Sn]([CH2]CCC)([CH2]CCC)[CH2]CCC>>C=C1C[C@@H](C[C@@H](O)C/C=[CH]/[Sn]([CH2]CCC)([CH2]CCC)[CH2]CCC)O[C@]2(C1)C[C@@H](OC(=O)c1ccccc1)[C@H](OC(=O)c1ccccc1)[C@@H](C[C@@H](CO[Si](C)(C)C(C)(C)C)O[Si](C)(C)C(C)(C)C)O2"", ""C=C1C[C@@H](C[C@@H](O)C/C=[CH]/[Sn]([CH2]CCC)([CH2]CCC)[CH2]CCC)O[C@]2(C1)C[C@@H](OC(=O)c1ccccc1)[C@H](OC(=O)c1ccccc1)[C@@H](C[C@@H](CO[Si](C)(C)C(C)(C)C)O[Si](C)(C)C(C)(C)C)O2>>C=C1C[C@@H](C[C@H](C/C=[CH]/[Sn]([CH2]CCC)([CH2]CCC)[CH2]CCC)OC(=O)[C@](OC)(c2ccccc2)C(F)(F)F)O[C@]2(C1)C[C@@H](OC(=O)c1ccccc1)[C@H](OC(=O)c1ccccc1)[C@@H](C[C@@H](CO[Si](C)(C)C(C)(C)C)O[Si](C)(C)C(C)(C)C)O2""]",False,False,10.1021/jacs.6c05580,False,False
preparation-M-28-S,D-ribose,"[""D-ribose"", ""6"", ""vinylmagnesium-bromide"", ""benzyl-bromide"", ""benzoyl-chloride"", ""L-aspartic-acid"", ""PMB-alcohol"", ""2,3-dibromopropene"", ""26""]",28-MTPA-S,source_bound_control_branch,"[""A01"", ""A02"", ""A06"", ""A07"", ""A08"", ""A09"", ""A10"", ""A11"", ""A12"", ""A16"", ""A17"", ""A18"", ""A19"", ""A20"", ""A21"", ""A22"", ""A23"", ""A28"", ""A29"", ""A31"", ""A32"", ""A33"", ""A34"", ""A35"", ""M-28-S""]","[""A01.1"", ""A02.1"", ""A06.1"", ""A07.1"", ""A08.1"", ""A09.1"", ""A10.1"", ""A11.1"", ""A12.1"", ""A16.1"", ""A17.1"", ""A18.1"", ""A19.1"", ""A20.1"", ""A21.1"", ""A22.1"", ""A23.1"", ""A28.1"", ""A29.1"", ""A31.1"", ""A32.1"", ""A33.1"", ""A34.1"", ""A35.1"", ""M-28-S.1""]","[""D-ribose"", ""2"", ""6"", ""3"", ""7"", ""vinylmagnesium-bromide"", ""S1"", ""benzyl-bromide"", ""8"", ""9"", ""benzoyl-chloride"", ""S2"", ""S3"", ""10"", ""L-aspartic-acid"", ""13"", ""S7"", ""PMB-alcohol"", ""PMB-bromide"", ""14"", ""2,3-dibromopropene"", ""S8"", ""15"", ""16"", ""17"", ""22"", ""23"", ""8-epi-23"", ""24"", ""S10-PMB"", ""S10"", ""25"", ""26"", ""28"", ""28-MTPA-S""]","[""OC[C@H]1OC(O)[C@H](O)[C@@H]1O"", ""CC1(C)O[C@@H]2[C@@H](CO)OC(O)[C@@H]2O1"", ""COP(=O)(OC)C(=[N+]=[N-])C(C)=O"", ""C#C[C@H]1OC(C)(C)O[C@@H]1[C@H](O)CO"", ""C#C[C@H]1OC(C)(C)O[C@@H]1[C@H]1CO1"", ""[Br-].[CH-]=C.[Mg+2]"", ""C#C[C@H]1OC(C)(C)O[C@@H]1[C@H](O)CC=C"", ""BrCc1ccccc1"", ""C#C[C@H]1OC(C)(C)O[C@@H]1[C@@H](CC=C)OCc1ccccc1"", ""C#C[C@@H](O)[C@H](O)[C@H](O)CC=C"", ""O=C(Cl)c1ccccc1"", ""C#C[C@@H](OC(=O)c1ccccc1)[C@H](OC(=O)c1ccccc1)[C@@H](CC=C)OCc1ccccc1"", ""C#C[C@@H](OC(=O)c1ccccc1)[C@H](OC(=O)c1ccccc1)[C@H](O)CC=C"", ""C#C[C@@H](OC(=O)c1ccccc1)[C@H](OC(=O)c1ccccc1)[C@@H](CC=C)O[Si](CC)(CC)CC"", ""N[C@@H](CC(=O)O)C(=O)O"", ""O=C(O)C[C@H](Br)C(=O)O"", ""OCC[C@H](Br)CO"", ""COc1ccc(CO)cc1"", ""COc1ccc(CBr)cc1"", ""COc1ccc(COCC[C@@H]2CO2)cc1"", ""C=C(Br)CBr"", ""C=C(Br)C[Si](C)(C)C"", ""C=[C-]C[Si](C)(C)C.[Br-].[Mg+2]"", ""C=C(C[C@H](O)CCOCc1ccc(OC)cc1)C[Si](C)(C)C"", ""C=C(CBr)C[C@H](O)CCOCc1ccc(OC)cc1"", ""C=CC[C@@H](O)[C@@H](OC(=O)c1ccccc1)[C@@H](C#CCC(=C)C[C@H](O)CCOCc1ccc(OC)cc1)OC(=O)c1ccccc1"", ""C=CC[C@H]1O[C@@]2(CC(=C)C[C@@H](CCOCc3ccc(OC)cc3)O2)C[C@@H](OC(=O)c2ccccc2)[C@@H]1OC(=O)c1ccccc1"", ""C=CC[C@H]1O[C@]2(CC(=C)C[C@@H](CCOCc3ccc(OC)cc3)O2)C[C@@H](OC(=O)c2ccccc2)[C@@H]1OC(=O)c1ccccc1"", ""C=C1C[C@@H](CCOCc2ccc(OC)cc2)O[C@]2(C1)C[C@@H](OC(=O)c1ccccc1)[C@H](OC(=O)c1ccccc1)[C@@H](C[C@H](O)CO)O2"", ""C=C1C[C@@H](CCOCc2ccc(OC)cc2)O[C@]2(C1)C[C@@H](OC(=O)c1ccccc1)[C@H](OC(=O)c1ccccc1)[C@@H](C[C@@H](CO[Si](C)(C)C(C)(C)C)O[Si](C)(C)C(C)(C)C)O2"", ""C=C1C[C@@H](CCO)O[C@]2(C1)C[C@@H](OC(=O)c1ccccc1)[C@H](OC(=O)c1ccccc1)[C@@H](C[C@@H](CO[Si](C)(C)C(C)(C)C)O[Si](C)(C)C(C)(C)C)O2"", ""C=C1C[C@@H](CC=O)O[C@]2(C1)C[C@@H](OC(=O)c1ccccc1)[C@H](OC(=O)c1ccccc1)[C@@H](C[C@@H](CO[Si](C)(C)C(C)(C)C)O[Si](C)(C)C(C)(C)C)O2"", ""C=C=[CH][Sn]([CH2]CCC)([CH2]CCC)[CH2]CCC"", ""C=C1C[C@@H](C[C@@H](O)C/C=[CH]/[Sn]([CH2]CCC)([CH2]CCC)[CH2]CCC)O[C@]2(C1)C[C@@H](OC(=O)c1ccccc1)[C@H](OC(=O)c1ccccc1)[C@@H](C[C@@H](CO[Si](C)(C)C(C)(C)C)O[Si](C)(C)C(C)(C)C)O2"", ""C=C1C[C@@H](C[C@H](C/C=[CH]/[Sn]([CH2]CCC)([CH2]CCC)[CH2]CCC)OC(=O)[C@@](OC)(c2ccccc2)C(F)(F)F)O[C@]2(C1)C[C@@H](OC(=O)c1ccccc1)[C@H](OC(=O)c1ccccc1)[C@@H](C[C@@H](CO[Si](C)(C)C(C)(C)C)O[Si](C)(C)C(C)(C)C)O2""]","[""OC[C@H]1OC(O)[C@H](O)[C@@H]1O>>CC1(C)O[C@@H]2[C@@H](CO)OC(O)[C@@H]2O1"", ""CC1(C)O[C@@H]2[C@@H](CO)OC(O)[C@@H]2O1.COP(=O)(OC)C(=[N+]=[N-])C(C)=O>>C#C[C@H]1OC(C)(C)O[C@@H]1[C@H](O)CO"", ""C#C[C@H]1OC(C)(C)O[C@@H]1[C@H](O)CO>>C#C[C@H]1OC(C)(C)O[C@@H]1[C@H]1CO1"", ""C#C[C@H]1OC(C)(C)O[C@@H]1[C@H]1CO1.[Br-].[CH-]=C.[Mg+2]>>C#C[C@H]1OC(C)(C)O[C@@H]1[C@H](O)CC=C"", ""BrCc1ccccc1.C#C[C@H]1OC(C)(C)O[C@@H]1[C@H](O)CC=C>>C#C[C@H]1OC(C)(C)O[C@@H]1[C@@H](CC=C)OCc1ccccc1"", ""C#C[C@H]1OC(C)(C)O[C@@H]1[C@@H](CC=C)OCc1ccccc1>>C#C[C@@H](O)[C@H](O)[C@H](O)CC=C"", ""C#C[C@@H](O)[C@H](O)[C@H](O)CC=C.O=C(Cl)c1ccccc1>>C#C[C@@H](OC(=O)c1ccccc1)[C@H](OC(=O)c1ccccc1)[C@@H](CC=C)OCc1ccccc1"", ""C#C[C@@H](OC(=O)c1ccccc1)[C@H](OC(=O)c1ccccc1)[C@@H](CC=C)OCc1ccccc1>>C#C[C@@H](OC(=O)c1ccccc1)[C@H](OC(=O)c1ccccc1)[C@H](O)CC=C"", ""C#C[C@@H](OC(=O)c1ccccc1)[C@H](OC(=O)c1ccccc1)[C@H](O)CC=C>>C#C[C@@H](OC(=O)c1ccccc1)[C@H](OC(=O)c1ccccc1)[C@@H](CC=C)O[Si](CC)(CC)CC"", ""N[C@@H](CC(=O)O)C(=O)O>>O=C(O)C[C@H](Br)C(=O)O"", ""O=C(O)C[C@H](Br)C(=O)O>>OCC[C@H](Br)CO"", ""COc1ccc(CO)cc1>>COc1ccc(CBr)cc1"", ""COc1ccc(CBr)cc1.OCC[C@H](Br)CO>>COc1ccc(COCC[C@@H]2CO2)cc1"", ""C=C(Br)CBr>>C=C(Br)C[Si](C)(C)C"", ""C=C(Br)C[Si](C)(C)C>>C=[C-]C[Si](C)(C)C.[Br-].[Mg+2]"", ""C=[C-]C[Si](C)(C)C.COc1ccc(COCC[C@@H]2CO2)cc1.[Br-].[Mg+2]>>C=C(C[C@H](O)CCOCc1ccc(OC)cc1)C[Si](C)(C)C"", ""C=C(C[C@H](O)CCOCc1ccc(OC)cc1)C[Si](C)(C)C>>C=C(CBr)C[C@H](O)CCOCc1ccc(OC)cc1"", ""C#C[C@@H](OC(=O)c1ccccc1)[C@H](OC(=O)c1ccccc1)[C@@H](CC=C)O[Si](CC)(CC)CC.C=C(CBr)C[C@H](O)CCOCc1ccc(OC)cc1>>C=CC[C@@H](O)[C@@H](OC(=O)c1ccccc1)[C@@H](C#CCC(=C)C[C@H](O)CCOCc1ccc(OC)cc1)OC(=O)c1ccccc1"", ""C=CC[C@@H](O)[C@@H](OC(=O)c1ccccc1)[C@@H](C#CCC(=C)C[C@H](O)CCOCc1ccc(OC)cc1)OC(=O)c1ccccc1>>C=CC[C@H]1O[C@@]2(CC(=C)C[C@@H](CCOCc3ccc(OC)cc3)O2)C[C@@H](OC(=O)c2ccccc2)[C@@H]1OC(=O)c1ccccc1.C=CC[C@H]1O[C@]2(CC(=C)C[C@@H](CCOCc3ccc(OC)cc3)O2)C[C@@H](OC(=O)c2ccccc2)[C@@H]1OC(=O)c1ccccc1"", ""C=CC[C@H]1O[C@@]2(CC(=C)C[C@@H](CCOCc3ccc(OC)cc3)O2)C[C@@H](OC(=O)c2ccccc2)[C@@H]1OC(=O)c1ccccc1>>C=C1C[C@@H](CCOCc2ccc(OC)cc2)O[C@]2(C1)C[C@@H](OC(=O)c1ccccc1)[C@H](OC(=O)c1ccccc1)[C@@H](C[C@H](O)CO)O2"", ""C=C1C[C@@H](CCOCc2ccc(OC)cc2)O[C@]2(C1)C[C@@H](OC(=O)c1ccccc1)[C@H](OC(=O)c1ccccc1)[C@@H](C[C@H](O)CO)O2>>C=C1C[C@@H](CCOCc2ccc(OC)cc2)O[C@]2(C1)C[C@@H](OC(=O)c1ccccc1)[C@H](OC(=O)c1ccccc1)[C@@H](C[C@@H](CO[Si](C)(C)C(C)(C)C)O[Si](C)(C)C(C)(C)C)O2"", ""C=C1C[C@@H](CCOCc2ccc(OC)cc2)O[C@]2(C1)C[C@@H](OC(=O)c1ccccc1)[C@H](OC(=O)c1ccccc1)[C@@H](C[C@@H](CO[Si](C)(C)C(C)(C)C)O[Si](C)(C)C(C)(C)C)O2>>C=C1C[C@@H](CCO)O[C@]2(C1)C[C@@H](OC(=O)c1ccccc1)[C@H](OC(=O)c1ccccc1)[C@@H](C[C@@H](CO[Si](C)(C)C(C)(C)C)O[Si](C)(C)C(C)(C)C)O2"", ""C=C1C[C@@H](CCO)O[C@]2(C1)C[C@@H](OC(=O)c1ccccc1)[C@H](OC(=O)c1ccccc1)[C@@H](C[C@@H](CO[Si](C)(C)C(C)(C)C)O[Si](C)(C)C(C)(C)C)O2>>C=C1C[C@@H](CC=O)O[C@]2(C1)C[C@@H](OC(=O)c1ccccc1)[C@H](OC(=O)c1ccccc1)[C@@H](C[C@@H](CO[Si](C)(C)C(C)(C)C)O[Si](C)(C)C(C)(C)C)O2"", ""C=C1C[C@@H](CC=O)O[C@]2(C1)C[C@@H](OC(=O)c1ccccc1)[C@H](OC(=O)c1ccccc1)[C@@H](C[C@@H](CO[Si](C)(C)C(C)(C)C)O[Si](C)(C)C(C)(C)C)O2.C=C=[CH][Sn]([CH2]CCC)([CH2]CCC)[CH2]CCC>>C=C1C[C@@H](C[C@@H](O)C/C=[CH]/[Sn]([CH2]CCC)([CH2]CCC)[CH2]CCC)O[C@]2(C1)C[C@@H](OC(=O)c1ccccc1)[C@H](OC(=O)c1ccccc1)[C@@H](C[C@@H](CO[Si](C)(C)C(C)(C)C)O[Si](C)(C)C(C)(C)C)O2"", ""C=C1C[C@@H](C[C@@H](O)C/C=[CH]/[Sn]([CH2]CCC)([CH2]CCC)[CH2]CCC)O[C@]2(C1)C[C@@H](OC(=O)c1ccccc1)[C@H](OC(=O)c1ccccc1)[C@@H](C[C@@H](CO[Si](C)(C)C(C)(C)C)O[Si](C)(C)C(C)(C)C)O2>>C=C1C[C@@H](C[C@H](C/C=[CH]/[Sn]([CH2]CCC)([CH2]CCC)[CH2]CCC)OC(=O)[C@@](OC)(c2ccccc2)C(F)(F)F)O[C@]2(C1)C[C@@H](OC(=O)c1ccccc1)[C@H](OC(=O)c1ccccc1)[C@@H](C[C@@H](CO[Si](C)(C)C(C)(C)C)O[Si](C)(C)C(C)(C)C)O2""]",False,False,10.1021/jacs.6c05580,False,False
preparation-M-S12-R,31,"[""31"", ""vinylmagnesium-bromide"", ""methyl-acrylate""]",S12-MTPA-R,source_bound_control_branch,"[""B01"", ""B02"", ""B03"", ""B04"", ""B05"", ""M-S12-R""]","[""B01.1"", ""B02.1"", ""B03.1"", ""B04.1"", ""B05.1"", ""M-S12-R.1""]","[""31"", ""vinylmagnesium-bromide"", ""32"", ""methyl-acrylate"", ""S11"", ""33"", ""34"", ""S12"", ""S12-MTPA-R""]","[""c1ccc(COC[C@H]2CO2)cc1"", ""[Br-].[CH-]=C.[Mg+2]"", ""C=CC[C@H](O)COCc1ccccc1"", ""C=CC(=O)OC"", ""COC(=O)/C=C/C[C@H](O)COCc1ccccc1"", ""COC(=O)/C=C/C[C@@H](COCc1ccccc1)OS(C)(=O)=O"", ""COC(=O)[C@H](O)[C@H](O)C[C@@H](COCc1ccccc1)OS(C)(=O)=O"", ""COC(=O)[C@@H]1O[C@@H](COCc2ccccc2)C[C@H]1O"", ""COC(=O)[C@@H]1O[C@@H](COCc2ccccc2)C[C@H]1OC(=O)[C@](OC)(c1ccccc1)C(F)(F)F""]","[""[Br-].[CH-]=C.[Mg+2].c1ccc(COC[C@H]2CO2)cc1>>C=CC[C@H](O)COCc1ccccc1"", ""C=CC(=O)OC.C=CC[C@H](O)COCc1ccccc1>>COC(=O)/C=C/C[C@H](O)COCc1ccccc1"", ""COC(=O)/C=C/C[C@H](O)COCc1ccccc1>>COC(=O)/C=C/C[C@@H](COCc1ccccc1)OS(C)(=O)=O"", ""COC(=O)/C=C/C[C@@H](COCc1ccccc1)OS(C)(=O)=O>>COC(=O)[C@H](O)[C@H](O)C[C@@H](COCc1ccccc1)OS(C)(=O)=O"", ""COC(=O)[C@H](O)[C@H](O)C[C@@H](COCc1ccccc1)OS(C)(=O)=O>>COC(=O)[C@@H]1O[C@@H](COCc2ccccc2)C[C@H]1O"", ""COC(=O)[C@@H]1O[C@@H](COCc2ccccc2)C[C@H]1O>>COC(=O)[C@@H]1O[C@@H](COCc2ccccc2)C[C@H]1OC(=O)[C@](OC)(c1ccccc1)C(F)(F)F""]",False,False,10.1021/jacs.6c05580,False,False
preparation-M-S12-S,31,"[""31"", ""vinylmagnesium-bromide"", ""methyl-acrylate""]",S12-MTPA-S,source_bound_control_branch,"[""B01"", ""B02"", ""B03"", ""B04"", ""B05"", ""M-S12-S""]","[""B01.1"", ""B02.1"", ""B03.1"", ""B04.1"", ""B05.1"", ""M-S12-S.1""]","[""31"", ""vinylmagnesium-bromide"", ""32"", ""methyl-acrylate"", ""S11"", ""33"", ""34"", ""S12"", ""S12-MTPA-S""]","[""c1ccc(COC[C@H]2CO2)cc1"", ""[Br-].[CH-]=C.[Mg+2]"", ""C=CC[C@H](O)COCc1ccccc1"", ""C=CC(=O)OC"", ""COC(=O)/C=C/C[C@H](O)COCc1ccccc1"", ""COC(=O)/C=C/C[C@@H](COCc1ccccc1)OS(C)(=O)=O"", ""COC(=O)[C@H](O)[C@H](O)C[C@@H](COCc1ccccc1)OS(C)(=O)=O"", ""COC(=O)[C@@H]1O[C@@H](COCc2ccccc2)C[C@H]1O"", ""COC(=O)[C@@H]1O[C@@H](COCc2ccccc2)C[C@H]1OC(=O)[C@@](OC)(c1ccccc1)C(F)(F)F""]","[""[Br-].[CH-]=C.[Mg+2].c1ccc(COC[C@H]2CO2)cc1>>C=CC[C@H](O)COCc1ccccc1"", ""C=CC(=O)OC.C=CC[C@H](O)COCc1ccccc1>>COC(=O)/C=C/C[C@H](O)COCc1ccccc1"", ""COC(=O)/C=C/C[C@H](O)COCc1ccccc1>>COC(=O)/C=C/C[C@@H](COCc1ccccc1)OS(C)(=O)=O"", ""COC(=O)/C=C/C[C@@H](COCc1ccccc1)OS(C)(=O)=O>>COC(=O)[C@H](O)[C@H](O)C[C@@H](COCc1ccccc1)OS(C)(=O)=O"", ""COC(=O)[C@H](O)[C@H](O)C[C@@H](COCc1ccccc1)OS(C)(=O)=O>>COC(=O)[C@@H]1O[C@@H](COCc2ccccc2)C[C@H]1O"", ""COC(=O)[C@@H]1O[C@@H](COCc2ccccc2)C[C@H]1O>>COC(=O)[C@@H]1O[C@@H](COCc2ccccc2)C[C@H]1OC(=O)[C@@](OC)(c1ccccc1)C(F)(F)F""]",False,False,10.1021/jacs.6c05580,False,False
preparation-M-53-R,tri-O-acetyl-D-glucal,"[""tri-O-acetyl-D-glucal"", ""Mander-reagent"", ""allyl-alcohol"", ""MOM-chloride""]",53-MTPA-R,source_bound_control_branch,"[""C01"", ""C02"", ""C03"", ""C05"", ""C04"", ""C06"", ""C09"", ""M-53-R""]","[""C01.1"", ""C02.1"", ""C03.1"", ""C05.1"", ""C04.1"", ""C06.1"", ""C09.1"", ""M-53-R.1""]","[""tri-O-acetyl-D-glucal"", ""48"", ""49"", ""Mander-reagent"", ""50"", ""50-aldehyde"", ""allyl-alcohol"", ""MOM-chloride"", ""51"", ""52"", ""53"", ""53-MTPA-R""]","[""CC(=O)OC[C@H]1OC=C[C@@H](OC(C)=O)[C@@H]1OC(C)=O"", ""CC(C)(C)[Si](C)(C)OC[C@H]1OC=C[C@@H](O[Si](C)(C)C(C)(C)C)[C@@H]1O[Si](C)(C)C(C)(C)C"", ""CC(C)(C)[Si](C)(C)OC[C@H]1OC(Cl)C[C@@H](O[Si](C)(C)C(C)(C)C)[C@@H]1O[Si](C)(C)C(C)(C)C"", ""COC(=O)C#N"", ""COC(=O)[C@@H]1C[C@@H](O[Si](C)(C)C(C)(C)C)[C@H](O[Si](C)(C)C(C)(C)C)[C@@H](CO)O1"", ""COC(=O)[C@@H]1C[C@@H](O[Si](C)(C)C(C)(C)C)[C@H](O[Si](C)(C)C(C)(C)C)[C@@H](C=O)O1"", ""C=CCO"", ""COCCl"", ""C=CCOCOC"", ""C=C[C@H](OCOC)[C@@H](O)[C@H]1O[C@H](C(=O)OC)C[C@@H](O[Si](C)(C)C(C)(C)C)[C@@H]1O[Si](C)(C)C(C)(C)C"", ""C=C[C@H](O)[C@@H](O)[C@H]1O[C@H](C(=O)OC)C[C@@H](O[Si](C)(C)C(C)(C)C)[C@@H]1O[Si](C)(C)C(C)(C)C"", ""C=C[C@H](OC(=O)[C@](OC)(c1ccccc1)C(F)(F)F)[C@@H](O)[C@H]1O[C@H](C(=O)OC)C[C@@H](O[Si](C)(C)C(C)(C)C)[C@@H]1O[Si](C)(C)C(C)(C)C""]","[""CC(=O)OC[C@H]1OC=C[C@@H](OC(C)=O)[C@@H]1OC(C)=O>>CC(C)(C)[Si](C)(C)OC[C@H]1OC=C[C@@H](O[Si](C)(C)C(C)(C)C)[C@@H]1O[Si](C)(C)C(C)(C)C"", ""CC(C)(C)[Si](C)(C)OC[C@H]1OC=C[C@@H](O[Si](C)(C)C(C)(C)C)[C@@H]1O[Si](C)(C)C(C)(C)C>>CC(C)(C)[Si](C)(C)OC[C@H]1OC(Cl)C[C@@H](O[Si](C)(C)C(C)(C)C)[C@@H]1O[Si](C)(C)C(C)(C)C"", ""CC(C)(C)[Si](C)(C)OC[C@H]1OC(Cl)C[C@@H](O[Si](C)(C)C(C)(C)C)[C@@H]1O[Si](C)(C)C(C)(C)C.COC(=O)C#N>>COC(=O)[C@@H]1C[C@@H](O[Si](C)(C)C(C)(C)C)[C@H](O[Si](C)(C)C(C)(C)C)[C@@H](CO)O1"", ""COC(=O)[C@@H]1C[C@@H](O[Si](C)(C)C(C)(C)C)[C@H](O[Si](C)(C)C(C)(C)C)[C@@H](CO)O1>>COC(=O)[C@@H]1C[C@@H](O[Si](C)(C)C(C)(C)C)[C@H](O[Si](C)(C)C(C)(C)C)[C@@H](C=O)O1"", ""C=CCO.COCCl>>C=CCOCOC"", ""C=CCOCOC.COC(=O)[C@@H]1C[C@@H](O[Si](C)(C)C(C)(C)C)[C@H](O[Si](C)(C)C(C)(C)C)[C@@H](C=O)O1>>C=C[C@H](OCOC)[C@@H](O)[C@H]1O[C@H](C(=O)OC)C[C@@H](O[Si](C)(C)C(C)(C)C)[C@@H]1O[Si](C)(C)C(C)(C)C"", ""C=C[C@H](OCOC)[C@@H](O)[C@H]1O[C@H](C(=O)OC)C[C@@H](O[Si](C)(C)C(C)(C)C)[C@@H]1O[Si](C)(C)C(C)(C)C>>C=C[C@H](O)[C@@H](O)[C@H]1O[C@H](C(=O)OC)C[C@@H](O[Si](C)(C)C(C)(C)C)[C@@H]1O[Si](C)(C)C(C)(C)C"", ""C=C[C@H](O)[C@@H](O)[C@H]1O[C@H](C(=O)OC)C[C@@H](O[Si](C)(C)C(C)(C)C)[C@@H]1O[Si](C)(C)C(C)(C)C>>C=C[C@H](OC(=O)[C@](OC)(c1ccccc1)C(F)(F)F)[C@@H](O)[C@H]1O[C@H](C(=O)OC)C[C@@H](O[Si](C)(C)C(C)(C)C)[C@@H]1O[Si](C)(C)C(C)(C)C""]",False,False,10.1021/jacs.6c05580,False,False
preparation-M-53-S,tri-O-acetyl-D-glucal,"[""tri-O-acetyl-D-glucal"", ""Mander-reagent"", ""allyl-alcohol"", ""MOM-chloride""]",53-MTPA-S,source_bound_control_branch,"[""C01"", ""C02"", ""C03"", ""C05"", ""C04"", ""C06"", ""C09"", ""M-53-S""]","[""C01.1"", ""C02.1"", ""C03.1"", ""C05.1"", ""C04.1"", ""C06.1"", ""C09.1"", ""M-53-S.1""]","[""tri-O-acetyl-D-glucal"", ""48"", ""49"", ""Mander-reagent"", ""50"", ""50-aldehyde"", ""allyl-alcohol"", ""MOM-chloride"", ""51"", ""52"", ""53"", ""53-MTPA-S""]","[""CC(=O)OC[C@H]1OC=C[C@@H](OC(C)=O)[C@@H]1OC(C)=O"", ""CC(C)(C)[Si](C)(C)OC[C@H]1OC=C[C@@H](O[Si](C)(C)C(C)(C)C)[C@@H]1O[Si](C)(C)C(C)(C)C"", ""CC(C)(C)[Si](C)(C)OC[C@H]1OC(Cl)C[C@@H](O[Si](C)(C)C(C)(C)C)[C@@H]1O[Si](C)(C)C(C)(C)C"", ""COC(=O)C#N"", ""COC(=O)[C@@H]1C[C@@H](O[Si](C)(C)C(C)(C)C)[C@H](O[Si](C)(C)C(C)(C)C)[C@@H](CO)O1"", ""COC(=O)[C@@H]1C[C@@H](O[Si](C)(C)C(C)(C)C)[C@H](O[Si](C)(C)C(C)(C)C)[C@@H](C=O)O1"", ""C=CCO"", ""COCCl"", ""C=CCOCOC"", ""C=C[C@H](OCOC)[C@@H](O)[C@H]1O[C@H](C(=O)OC)C[C@@H](O[Si](C)(C)C(C)(C)C)[C@@H]1O[Si](C)(C)C(C)(C)C"", ""C=C[C@H](O)[C@@H](O)[C@H]1O[C@H](C(=O)OC)C[C@@H](O[Si](C)(C)C(C)(C)C)[C@@H]1O[Si](C)(C)C(C)(C)C"", ""C=C[C@H](OC(=O)[C@@](OC)(c1ccccc1)C(F)(F)F)[C@@H](O)[C@H]1O[C@H](C(=O)OC)C[C@@H](O[Si](C)(C)C(C)(C)C)[C@@H]1O[Si](C)(C)C(C)(C)C""]","[""CC(=O)OC[C@H]1OC=C[C@@H](OC(C)=O)[C@@H]1OC(C)=O>>CC(C)(C)[Si](C)(C)OC[C@H]1OC=C[C@@H](O[Si](C)(C)C(C)(C)C)[C@@H]1O[Si](C)(C)C(C)(C)C"", ""CC(C)(C)[Si](C)(C)OC[C@H]1OC=C[C@@H](O[Si](C)(C)C(C)(C)C)[C@@H]1O[Si](C)(C)C(C)(C)C>>CC(C)(C)[Si](C)(C)OC[C@H]1OC(Cl)C[C@@H](O[Si](C)(C)C(C)(C)C)[C@@H]1O[Si](C)(C)C(C)(C)C"", ""CC(C)(C)[Si](C)(C)OC[C@H]1OC(Cl)C[C@@H](O[Si](C)(C)C(C)(C)C)[C@@H]1O[Si](C)(C)C(C)(C)C.COC(=O)C#N>>COC(=O)[C@@H]1C[C@@H](O[Si](C)(C)C(C)(C)C)[C@H](O[Si](C)(C)C(C)(C)C)[C@@H](CO)O1"", ""COC(=O)[C@@H]1C[C@@H](O[Si](C)(C)C(C)(C)C)[C@H](O[Si](C)(C)C(C)(C)C)[C@@H](CO)O1>>COC(=O)[C@@H]1C[C@@H](O[Si](C)(C)C(C)(C)C)[C@H](O[Si](C)(C)C(C)(C)C)[C@@H](C=O)O1"", ""C=CCO.COCCl>>C=CCOCOC"", ""C=CCOCOC.COC(=O)[C@@H]1C[C@@H](O[Si](C)(C)C(C)(C)C)[C@H](O[Si](C)(C)C(C)(C)C)[C@@H](C=O)O1>>C=C[C@H](OCOC)[C@@H](O)[C@H]1O[C@H](C(=O)OC)C[C@@H](O[Si](C)(C)C(C)(C)C)[C@@H]1O[Si](C)(C)C(C)(C)C"", ""C=C[C@H](OCOC)[C@@H](O)[C@H]1O[C@H](C(=O)OC)C[C@@H](O[Si](C)(C)C(C)(C)C)[C@@H]1O[Si](C)(C)C(C)(C)C>>C=C[C@H](O)[C@@H](O)[C@H]1O[C@H](C(=O)OC)C[C@@H](O[Si](C)(C)C(C)(C)C)[C@@H]1O[Si](C)(C)C(C)(C)C"", ""C=C[C@H](O)[C@@H](O)[C@H]1O[C@H](C(=O)OC)C[C@@H](O[Si](C)(C)C(C)(C)C)[C@@H]1O[Si](C)(C)C(C)(C)C>>C=C[C@H](OC(=O)[C@@](OC)(c1ccccc1)C(F)(F)F)[C@@H](O)[C@H]1O[C@H](C(=O)OC)C[C@@H](O[Si](C)(C)C(C)(C)C)[C@@H]1O[Si](C)(C)C(C)(C)C""]",False,False,10.1021/jacs.6c05580,False,False
preparation-M-34S-61-R,31,"[""31"", ""vinylmagnesium-bromide"", ""methyl-acrylate"", ""methylene-triphenylphosphorane"", ""methoxycarbonylmethylene-triphenylphosphorane"", ""iodomethyltriphenylphosphonium-iodide"", ""tri-O-acetyl-D-glucal"", ""Mander-reagent"", ""allyl-alcohol"", ""MOM-chloride""]",34S-61-MTPA-R,source_bound_control_branch,"[""B01"", ""B02"", ""B03"", ""B04"", ""B05"", ""B06"", ""B08"", ""B15"", ""B10"", ""B11"", ""B12"", ""B13"", ""B16"", ""B18"", ""B19"", ""B20"", ""B21"", ""B22"", ""B23"", ""C14"", ""C01"", ""C02"", ""C03"", ""C05"", ""C04"", ""C06"", ""C09"", ""C10"", ""C13"", ""C15"", ""C16"", ""M-34S-61-R""]","[""B01.1"", ""B02.1"", ""B03.1"", ""B04.1"", ""B05.1"", ""B06.1"", ""B08.1"", ""B15.1"", ""B10.1"", ""B11.1"", ""B12.1"", ""B13.1"", ""B16.1"", ""B18.1"", ""B19.1"", ""B20.1"", ""B21.1"", ""B22.1"", ""B23.1"", ""C14.1"", ""C01.1"", ""C02.1"", ""C03.1"", ""C05.1"", ""C04.1"", ""C06.1"", ""C09.1"", ""C10.1"", ""C13.1"", ""C15.1"", ""C16.1"", ""M-34S-61-R.1""]","[""31"", ""vinylmagnesium-bromide"", ""32"", ""methyl-acrylate"", ""S11"", ""33"", ""34"", ""S12"", ""35"", ""36"", ""methylene-triphenylphosphorane"", ""42"", ""methoxycarbonylmethylene-triphenylphosphorane"", ""38-E"", ""38-Z"", ""S15"", ""S15-aldehyde"", ""iodomethyltriphenylphosphonium-iodide"", ""39"", ""43"", ""45"", ""41"", ""41-mesylate"", ""46"", ""S16"", ""47"", ""59"", ""tri-O-acetyl-D-glucal"", ""48"", ""49"", ""Mander-reagent"", ""50"", ""50-aldehyde"", ""allyl-alcohol"", ""MOM-chloride"", ""51"", ""52"", ""53"", ""54"", ""58"", ""60"", ""34S-61"", ""34R-61"", ""34S-61-MTPA-R""]","[""c1ccc(COC[C@H]2CO2)cc1"", ""[Br-].[CH-]=C.[Mg+2]"", ""C=CC[C@H](O)COCc1ccccc1"", ""C=CC(=O)OC"", ""COC(=O)/C=C/C[C@H](O)COCc1ccccc1"", ""COC(=O)/C=C/C[C@@H](COCc1ccccc1)OS(C)(=O)=O"", ""COC(=O)[C@H](O)[C@H](O)C[C@@H](COCc1ccccc1)OS(C)(=O)=O"", ""COC(=O)[C@@H]1O[C@@H](COCc2ccccc2)C[C@H]1O"", ""COC(=O)[C@@H]1O[C@@H](COCc2ccccc2)C[C@H]1O[Si](C)(C)C(C)(C)C"", ""CC(C)(C)[Si](C)(C)O[C@@H]1C[C@H](COCc2ccccc2)O[C@H]1C=O"", ""C=P(c1ccccc1)(c1ccccc1)c1ccccc1"", ""C=C[C@@H]1O[C@@H](COCc2ccccc2)C[C@H]1O[Si](C)(C)C(C)(C)C"", ""COC(=O)C=P(c1ccccc1)(c1ccccc1)c1ccccc1"", ""COC(=O)/C=C/[C@@H]1O[C@@H](COCc2ccccc2)C[C@H]1O[Si](C)(C)C(C)(C)C"", ""COC(=O)/C=C\\[C@@H]1O[C@@H](COCc2ccccc2)C[C@H]1O[Si](C)(C)C(C)(C)C"", ""COC(=O)CC[C@@H]1O[C@@H](CO)C[C@H]1O[Si](C)(C)C(C)(C)C"", ""COC(=O)CC[C@@H]1O[C@@H](C=O)C[C@H]1O[Si](C)(C)C(C)(C)C"", ""IC[P+](c1ccccc1)(c1ccccc1)c1ccccc1.[I-]"", ""COC(=O)CC[C@@H]1O[C@@H](/C=C\\I)C[C@H]1O[Si](C)(C)C(C)(C)C"", ""COC(=O)CC[C@@H]1O[C@@H](/C=C\\CC[C@@H]2O[C@@H](COCc3ccccc3)C[C@H]2O[Si](C)(C)C(C)(C)C)C[C@H]1O[Si](C)(C)C(C)(C)C"", ""COC(=O)CC[C@@H]1O[C@@H](CCCC[C@@H]2O[C@@H](COCc3ccccc3)C[C@H]2O[Si](C)(C)C(C)(C)C)C[C@H]1O[Si](C)(C)C(C)(C)C"", ""COC(=O)CC[C@@H]1O[C@@H](CCCC[C@@H]2O[C@@H](CO)C[C@H]2O[Si](C)(C)C(C)(C)C)C[C@H]1O[Si](C)(C)C(C)(C)C"", ""COC(=O)CC[C@@H]1O[C@@H](CCCC[C@@H]2O[C@@H](COS(C)(=O)=O)C[C@H]2O[Si](C)(C)C(C)(C)C)C[C@H]1O[Si](C)(C)C(C)(C)C"", ""COC(=O)CC[C@@H]1O[C@@H](CCCC[C@@H]2O[C@@H](CN=[N+]=[N-])C[C@H]2O[Si](C)(C)C(C)(C)C)C[C@H]1O[Si](C)(C)C(C)(C)C"", ""COC(=O)CC[C@@H]1O[C@@H](CCCC[C@@H]2O[C@@H](CNC(C)=O)C[C@H]2O[Si](C)(C)C(C)(C)C)C[C@H]1O[Si](C)(C)C(C)(C)C"", ""COC(=O)CC[C@@H]1O[C@@H](CCCC[C@@H]2O[C@@H](CN(N=O)C(C)=O)C[C@H]2O[Si](C)(C)C(C)(C)C)C[C@H]1O[Si](C)(C)C(C)(C)C"", ""COC(=O)CC[C@@H]1O[C@@H](CCCC[C@@H]2O[C@@H](C=[N+]=[N-])C[C@H]2O[Si](C)(C)C(C)(C)C)C[C@H]1O[Si](C)(C)C(C)(C)C"", ""CC(=O)OC[C@H]1OC=C[C@@H](OC(C)=O)[C@@H]1OC(C)=O"", ""CC(C)(C)[Si](C)(C)OC[C@H]1OC=C[C@@H](O[Si](C)(C)C(C)(C)C)[C@@H]1O[Si](C)(C)C(C)(C)C"", ""CC(C)(C)[Si](C)(C)OC[C@H]1OC(Cl)C[C@@H](O[Si](C)(C)C(C)(C)C)[C@@H]1O[Si](C)(C)C(C)(C)C"", ""COC(=O)C#N"", ""COC(=O)[C@@H]1C[C@@H](O[Si](C)(C)C(C)(C)C)[C@H](O[Si](C)(C)C(C)(C)C)[C@@H](CO)O1"", ""COC(=O)[C@@H]1C[C@@H](O[Si](C)(C)C(C)(C)C)[C@H](O[Si](C)(C)C(C)(C)C)[C@@H](C=O)O1"", ""C=CCO"", ""COCCl"", ""C=CCOCOC"", ""C=C[C@H](OCOC)[C@@H](O)[C@H]1O[C@H](C(=O)OC)C[C@@H](O[Si](C)(C)C(C)(C)C)[C@@H]1O[Si](C)(C)C(C)(C)C"", ""C=C[C@H](O)[C@@H](O)[C@H]1O[C@H](C(=O)OC)C[C@@H](O[Si](C)(C)C(C)(C)C)[C@@H]1O[Si](C)(C)C(C)(C)C"", ""C=C[C@H](O[Si](C)(C)C(C)(C)C)[C@@H](O[Si](C)(C)C(C)(C)C)[C@H]1O[C@H](C(=O)OC)C[C@@H](O[Si](C)(C)C(C)(C)C)[C@@H]1O[Si](C)(C)C(C)(C)C"", ""C=C[C@H](O[Si](C)(C)C(C)(C)C)[C@@H](O[Si](C)(C)C(C)(C)C)[C@H]1O[C@H](C=O)C[C@@H](O[Si](C)(C)C(C)(C)C)[C@@H]1O[Si](C)(C)C(C)(C)C"", ""C=C[C@H](O[Si](C)(C)C(C)(C)C)[C@@H](O[Si](C)(C)C(C)(C)C)[C@H]1O[C@H](C(=O)C[C@H]2C[C@@H](O[Si](C)(C)C(C)(C)C)[C@H](CCCC[C@H]3C[C@@H](O[Si](C)(C)C(C)(C)C)[C@H](CCC(=O)OC)O3)O2)C[C@@H](O[Si](C)(C)C(C)(C)C)[C@@H]1O[Si](C)(C)C(C)(C)C"", ""C=C[C@H](O[Si](C)(C)C(C)(C)C)[C@@H](O[Si](C)(C)C(C)(C)C)[C@H]1O[C@H]([C@@H](O)C[C@H]2C[C@@H](O[Si](C)(C)C(C)(C)C)[C@H](CCCC[C@H]3C[C@@H](O[Si](C)(C)C(C)(C)C)[C@H](CCC(=O)OC)O3)O2)C[C@@H](O[Si](C)(C)C(C)(C)C)[C@@H]1O[Si](C)(C)C(C)(C)C"", ""C=C[C@H](O[Si](C)(C)C(C)(C)C)[C@@H](O[Si](C)(C)C(C)(C)C)[C@H]1O[C@H]([C@H](O)C[C@H]2C[C@@H](O[Si](C)(C)C(C)(C)C)[C@H](CCCC[C@H]3C[C@@H](O[Si](C)(C)C(C)(C)C)[C@H](CCC(=O)OC)O3)O2)C[C@@H](O[Si](C)(C)C(C)(C)C)[C@@H]1O[Si](C)(C)C(C)(C)C"", ""C=C[C@H](O[Si](C)(C)C(C)(C)C)[C@@H](O[Si](C)(C)C(C)(C)C)[C@H]1O[C@H]([C@H](C[C@H]2C[C@@H](O[Si](C)(C)C(C)(C)C)[C@H](CCCC[C@H]3C[C@@H](O[Si](C)(C)C(C)(C)C)[C@H](CCC(=O)OC)O3)O2)OC(=O)[C@](OC)(c2ccccc2)C(F)(F)F)C[C@@H](O[Si](C)(C)C(C)(C)C)[C@@H]1O[Si](C)(C)C(C)(C)C""]","[""[Br-].[CH-]=C.[Mg+2].c1ccc(COC[C@H]2CO2)cc1>>C=CC[C@H](O)COCc1ccccc1"", ""C=CC(=O)OC.C=CC[C@H](O)COCc1ccccc1>>COC(=O)/C=C/C[C@H](O)COCc1ccccc1"", ""COC(=O)/C=C/C[C@H](O)COCc1ccccc1>>COC(=O)/C=C/C[C@@H](COCc1ccccc1)OS(C)(=O)=O"", ""COC(=O)/C=C/C[C@@H](COCc1ccccc1)OS(C)(=O)=O>>COC(=O)[C@H](O)[C@H](O)C[C@@H](COCc1ccccc1)OS(C)(=O)=O"", ""COC(=O)[C@H](O)[C@H](O)C[C@@H](COCc1ccccc1)OS(C)(=O)=O>>COC(=O)[C@@H]1O[C@@H](COCc2ccccc2)C[C@H]1O"", ""COC(=O)[C@@H]1O[C@@H](COCc2ccccc2)C[C@H]1O>>COC(=O)[C@@H]1O[C@@H](COCc2ccccc2)C[C@H]1O[Si](C)(C)C(C)(C)C"", ""COC(=O)[C@@H]1O[C@@H](COCc2ccccc2)C[C@H]1O[Si](C)(C)C(C)(C)C>>CC(C)(C)[Si](C)(C)O[C@@H]1C[C@H](COCc2ccccc2)O[C@H]1C=O"", ""C=P(c1ccccc1)(c1ccccc1)c1ccccc1.CC(C)(C)[Si](C)(C)O[C@@H]1C[C@H](COCc2ccccc2)O[C@H]1C=O>>C=C[C@@H]1O[C@@H](COCc2ccccc2)C[C@H]1O[Si](C)(C)C(C)(C)C"", ""CC(C)(C)[Si](C)(C)O[C@@H]1C[C@H](COCc2ccccc2)O[C@H]1C=O.COC(=O)C=P(c1ccccc1)(c1ccccc1)c1ccccc1>>COC(=O)/C=C/[C@@H]1O[C@@H](COCc2ccccc2)C[C@H]1O[Si](C)(C)C(C)(C)C.COC(=O)/C=C\\[C@@H]1O[C@@H](COCc2ccccc2)C[C@H]1O[Si](C)(C)C(C)(C)C"", ""COC(=O)/C=C/[C@@H]1O[C@@H](COCc2ccccc2)C[C@H]1O[Si](C)(C)C(C)(C)C.COC(=O)/C=C\\[C@@H]1O[C@@H](COCc2ccccc2)C[C@H]1O[Si](C)(C)C(C)(C)C>>COC(=O)CC[C@@H]1O[C@@H](CO)C[C@H]1O[Si](C)(C)C(C)(C)C"", ""COC(=O)CC[C@@H]1O[C@@H](CO)C[C@H]1O[Si](C)(C)C(C)(C)C>>COC(=O)CC[C@@H]1O[C@@H](C=O)C[C@H]1O[Si](C)(C)C(C)(C)C"", ""COC(=O)CC[C@@H]1O[C@@H](C=O)C[C@H]1O[Si](C)(C)C(C)(C)C.IC[P+](c1ccccc1)(c1ccccc1)c1ccccc1.[I-]>>COC(=O)CC[C@@H]1O[C@@H](/C=C\\I)C[C@H]1O[Si](C)(C)C(C)(C)C"", ""C=C[C@@H]1O[C@@H](COCc2ccccc2)C[C@H]1O[Si](C)(C)C(C)(C)C.COC(=O)CC[C@@H]1O[C@@H](/C=C\\I)C[C@H]1O[Si](C)(C)C(C)(C)C>>COC(=O)CC[C@@H]1O[C@@H](/C=C\\CC[C@@H]2O[C@@H](COCc3ccccc3)C[C@H]2O[Si](C)(C)C(C)(C)C)C[C@H]1O[Si](C)(C)C(C)(C)C"", ""COC(=O)CC[C@@H]1O[C@@H](/C=C\\CC[C@@H]2O[C@@H](COCc3ccccc3)C[C@H]2O[Si](C)(C)C(C)(C)C)C[C@H]1O[Si](C)(C)C(C)(C)C>>COC(=O)CC[C@@H]1O[C@@H](CCCC[C@@H]2O[C@@H](COCc3ccccc3)C[C@H]2O[Si](C)(C)C(C)(C)C)C[C@H]1O[Si](C)(C)C(C)(C)C"", ""COC(=O)CC[C@@H]1O[C@@H](CCCC[C@@H]2O[C@@H](COCc3ccccc3)C[C@H]2O[Si](C)(C)C(C)(C)C)C[C@H]1O[Si](C)(C)C(C)(C)C>>COC(=O)CC[C@@H]1O[C@@H](CCCC[C@@H]2O[C@@H](CO)C[C@H]2O[Si](C)(C)C(C)(C)C)C[C@H]1O[Si](C)(C)C(C)(C)C"", ""COC(=O)CC[C@@H]1O[C@@H](CCCC[C@@H]2O[C@@H](CO)C[C@H]2O[Si](C)(C)C(C)(C)C)C[C@H]1O[Si](C)(C)C(C)(C)C>>COC(=O)CC[C@@H]1O[C@@H](CCCC[C@@H]2O[C@@H](COS(C)(=O)=O)C[C@H]2O[Si](C)(C)C(C)(C)C)C[C@H]1O[Si](C)(C)C(C)(C)C"", ""COC(=O)CC[C@@H]1O[C@@H](CCCC[C@@H]2O[C@@H](COS(C)(=O)=O)C[C@H]2O[Si](C)(C)C(C)(C)C)C[C@H]1O[Si](C)(C)C(C)(C)C>>COC(=O)CC[C@@H]1O[C@@H](CCCC[C@@H]2O[C@@H](CN=[N+]=[N-])C[C@H]2O[Si](C)(C)C(C)(C)C)C[C@H]1O[Si](C)(C)C(C)(C)C"", ""COC(=O)CC[C@@H]1O[C@@H](CCCC[C@@H]2O[C@@H](CN=[N+]=[N-])C[C@H]2O[Si](C)(C)C(C)(C)C)C[C@H]1O[Si](C)(C)C(C)(C)C>>COC(=O)CC[C@@H]1O[C@@H](CCCC[C@@H]2O[C@@H](CNC(C)=O)C[C@H]2O[Si](C)(C)C(C)(C)C)C[C@H]1O[Si](C)(C)C(C)(C)C"", ""COC(=O)CC[C@@H]1O[C@@H](CCCC[C@@H]2O[C@@H](CNC(C)=O)C[C@H]2O[Si](C)(C)C(C)(C)C)C[C@H]1O[Si](C)(C)C(C)(C)C>>COC(=O)CC[C@@H]1O[C@@H](CCCC[C@@H]2O[C@@H](CN(N=O)C(C)=O)C[C@H]2O[Si](C)(C)C(C)(C)C)C[C@H]1O[Si](C)(C)C(C)(C)C"", ""COC(=O)CC[C@@H]1O[C@@H](CCCC[C@@H]2O[C@@H](CN(N=O)C(C)=O)C[C@H]2O[Si](C)(C)C(C)(C)C)C[C@H]1O[Si](C)(C)C(C)(C)C>>COC(=O)CC[C@@H]1O[C@@H](CCCC[C@@H]2O[C@@H](C=[N+]=[N-])C[C@H]2O[Si](C)(C)C(C)(C)C)C[C@H]1O[Si](C)(C)C(C)(C)C"", ""CC(=O)OC[C@H]1OC=C[C@@H](OC(C)=O)[C@@H]1OC(C)=O>>CC(C)(C)[Si](C)(C)OC[C@H]1OC=C[C@@H](O[Si](C)(C)C(C)(C)C)[C@@H]1O[Si](C)(C)C(C)(C)C"", ""CC(C)(C)[Si](C)(C)OC[C@H]1OC=C[C@@H](O[Si](C)(C)C(C)(C)C)[C@@H]1O[Si](C)(C)C(C)(C)C>>CC(C)(C)[Si](C)(C)OC[C@H]1OC(Cl)C[C@@H](O[Si](C)(C)C(C)(C)C)[C@@H]1O[Si](C)(C)C(C)(C)C"", ""CC(C)(C)[Si](C)(C)OC[C@H]1OC(Cl)C[C@@H](O[Si](C)(C)C(C)(C)C)[C@@H]1O[Si](C)(C)C(C)(C)C.COC(=O)C#N>>COC(=O)[C@@H]1C[C@@H](O[Si](C)(C)C(C)(C)C)[C@H](O[Si](C)(C)C(C)(C)C)[C@@H](CO)O1"", ""COC(=O)[C@@H]1C[C@@H](O[Si](C)(C)C(C)(C)C)[C@H](O[Si](C)(C)C(C)(C)C)[C@@H](CO)O1>>COC(=O)[C@@H]1C[C@@H](O[Si](C)(C)C(C)(C)C)[C@H](O[Si](C)(C)C(C)(C)C)[C@@H](C=O)O1"", ""C=CCO.COCCl>>C=CCOCOC"", ""C=CCOCOC.COC(=O)[C@@H]1C[C@@H](O[Si](C)(C)C(C)(C)C)[C@H](O[Si](C)(C)C(C)(C)C)[C@@H](C=O)O1>>C=C[C@H](OCOC)[C@@H](O)[C@H]1O[C@H](C(=O)OC)C[C@@H](O[Si](C)(C)C(C)(C)C)[C@@H]1O[Si](C)(C)C(C)(C)C"", ""C=C[C@H](OCOC)[C@@H](O)[C@H]1O[C@H](C(=O)OC)C[C@@H](O[Si](C)(C)C(C)(C)C)[C@@H]1O[Si](C)(C)C(C)(C)C>>C=C[C@H](O)[C@@H](O)[C@H]1O[C@H](C(=O)OC)C[C@@H](O[Si](C)(C)C(C)(C)C)[C@@H]1O[Si](C)(C)C(C)(C)C"", ""C=C[C@H](O)[C@@H](O)[C@H]1O[C@H](C(=O)OC)C[C@@H](O[Si](C)(C)C(C)(C)C)[C@@H]1O[Si](C)(C)C(C)(C)C>>C=C[C@H](O[Si](C)(C)C(C)(C)C)[C@@H](O[Si](C)(C)C(C)(C)C)[C@H]1O[C@H](C(=O)OC)C[C@@H](O[Si](C)(C)C(C)(C)C)[C@@H]1O[Si](C)(C)C(C)(C)C"", ""C=C[C@H](O[Si](C)(C)C(C)(C)C)[C@@H](O[Si](C)(C)C(C)(C)C)[C@H]1O[C@H](C(=O)OC)C[C@@H](O[Si](C)(C)C(C)(C)C)[C@@H]1O[Si](C)(C)C(C)(C)C>>C=C[C@H](O[Si](C)(C)C(C)(C)C)[C@@H](O[Si](C)(C)C(C)(C)C)[C@H]1O[C@H](C=O)C[C@@H](O[Si](C)(C)C(C)(C)C)[C@@H]1O[Si](C)(C)C(C)(C)C"", ""C=C[C@H](O[Si](C)(C)C(C)(C)C)[C@@H](O[Si](C)(C)C(C)(C)C)[C@H]1O[C@H](C=O)C[C@@H](O[Si](C)(C)C(C)(C)C)[C@@H]1O[Si](C)(C)C(C)(C)C.COC(=O)CC[C@@H]1O[C@@H](CCCC[C@@H]2O[C@@H](C=[N+]=[N-])C[C@H]2O[Si](C)(C)C(C)(C)C)C[C@H]1O[Si](C)(C)C(C)(C)C>>C=C[C@H](O[Si](C)(C)C(C)(C)C)[C@@H](O[Si](C)(C)C(C)(C)C)[C@H]1O[C@H](C(=O)C[C@H]2C[C@@H](O[Si](C)(C)C(C)(C)C)[C@H](CCCC[C@H]3C[C@@H](O[Si](C)(C)C(C)(C)C)[C@H](CCC(=O)OC)O3)O2)C[C@@H](O[Si](C)(C)C(C)(C)C)[C@@H]1O[Si](C)(C)C(C)(C)C"", ""C=C[C@H](O[Si](C)(C)C(C)(C)C)[C@@H](O[Si](C)(C)C(C)(C)C)[C@H]1O[C@H](C(=O)C[C@H]2C[C@@H](O[Si](C)(C)C(C)(C)C)[C@H](CCCC[C@H]3C[C@@H](O[Si](C)(C)C(C)(C)C)[C@H](CCC(=O)OC)O3)O2)C[C@@H](O[Si](C)(C)C(C)(C)C)[C@@H]1O[Si](C)(C)C(C)(C)C>>C=C[C@H](O[Si](C)(C)C(C)(C)C)[C@@H](O[Si](C)(C)C(C)(C)C)[C@H]1O[C@H]([C@@H](O)C[C@H]2C[C@@H](O[Si](C)(C)C(C)(C)C)[C@H](CCCC[C@H]3C[C@@H](O[Si](C)(C)C(C)(C)C)[C@H](CCC(=O)OC)O3)O2)C[C@@H](O[Si](C)(C)C(C)(C)C)[C@@H]1O[Si](C)(C)C(C)(C)C.C=C[C@H](O[Si](C)(C)C(C)(C)C)[C@@H](O[Si](C)(C)C(C)(C)C)[C@H]1O[C@H]([C@H](O)C[C@H]2C[C@@H](O[Si](C)(C)C(C)(C)C)[C@H](CCCC[C@H]3C[C@@H](O[Si](C)(C)C(C)(C)C)[C@H](CCC(=O)OC)O3)O2)C[C@@H](O[Si](C)(C)C(C)(C)C)[C@@H]1O[Si](C)(C)C(C)(C)C"", ""C=C[C@H](O[Si](C)(C)C(C)(C)C)[C@@H](O[Si](C)(C)C(C)(C)C)[C@H]1O[C@H]([C@@H](O)C[C@H]2C[C@@H](O[Si](C)(C)C(C)(C)C)[C@H](CCCC[C@H]3C[C@@H](O[Si](C)(C)C(C)(C)C)[C@H](CCC(=O)OC)O3)O2)C[C@@H](O[Si](C)(C)C(C)(C)C)[C@@H]1O[Si](C)(C)C(C)(C)C>>C=C[C@H](O[Si](C)(C)C(C)(C)C)[C@@H](O[Si](C)(C)C(C)(C)C)[C@H]1O[C@H]([C@H](C[C@H]2C[C@@H](O[Si](C)(C)C(C)(C)C)[C@H](CCCC[C@H]3C[C@@H](O[Si](C)(C)C(C)(C)C)[C@H](CCC(=O)OC)O3)O2)OC(=O)[C@](OC)(c2ccccc2)C(F)(F)F)C[C@@H](O[Si](C)(C)C(C)(C)C)[C@@H]1O[Si](C)(C)C(C)(C)C""]",False,False,10.1021/jacs.6c05580,False,False
preparation-M-34S-61-S,31,"[""31"", ""vinylmagnesium-bromide"", ""methyl-acrylate"", ""methylene-triphenylphosphorane"", ""methoxycarbonylmethylene-triphenylphosphorane"", ""iodomethyltriphenylphosphonium-iodide"", ""tri-O-acetyl-D-glucal"", ""Mander-reagent"", ""allyl-alcohol"", ""MOM-chloride""]",34S-61-MTPA-S,source_bound_control_branch,"[""B01"", ""B02"", ""B03"", ""B04"", ""B05"", ""B06"", ""B08"", ""B15"", ""B10"", ""B11"", ""B12"", ""B13"", ""B16"", ""B18"", ""B19"", ""B20"", ""B21"", ""B22"", ""B23"", ""C14"", ""C01"", ""C02"", ""C03"", ""C05"", ""C04"", ""C06"", ""C09"", ""C10"", ""C13"", ""C15"", ""C16"", ""M-34S-61-S""]","[""B01.1"", ""B02.1"", ""B03.1"", ""B04.1"", ""B05.1"", ""B06.1"", ""B08.1"", ""B15.1"", ""B10.1"", ""B11.1"", ""B12.1"", ""B13.1"", ""B16.1"", ""B18.1"", ""B19.1"", ""B20.1"", ""B21.1"", ""B22.1"", ""B23.1"", ""C14.1"", ""C01.1"", ""C02.1"", ""C03.1"", ""C05.1"", ""C04.1"", ""C06.1"", ""C09.1"", ""C10.1"", ""C13.1"", ""C15.1"", ""C16.1"", ""M-34S-61-S.1""]","[""31"", ""vinylmagnesium-bromide"", ""32"", ""methyl-acrylate"", ""S11"", ""33"", ""34"", ""S12"", ""35"", ""36"", ""methylene-triphenylphosphorane"", ""42"", ""methoxycarbonylmethylene-triphenylphosphorane"", ""38-E"", ""38-Z"", ""S15"", ""S15-aldehyde"", ""iodomethyltriphenylphosphonium-iodide"", ""39"", ""43"", ""45"", ""41"", ""41-mesylate"", ""46"", ""S16"", ""47"", ""59"", ""tri-O-acetyl-D-glucal"", ""48"", ""49"", ""Mander-reagent"", ""50"", ""50-aldehyde"", ""allyl-alcohol"", ""MOM-chloride"", ""51"", ""52"", ""53"", ""54"", ""58"", ""60"", ""34S-61"", ""34R-61"", ""34S-61-MTPA-S""]","[""c1ccc(COC[C@H]2CO2)cc1"", ""[Br-].[CH-]=C.[Mg+2]"", ""C=CC[C@H](O)COCc1ccccc1"", ""C=CC(=O)OC"", ""COC(=O)/C=C/C[C@H](O)COCc1ccccc1"", ""COC(=O)/C=C/C[C@@H](COCc1ccccc1)OS(C)(=O)=O"", ""COC(=O)[C@H](O)[C@H](O)C[C@@H](COCc1ccccc1)OS(C)(=O)=O"", ""COC(=O)[C@@H]1O[C@@H](COCc2ccccc2)C[C@H]1O"", ""COC(=O)[C@@H]1O[C@@H](COCc2ccccc2)C[C@H]1O[Si](C)(C)C(C)(C)C"", ""CC(C)(C)[Si](C)(C)O[C@@H]1C[C@H](COCc2ccccc2)O[C@H]1C=O"", ""C=P(c1ccccc1)(c1ccccc1)c1ccccc1"", ""C=C[C@@H]1O[C@@H](COCc2ccccc2)C[C@H]1O[Si](C)(C)C(C)(C)C"", ""COC(=O)C=P(c1ccccc1)(c1ccccc1)c1ccccc1"", ""COC(=O)/C=C/[C@@H]1O[C@@H](COCc2ccccc2)C[C@H]1O[Si](C)(C)C(C)(C)C"", ""COC(=O)/C=C\\[C@@H]1O[C@@H](COCc2ccccc2)C[C@H]1O[Si](C)(C)C(C)(C)C"", ""COC(=O)CC[C@@H]1O[C@@H](CO)C[C@H]1O[Si](C)(C)C(C)(C)C"", ""COC(=O)CC[C@@H]1O[C@@H](C=O)C[C@H]1O[Si](C)(C)C(C)(C)C"", ""IC[P+](c1ccccc1)(c1ccccc1)c1ccccc1.[I-]"", ""COC(=O)CC[C@@H]1O[C@@H](/C=C\\I)C[C@H]1O[Si](C)(C)C(C)(C)C"", ""COC(=O)CC[C@@H]1O[C@@H](/C=C\\CC[C@@H]2O[C@@H](COCc3ccccc3)C[C@H]2O[Si](C)(C)C(C)(C)C)C[C@H]1O[Si](C)(C)C(C)(C)C"", ""COC(=O)CC[C@@H]1O[C@@H](CCCC[C@@H]2O[C@@H](COCc3ccccc3)C[C@H]2O[Si](C)(C)C(C)(C)C)C[C@H]1O[Si](C)(C)C(C)(C)C"", ""COC(=O)CC[C@@H]1O[C@@H](CCCC[C@@H]2O[C@@H](CO)C[C@H]2O[Si](C)(C)C(C)(C)C)C[C@H]1O[Si](C)(C)C(C)(C)C"", ""COC(=O)CC[C@@H]1O[C@@H](CCCC[C@@H]2O[C@@H](COS(C)(=O)=O)C[C@H]2O[Si](C)(C)C(C)(C)C)C[C@H]1O[Si](C)(C)C(C)(C)C"", ""COC(=O)CC[C@@H]1O[C@@H](CCCC[C@@H]2O[C@@H](CN=[N+]=[N-])C[C@H]2O[Si](C)(C)C(C)(C)C)C[C@H]1O[Si](C)(C)C(C)(C)C"", ""COC(=O)CC[C@@H]1O[C@@H](CCCC[C@@H]2O[C@@H](CNC(C)=O)C[C@H]2O[Si](C)(C)C(C)(C)C)C[C@H]1O[Si](C)(C)C(C)(C)C"", ""COC(=O)CC[C@@H]1O[C@@H](CCCC[C@@H]2O[C@@H](CN(N=O)C(C)=O)C[C@H]2O[Si](C)(C)C(C)(C)C)C[C@H]1O[Si](C)(C)C(C)(C)C"", ""COC(=O)CC[C@@H]1O[C@@H](CCCC[C@@H]2O[C@@H](C=[N+]=[N-])C[C@H]2O[Si](C)(C)C(C)(C)C)C[C@H]1O[Si](C)(C)C(C)(C)C"", ""CC(=O)OC[C@H]1OC=C[C@@H](OC(C)=O)[C@@H]1OC(C)=O"", ""CC(C)(C)[Si](C)(C)OC[C@H]1OC=C[C@@H](O[Si](C)(C)C(C)(C)C)[C@@H]1O[Si](C)(C)C(C)(C)C"", ""CC(C)(C)[Si](C)(C)OC[C@H]1OC(Cl)C[C@@H](O[Si](C)(C)C(C)(C)C)[C@@H]1O[Si](C)(C)C(C)(C)C"", ""COC(=O)C#N"", ""COC(=O)[C@@H]1C[C@@H](O[Si](C)(C)C(C)(C)C)[C@H](O[Si](C)(C)C(C)(C)C)[C@@H](CO)O1"", ""COC(=O)[C@@H]1C[C@@H](O[Si](C)(C)C(C)(C)C)[C@H](O[Si](C)(C)C(C)(C)C)[C@@H](C=O)O1"", ""C=CCO"", ""COCCl"", ""C=CCOCOC"", ""C=C[C@H](OCOC)[C@@H](O)[C@H]1O[C@H](C(=O)OC)C[C@@H](O[Si](C)(C)C(C)(C)C)[C@@H]1O[Si](C)(C)C(C)(C)C"", ""C=C[C@H](O)[C@@H](O)[C@H]1O[C@H](C(=O)OC)C[C@@H](O[Si](C)(C)C(C)(C)C)[C@@H]1O[Si](C)(C)C(C)(C)C"", ""C=C[C@H](O[Si](C)(C)C(C)(C)C)[C@@H](O[Si](C)(C)C(C)(C)C)[C@H]1O[C@H](C(=O)OC)C[C@@H](O[Si](C)(C)C(C)(C)C)[C@@H]1O[Si](C)(C)C(C)(C)C"", ""C=C[C@H](O[Si](C)(C)C(C)(C)C)[C@@H](O[Si](C)(C)C(C)(C)C)[C@H]1O[C@H](C=O)C[C@@H](O[Si](C)(C)C(C)(C)C)[C@@H]1O[Si](C)(C)C(C)(C)C"", ""C=C[C@H](O[Si](C)(C)C(C)(C)C)[C@@H](O[Si](C)(C)C(C)(C)C)[C@H]1O[C@H](C(=O)C[C@H]2C[C@@H](O[Si](C)(C)C(C)(C)C)[C@H](CCCC[C@H]3C[C@@H](O[Si](C)(C)C(C)(C)C)[C@H](CCC(=O)OC)O3)O2)C[C@@H](O[Si](C)(C)C(C)(C)C)[C@@H]1O[Si](C)(C)C(C)(C)C"", ""C=C[C@H](O[Si](C)(C)C(C)(C)C)[C@@H](O[Si](C)(C)C(C)(C)C)[C@H]1O[C@H]([C@@H](O)C[C@H]2C[C@@H](O[Si](C)(C)C(C)(C)C)[C@H](CCCC[C@H]3C[C@@H](O[Si](C)(C)C(C)(C)C)[C@H](CCC(=O)OC)O3)O2)C[C@@H](O[Si](C)(C)C(C)(C)C)[C@@H]1O[Si](C)(C)C(C)(C)C"", ""C=C[C@H](O[Si](C)(C)C(C)(C)C)[C@@H](O[Si](C)(C)C(C)(C)C)[C@H]1O[C@H]([C@H](O)C[C@H]2C[C@@H](O[Si](C)(C)C(C)(C)C)[C@H](CCCC[C@H]3C[C@@H](O[Si](C)(C)C(C)(C)C)[C@H](CCC(=O)OC)O3)O2)C[C@@H](O[Si](C)(C)C(C)(C)C)[C@@H]1O[Si](C)(C)C(C)(C)C"", ""C=C[C@H](O[Si](C)(C)C(C)(C)C)[C@@H](O[Si](C)(C)C(C)(C)C)[C@H]1O[C@H]([C@H](C[C@H]2C[C@@H](O[Si](C)(C)C(C)(C)C)[C@H](CCCC[C@H]3C[C@@H](O[Si](C)(C)C(C)(C)C)[C@H](CCC(=O)OC)O3)O2)OC(=O)[C@@](OC)(c2ccccc2)C(F)(F)F)C[C@@H](O[Si](C)(C)C(C)(C)C)[C@@H]1O[Si](C)(C)C(C)(C)C""]","[""[Br-].[CH-]=C.[Mg+2].c1ccc(COC[C@H]2CO2)cc1>>C=CC[C@H](O)COCc1ccccc1"", ""C=CC(=O)OC.C=CC[C@H](O)COCc1ccccc1>>COC(=O)/C=C/C[C@H](O)COCc1ccccc1"", ""COC(=O)/C=C/C[C@H](O)COCc1ccccc1>>COC(=O)/C=C/C[C@@H](COCc1ccccc1)OS(C)(=O)=O"", ""COC(=O)/C=C/C[C@@H](COCc1ccccc1)OS(C)(=O)=O>>COC(=O)[C@H](O)[C@H](O)C[C@@H](COCc1ccccc1)OS(C)(=O)=O"", ""COC(=O)[C@H](O)[C@H](O)C[C@@H](COCc1ccccc1)OS(C)(=O)=O>>COC(=O)[C@@H]1O[C@@H](COCc2ccccc2)C[C@H]1O"", ""COC(=O)[C@@H]1O[C@@H](COCc2ccccc2)C[C@H]1O>>COC(=O)[C@@H]1O[C@@H](COCc2ccccc2)C[C@H]1O[Si](C)(C)C(C)(C)C"", ""COC(=O)[C@@H]1O[C@@H](COCc2ccccc2)C[C@H]1O[Si](C)(C)C(C)(C)C>>CC(C)(C)[Si](C)(C)O[C@@H]1C[C@H](COCc2ccccc2)O[C@H]1C=O"", ""C=P(c1ccccc1)(c1ccccc1)c1ccccc1.CC(C)(C)[Si](C)(C)O[C@@H]1C[C@H](COCc2ccccc2)O[C@H]1C=O>>C=C[C@@H]1O[C@@H](COCc2ccccc2)C[C@H]1O[Si](C)(C)C(C)(C)C"", ""CC(C)(C)[Si](C)(C)O[C@@H]1C[C@H](COCc2ccccc2)O[C@H]1C=O.COC(=O)C=P(c1ccccc1)(c1ccccc1)c1ccccc1>>COC(=O)/C=C/[C@@H]1O[C@@H](COCc2ccccc2)C[C@H]1O[Si](C)(C)C(C)(C)C.COC(=O)/C=C\\[C@@H]1O[C@@H](COCc2ccccc2)C[C@H]1O[Si](C)(C)C(C)(C)C"", ""COC(=O)/C=C/[C@@H]1O[C@@H](COCc2ccccc2)C[C@H]1O[Si](C)(C)C(C)(C)C.COC(=O)/C=C\\[C@@H]1O[C@@H](COCc2ccccc2)C[C@H]1O[Si](C)(C)C(C)(C)C>>COC(=O)CC[C@@H]1O[C@@H](CO)C[C@H]1O[Si](C)(C)C(C)(C)C"", ""COC(=O)CC[C@@H]1O[C@@H](CO)C[C@H]1O[Si](C)(C)C(C)(C)C>>COC(=O)CC[C@@H]1O[C@@H](C=O)C[C@H]1O[Si](C)(C)C(C)(C)C"", ""COC(=O)CC[C@@H]1O[C@@H](C=O)C[C@H]1O[Si](C)(C)C(C)(C)C.IC[P+](c1ccccc1)(c1ccccc1)c1ccccc1.[I-]>>COC(=O)CC[C@@H]1O[C@@H](/C=C\\I)C[C@H]1O[Si](C)(C)C(C)(C)C"", ""C=C[C@@H]1O[C@@H](COCc2ccccc2)C[C@H]1O[Si](C)(C)C(C)(C)C.COC(=O)CC[C@@H]1O[C@@H](/C=C\\I)C[C@H]1O[Si](C)(C)C(C)(C)C>>COC(=O)CC[C@@H]1O[C@@H](/C=C\\CC[C@@H]2O[C@@H](COCc3ccccc3)C[C@H]2O[Si](C)(C)C(C)(C)C)C[C@H]1O[Si](C)(C)C(C)(C)C"", ""COC(=O)CC[C@@H]1O[C@@H](/C=C\\CC[C@@H]2O[C@@H](COCc3ccccc3)C[C@H]2O[Si](C)(C)C(C)(C)C)C[C@H]1O[Si](C)(C)C(C)(C)C>>COC(=O)CC[C@@H]1O[C@@H](CCCC[C@@H]2O[C@@H](COCc3ccccc3)C[C@H]2O[Si](C)(C)C(C)(C)C)C[C@H]1O[Si](C)(C)C(C)(C)C"", ""COC(=O)CC[C@@H]1O[C@@H](CCCC[C@@H]2O[C@@H](COCc3ccccc3)C[C@H]2O[Si](C)(C)C(C)(C)C)C[C@H]1O[Si](C)(C)C(C)(C)C>>COC(=O)CC[C@@H]1O[C@@H](CCCC[C@@H]2O[C@@H](CO)C[C@H]2O[Si](C)(C)C(C)(C)C)C[C@H]1O[Si](C)(C)C(C)(C)C"", ""COC(=O)CC[C@@H]1O[C@@H](CCCC[C@@H]2O[C@@H](CO)C[C@H]2O[Si](C)(C)C(C)(C)C)C[C@H]1O[Si](C)(C)C(C)(C)C>>COC(=O)CC[C@@H]1O[C@@H](CCCC[C@@H]2O[C@@H](COS(C)(=O)=O)C[C@H]2O[Si](C)(C)C(C)(C)C)C[C@H]1O[Si](C)(C)C(C)(C)C"", ""COC(=O)CC[C@@H]1O[C@@H](CCCC[C@@H]2O[C@@H](COS(C)(=O)=O)C[C@H]2O[Si](C)(C)C(C)(C)C)C[C@H]1O[Si](C)(C)C(C)(C)C>>COC(=O)CC[C@@H]1O[C@@H](CCCC[C@@H]2O[C@@H](CN=[N+]=[N-])C[C@H]2O[Si](C)(C)C(C)(C)C)C[C@H]1O[Si](C)(C)C(C)(C)C"", ""COC(=O)CC[C@@H]1O[C@@H](CCCC[C@@H]2O[C@@H](CN=[N+]=[N-])C[C@H]2O[Si](C)(C)C(C)(C)C)C[C@H]1O[Si](C)(C)C(C)(C)C>>COC(=O)CC[C@@H]1O[C@@H](CCCC[C@@H]2O[C@@H](CNC(C)=O)C[C@H]2O[Si](C)(C)C(C)(C)C)C[C@H]1O[Si](C)(C)C(C)(C)C"", ""COC(=O)CC[C@@H]1O[C@@H](CCCC[C@@H]2O[C@@H](CNC(C)=O)C[C@H]2O[Si](C)(C)C(C)(C)C)C[C@H]1O[Si](C)(C)C(C)(C)C>>COC(=O)CC[C@@H]1O[C@@H](CCCC[C@@H]2O[C@@H](CN(N=O)C(C)=O)C[C@H]2O[Si](C)(C)C(C)(C)C)C[C@H]1O[Si](C)(C)C(C)(C)C"", ""COC(=O)CC[C@@H]1O[C@@H](CCCC[C@@H]2O[C@@H](CN(N=O)C(C)=O)C[C@H]2O[Si](C)(C)C(C)(C)C)C[C@H]1O[Si](C)(C)C(C)(C)C>>COC(=O)CC[C@@H]1O[C@@H](CCCC[C@@H]2O[C@@H](C=[N+]=[N-])C[C@H]2O[Si](C)(C)C(C)(C)C)C[C@H]1O[Si](C)(C)C(C)(C)C"", ""CC(=O)OC[C@H]1OC=C[C@@H](OC(C)=O)[C@@H]1OC(C)=O>>CC(C)(C)[Si](C)(C)OC[C@H]1OC=C[C@@H](O[Si](C)(C)C(C)(C)C)[C@@H]1O[Si](C)(C)C(C)(C)C"", ""CC(C)(C)[Si](C)(C)OC[C@H]1OC=C[C@@H](O[Si](C)(C)C(C)(C)C)[C@@H]1O[Si](C)(C)C(C)(C)C>>CC(C)(C)[Si](C)(C)OC[C@H]1OC(Cl)C[C@@H](O[Si](C)(C)C(C)(C)C)[C@@H]1O[Si](C)(C)C(C)(C)C"", ""CC(C)(C)[Si](C)(C)OC[C@H]1OC(Cl)C[C@@H](O[Si](C)(C)C(C)(C)C)[C@@H]1O[Si](C)(C)C(C)(C)C.COC(=O)C#N>>COC(=O)[C@@H]1C[C@@H](O[Si](C)(C)C(C)(C)C)[C@H](O[Si](C)(C)C(C)(C)C)[C@@H](CO)O1"", ""COC(=O)[C@@H]1C[C@@H](O[Si](C)(C)C(C)(C)C)[C@H](O[Si](C)(C)C(C)(C)C)[C@@H](CO)O1>>COC(=O)[C@@H]1C[C@@H](O[Si](C)(C)C(C)(C)C)[C@H](O[Si](C)(C)C(C)(C)C)[C@@H](C=O)O1"", ""C=CCO.COCCl>>C=CCOCOC"", ""C=CCOCOC.COC(=O)[C@@H]1C[C@@H](O[Si](C)(C)C(C)(C)C)[C@H](O[Si](C)(C)C(C)(C)C)[C@@H](C=O)O1>>C=C[C@H](OCOC)[C@@H](O)[C@H]1O[C@H](C(=O)OC)C[C@@H](O[Si](C)(C)C(C)(C)C)[C@@H]1O[Si](C)(C)C(C)(C)C"", ""C=C[C@H](OCOC)[C@@H](O)[C@H]1O[C@H](C(=O)OC)C[C@@H](O[Si](C)(C)C(C)(C)C)[C@@H]1O[Si](C)(C)C(C)(C)C>>C=C[C@H](O)[C@@H](O)[C@H]1O[C@H](C(=O)OC)C[C@@H](O[Si](C)(C)C(C)(C)C)[C@@H]1O[Si](C)(C)C(C)(C)C"", ""C=C[C@H](O)[C@@H](O)[C@H]1O[C@H](C(=O)OC)C[C@@H](O[Si](C)(C)C(C)(C)C)[C@@H]1O[Si](C)(C)C(C)(C)C>>C=C[C@H](O[Si](C)(C)C(C)(C)C)[C@@H](O[Si](C)(C)C(C)(C)C)[C@H]1O[C@H](C(=O)OC)C[C@@H](O[Si](C)(C)C(C)(C)C)[C@@H]1O[Si](C)(C)C(C)(C)C"", ""C=C[C@H](O[Si](C)(C)C(C)(C)C)[C@@H](O[Si](C)(C)C(C)(C)C)[C@H]1O[C@H](C(=O)OC)C[C@@H](O[Si](C)(C)C(C)(C)C)[C@@H]1O[Si](C)(C)C(C)(C)C>>C=C[C@H](O[Si](C)(C)C(C)(C)C)[C@@H](O[Si](C)(C)C(C)(C)C)[C@H]1O[C@H](C=O)C[C@@H](O[Si](C)(C)C(C)(C)C)[C@@H]1O[Si](C)(C)C(C)(C)C"", ""C=C[C@H](O[Si](C)(C)C(C)(C)C)[C@@H](O[Si](C)(C)C(C)(C)C)[C@H]1O[C@H](C=O)C[C@@H](O[Si](C)(C)C(C)(C)C)[C@@H]1O[Si](C)(C)C(C)(C)C.COC(=O)CC[C@@H]1O[C@@H](CCCC[C@@H]2O[C@@H](C=[N+]=[N-])C[C@H]2O[Si](C)(C)C(C)(C)C)C[C@H]1O[Si](C)(C)C(C)(C)C>>C=C[C@H](O[Si](C)(C)C(C)(C)C)[C@@H](O[Si](C)(C)C(C)(C)C)[C@H]1O[C@H](C(=O)C[C@H]2C[C@@H](O[Si](C)(C)C(C)(C)C)[C@H](CCCC[C@H]3C[C@@H](O[Si](C)(C)C(C)(C)C)[C@H](CCC(=O)OC)O3)O2)C[C@@H](O[Si](C)(C)C(C)(C)C)[C@@H]1O[Si](C)(C)C(C)(C)C"", ""C=C[C@H](O[Si](C)(C)C(C)(C)C)[C@@H](O[Si](C)(C)C(C)(C)C)[C@H]1O[C@H](C(=O)C[C@H]2C[C@@H](O[Si](C)(C)C(C)(C)C)[C@H](CCCC[C@H]3C[C@@H](O[Si](C)(C)C(C)(C)C)[C@H](CCC(=O)OC)O3)O2)C[C@@H](O[Si](C)(C)C(C)(C)C)[C@@H]1O[Si](C)(C)C(C)(C)C>>C=C[C@H](O[Si](C)(C)C(C)(C)C)[C@@H](O[Si](C)(C)C(C)(C)C)[C@H]1O[C@H]([C@@H](O)C[C@H]2C[C@@H](O[Si](C)(C)C(C)(C)C)[C@H](CCCC[C@H]3C[C@@H](O[Si](C)(C)C(C)(C)C)[C@H](CCC(=O)OC)O3)O2)C[C@@H](O[Si](C)(C)C(C)(C)C)[C@@H]1O[Si](C)(C)C(C)(C)C.C=C[C@H](O[Si](C)(C)C(C)(C)C)[C@@H](O[Si](C)(C)C(C)(C)C)[C@H]1O[C@H]([C@H](O)C[C@H]2C[C@@H](O[Si](C)(C)C(C)(C)C)[C@H](CCCC[C@H]3C[C@@H](O[Si](C)(C)C(C)(C)C)[C@H](CCC(=O)OC)O3)O2)C[C@@H](O[Si](C)(C)C(C)(C)C)[C@@H]1O[Si](C)(C)C(C)(C)C"", ""C=C[C@H](O[Si](C)(C)C(C)(C)C)[C@@H](O[Si](C)(C)C(C)(C)C)[C@H]1O[C@H]([C@@H](O)C[C@H]2C[C@@H](O[Si](C)(C)C(C)(C)C)[C@H](CCCC[C@H]3C[C@@H](O[Si](C)(C)C(C)(C)C)[C@H](CCC(=O)OC)O3)O2)C[C@@H](O[Si](C)(C)C(C)(C)C)[C@@H]1O[Si](C)(C)C(C)(C)C>>C=C[C@H](O[Si](C)(C)C(C)(C)C)[C@@H](O[Si](C)(C)C(C)(C)C)[C@H]1O[C@H]([C@H](C[C@H]2C[C@@H](O[Si](C)(C)C(C)(C)C)[C@H](CCCC[C@H]3C[C@@H](O[Si](C)(C)C(C)(C)C)[C@H](CCC(=O)OC)O3)O2)OC(=O)[C@@](OC)(c2ccccc2)C(F)(F)F)C[C@@H](O[Si](C)(C)C(C)(C)C)[C@@H]1O[Si](C)(C)C(C)(C)C""]",False,False,10.1021/jacs.6c05580,False,False
preparation-M-34R-61-R,31,"[""31"", ""vinylmagnesium-bromide"", ""methyl-acrylate"", ""methylene-triphenylphosphorane"", ""methoxycarbonylmethylene-triphenylphosphorane"", ""iodomethyltriphenylphosphonium-iodide"", ""tri-O-acetyl-D-glucal"", ""Mander-reagent"", ""allyl-alcohol"", ""MOM-chloride""]",34R-61-MTPA-R,source_bound_control_branch,"[""B01"", ""B02"", ""B03"", ""B04"", ""B05"", ""B06"", ""B08"", ""B15"", ""B10"", ""B11"", ""B12"", ""B13"", ""B16"", ""B18"", ""B19"", ""B20"", ""B21"", ""B22"", ""B23"", ""C14"", ""C01"", ""C02"", ""C03"", ""C05"", ""C04"", ""C06"", ""C09"", ""C10"", ""C13"", ""C15"", ""C16"", ""M-34R-61-R""]","[""B01.1"", ""B02.1"", ""B03.1"", ""B04.1"", ""B05.1"", ""B06.1"", ""B08.1"", ""B15.1"", ""B10.1"", ""B11.1"", ""B12.1"", ""B13.1"", ""B16.1"", ""B18.1"", ""B19.1"", ""B20.1"", ""B21.1"", ""B22.1"", ""B23.1"", ""C14.1"", ""C01.1"", ""C02.1"", ""C03.1"", ""C05.1"", ""C04.1"", ""C06.1"", ""C09.1"", ""C10.1"", ""C13.1"", ""C15.1"", ""C16.1"", ""M-34R-61-R.1""]","[""31"", ""vinylmagnesium-bromide"", ""32"", ""methyl-acrylate"", ""S11"", ""33"", ""34"", ""S12"", ""35"", ""36"", ""methylene-triphenylphosphorane"", ""42"", ""methoxycarbonylmethylene-triphenylphosphorane"", ""38-E"", ""38-Z"", ""S15"", ""S15-aldehyde"", ""iodomethyltriphenylphosphonium-iodide"", ""39"", ""43"", ""45"", ""41"", ""41-mesylate"", ""46"", ""S16"", ""47"", ""59"", ""tri-O-acetyl-D-glucal"", ""48"", ""49"", ""Mander-reagent"", ""50"", ""50-aldehyde"", ""allyl-alcohol"", ""MOM-chloride"", ""51"", ""52"", ""53"", ""54"", ""58"", ""60"", ""34S-61"", ""34R-61"", ""34R-61-MTPA-R""]","[""c1ccc(COC[C@H]2CO2)cc1"", ""[Br-].[CH-]=C.[Mg+2]"", ""C=CC[C@H](O)COCc1ccccc1"", ""C=CC(=O)OC"", ""COC(=O)/C=C/C[C@H](O)COCc1ccccc1"", ""COC(=O)/C=C/C[C@@H](COCc1ccccc1)OS(C)(=O)=O"", ""COC(=O)[C@H](O)[C@H](O)C[C@@H](COCc1ccccc1)OS(C)(=O)=O"", ""COC(=O)[C@@H]1O[C@@H](COCc2ccccc2)C[C@H]1O"", ""COC(=O)[C@@H]1O[C@@H](COCc2ccccc2)C[C@H]1O[Si](C)(C)C(C)(C)C"", ""CC(C)(C)[Si](C)(C)O[C@@H]1C[C@H](COCc2ccccc2)O[C@H]1C=O"", ""C=P(c1ccccc1)(c1ccccc1)c1ccccc1"", ""C=C[C@@H]1O[C@@H](COCc2ccccc2)C[C@H]1O[Si](C)(C)C(C)(C)C"", ""COC(=O)C=P(c1ccccc1)(c1ccccc1)c1ccccc1"", ""COC(=O)/C=C/[C@@H]1O[C@@H](COCc2ccccc2)C[C@H]1O[Si](C)(C)C(C)(C)C"", ""COC(=O)/C=C\\[C@@H]1O[C@@H](COCc2ccccc2)C[C@H]1O[Si](C)(C)C(C)(C)C"", ""COC(=O)CC[C@@H]1O[C@@H](CO)C[C@H]1O[Si](C)(C)C(C)(C)C"", ""COC(=O)CC[C@@H]1O[C@@H](C=O)C[C@H]1O[Si](C)(C)C(C)(C)C"", ""IC[P+](c1ccccc1)(c1ccccc1)c1ccccc1.[I-]"", ""COC(=O)CC[C@@H]1O[C@@H](/C=C\\I)C[C@H]1O[Si](C)(C)C(C)(C)C"", ""COC(=O)CC[C@@H]1O[C@@H](/C=C\\CC[C@@H]2O[C@@H](COCc3ccccc3)C[C@H]2O[Si](C)(C)C(C)(C)C)C[C@H]1O[Si](C)(C)C(C)(C)C"", ""COC(=O)CC[C@@H]1O[C@@H](CCCC[C@@H]2O[C@@H](COCc3ccccc3)C[C@H]2O[Si](C)(C)C(C)(C)C)C[C@H]1O[Si](C)(C)C(C)(C)C"", ""COC(=O)CC[C@@H]1O[C@@H](CCCC[C@@H]2O[C@@H](CO)C[C@H]2O[Si](C)(C)C(C)(C)C)C[C@H]1O[Si](C)(C)C(C)(C)C"", ""COC(=O)CC[C@@H]1O[C@@H](CCCC[C@@H]2O[C@@H](COS(C)(=O)=O)C[C@H]2O[Si](C)(C)C(C)(C)C)C[C@H]1O[Si](C)(C)C(C)(C)C"", ""COC(=O)CC[C@@H]1O[C@@H](CCCC[C@@H]2O[C@@H](CN=[N+]=[N-])C[C@H]2O[Si](C)(C)C(C)(C)C)C[C@H]1O[Si](C)(C)C(C)(C)C"", ""COC(=O)CC[C@@H]1O[C@@H](CCCC[C@@H]2O[C@@H](CNC(C)=O)C[C@H]2O[Si](C)(C)C(C)(C)C)C[C@H]1O[Si](C)(C)C(C)(C)C"", ""COC(=O)CC[C@@H]1O[C@@H](CCCC[C@@H]2O[C@@H](CN(N=O)C(C)=O)C[C@H]2O[Si](C)(C)C(C)(C)C)C[C@H]1O[Si](C)(C)C(C)(C)C"", ""COC(=O)CC[C@@H]1O[C@@H](CCCC[C@@H]2O[C@@H](C=[N+]=[N-])C[C@H]2O[Si](C)(C)C(C)(C)C)C[C@H]1O[Si](C)(C)C(C)(C)C"", ""CC(=O)OC[C@H]1OC=C[C@@H](OC(C)=O)[C@@H]1OC(C)=O"", ""CC(C)(C)[Si](C)(C)OC[C@H]1OC=C[C@@H](O[Si](C)(C)C(C)(C)C)[C@@H]1O[Si](C)(C)C(C)(C)C"", ""CC(C)(C)[Si](C)(C)OC[C@H]1OC(Cl)C[C@@H](O[Si](C)(C)C(C)(C)C)[C@@H]1O[Si](C)(C)C(C)(C)C"", ""COC(=O)C#N"", ""COC(=O)[C@@H]1C[C@@H](O[Si](C)(C)C(C)(C)C)[C@H](O[Si](C)(C)C(C)(C)C)[C@@H](CO)O1"", ""COC(=O)[C@@H]1C[C@@H](O[Si](C)(C)C(C)(C)C)[C@H](O[Si](C)(C)C(C)(C)C)[C@@H](C=O)O1"", ""C=CCO"", ""COCCl"", ""C=CCOCOC"", ""C=C[C@H](OCOC)[C@@H](O)[C@H]1O[C@H](C(=O)OC)C[C@@H](O[Si](C)(C)C(C)(C)C)[C@@H]1O[Si](C)(C)C(C)(C)C"", ""C=C[C@H](O)[C@@H](O)[C@H]1O[C@H](C(=O)OC)C[C@@H](O[Si](C)(C)C(C)(C)C)[C@@H]1O[Si](C)(C)C(C)(C)C"", ""C=C[C@H](O[Si](C)(C)C(C)(C)C)[C@@H](O[Si](C)(C)C(C)(C)C)[C@H]1O[C@H](C(=O)OC)C[C@@H](O[Si](C)(C)C(C)(C)C)[C@@H]1O[Si](C)(C)C(C)(C)C"", ""C=C[C@H](O[Si](C)(C)C(C)(C)C)[C@@H](O[Si](C)(C)C(C)(C)C)[C@H]1O[C@H](C=O)C[C@@H](O[Si](C)(C)C(C)(C)C)[C@@H]1O[Si](C)(C)C(C)(C)C"", ""C=C[C@H](O[Si](C)(C)C(C)(C)C)[C@@H](O[Si](C)(C)C(C)(C)C)[C@H]1O[C@H](C(=O)C[C@H]2C[C@@H](O[Si](C)(C)C(C)(C)C)[C@H](CCCC[C@H]3C[C@@H](O[Si](C)(C)C(C)(C)C)[C@H](CCC(=O)OC)O3)O2)C[C@@H](O[Si](C)(C)C(C)(C)C)[C@@H]1O[Si](C)(C)C(C)(C)C"", ""C=C[C@H](O[Si](C)(C)C(C)(C)C)[C@@H](O[Si](C)(C)C(C)(C)C)[C@H]1O[C@H]([C@@H](O)C[C@H]2C[C@@H](O[Si](C)(C)C(C)(C)C)[C@H](CCCC[C@H]3C[C@@H](O[Si](C)(C)C(C)(C)C)[C@H](CCC(=O)OC)O3)O2)C[C@@H](O[Si](C)(C)C(C)(C)C)[C@@H]1O[Si](C)(C)C(C)(C)C"", ""C=C[C@H](O[Si](C)(C)C(C)(C)C)[C@@H](O[Si](C)(C)C(C)(C)C)[C@H]1O[C@H]([C@H](O)C[C@H]2C[C@@H](O[Si](C)(C)C(C)(C)C)[C@H](CCCC[C@H]3C[C@@H](O[Si](C)(C)C(C)(C)C)[C@H](CCC(=O)OC)O3)O2)C[C@@H](O[Si](C)(C)C(C)(C)C)[C@@H]1O[Si](C)(C)C(C)(C)C"", ""C=C[C@H](O[Si](C)(C)C(C)(C)C)[C@@H](O[Si](C)(C)C(C)(C)C)[C@H]1O[C@H]([C@@H](C[C@H]2C[C@@H](O[Si](C)(C)C(C)(C)C)[C@H](CCCC[C@H]3C[C@@H](O[Si](C)(C)C(C)(C)C)[C@H](CCC(=O)OC)O3)O2)OC(=O)[C@](OC)(c2ccccc2)C(F)(F)F)C[C@@H](O[Si](C)(C)C(C)(C)C)[C@@H]1O[Si](C)(C)C(C)(C)C""]","[""[Br-].[CH-]=C.[Mg+2].c1ccc(COC[C@H]2CO2)cc1>>C=CC[C@H](O)COCc1ccccc1"", ""C=CC(=O)OC.C=CC[C@H](O)COCc1ccccc1>>COC(=O)/C=C/C[C@H](O)COCc1ccccc1"", ""COC(=O)/C=C/C[C@H](O)COCc1ccccc1>>COC(=O)/C=C/C[C@@H](COCc1ccccc1)OS(C)(=O)=O"", ""COC(=O)/C=C/C[C@@H](COCc1ccccc1)OS(C)(=O)=O>>COC(=O)[C@H](O)[C@H](O)C[C@@H](COCc1ccccc1)OS(C)(=O)=O"", ""COC(=O)[C@H](O)[C@H](O)C[C@@H](COCc1ccccc1)OS(C)(=O)=O>>COC(=O)[C@@H]1O[C@@H](COCc2ccccc2)C[C@H]1O"", ""COC(=O)[C@@H]1O[C@@H](COCc2ccccc2)C[C@H]1O>>COC(=O)[C@@H]1O[C@@H](COCc2ccccc2)C[C@H]1O[Si](C)(C)C(C)(C)C"", ""COC(=O)[C@@H]1O[C@@H](COCc2ccccc2)C[C@H]1O[Si](C)(C)C(C)(C)C>>CC(C)(C)[Si](C)(C)O[C@@H]1C[C@H](COCc2ccccc2)O[C@H]1C=O"", ""C=P(c1ccccc1)(c1ccccc1)c1ccccc1.CC(C)(C)[Si](C)(C)O[C@@H]1C[C@H](COCc2ccccc2)O[C@H]1C=O>>C=C[C@@H]1O[C@@H](COCc2ccccc2)C[C@H]1O[Si](C)(C)C(C)(C)C"", ""CC(C)(C)[Si](C)(C)O[C@@H]1C[C@H](COCc2ccccc2)O[C@H]1C=O.COC(=O)C=P(c1ccccc1)(c1ccccc1)c1ccccc1>>COC(=O)/C=C/[C@@H]1O[C@@H](COCc2ccccc2)C[C@H]1O[Si](C)(C)C(C)(C)C.COC(=O)/C=C\\[C@@H]1O[C@@H](COCc2ccccc2)C[C@H]1O[Si](C)(C)C(C)(C)C"", ""COC(=O)/C=C/[C@@H]1O[C@@H](COCc2ccccc2)C[C@H]1O[Si](C)(C)C(C)(C)C.COC(=O)/C=C\\[C@@H]1O[C@@H](COCc2ccccc2)C[C@H]1O[Si](C)(C)C(C)(C)C>>COC(=O)CC[C@@H]1O[C@@H](CO)C[C@H]1O[Si](C)(C)C(C)(C)C"", ""COC(=O)CC[C@@H]1O[C@@H](CO)C[C@H]1O[Si](C)(C)C(C)(C)C>>COC(=O)CC[C@@H]1O[C@@H](C=O)C[C@H]1O[Si](C)(C)C(C)(C)C"", ""COC(=O)CC[C@@H]1O[C@@H](C=O)C[C@H]1O[Si](C)(C)C(C)(C)C.IC[P+](c1ccccc1)(c1ccccc1)c1ccccc1.[I-]>>COC(=O)CC[C@@H]1O[C@@H](/C=C\\I)C[C@H]1O[Si](C)(C)C(C)(C)C"", ""C=C[C@@H]1O[C@@H](COCc2ccccc2)C[C@H]1O[Si](C)(C)C(C)(C)C.COC(=O)CC[C@@H]1O[C@@H](/C=C\\I)C[C@H]1O[Si](C)(C)C(C)(C)C>>COC(=O)CC[C@@H]1O[C@@H](/C=C\\CC[C@@H]2O[C@@H](COCc3ccccc3)C[C@H]2O[Si](C)(C)C(C)(C)C)C[C@H]1O[Si](C)(C)C(C)(C)C"", ""COC(=O)CC[C@@H]1O[C@@H](/C=C\\CC[C@@H]2O[C@@H](COCc3ccccc3)C[C@H]2O[Si](C)(C)C(C)(C)C)C[C@H]1O[Si](C)(C)C(C)(C)C>>COC(=O)CC[C@@H]1O[C@@H](CCCC[C@@H]2O[C@@H](COCc3ccccc3)C[C@H]2O[Si](C)(C)C(C)(C)C)C[C@H]1O[Si](C)(C)C(C)(C)C"", ""COC(=O)CC[C@@H]1O[C@@H](CCCC[C@@H]2O[C@@H](COCc3ccccc3)C[C@H]2O[Si](C)(C)C(C)(C)C)C[C@H]1O[Si](C)(C)C(C)(C)C>>COC(=O)CC[C@@H]1O[C@@H](CCCC[C@@H]2O[C@@H](CO)C[C@H]2O[Si](C)(C)C(C)(C)C)C[C@H]1O[Si](C)(C)C(C)(C)C"", ""COC(=O)CC[C@@H]1O[C@@H](CCCC[C@@H]2O[C@@H](CO)C[C@H]2O[Si](C)(C)C(C)(C)C)C[C@H]1O[Si](C)(C)C(C)(C)C>>COC(=O)CC[C@@H]1O[C@@H](CCCC[C@@H]2O[C@@H](COS(C)(=O)=O)C[C@H]2O[Si](C)(C)C(C)(C)C)C[C@H]1O[Si](C)(C)C(C)(C)C"", ""COC(=O)CC[C@@H]1O[C@@H](CCCC[C@@H]2O[C@@H](COS(C)(=O)=O)C[C@H]2O[Si](C)(C)C(C)(C)C)C[C@H]1O[Si](C)(C)C(C)(C)C>>COC(=O)CC[C@@H]1O[C@@H](CCCC[C@@H]2O[C@@H](CN=[N+]=[N-])C[C@H]2O[Si](C)(C)C(C)(C)C)C[C@H]1O[Si](C)(C)C(C)(C)C"", ""COC(=O)CC[C@@H]1O[C@@H](CCCC[C@@H]2O[C@@H](CN=[N+]=[N-])C[C@H]2O[Si](C)(C)C(C)(C)C)C[C@H]1O[Si](C)(C)C(C)(C)C>>COC(=O)CC[C@@H]1O[C@@H](CCCC[C@@H]2O[C@@H](CNC(C)=O)C[C@H]2O[Si](C)(C)C(C)(C)C)C[C@H]1O[Si](C)(C)C(C)(C)C"", ""COC(=O)CC[C@@H]1O[C@@H](CCCC[C@@H]2O[C@@H](CNC(C)=O)C[C@H]2O[Si](C)(C)C(C)(C)C)C[C@H]1O[Si](C)(C)C(C)(C)C>>COC(=O)CC[C@@H]1O[C@@H](CCCC[C@@H]2O[C@@H](CN(N=O)C(C)=O)C[C@H]2O[Si](C)(C)C(C)(C)C)C[C@H]1O[Si](C)(C)C(C)(C)C"", ""COC(=O)CC[C@@H]1O[C@@H](CCCC[C@@H]2O[C@@H](CN(N=O)C(C)=O)C[C@H]2O[Si](C)(C)C(C)(C)C)C[C@H]1O[Si](C)(C)C(C)(C)C>>COC(=O)CC[C@@H]1O[C@@H](CCCC[C@@H]2O[C@@H](C=[N+]=[N-])C[C@H]2O[Si](C)(C)C(C)(C)C)C[C@H]1O[Si](C)(C)C(C)(C)C"", ""CC(=O)OC[C@H]1OC=C[C@@H](OC(C)=O)[C@@H]1OC(C)=O>>CC(C)(C)[Si](C)(C)OC[C@H]1OC=C[C@@H](O[Si](C)(C)C(C)(C)C)[C@@H]1O[Si](C)(C)C(C)(C)C"", ""CC(C)(C)[Si](C)(C)OC[C@H]1OC=C[C@@H](O[Si](C)(C)C(C)(C)C)[C@@H]1O[Si](C)(C)C(C)(C)C>>CC(C)(C)[Si](C)(C)OC[C@H]1OC(Cl)C[C@@H](O[Si](C)(C)C(C)(C)C)[C@@H]1O[Si](C)(C)C(C)(C)C"", ""CC(C)(C)[Si](C)(C)OC[C@H]1OC(Cl)C[C@@H](O[Si](C)(C)C(C)(C)C)[C@@H]1O[Si](C)(C)C(C)(C)C.COC(=O)C#N>>COC(=O)[C@@H]1C[C@@H](O[Si](C)(C)C(C)(C)C)[C@H](O[Si](C)(C)C(C)(C)C)[C@@H](CO)O1"", ""COC(=O)[C@@H]1C[C@@H](O[Si](C)(C)C(C)(C)C)[C@H](O[Si](C)(C)C(C)(C)C)[C@@H](CO)O1>>COC(=O)[C@@H]1C[C@@H](O[Si](C)(C)C(C)(C)C)[C@H](O[Si](C)(C)C(C)(C)C)[C@@H](C=O)O1"", ""C=CCO.COCCl>>C=CCOCOC"", ""C=CCOCOC.COC(=O)[C@@H]1C[C@@H](O[Si](C)(C)C(C)(C)C)[C@H](O[Si](C)(C)C(C)(C)C)[C@@H](C=O)O1>>C=C[C@H](OCOC)[C@@H](O)[C@H]1O[C@H](C(=O)OC)C[C@@H](O[Si](C)(C)C(C)(C)C)[C@@H]1O[Si](C)(C)C(C)(C)C"", ""C=C[C@H](OCOC)[C@@H](O)[C@H]1O[C@H](C(=O)OC)C[C@@H](O[Si](C)(C)C(C)(C)C)[C@@H]1O[Si](C)(C)C(C)(C)C>>C=C[C@H](O)[C@@H](O)[C@H]1O[C@H](C(=O)OC)C[C@@H](O[Si](C)(C)C(C)(C)C)[C@@H]1O[Si](C)(C)C(C)(C)C"", ""C=C[C@H](O)[C@@H](O)[C@H]1O[C@H](C(=O)OC)C[C@@H](O[Si](C)(C)C(C)(C)C)[C@@H]1O[Si](C)(C)C(C)(C)C>>C=C[C@H](O[Si](C)(C)C(C)(C)C)[C@@H](O[Si](C)(C)C(C)(C)C)[C@H]1O[C@H](C(=O)OC)C[C@@H](O[Si](C)(C)C(C)(C)C)[C@@H]1O[Si](C)(C)C(C)(C)C"", ""C=C[C@H](O[Si](C)(C)C(C)(C)C)[C@@H](O[Si](C)(C)C(C)(C)C)[C@H]1O[C@H](C(=O)OC)C[C@@H](O[Si](C)(C)C(C)(C)C)[C@@H]1O[Si](C)(C)C(C)(C)C>>C=C[C@H](O[Si](C)(C)C(C)(C)C)[C@@H](O[Si](C)(C)C(C)(C)C)[C@H]1O[C@H](C=O)C[C@@H](O[Si](C)(C)C(C)(C)C)[C@@H]1O[Si](C)(C)C(C)(C)C"", ""C=C[C@H](O[Si](C)(C)C(C)(C)C)[C@@H](O[Si](C)(C)C(C)(C)C)[C@H]1O[C@H](C=O)C[C@@H](O[Si](C)(C)C(C)(C)C)[C@@H]1O[Si](C)(C)C(C)(C)C.COC(=O)CC[C@@H]1O[C@@H](CCCC[C@@H]2O[C@@H](C=[N+]=[N-])C[C@H]2O[Si](C)(C)C(C)(C)C)C[C@H]1O[Si](C)(C)C(C)(C)C>>C=C[C@H](O[Si](C)(C)C(C)(C)C)[C@@H](O[Si](C)(C)C(C)(C)C)[C@H]1O[C@H](C(=O)C[C@H]2C[C@@H](O[Si](C)(C)C(C)(C)C)[C@H](CCCC[C@H]3C[C@@H](O[Si](C)(C)C(C)(C)C)[C@H](CCC(=O)OC)O3)O2)C[C@@H](O[Si](C)(C)C(C)(C)C)[C@@H]1O[Si](C)(C)C(C)(C)C"", ""C=C[C@H](O[Si](C)(C)C(C)(C)C)[C@@H](O[Si](C)(C)C(C)(C)C)[C@H]1O[C@H](C(=O)C[C@H]2C[C@@H](O[Si](C)(C)C(C)(C)C)[C@H](CCCC[C@H]3C[C@@H](O[Si](C)(C)C(C)(C)C)[C@H](CCC(=O)OC)O3)O2)C[C@@H](O[Si](C)(C)C(C)(C)C)[C@@H]1O[Si](C)(C)C(C)(C)C>>C=C[C@H](O[Si](C)(C)C(C)(C)C)[C@@H](O[Si](C)(C)C(C)(C)C)[C@H]1O[C@H]([C@@H](O)C[C@H]2C[C@@H](O[Si](C)(C)C(C)(C)C)[C@H](CCCC[C@H]3C[C@@H](O[Si](C)(C)C(C)(C)C)[C@H](CCC(=O)OC)O3)O2)C[C@@H](O[Si](C)(C)C(C)(C)C)[C@@H]1O[Si](C)(C)C(C)(C)C.C=C[C@H](O[Si](C)(C)C(C)(C)C)[C@@H](O[Si](C)(C)C(C)(C)C)[C@H]1O[C@H]([C@H](O)C[C@H]2C[C@@H](O[Si](C)(C)C(C)(C)C)[C@H](CCCC[C@H]3C[C@@H](O[Si](C)(C)C(C)(C)C)[C@H](CCC(=O)OC)O3)O2)C[C@@H](O[Si](C)(C)C(C)(C)C)[C@@H]1O[Si](C)(C)C(C)(C)C"", ""C=C[C@H](O[Si](C)(C)C(C)(C)C)[C@@H](O[Si](C)(C)C(C)(C)C)[C@H]1O[C@H]([C@H](O)C[C@H]2C[C@@H](O[Si](C)(C)C(C)(C)C)[C@H](CCCC[C@H]3C[C@@H](O[Si](C)(C)C(C)(C)C)[C@H](CCC(=O)OC)O3)O2)C[C@@H](O[Si](C)(C)C(C)(C)C)[C@@H]1O[Si](C)(C)C(C)(C)C>>C=C[C@H](O[Si](C)(C)C(C)(C)C)[C@@H](O[Si](C)(C)C(C)(C)C)[C@H]1O[C@H]([C@@H](C[C@H]2C[C@@H](O[Si](C)(C)C(C)(C)C)[C@H](CCCC[C@H]3C[C@@H](O[Si](C)(C)C(C)(C)C)[C@H](CCC(=O)OC)O3)O2)OC(=O)[C@](OC)(c2ccccc2)C(F)(F)F)C[C@@H](O[Si](C)(C)C(C)(C)C)[C@@H]1O[Si](C)(C)C(C)(C)C""]",False,False,10.1021/jacs.6c05580,False,False
preparation-M-34R-61-S,31,"[""31"", ""vinylmagnesium-bromide"", ""methyl-acrylate"", ""methylene-triphenylphosphorane"", ""methoxycarbonylmethylene-triphenylphosphorane"", ""iodomethyltriphenylphosphonium-iodide"", ""tri-O-acetyl-D-glucal"", ""Mander-reagent"", ""allyl-alcohol"", ""MOM-chloride""]",34R-61-MTPA-S,source_bound_control_branch,"[""B01"", ""B02"", ""B03"", ""B04"", ""B05"", ""B06"", ""B08"", ""B15"", ""B10"", ""B11"", ""B12"", ""B13"", ""B16"", ""B18"", ""B19"", ""B20"", ""B21"", ""B22"", ""B23"", ""C14"", ""C01"", ""C02"", ""C03"", ""C05"", ""C04"", ""C06"", ""C09"", ""C10"", ""C13"", ""C15"", ""C16"", ""M-34R-61-S""]","[""B01.1"", ""B02.1"", ""B03.1"", ""B04.1"", ""B05.1"", ""B06.1"", ""B08.1"", ""B15.1"", ""B10.1"", ""B11.1"", ""B12.1"", ""B13.1"", ""B16.1"", ""B18.1"", ""B19.1"", ""B20.1"", ""B21.1"", ""B22.1"", ""B23.1"", ""C14.1"", ""C01.1"", ""C02.1"", ""C03.1"", ""C05.1"", ""C04.1"", ""C06.1"", ""C09.1"", ""C10.1"", ""C13.1"", ""C15.1"", ""C16.1"", ""M-34R-61-S.1""]","[""31"", ""vinylmagnesium-bromide"", ""32"", ""methyl-acrylate"", ""S11"", ""33"", ""34"", ""S12"", ""35"", ""36"", ""methylene-triphenylphosphorane"", ""42"", ""methoxycarbonylmethylene-triphenylphosphorane"", ""38-E"", ""38-Z"", ""S15"", ""S15-aldehyde"", ""iodomethyltriphenylphosphonium-iodide"", ""39"", ""43"", ""45"", ""41"", ""41-mesylate"", ""46"", ""S16"", ""47"", ""59"", ""tri-O-acetyl-D-glucal"", ""48"", ""49"", ""Mander-reagent"", ""50"", ""50-aldehyde"", ""allyl-alcohol"", ""MOM-chloride"", ""51"", ""52"", ""53"", ""54"", ""58"", ""60"", ""34S-61"", ""34R-61"", ""34R-61-MTPA-S""]","[""c1ccc(COC[C@H]2CO2)cc1"", ""[Br-].[CH-]=C.[Mg+2]"", ""C=CC[C@H](O)COCc1ccccc1"", ""C=CC(=O)OC"", ""COC(=O)/C=C/C[C@H](O)COCc1ccccc1"", ""COC(=O)/C=C/C[C@@H](COCc1ccccc1)OS(C)(=O)=O"", ""COC(=O)[C@H](O)[C@H](O)C[C@@H](COCc1ccccc1)OS(C)(=O)=O"", ""COC(=O)[C@@H]1O[C@@H](COCc2ccccc2)C[C@H]1O"", ""COC(=O)[C@@H]1O[C@@H](COCc2ccccc2)C[C@H]1O[Si](C)(C)C(C)(C)C"", ""CC(C)(C)[Si](C)(C)O[C@@H]1C[C@H](COCc2ccccc2)O[C@H]1C=O"", ""C=P(c1ccccc1)(c1ccccc1)c1ccccc1"", ""C=C[C@@H]1O[C@@H](COCc2ccccc2)C[C@H]1O[Si](C)(C)C(C)(C)C"", ""COC(=O)C=P(c1ccccc1)(c1ccccc1)c1ccccc1"", ""COC(=O)/C=C/[C@@H]1O[C@@H](COCc2ccccc2)C[C@H]1O[Si](C)(C)C(C)(C)C"", ""COC(=O)/C=C\\[C@@H]1O[C@@H](COCc2ccccc2)C[C@H]1O[Si](C)(C)C(C)(C)C"", ""COC(=O)CC[C@@H]1O[C@@H](CO)C[C@H]1O[Si](C)(C)C(C)(C)C"", ""COC(=O)CC[C@@H]1O[C@@H](C=O)C[C@H]1O[Si](C)(C)C(C)(C)C"", ""IC[P+](c1ccccc1)(c1ccccc1)c1ccccc1.[I-]"", ""COC(=O)CC[C@@H]1O[C@@H](/C=C\\I)C[C@H]1O[Si](C)(C)C(C)(C)C"", ""COC(=O)CC[C@@H]1O[C@@H](/C=C\\CC[C@@H]2O[C@@H](COCc3ccccc3)C[C@H]2O[Si](C)(C)C(C)(C)C)C[C@H]1O[Si](C)(C)C(C)(C)C"", ""COC(=O)CC[C@@H]1O[C@@H](CCCC[C@@H]2O[C@@H](COCc3ccccc3)C[C@H]2O[Si](C)(C)C(C)(C)C)C[C@H]1O[Si](C)(C)C(C)(C)C"", ""COC(=O)CC[C@@H]1O[C@@H](CCCC[C@@H]2O[C@@H](CO)C[C@H]2O[Si](C)(C)C(C)(C)C)C[C@H]1O[Si](C)(C)C(C)(C)C"", ""COC(=O)CC[C@@H]1O[C@@H](CCCC[C@@H]2O[C@@H](COS(C)(=O)=O)C[C@H]2O[Si](C)(C)C(C)(C)C)C[C@H]1O[Si](C)(C)C(C)(C)C"", ""COC(=O)CC[C@@H]1O[C@@H](CCCC[C@@H]2O[C@@H](CN=[N+]=[N-])C[C@H]2O[Si](C)(C)C(C)(C)C)C[C@H]1O[Si](C)(C)C(C)(C)C"", ""COC(=O)CC[C@@H]1O[C@@H](CCCC[C@@H]2O[C@@H](CNC(C)=O)C[C@H]2O[Si](C)(C)C(C)(C)C)C[C@H]1O[Si](C)(C)C(C)(C)C"", ""COC(=O)CC[C@@H]1O[C@@H](CCCC[C@@H]2O[C@@H](CN(N=O)C(C)=O)C[C@H]2O[Si](C)(C)C(C)(C)C)C[C@H]1O[Si](C)(C)C(C)(C)C"", ""COC(=O)CC[C@@H]1O[C@@H](CCCC[C@@H]2O[C@@H](C=[N+]=[N-])C[C@H]2O[Si](C)(C)C(C)(C)C)C[C@H]1O[Si](C)(C)C(C)(C)C"", ""CC(=O)OC[C@H]1OC=C[C@@H](OC(C)=O)[C@@H]1OC(C)=O"", ""CC(C)(C)[Si](C)(C)OC[C@H]1OC=C[C@@H](O[Si](C)(C)C(C)(C)C)[C@@H]1O[Si](C)(C)C(C)(C)C"", ""CC(C)(C)[Si](C)(C)OC[C@H]1OC(Cl)C[C@@H](O[Si](C)(C)C(C)(C)C)[C@@H]1O[Si](C)(C)C(C)(C)C"", ""COC(=O)C#N"", ""COC(=O)[C@@H]1C[C@@H](O[Si](C)(C)C(C)(C)C)[C@H](O[Si](C)(C)C(C)(C)C)[C@@H](CO)O1"", ""COC(=O)[C@@H]1C[C@@H](O[Si](C)(C)C(C)(C)C)[C@H](O[Si](C)(C)C(C)(C)C)[C@@H](C=O)O1"", ""C=CCO"", ""COCCl"", ""C=CCOCOC"", ""C=C[C@H](OCOC)[C@@H](O)[C@H]1O[C@H](C(=O)OC)C[C@@H](O[Si](C)(C)C(C)(C)C)[C@@H]1O[Si](C)(C)C(C)(C)C"", ""C=C[C@H](O)[C@@H](O)[C@H]1O[C@H](C(=O)OC)C[C@@H](O[Si](C)(C)C(C)(C)C)[C@@H]1O[Si](C)(C)C(C)(C)C"", ""C=C[C@H](O[Si](C)(C)C(C)(C)C)[C@@H](O[Si](C)(C)C(C)(C)C)[C@H]1O[C@H](C(=O)OC)C[C@@H](O[Si](C)(C)C(C)(C)C)[C@@H]1O[Si](C)(C)C(C)(C)C"", ""C=C[C@H](O[Si](C)(C)C(C)(C)C)[C@@H](O[Si](C)(C)C(C)(C)C)[C@H]1O[C@H](C=O)C[C@@H](O[Si](C)(C)C(C)(C)C)[C@@H]1O[Si](C)(C)C(C)(C)C"", ""C=C[C@H](O[Si](C)(C)C(C)(C)C)[C@@H](O[Si](C)(C)C(C)(C)C)[C@H]1O[C@H](C(=O)C[C@H]2C[C@@H](O[Si](C)(C)C(C)(C)C)[C@H](CCCC[C@H]3C[C@@H](O[Si](C)(C)C(C)(C)C)[C@H](CCC(=O)OC)O3)O2)C[C@@H](O[Si](C)(C)C(C)(C)C)[C@@H]1O[Si](C)(C)C(C)(C)C"", ""C=C[C@H](O[Si](C)(C)C(C)(C)C)[C@@H](O[Si](C)(C)C(C)(C)C)[C@H]1O[C@H]([C@@H](O)C[C@H]2C[C@@H](O[Si](C)(C)C(C)(C)C)[C@H](CCCC[C@H]3C[C@@H](O[Si](C)(C)C(C)(C)C)[C@H](CCC(=O)OC)O3)O2)C[C@@H](O[Si](C)(C)C(C)(C)C)[C@@H]1O[Si](C)(C)C(C)(C)C"", ""C=C[C@H](O[Si](C)(C)C(C)(C)C)[C@@H](O[Si](C)(C)C(C)(C)C)[C@H]1O[C@H]([C@H](O)C[C@H]2C[C@@H](O[Si](C)(C)C(C)(C)C)[C@H](CCCC[C@H]3C[C@@H](O[Si](C)(C)C(C)(C)C)[C@H](CCC(=O)OC)O3)O2)C[C@@H](O[Si](C)(C)C(C)(C)C)[C@@H]1O[Si](C)(C)C(C)(C)C"", ""C=C[C@H](O[Si](C)(C)C(C)(C)C)[C@@H](O[Si](C)(C)C(C)(C)C)[C@H]1O[C@H]([C@@H](C[C@H]2C[C@@H](O[Si](C)(C)C(C)(C)C)[C@H](CCCC[C@H]3C[C@@H](O[Si](C)(C)C(C)(C)C)[C@H](CCC(=O)OC)O3)O2)OC(=O)[C@@](OC)(c2ccccc2)C(F)(F)F)C[C@@H](O[Si](C)(C)C(C)(C)C)[C@@H]1O[Si](C)(C)C(C)(C)C""]","[""[Br-].[CH-]=C.[Mg+2].c1ccc(COC[C@H]2CO2)cc1>>C=CC[C@H](O)COCc1ccccc1"", ""C=CC(=O)OC.C=CC[C@H](O)COCc1ccccc1>>COC(=O)/C=C/C[C@H](O)COCc1ccccc1"", ""COC(=O)/C=C/C[C@H](O)COCc1ccccc1>>COC(=O)/C=C/C[C@@H](COCc1ccccc1)OS(C)(=O)=O"", ""COC(=O)/C=C/C[C@@H](COCc1ccccc1)OS(C)(=O)=O>>COC(=O)[C@H](O)[C@H](O)C[C@@H](COCc1ccccc1)OS(C)(=O)=O"", ""COC(=O)[C@H](O)[C@H](O)C[C@@H](COCc1ccccc1)OS(C)(=O)=O>>COC(=O)[C@@H]1O[C@@H](COCc2ccccc2)C[C@H]1O"", ""COC(=O)[C@@H]1O[C@@H](COCc2ccccc2)C[C@H]1O>>COC(=O)[C@@H]1O[C@@H](COCc2ccccc2)C[C@H]1O[Si](C)(C)C(C)(C)C"", ""COC(=O)[C@@H]1O[C@@H](COCc2ccccc2)C[C@H]1O[Si](C)(C)C(C)(C)C>>CC(C)(C)[Si](C)(C)O[C@@H]1C[C@H](COCc2ccccc2)O[C@H]1C=O"", ""C=P(c1ccccc1)(c1ccccc1)c1ccccc1.CC(C)(C)[Si](C)(C)O[C@@H]1C[C@H](COCc2ccccc2)O[C@H]1C=O>>C=C[C@@H]1O[C@@H](COCc2ccccc2)C[C@H]1O[Si](C)(C)C(C)(C)C"", ""CC(C)(C)[Si](C)(C)O[C@@H]1C[C@H](COCc2ccccc2)O[C@H]1C=O.COC(=O)C=P(c1ccccc1)(c1ccccc1)c1ccccc1>>COC(=O)/C=C/[C@@H]1O[C@@H](COCc2ccccc2)C[C@H]1O[Si](C)(C)C(C)(C)C.COC(=O)/C=C\\[C@@H]1O[C@@H](COCc2ccccc2)C[C@H]1O[Si](C)(C)C(C)(C)C"", ""COC(=O)/C=C/[C@@H]1O[C@@H](COCc2ccccc2)C[C@H]1O[Si](C)(C)C(C)(C)C.COC(=O)/C=C\\[C@@H]1O[C@@H](COCc2ccccc2)C[C@H]1O[Si](C)(C)C(C)(C)C>>COC(=O)CC[C@@H]1O[C@@H](CO)C[C@H]1O[Si](C)(C)C(C)(C)C"", ""COC(=O)CC[C@@H]1O[C@@H](CO)C[C@H]1O[Si](C)(C)C(C)(C)C>>COC(=O)CC[C@@H]1O[C@@H](C=O)C[C@H]1O[Si](C)(C)C(C)(C)C"", ""COC(=O)CC[C@@H]1O[C@@H](C=O)C[C@H]1O[Si](C)(C)C(C)(C)C.IC[P+](c1ccccc1)(c1ccccc1)c1ccccc1.[I-]>>COC(=O)CC[C@@H]1O[C@@H](/C=C\\I)C[C@H]1O[Si](C)(C)C(C)(C)C"", ""C=C[C@@H]1O[C@@H](COCc2ccccc2)C[C@H]1O[Si](C)(C)C(C)(C)C.COC(=O)CC[C@@H]1O[C@@H](/C=C\\I)C[C@H]1O[Si](C)(C)C(C)(C)C>>COC(=O)CC[C@@H]1O[C@@H](/C=C\\CC[C@@H]2O[C@@H](COCc3ccccc3)C[C@H]2O[Si](C)(C)C(C)(C)C)C[C@H]1O[Si](C)(C)C(C)(C)C"", ""COC(=O)CC[C@@H]1O[C@@H](/C=C\\CC[C@@H]2O[C@@H](COCc3ccccc3)C[C@H]2O[Si](C)(C)C(C)(C)C)C[C@H]1O[Si](C)(C)C(C)(C)C>>COC(=O)CC[C@@H]1O[C@@H](CCCC[C@@H]2O[C@@H](COCc3ccccc3)C[C@H]2O[Si](C)(C)C(C)(C)C)C[C@H]1O[Si](C)(C)C(C)(C)C"", ""COC(=O)CC[C@@H]1O[C@@H](CCCC[C@@H]2O[C@@H](COCc3ccccc3)C[C@H]2O[Si](C)(C)C(C)(C)C)C[C@H]1O[Si](C)(C)C(C)(C)C>>COC(=O)CC[C@@H]1O[C@@H](CCCC[C@@H]2O[C@@H](CO)C[C@H]2O[Si](C)(C)C(C)(C)C)C[C@H]1O[Si](C)(C)C(C)(C)C"", ""COC(=O)CC[C@@H]1O[C@@H](CCCC[C@@H]2O[C@@H](CO)C[C@H]2O[Si](C)(C)C(C)(C)C)C[C@H]1O[Si](C)(C)C(C)(C)C>>COC(=O)CC[C@@H]1O[C@@H](CCCC[C@@H]2O[C@@H](COS(C)(=O)=O)C[C@H]2O[Si](C)(C)C(C)(C)C)C[C@H]1O[Si](C)(C)C(C)(C)C"", ""COC(=O)CC[C@@H]1O[C@@H](CCCC[C@@H]2O[C@@H](COS(C)(=O)=O)C[C@H]2O[Si](C)(C)C(C)(C)C)C[C@H]1O[Si](C)(C)C(C)(C)C>>COC(=O)CC[C@@H]1O[C@@H](CCCC[C@@H]2O[C@@H](CN=[N+]=[N-])C[C@H]2O[Si](C)(C)C(C)(C)C)C[C@H]1O[Si](C)(C)C(C)(C)C"", ""COC(=O)CC[C@@H]1O[C@@H](CCCC[C@@H]2O[C@@H](CN=[N+]=[N-])C[C@H]2O[Si](C)(C)C(C)(C)C)C[C@H]1O[Si](C)(C)C(C)(C)C>>COC(=O)CC[C@@H]1O[C@@H](CCCC[C@@H]2O[C@@H](CNC(C)=O)C[C@H]2O[Si](C)(C)C(C)(C)C)C[C@H]1O[Si](C)(C)C(C)(C)C"", ""COC(=O)CC[C@@H]1O[C@@H](CCCC[C@@H]2O[C@@H](CNC(C)=O)C[C@H]2O[Si](C)(C)C(C)(C)C)C[C@H]1O[Si](C)(C)C(C)(C)C>>COC(=O)CC[C@@H]1O[C@@H](CCCC[C@@H]2O[C@@H](CN(N=O)C(C)=O)C[C@H]2O[Si](C)(C)C(C)(C)C)C[C@H]1O[Si](C)(C)C(C)(C)C"", ""COC(=O)CC[C@@H]1O[C@@H](CCCC[C@@H]2O[C@@H](CN(N=O)C(C)=O)C[C@H]2O[Si](C)(C)C(C)(C)C)C[C@H]1O[Si](C)(C)C(C)(C)C>>COC(=O)CC[C@@H]1O[C@@H](CCCC[C@@H]2O[C@@H](C=[N+]=[N-])C[C@H]2O[Si](C)(C)C(C)(C)C)C[C@H]1O[Si](C)(C)C(C)(C)C"", ""CC(=O)OC[C@H]1OC=C[C@@H](OC(C)=O)[C@@H]1OC(C)=O>>CC(C)(C)[Si](C)(C)OC[C@H]1OC=C[C@@H](O[Si](C)(C)C(C)(C)C)[C@@H]1O[Si](C)(C)C(C)(C)C"", ""CC(C)(C)[Si](C)(C)OC[C@H]1OC=C[C@@H](O[Si](C)(C)C(C)(C)C)[C@@H]1O[Si](C)(C)C(C)(C)C>>CC(C)(C)[Si](C)(C)OC[C@H]1OC(Cl)C[C@@H](O[Si](C)(C)C(C)(C)C)[C@@H]1O[Si](C)(C)C(C)(C)C"", ""CC(C)(C)[Si](C)(C)OC[C@H]1OC(Cl)C[C@@H](O[Si](C)(C)C(C)(C)C)[C@@H]1O[Si](C)(C)C(C)(C)C.COC(=O)C#N>>COC(=O)[C@@H]1C[C@@H](O[Si](C)(C)C(C)(C)C)[C@H](O[Si](C)(C)C(C)(C)C)[C@@H](CO)O1"", ""COC(=O)[C@@H]1C[C@@H](O[Si](C)(C)C(C)(C)C)[C@H](O[Si](C)(C)C(C)(C)C)[C@@H](CO)O1>>COC(=O)[C@@H]1C[C@@H](O[Si](C)(C)C(C)(C)C)[C@H](O[Si](C)(C)C(C)(C)C)[C@@H](C=O)O1"", ""C=CCO.COCCl>>C=CCOCOC"", ""C=CCOCOC.COC(=O)[C@@H]1C[C@@H](O[Si](C)(C)C(C)(C)C)[C@H](O[Si](C)(C)C(C)(C)C)[C@@H](C=O)O1>>C=C[C@H](OCOC)[C@@H](O)[C@H]1O[C@H](C(=O)OC)C[C@@H](O[Si](C)(C)C(C)(C)C)[C@@H]1O[Si](C)(C)C(C)(C)C"", ""C=C[C@H](OCOC)[C@@H](O)[C@H]1O[C@H](C(=O)OC)C[C@@H](O[Si](C)(C)C(C)(C)C)[C@@H]1O[Si](C)(C)C(C)(C)C>>C=C[C@H](O)[C@@H](O)[C@H]1O[C@H](C(=O)OC)C[C@@H](O[Si](C)(C)C(C)(C)C)[C@@H]1O[Si](C)(C)C(C)(C)C"", ""C=C[C@H](O)[C@@H](O)[C@H]1O[C@H](C(=O)OC)C[C@@H](O[Si](C)(C)C(C)(C)C)[C@@H]1O[Si](C)(C)C(C)(C)C>>C=C[C@H](O[Si](C)(C)C(C)(C)C)[C@@H](O[Si](C)(C)C(C)(C)C)[C@H]1O[C@H](C(=O)OC)C[C@@H](O[Si](C)(C)C(C)(C)C)[C@@H]1O[Si](C)(C)C(C)(C)C"", ""C=C[C@H](O[Si](C)(C)C(C)(C)C)[C@@H](O[Si](C)(C)C(C)(C)C)[C@H]1O[C@H](C(=O)OC)C[C@@H](O[Si](C)(C)C(C)(C)C)[C@@H]1O[Si](C)(C)C(C)(C)C>>C=C[C@H](O[Si](C)(C)C(C)(C)C)[C@@H](O[Si](C)(C)C(C)(C)C)[C@H]1O[C@H](C=O)C[C@@H](O[Si](C)(C)C(C)(C)C)[C@@H]1O[Si](C)(C)C(C)(C)C"", ""C=C[C@H](O[Si](C)(C)C(C)(C)C)[C@@H](O[Si](C)(C)C(C)(C)C)[C@H]1O[C@H](C=O)C[C@@H](O[Si](C)(C)C(C)(C)C)[C@@H]1O[Si](C)(C)C(C)(C)C.COC(=O)CC[C@@H]1O[C@@H](CCCC[C@@H]2O[C@@H](C=[N+]=[N-])C[C@H]2O[Si](C)(C)C(C)(C)C)C[C@H]1O[Si](C)(C)C(C)(C)C>>C=C[C@H](O[Si](C)(C)C(C)(C)C)[C@@H](O[Si](C)(C)C(C)(C)C)[C@H]1O[C@H](C(=O)C[C@H]2C[C@@H](O[Si](C)(C)C(C)(C)C)[C@H](CCCC[C@H]3C[C@@H](O[Si](C)(C)C(C)(C)C)[C@H](CCC(=O)OC)O3)O2)C[C@@H](O[Si](C)(C)C(C)(C)C)[C@@H]1O[Si](C)(C)C(C)(C)C"", ""C=C[C@H](O[Si](C)(C)C(C)(C)C)[C@@H](O[Si](C)(C)C(C)(C)C)[C@H]1O[C@H](C(=O)C[C@H]2C[C@@H](O[Si](C)(C)C(C)(C)C)[C@H](CCCC[C@H]3C[C@@H](O[Si](C)(C)C(C)(C)C)[C@H](CCC(=O)OC)O3)O2)C[C@@H](O[Si](C)(C)C(C)(C)C)[C@@H]1O[Si](C)(C)C(C)(C)C>>C=C[C@H](O[Si](C)(C)C(C)(C)C)[C@@H](O[Si](C)(C)C(C)(C)C)[C@H]1O[C@H]([C@@H](O)C[C@H]2C[C@@H](O[Si](C)(C)C(C)(C)C)[C@H](CCCC[C@H]3C[C@@H](O[Si](C)(C)C(C)(C)C)[C@H](CCC(=O)OC)O3)O2)C[C@@H](O[Si](C)(C)C(C)(C)C)[C@@H]1O[Si](C)(C)C(C)(C)C.C=C[C@H](O[Si](C)(C)C(C)(C)C)[C@@H](O[Si](C)(C)C(C)(C)C)[C@H]1O[C@H]([C@H](O)C[C@H]2C[C@@H](O[Si](C)(C)C(C)(C)C)[C@H](CCCC[C@H]3C[C@@H](O[Si](C)(C)C(C)(C)C)[C@H](CCC(=O)OC)O3)O2)C[C@@H](O[Si](C)(C)C(C)(C)C)[C@@H]1O[Si](C)(C)C(C)(C)C"", ""C=C[C@H](O[Si](C)(C)C(C)(C)C)[C@@H](O[Si](C)(C)C(C)(C)C)[C@H]1O[C@H]([C@H](O)C[C@H]2C[C@@H](O[Si](C)(C)C(C)(C)C)[C@H](CCCC[C@H]3C[C@@H](O[Si](C)(C)C(C)(C)C)[C@H](CCC(=O)OC)O3)O2)C[C@@H](O[Si](C)(C)C(C)(C)C)[C@@H]1O[Si](C)(C)C(C)(C)C>>C=C[C@H](O[Si](C)(C)C(C)(C)C)[C@@H](O[Si](C)(C)C(C)(C)C)[C@H]1O[C@H]([C@@H](C[C@H]2C[C@@H](O[Si](C)(C)C(C)(C)C)[C@H](CCCC[C@H]3C[C@@H](O[Si](C)(C)C(C)(C)C)[C@H](CCC(=O)OC)O3)O2)OC(=O)[C@@](OC)(c2ccccc2)C(F)(F)F)C[C@@H](O[Si](C)(C)C(C)(C)C)[C@@H]1O[Si](C)(C)C(C)(C)C""]",False,False,10.1021/jacs.6c05580,False,False
