step_id,event_id,step_index_within_event,structure_basis,reactant_labels,product_labels,substrate_product_smiles,source_references,agents,solvents,yield_percent,product_specific_yields,operation_scope,formal_benchmark_eligible,admission_authority,experimental_stage_count,review_status,operation_stages
A01.1,A01,1,source_drawing_transcription,"[""D-ribose""]","[""2""]",OC[C@H]1OC(O)[C@H](O)[C@@H]1O>>CC1(C)O[C@@H]2[C@@H](CO)OC(O)[C@@H]2O1,"[{""source_id"": ""article"", ""sha256"": ""996ca2bc188470bf83989378b3982513067a40fc72d37e0a1714fdf7ceb4c208"", ""pages"": [4], ""locator"": ""Main experimental section / scheme: A01""}]","[""acetone"", ""H2SO4""]",[],100,"[{""product_label"": ""2"", ""percent"": 100, ""from_label"": ""D-ribose"", ""scope"": ""Reported preparation yield; mixture components are not assigned individual yields.""}]",Source-reported preparation; reaction SMILES excludes workup species and is not atom-balanced.,False,False,1,pending_independent_chemist_review,
A02.1,A02,1,source_drawing_transcription,"[""2"", ""6""]","[""3""]",CC1(C)O[C@@H]2[C@@H](CO)OC(O)[C@@H]2O1.COP(=O)(OC)C(=[N+]=[N-])C(C)=O>>C#C[C@H]1OC(C)(C)O[C@@H]1[C@H](O)CO,"[{""source_id"": ""article"", ""sha256"": ""996ca2bc188470bf83989378b3982513067a40fc72d37e0a1714fdf7ceb4c208"", ""pages"": [4], ""locator"": ""Main experimental section / scheme: A02""}]","[""K2CO3""]","[""MeOH""]",47,"[{""product_label"": ""3"", ""percent"": 47, ""from_label"": ""2"", ""scope"": ""Reported preparation yield; mixture components are not assigned individual yields.""}]",Source-reported preparation; reaction SMILES excludes workup species and is not atom-balanced.,False,False,1,pending_independent_chemist_review,
A03.1,A03,1,source_drawing_transcription,"[""2"", ""trityl-chloride""]","[""4""]",CC1(C)O[C@@H]2[C@@H](CO)OC(O)[C@@H]2O1.ClC(c1ccccc1)(c1ccccc1)c1ccccc1>>CC1(C)O[C@@H]2[C@@H](COC(c3ccccc3)(c3ccccc3)c3ccccc3)OC(O)[C@@H]2O1,"[{""source_id"": ""article"", ""sha256"": ""996ca2bc188470bf83989378b3982513067a40fc72d37e0a1714fdf7ceb4c208"", ""pages"": [4], ""locator"": ""Main experimental section / scheme: A03""}, {""source_id"": ""si"", ""sha256"": ""25570e998f1ba92c276e8301a0e62bfa9f16c2d69beeae66086b2047866ff65a"", ""pages"": [11], ""locator"": ""Compound drawing and associated NMR spectrum: A03""}]","[""DMAP"", ""Et3N""]","[""DMF""]",77,"[{""product_label"": ""4"", ""percent"": 77, ""from_label"": ""2"", ""scope"": ""Reported preparation yield; mixture components are not assigned individual yields.""}]",Source-reported preparation; reaction SMILES excludes workup species and is not atom-balanced.,False,False,1,pending_independent_chemist_review,
A04.1,A04,1,source_drawing_transcription,"[""4"", ""6""]","[""5""]",CC1(C)O[C@@H]2[C@@H](COC(c3ccccc3)(c3ccccc3)c3ccccc3)OC(O)[C@@H]2O1.COP(=O)(OC)C(=[N+]=[N-])C(C)=O>>C#C[C@H]1OC(C)(C)O[C@@H]1[C@H](O)COC(c1ccccc1)(c1ccccc1)c1ccccc1,"[{""source_id"": ""article"", ""sha256"": ""996ca2bc188470bf83989378b3982513067a40fc72d37e0a1714fdf7ceb4c208"", ""pages"": [4], ""locator"": ""Main experimental section / scheme: A04""}, {""source_id"": ""si"", ""sha256"": ""25570e998f1ba92c276e8301a0e62bfa9f16c2d69beeae66086b2047866ff65a"", ""pages"": [11, 12], ""locator"": ""Compound drawing and associated NMR spectrum: A04""}]","[""K2CO3""]","[""MeOH""]",83,"[{""product_label"": ""5"", ""percent"": 83, ""from_label"": ""4"", ""scope"": ""Reported preparation yield; mixture components are not assigned individual yields.""}]",Source-reported preparation; reaction SMILES excludes workup species and is not atom-balanced.,False,False,1,pending_independent_chemist_review,
A05.1,A05,1,source_drawing_transcription,"[""5""]","[""3""]",C#C[C@H]1OC(C)(C)O[C@@H]1[C@H](O)COC(c1ccccc1)(c1ccccc1)c1ccccc1>>C#C[C@H]1OC(C)(C)O[C@@H]1[C@H](O)CO,"[{""source_id"": ""article"", ""sha256"": ""996ca2bc188470bf83989378b3982513067a40fc72d37e0a1714fdf7ceb4c208"", ""pages"": [4], ""locator"": ""Main experimental section / scheme: A05""}, {""source_id"": ""si"", ""sha256"": ""25570e998f1ba92c276e8301a0e62bfa9f16c2d69beeae66086b2047866ff65a"", ""pages"": [12], ""locator"": ""Compound drawing and associated NMR spectrum: A05""}]","[""NaHSO4/silica""]","[""DCM"", ""MeOH""]",82,"[{""product_label"": ""3"", ""percent"": 82, ""from_label"": ""5"", ""scope"": ""Reported preparation yield; mixture components are not assigned individual yields.""}]",Source-reported preparation; reaction SMILES excludes workup species and is not atom-balanced.,False,False,1,pending_independent_chemist_review,
A06.1,A06,1,source_drawing_transcription,"[""3""]","[""7""]",C#C[C@H]1OC(C)(C)O[C@@H]1[C@H](O)CO>>C#C[C@H]1OC(C)(C)O[C@@H]1[C@H]1CO1,"[{""source_id"": ""article"", ""sha256"": ""996ca2bc188470bf83989378b3982513067a40fc72d37e0a1714fdf7ceb4c208"", ""pages"": [4], ""locator"": ""Main experimental section / scheme: A06""}, {""source_id"": ""si"", ""sha256"": ""25570e998f1ba92c276e8301a0e62bfa9f16c2d69beeae66086b2047866ff65a"", ""pages"": [12, 13], ""locator"": ""Compound drawing and associated NMR spectrum: A06""}]","[""TsCl"", ""Bu2SnO"", ""DIPEA"", ""DBU""]","[""DCM""]",88,"[{""product_label"": ""7"", ""percent"": 88, ""from_label"": ""3"", ""scope"": ""Reported preparation yield; mixture components are not assigned individual yields.""}]",Source-reported preparation; reaction SMILES excludes workup species and is not atom-balanced.,False,False,2,pending_independent_chemist_review,"[{""reagents"": [""TsCl"", ""Bu2SnO"", ""DIPEA""]}, {""reagents"": [""DBU""]}]"
A07.1,A07,1,source_drawing_transcription,"[""7"", ""vinylmagnesium-bromide""]","[""S1""]",C#C[C@H]1OC(C)(C)O[C@@H]1[C@H]1CO1.[Br-].[CH-]=C.[Mg+2]>>C#C[C@H]1OC(C)(C)O[C@@H]1[C@H](O)CC=C,"[{""source_id"": ""article"", ""sha256"": ""996ca2bc188470bf83989378b3982513067a40fc72d37e0a1714fdf7ceb4c208"", ""pages"": [4], ""locator"": ""Main experimental section / scheme: A07""}, {""source_id"": ""si"", ""sha256"": ""25570e998f1ba92c276e8301a0e62bfa9f16c2d69beeae66086b2047866ff65a"", ""pages"": [13], ""locator"": ""Compound drawing and associated NMR spectrum: A07""}]","[""CuI""]","[""THF""]",98,"[{""product_label"": ""S1"", ""percent"": 98, ""from_label"": ""7"", ""scope"": ""Reported preparation yield; mixture components are not assigned individual yields.""}]",Source-reported preparation; reaction SMILES excludes workup species and is not atom-balanced.,False,False,1,pending_independent_chemist_review,
A08.1,A08,1,source_drawing_transcription,"[""S1"", ""benzyl-bromide""]","[""8""]",BrCc1ccccc1.C#C[C@H]1OC(C)(C)O[C@@H]1[C@H](O)CC=C>>C#C[C@H]1OC(C)(C)O[C@@H]1[C@@H](CC=C)OCc1ccccc1,"[{""source_id"": ""article"", ""sha256"": ""996ca2bc188470bf83989378b3982513067a40fc72d37e0a1714fdf7ceb4c208"", ""pages"": [4], ""locator"": ""Main experimental section / scheme: A08""}, {""source_id"": ""si"", ""sha256"": ""25570e998f1ba92c276e8301a0e62bfa9f16c2d69beeae66086b2047866ff65a"", ""pages"": [13, 14], ""locator"": ""Compound drawing and associated NMR spectrum: A08""}]","[""NaH""]","[""DMF""]",89,"[{""product_label"": ""8"", ""percent"": 89, ""from_label"": ""S1"", ""scope"": ""Reported preparation yield; mixture components are not assigned individual yields.""}]",Source-reported preparation; reaction SMILES excludes workup species and is not atom-balanced.,False,False,1,pending_independent_chemist_review,
A09.1,A09,1,source_drawing_transcription,"[""8""]","[""9""]",C#C[C@H]1OC(C)(C)O[C@@H]1[C@@H](CC=C)OCc1ccccc1>>C#C[C@@H](O)[C@H](O)[C@H](O)CC=C,"[{""source_id"": ""article"", ""sha256"": ""996ca2bc188470bf83989378b3982513067a40fc72d37e0a1714fdf7ceb4c208"", ""pages"": [4], ""locator"": ""Main experimental section / scheme: A09""}, {""source_id"": ""si"", ""sha256"": ""25570e998f1ba92c276e8301a0e62bfa9f16c2d69beeae66086b2047866ff65a"", ""pages"": [14], ""locator"": ""Compound drawing and associated NMR spectrum: A09""}]","[""HOAc""]","[""water""]",,[],Source-reported preparation; reaction SMILES excludes workup species and is not atom-balanced.,False,False,1,pending_independent_chemist_review,
A10.1,A10,1,source_drawing_transcription,"[""9"", ""benzoyl-chloride""]","[""S2""]",C#C[C@@H](O)[C@H](O)[C@H](O)CC=C.O=C(Cl)c1ccccc1>>C#C[C@@H](OC(=O)c1ccccc1)[C@H](OC(=O)c1ccccc1)[C@@H](CC=C)OCc1ccccc1,"[{""source_id"": ""article"", ""sha256"": ""996ca2bc188470bf83989378b3982513067a40fc72d37e0a1714fdf7ceb4c208"", ""pages"": [4], ""locator"": ""Main experimental section / scheme: A10""}, {""source_id"": ""si"", ""sha256"": ""25570e998f1ba92c276e8301a0e62bfa9f16c2d69beeae66086b2047866ff65a"", ""pages"": [14], ""locator"": ""Compound drawing and associated NMR spectrum: A10""}]","[""pyridine""]",[],,[],Source-reported preparation; reaction SMILES excludes workup species and is not atom-balanced.,False,False,1,pending_independent_chemist_review,
A11.1,A11,1,source_drawing_transcription,"[""S2""]","[""S3""]",C#C[C@@H](OC(=O)c1ccccc1)[C@H](OC(=O)c1ccccc1)[C@@H](CC=C)OCc1ccccc1>>C#C[C@@H](OC(=O)c1ccccc1)[C@H](OC(=O)c1ccccc1)[C@H](O)CC=C,"[{""source_id"": ""article"", ""sha256"": ""996ca2bc188470bf83989378b3982513067a40fc72d37e0a1714fdf7ceb4c208"", ""pages"": [4], ""locator"": ""Main experimental section / scheme: A11""}, {""source_id"": ""si"", ""sha256"": ""25570e998f1ba92c276e8301a0e62bfa9f16c2d69beeae66086b2047866ff65a"", ""pages"": [14, 15], ""locator"": ""Compound drawing and associated NMR spectrum: A11""}]","[""DDQ"", ""blue light""]","[""DCM"", ""water""]",76,"[{""product_label"": ""S3"", ""percent"": 76, ""from_label"": ""S2"", ""scope"": ""Reported preparation yield; mixture components are not assigned individual yields.""}]",Source-reported preparation; reaction SMILES excludes workup species and is not atom-balanced.,False,False,1,pending_independent_chemist_review,
A12.1,A12,1,source_drawing_transcription,"[""S3""]","[""10""]",C#C[C@@H](OC(=O)c1ccccc1)[C@H](OC(=O)c1ccccc1)[C@H](O)CC=C>>C#C[C@@H](OC(=O)c1ccccc1)[C@H](OC(=O)c1ccccc1)[C@@H](CC=C)O[Si](CC)(CC)CC,"[{""source_id"": ""article"", ""sha256"": ""996ca2bc188470bf83989378b3982513067a40fc72d37e0a1714fdf7ceb4c208"", ""pages"": [4], ""locator"": ""Main experimental section / scheme: A12""}, {""source_id"": ""si"", ""sha256"": ""25570e998f1ba92c276e8301a0e62bfa9f16c2d69beeae66086b2047866ff65a"", ""pages"": [15], ""locator"": ""Compound drawing and associated NMR spectrum: A12""}]","[""TESOTf"", ""2,6-lutidine""]","[""DCM""]",88,"[{""product_label"": ""10"", ""percent"": 88, ""from_label"": ""S3"", ""scope"": ""Reported preparation yield; mixture components are not assigned individual yields.""}]",Source-reported preparation; reaction SMILES excludes workup species and is not atom-balanced.,False,False,1,pending_independent_chemist_review,
A13.1,A13,1,source_drawing_transcription,"[""S1"", ""benzoyl-chloride""]","[""S4""]",C#C[C@H]1OC(C)(C)O[C@@H]1[C@H](O)CC=C.O=C(Cl)c1ccccc1>>C#C[C@H]1OC(C)(C)O[C@@H]1[C@@H](CC=C)OC(=O)c1ccccc1,"[{""source_id"": ""article"", ""sha256"": ""996ca2bc188470bf83989378b3982513067a40fc72d37e0a1714fdf7ceb4c208"", ""pages"": [4], ""locator"": ""Main experimental section / scheme: A13""}, {""source_id"": ""si"", ""sha256"": ""25570e998f1ba92c276e8301a0e62bfa9f16c2d69beeae66086b2047866ff65a"", ""pages"": [15, 16], ""locator"": ""Compound drawing and associated NMR spectrum: A13""}]","[""pyridine""]",[],95,"[{""product_label"": ""S4"", ""percent"": 95, ""from_label"": ""S1"", ""scope"": ""Reported preparation yield; mixture components are not assigned individual yields.""}]",Source-reported preparation; reaction SMILES excludes workup species and is not atom-balanced.,False,False,1,pending_independent_chemist_review,
A14.1,A14,1,source_drawing_transcription,"[""S4""]","[""S5""]",C#C[C@H]1OC(C)(C)O[C@@H]1[C@@H](CC=C)OC(=O)c1ccccc1>>C#C[C@@H](O)[C@H](O)[C@@H](CC=C)OC(=O)c1ccccc1,"[{""source_id"": ""article"", ""sha256"": ""996ca2bc188470bf83989378b3982513067a40fc72d37e0a1714fdf7ceb4c208"", ""pages"": [4], ""locator"": ""Main experimental section / scheme: A14""}, {""source_id"": ""si"", ""sha256"": ""25570e998f1ba92c276e8301a0e62bfa9f16c2d69beeae66086b2047866ff65a"", ""pages"": [16], ""locator"": ""Compound drawing and associated NMR spectrum: A14""}]","[""TFA""]","[""THF"", ""water""]",94,"[{""product_label"": ""S5"", ""percent"": 94, ""from_label"": ""S4"", ""scope"": ""Reported preparation yield; mixture components are not assigned individual yields.""}]",Source-reported preparation; reaction SMILES excludes workup species and is not atom-balanced.,False,False,1,pending_independent_chemist_review,
A15.1,A15,1,source_drawing_transcription,"[""S5""]","[""11""]",C#C[C@@H](O)[C@H](O)[C@@H](CC=C)OC(=O)c1ccccc1>>C#C[C@@H](O[Si](C)(C)C(C)(C)C)[C@H](O[Si](C)(C)C(C)(C)C)[C@@H](CC=C)OC(=O)c1ccccc1,"[{""source_id"": ""article"", ""sha256"": ""996ca2bc188470bf83989378b3982513067a40fc72d37e0a1714fdf7ceb4c208"", ""pages"": [4], ""locator"": ""Main experimental section / scheme: A15""}, {""source_id"": ""si"", ""sha256"": ""25570e998f1ba92c276e8301a0e62bfa9f16c2d69beeae66086b2047866ff65a"", ""pages"": [16, 17], ""locator"": ""Compound drawing and associated NMR spectrum: A15""}]","[""TBSOTf"", ""2,6-lutidine""]","[""DCM""]",93,"[{""product_label"": ""11"", ""percent"": 93, ""from_label"": ""S5"", ""scope"": ""Reported preparation yield; mixture components are not assigned individual yields.""}]",Source-reported preparation; reaction SMILES excludes workup species and is not atom-balanced.,False,False,1,pending_independent_chemist_review,
A16.1,A16,1,source_drawing_transcription,"[""L-aspartic-acid""]","[""13""]",N[C@@H](CC(=O)O)C(=O)O>>O=C(O)C[C@H](Br)C(=O)O,"[{""source_id"": ""article"", ""sha256"": ""996ca2bc188470bf83989378b3982513067a40fc72d37e0a1714fdf7ceb4c208"", ""pages"": [5], ""locator"": ""Main experimental section / scheme: A16""}, {""source_id"": ""si"", ""sha256"": ""25570e998f1ba92c276e8301a0e62bfa9f16c2d69beeae66086b2047866ff65a"", ""pages"": [17], ""locator"": ""Compound drawing and associated NMR spectrum: A16""}]","[""NaNO2"", ""KBr"", ""H2SO4""]","[""water""]",88,"[{""product_label"": ""13"", ""percent"": 88, ""from_label"": ""L-aspartic-acid"", ""scope"": ""Reported preparation yield; mixture components are not assigned individual yields.""}]",Source-reported preparation; reaction SMILES excludes workup species and is not atom-balanced.,False,False,1,pending_independent_chemist_review,
A17.1,A17,1,source_drawing_transcription,"[""13""]","[""S7""]",O=C(O)C[C@H](Br)C(=O)O>>OCC[C@H](Br)CO,"[{""source_id"": ""article"", ""sha256"": ""996ca2bc188470bf83989378b3982513067a40fc72d37e0a1714fdf7ceb4c208"", ""pages"": [5], ""locator"": ""Main experimental section / scheme: A17""}, {""source_id"": ""si"", ""sha256"": ""25570e998f1ba92c276e8301a0e62bfa9f16c2d69beeae66086b2047866ff65a"", ""pages"": [17], ""locator"": ""Compound drawing and associated NMR spectrum: A17""}]","[""BH3/THF""]","[""THF""]",94,"[{""product_label"": ""S7"", ""percent"": 94, ""from_label"": ""13"", ""scope"": ""Reported preparation yield; mixture components are not assigned individual yields.""}]",Source-reported preparation; reaction SMILES excludes workup species and is not atom-balanced.,False,False,1,pending_independent_chemist_review,
A18.1,A18,1,source_drawing_transcription,"[""PMB-alcohol""]","[""PMB-bromide""]",COc1ccc(CO)cc1>>COc1ccc(CBr)cc1,"[{""source_id"": ""article"", ""sha256"": ""996ca2bc188470bf83989378b3982513067a40fc72d37e0a1714fdf7ceb4c208"", ""pages"": [5], ""locator"": ""Main experimental section / scheme: A18""}, {""source_id"": ""si"", ""sha256"": ""25570e998f1ba92c276e8301a0e62bfa9f16c2d69beeae66086b2047866ff65a"", ""pages"": [18], ""locator"": ""Compound drawing and associated NMR spectrum: A18""}]","[""PBr3""]","[""DCM""]",100,"[{""product_label"": ""PMB-bromide"", ""percent"": 100, ""from_label"": ""PMB-alcohol"", ""scope"": ""Reported preparation yield; mixture components are not assigned individual yields.""}]",Source-reported preparation; reaction SMILES excludes workup species and is not atom-balanced.,False,False,1,pending_independent_chemist_review,
A19.1,A19,1,source_drawing_transcription,"[""S7"", ""PMB-bromide""]","[""14""]",COc1ccc(CBr)cc1.OCC[C@H](Br)CO>>COc1ccc(COCC[C@@H]2CO2)cc1,"[{""source_id"": ""article"", ""sha256"": ""996ca2bc188470bf83989378b3982513067a40fc72d37e0a1714fdf7ceb4c208"", ""pages"": [5], ""locator"": ""Main experimental section / scheme: A19""}, {""source_id"": ""si"", ""sha256"": ""25570e998f1ba92c276e8301a0e62bfa9f16c2d69beeae66086b2047866ff65a"", ""pages"": [18], ""locator"": ""Compound drawing and associated NMR spectrum: A19""}]","[""NaH""]","[""THF"", ""DMF""]",89,"[{""product_label"": ""14"", ""percent"": 89, ""from_label"": ""S7"", ""scope"": ""Reported preparation yield; mixture components are not assigned individual yields.""}]",Source-reported preparation; reaction SMILES excludes workup species and is not atom-balanced.,False,False,2,pending_independent_chemist_review,"[{""reagents"": [""NaH""], ""description"": ""Intramolecular epoxide formation.""}, {""description"": ""PMB ether formation.""}]"
A20.1,A20,1,source_drawing_transcription,"[""2,3-dibromopropene""]","[""S8""]",C=C(Br)CBr>>C=C(Br)C[Si](C)(C)C,"[{""source_id"": ""article"", ""sha256"": ""996ca2bc188470bf83989378b3982513067a40fc72d37e0a1714fdf7ceb4c208"", ""pages"": [5], ""locator"": ""Main experimental section / scheme: A20""}, {""source_id"": ""si"", ""sha256"": ""25570e998f1ba92c276e8301a0e62bfa9f16c2d69beeae66086b2047866ff65a"", ""pages"": [18, 19], ""locator"": ""Compound drawing and associated NMR spectrum: A20""}]","[""CuCl"", ""Et3N"", ""HSiCl3"", ""MeMgBr""]","[""Et2O""]",75,"[{""product_label"": ""S8"", ""percent"": 75, ""from_label"": ""2,3-dibromopropene"", ""scope"": ""Reported preparation yield; mixture components are not assigned individual yields.""}]",Source-reported preparation; reaction SMILES excludes workup species and is not atom-balanced.,False,False,2,pending_independent_chemist_review,"[{""reagents"": [""CuCl"", ""Et3N"", ""HSiCl3""]}, {""reagents"": [""MeMgBr""]}]"
A21.1,A21,1,source_drawing_transcription,"[""S8""]","[""15""]",C=C(Br)C[Si](C)(C)C>>C=[C-]C[Si](C)(C)C.[Br-].[Mg+2],"[{""source_id"": ""article"", ""sha256"": ""996ca2bc188470bf83989378b3982513067a40fc72d37e0a1714fdf7ceb4c208"", ""pages"": [5], ""locator"": ""Main experimental section / scheme: A21""}, {""source_id"": ""si"", ""sha256"": ""25570e998f1ba92c276e8301a0e62bfa9f16c2d69beeae66086b2047866ff65a"", ""pages"": [19], ""locator"": ""Compound drawing and associated NMR spectrum: A21""}]","[""Mg""]","[""THF""]",,[],Source-reported preparation; reaction SMILES excludes workup species and is not atom-balanced.,False,False,1,pending_independent_chemist_review,
A22.1,A22,1,source_drawing_transcription,"[""14"", ""15""]","[""16""]",C=[C-]C[Si](C)(C)C.COc1ccc(COCC[C@@H]2CO2)cc1.[Br-].[Mg+2]>>C=C(C[C@H](O)CCOCc1ccc(OC)cc1)C[Si](C)(C)C,"[{""source_id"": ""article"", ""sha256"": ""996ca2bc188470bf83989378b3982513067a40fc72d37e0a1714fdf7ceb4c208"", ""pages"": [5], ""locator"": ""Main experimental section / scheme: A22""}, {""source_id"": ""si"", ""sha256"": ""25570e998f1ba92c276e8301a0e62bfa9f16c2d69beeae66086b2047866ff65a"", ""pages"": [19, 20], ""locator"": ""Compound drawing and associated NMR spectrum: A22""}]","[""CuI""]","[""THF""]",93,"[{""product_label"": ""16"", ""percent"": 93, ""from_label"": ""14"", ""scope"": ""Reported preparation yield; mixture components are not assigned individual yields.""}]",Source-reported preparation; reaction SMILES excludes workup species and is not atom-balanced.,False,False,1,pending_independent_chemist_review,
A23.1,A23,1,source_drawing_transcription,"[""16""]","[""17""]",C=C(C[C@H](O)CCOCc1ccc(OC)cc1)C[Si](C)(C)C>>C=C(CBr)C[C@H](O)CCOCc1ccc(OC)cc1,"[{""source_id"": ""article"", ""sha256"": ""996ca2bc188470bf83989378b3982513067a40fc72d37e0a1714fdf7ceb4c208"", ""pages"": [5], ""locator"": ""Main experimental section / scheme: A23""}, {""source_id"": ""si"", ""sha256"": ""25570e998f1ba92c276e8301a0e62bfa9f16c2d69beeae66086b2047866ff65a"", ""pages"": [20], ""locator"": ""Compound drawing and associated NMR spectrum: A23""}]","[""NBS""]","[""THF""]",85,"[{""product_label"": ""17"", ""percent"": 85, ""from_label"": ""16"", ""scope"": ""Reported preparation yield; mixture components are not assigned individual yields.""}]",Source-reported preparation; reaction SMILES excludes workup species and is not atom-balanced.,False,False,1,pending_independent_chemist_review,
A24.1,A24,1,source_drawing_transcription,"[""11"", ""17""]","[""S9""]",C#C[C@@H](O[Si](C)(C)C(C)(C)C)[C@H](O[Si](C)(C)C(C)(C)C)[C@@H](CC=C)OC(=O)c1ccccc1.C=C(CBr)C[C@H](O)CCOCc1ccc(OC)cc1>>C=CC[C@@H](OC(=O)c1ccccc1)[C@@H](O[Si](C)(C)C(C)(C)C)[C@@H](C#CCC(=C)C[C@H](O)CCOCc1ccc(OC)cc1)O[Si](C)(C)C(C)(C)C,"[{""source_id"": ""article"", ""sha256"": ""996ca2bc188470bf83989378b3982513067a40fc72d37e0a1714fdf7ceb4c208"", ""pages"": [5], ""locator"": ""Main experimental section / scheme: A24""}, {""source_id"": ""si"", ""sha256"": ""25570e998f1ba92c276e8301a0e62bfa9f16c2d69beeae66086b2047866ff65a"", ""pages"": [20, 21], ""locator"": ""Compound drawing and associated NMR spectrum: A24""}]","[""CuI"", ""K2CO3"", ""Na2SO3"", ""DBU""]","[""DMF""]",94,"[{""product_label"": ""S9"", ""percent"": 94, ""from_label"": ""11"", ""scope"": ""Reported preparation yield; mixture components are not assigned individual yields.""}]",Source-reported preparation; reaction SMILES excludes workup species and is not atom-balanced.,False,False,1,pending_independent_chemist_review,
A25.1,A25,1,source_drawing_transcription,"[""S9""]","[""18""]",C=CC[C@@H](OC(=O)c1ccccc1)[C@@H](O[Si](C)(C)C(C)(C)C)[C@@H](C#CCC(=C)C[C@H](O)CCOCc1ccc(OC)cc1)O[Si](C)(C)C(C)(C)C>>C=CC[C@@H](O)[C@@H](O[Si](C)(C)C(C)(C)C)[C@@H](C#CCC(=C)C[C@H](O)CCOCc1ccc(OC)cc1)O[Si](C)(C)C(C)(C)C,"[{""source_id"": ""article"", ""sha256"": ""996ca2bc188470bf83989378b3982513067a40fc72d37e0a1714fdf7ceb4c208"", ""pages"": [5], ""locator"": ""Main experimental section / scheme: A25""}, {""source_id"": ""si"", ""sha256"": ""25570e998f1ba92c276e8301a0e62bfa9f16c2d69beeae66086b2047866ff65a"", ""pages"": [21], ""locator"": ""Compound drawing and associated NMR spectrum: A25""}]","[""DIBAL-H""]","[""DCM""]",97,"[{""product_label"": ""18"", ""percent"": 97, ""from_label"": ""S9"", ""scope"": ""Reported preparation yield; mixture components are not assigned individual yields.""}]",Source-reported preparation; reaction SMILES excludes workup species and is not atom-balanced.,False,False,1,pending_independent_chemist_review,
A26.1,A26,1,source_drawing_transcription,"[""18""]","[""21""]",C=CC[C@@H](O)[C@@H](O[Si](C)(C)C(C)(C)C)[C@@H](C#CCC(=C)C[C@H](O)CCOCc1ccc(OC)cc1)O[Si](C)(C)C(C)(C)C>>C=CC[C@H]1O[C@@]2(CCC(=C)C[C@@H](CCOCc3ccc(OC)cc3)O2)[C@@H](O[Si](C)(C)C(C)(C)C)[C@@H]1O[Si](C)(C)C(C)(C)C,"[{""source_id"": ""article"", ""sha256"": ""996ca2bc188470bf83989378b3982513067a40fc72d37e0a1714fdf7ceb4c208"", ""pages"": [5], ""locator"": ""Main experimental section / scheme: A26""}, {""source_id"": ""si"", ""sha256"": ""25570e998f1ba92c276e8301a0e62bfa9f16c2d69beeae66086b2047866ff65a"", ""pages"": [21, 22], ""locator"": ""Compound drawing and associated NMR spectrum: A26""}]","[""Au complex cat1"", ""CSA""]","[""DCM""]",80,"[{""product_label"": ""21"", ""percent"": 80, ""from_label"": ""18"", ""scope"": ""Reported preparation yield; mixture components are not assigned individual yields.""}]",Source-reported preparation; reaction SMILES excludes workup species and is not atom-balanced.,False,False,1,pending_independent_chemist_review,
A27.1,A27,1,source_drawing_transcription,"[""19""]","[""21""]",C=CC[C@@H](OC1CCCCO1)[C@@H](O[Si](C)(C)C(C)(C)C)[C@@H](C#CCC(=C)C[C@H](O)CCOCc1ccc(OC)cc1)O[Si](C)(C)C(C)(C)C>>C=CC[C@H]1O[C@@]2(CCC(=C)C[C@@H](CCOCc3ccc(OC)cc3)O2)[C@@H](O[Si](C)(C)C(C)(C)C)[C@@H]1O[Si](C)(C)C(C)(C)C,"[{""source_id"": ""article"", ""sha256"": ""996ca2bc188470bf83989378b3982513067a40fc72d37e0a1714fdf7ceb4c208"", ""pages"": [5], ""locator"": ""Main experimental section / scheme: A27""}]","[""Au complex cat1"", ""PPTS""]","[""DCM""]",70,"[{""product_label"": ""21"", ""percent"": 70, ""from_label"": ""19"", ""scope"": ""Main text THP-protected substrate19; upstream preparation boundary.""}]",Source-reported preparation; reaction SMILES excludes workup species and is not atom-balanced.,False,False,1,pending_independent_chemist_review,
A28.1,A28,1,source_drawing_transcription,"[""10"", ""17""]","[""22""]",C#C[C@@H](OC(=O)c1ccccc1)[C@H](OC(=O)c1ccccc1)[C@@H](CC=C)O[Si](CC)(CC)CC.C=C(CBr)C[C@H](O)CCOCc1ccc(OC)cc1>>C=CC[C@@H](O)[C@@H](OC(=O)c1ccccc1)[C@@H](C#CCC(=C)C[C@H](O)CCOCc1ccc(OC)cc1)OC(=O)c1ccccc1,"[{""source_id"": ""article"", ""sha256"": ""996ca2bc188470bf83989378b3982513067a40fc72d37e0a1714fdf7ceb4c208"", ""pages"": [5], ""locator"": ""Main experimental section / scheme: A28""}, {""source_id"": ""si"", ""sha256"": ""25570e998f1ba92c276e8301a0e62bfa9f16c2d69beeae66086b2047866ff65a"", ""pages"": [22, 23], ""locator"": ""Compound drawing and associated NMR spectrum: A28""}]","[""CuI"", ""K2CO3"", ""Na2SO3"", ""DBU"", ""CSA""]","[""DMF"", ""DCM"", ""MeOH""]",82,"[{""product_label"": ""22"", ""percent"": 82, ""from_label"": ""10"", ""scope"": ""Reported preparation yield; mixture components are not assigned individual yields.""}]",Source-reported preparation; reaction SMILES excludes workup species and is not atom-balanced.,False,False,2,pending_independent_chemist_review,"[{""description"": ""Couple exact source fragments10/17.""}, {""reagents"": [""CSA""], ""description"": ""TES deprotection without separately drawn intermediate.""}]"
A29.1,A29,1,source_drawing_transcription,"[""22""]","[""23"", ""8-epi-23""]",C=CC[C@@H](O)[C@@H](OC(=O)c1ccccc1)[C@@H](C#CCC(=C)C[C@H](O)CCOCc1ccc(OC)cc1)OC(=O)c1ccccc1>>C=CC[C@H]1O[C@@]2(CC(=C)C[C@@H](CCOCc3ccc(OC)cc3)O2)C[C@@H](OC(=O)c2ccccc2)[C@@H]1OC(=O)c1ccccc1.C=CC[C@H]1O[C@]2(CC(=C)C[C@@H](CCOCc3ccc(OC)cc3)O2)C[C@@H](OC(=O)c2ccccc2)[C@@H]1OC(=O)c1ccccc1,"[{""source_id"": ""article"", ""sha256"": ""996ca2bc188470bf83989378b3982513067a40fc72d37e0a1714fdf7ceb4c208"", ""pages"": [5], ""locator"": ""Main experimental section / scheme: A29""}, {""source_id"": ""si"", ""sha256"": ""25570e998f1ba92c276e8301a0e62bfa9f16c2d69beeae66086b2047866ff65a"", ""pages"": [23], ""locator"": ""Compound drawing and associated NMR spectrum: A29""}]","[""Au complex cat1"", ""CSA""]","[""DCM""]",,"[{""product_label"": ""23"", ""percent"": 76, ""from_label"": ""22"", ""scope"": ""Reported preparation yield; mixture components are not assigned individual yields.""}, {""product_label"": ""8-epi-23"", ""percent"": 9, ""from_label"": ""22"", ""scope"": ""Reported preparation yield; mixture components are not assigned individual yields.""}]",Source-reported preparation; reaction SMILES excludes workup species and is not atom-balanced.,False,False,1,pending_independent_chemist_review,
A30.1,A30,1,source_drawing_transcription,"[""22""]","[""23"", ""8-epi-23""]",C=CC[C@@H](O)[C@@H](OC(=O)c1ccccc1)[C@@H](C#CCC(=C)C[C@H](O)CCOCc1ccc(OC)cc1)OC(=O)c1ccccc1>>C=CC[C@H]1O[C@@]2(CC(=C)C[C@@H](CCOCc3ccc(OC)cc3)O2)C[C@@H](OC(=O)c2ccccc2)[C@@H]1OC(=O)c1ccccc1.C=CC[C@H]1O[C@]2(CC(=C)C[C@@H](CCOCc3ccc(OC)cc3)O2)C[C@@H](OC(=O)c2ccccc2)[C@@H]1OC(=O)c1ccccc1,"[{""source_id"": ""article"", ""sha256"": ""996ca2bc188470bf83989378b3982513067a40fc72d37e0a1714fdf7ceb4c208"", ""pages"": [5], ""locator"": ""Main experimental section / scheme: A30""}]","[""Au complex cat1"", ""CSA""]","[""DCM""]",,[],Source-reported preparation; reaction SMILES excludes workup species and is not atom-balanced.,False,False,1,pending_independent_chemist_review,
A31.1,A31,1,source_drawing_transcription,"[""23""]","[""24""]",C=CC[C@H]1O[C@@]2(CC(=C)C[C@@H](CCOCc3ccc(OC)cc3)O2)C[C@@H](OC(=O)c2ccccc2)[C@@H]1OC(=O)c1ccccc1>>C=C1C[C@@H](CCOCc2ccc(OC)cc2)O[C@]2(C1)C[C@@H](OC(=O)c1ccccc1)[C@H](OC(=O)c1ccccc1)[C@@H](C[C@H](O)CO)O2,"[{""source_id"": ""article"", ""sha256"": ""996ca2bc188470bf83989378b3982513067a40fc72d37e0a1714fdf7ceb4c208"", ""pages"": [6], ""locator"": ""Main experimental section / scheme: A31""}, {""source_id"": ""si"", ""sha256"": ""25570e998f1ba92c276e8301a0e62bfa9f16c2d69beeae66086b2047866ff65a"", ""pages"": [24], ""locator"": ""Compound drawing and associated NMR spectrum: A31""}]","[""Pt(dba)3"", ""(R,R)-30"", ""B2pin2"", ""NaBO3·H2O""]","[""THF"", ""water""]",81,"[{""product_label"": ""24"", ""percent"": 81, ""from_label"": ""23"", ""scope"": ""10:1 diastereomeric product;81% mixture/major-preparation yield, not minor assignment.""}]",Source-reported preparation; reaction SMILES excludes workup species and is not atom-balanced.,False,False,1,pending_independent_chemist_review,
A32.1,A32,1,source_drawing_transcription,"[""24""]","[""S10-PMB""]",C=C1C[C@@H](CCOCc2ccc(OC)cc2)O[C@]2(C1)C[C@@H](OC(=O)c1ccccc1)[C@H](OC(=O)c1ccccc1)[C@@H](C[C@H](O)CO)O2>>C=C1C[C@@H](CCOCc2ccc(OC)cc2)O[C@]2(C1)C[C@@H](OC(=O)c1ccccc1)[C@H](OC(=O)c1ccccc1)[C@@H](C[C@@H](CO[Si](C)(C)C(C)(C)C)O[Si](C)(C)C(C)(C)C)O2,"[{""source_id"": ""article"", ""sha256"": ""996ca2bc188470bf83989378b3982513067a40fc72d37e0a1714fdf7ceb4c208"", ""pages"": [6], ""locator"": ""Main experimental section / scheme: A32""}, {""source_id"": ""si"", ""sha256"": ""25570e998f1ba92c276e8301a0e62bfa9f16c2d69beeae66086b2047866ff65a"", ""pages"": [25, 26], ""locator"": ""Compound drawing and associated NMR spectrum: A32""}]","[""TBSOTf"", ""2,6-lutidine""]","[""DCM""]",,[],Source-reported preparation; reaction SMILES excludes workup species and is not atom-balanced.,False,False,1,pending_independent_chemist_review,
A33.1,A33,1,source_drawing_transcription,"[""S10-PMB""]","[""S10""]",C=C1C[C@@H](CCOCc2ccc(OC)cc2)O[C@]2(C1)C[C@@H](OC(=O)c1ccccc1)[C@H](OC(=O)c1ccccc1)[C@@H](C[C@@H](CO[Si](C)(C)C(C)(C)C)O[Si](C)(C)C(C)(C)C)O2>>C=C1C[C@@H](CCO)O[C@]2(C1)C[C@@H](OC(=O)c1ccccc1)[C@H](OC(=O)c1ccccc1)[C@@H](C[C@@H](CO[Si](C)(C)C(C)(C)C)O[Si](C)(C)C(C)(C)C)O2,"[{""source_id"": ""article"", ""sha256"": ""996ca2bc188470bf83989378b3982513067a40fc72d37e0a1714fdf7ceb4c208"", ""pages"": [6], ""locator"": ""Main experimental section / scheme: A33""}, {""source_id"": ""si"", ""sha256"": ""25570e998f1ba92c276e8301a0e62bfa9f16c2d69beeae66086b2047866ff65a"", ""pages"": [26], ""locator"": ""Compound drawing and associated NMR spectrum: A33""}]","[""DDQ""]","[""DCM"", ""water""]",,[],Source-reported preparation; reaction SMILES excludes workup species and is not atom-balanced.,False,False,1,pending_independent_chemist_review,
A34.1,A34,1,source_drawing_transcription,"[""S10""]","[""25""]",C=C1C[C@@H](CCO)O[C@]2(C1)C[C@@H](OC(=O)c1ccccc1)[C@H](OC(=O)c1ccccc1)[C@@H](C[C@@H](CO[Si](C)(C)C(C)(C)C)O[Si](C)(C)C(C)(C)C)O2>>C=C1C[C@@H](CC=O)O[C@]2(C1)C[C@@H](OC(=O)c1ccccc1)[C@H](OC(=O)c1ccccc1)[C@@H](C[C@@H](CO[Si](C)(C)C(C)(C)C)O[Si](C)(C)C(C)(C)C)O2,"[{""source_id"": ""article"", ""sha256"": ""996ca2bc188470bf83989378b3982513067a40fc72d37e0a1714fdf7ceb4c208"", ""pages"": [6], ""locator"": ""Main experimental section / scheme: A34""}, {""source_id"": ""si"", ""sha256"": ""25570e998f1ba92c276e8301a0e62bfa9f16c2d69beeae66086b2047866ff65a"", ""pages"": [27], ""locator"": ""Compound drawing and associated NMR spectrum: A34""}]","[""DMP"", ""NaHCO3""]","[""DCM""]",90,"[{""product_label"": ""25"", ""percent"": 90, ""from_label"": ""S10"", ""scope"": ""Reported preparation yield; mixture components are not assigned individual yields.""}]",Source-reported preparation; reaction SMILES excludes workup species and is not atom-balanced.,False,False,1,pending_independent_chemist_review,
A35.1,A35,1,source_drawing_transcription,"[""25"", ""26""]","[""28""]",C=C1C[C@@H](CC=O)O[C@]2(C1)C[C@@H](OC(=O)c1ccccc1)[C@H](OC(=O)c1ccccc1)[C@@H](C[C@@H](CO[Si](C)(C)C(C)(C)C)O[Si](C)(C)C(C)(C)C)O2.C=C=[CH][Sn]([CH2]CCC)([CH2]CCC)[CH2]CCC>>C=C1C[C@@H](C[C@@H](O)C/C=[CH]/[Sn]([CH2]CCC)([CH2]CCC)[CH2]CCC)O[C@]2(C1)C[C@@H](OC(=O)c1ccccc1)[C@H](OC(=O)c1ccccc1)[C@@H](C[C@@H](CO[Si](C)(C)C(C)(C)C)O[Si](C)(C)C(C)(C)C)O2,"[{""source_id"": ""article"", ""sha256"": ""996ca2bc188470bf83989378b3982513067a40fc72d37e0a1714fdf7ceb4c208"", ""pages"": [6], ""locator"": ""Main experimental section / scheme: A35""}, {""source_id"": ""si"", ""sha256"": ""25570e998f1ba92c276e8301a0e62bfa9f16c2d69beeae66086b2047866ff65a"", ""pages"": [27, 28], ""locator"": ""Compound drawing and associated NMR spectrum: A35""}]","[""(-)-Ipc2BH"", ""NaBO3·4H2O""]","[""Et2O"", ""water""]",71,"[{""product_label"": ""28"", ""percent"": 71, ""from_label"": ""25"", ""scope"": ""Reported preparation yield; mixture components are not assigned individual yields.""}]",Source-reported preparation; reaction SMILES excludes workup species and is not atom-balanced.,False,False,1,pending_independent_chemist_review,
A36.1,A36,1,source_drawing_transcription,"[""28""]","[""28a""]",C=C1C[C@@H](C[C@@H](O)C/C=[CH]/[Sn]([CH2]CCC)([CH2]CCC)[CH2]CCC)O[C@]2(C1)C[C@@H](OC(=O)c1ccccc1)[C@H](OC(=O)c1ccccc1)[C@@H](C[C@@H](CO[Si](C)(C)C(C)(C)C)O[Si](C)(C)C(C)(C)C)O2>>C=CC[C@H](O)C[C@@H]1CC(=C)C[C@]2(C[C@@H](OC(=O)c3ccccc3)[C@H](OC(=O)c3ccccc3)[C@@H](C[C@@H](CO[Si](C)(C)C(C)(C)C)O[Si](C)(C)C(C)(C)C)O2)O1,"[{""source_id"": ""article"", ""sha256"": ""996ca2bc188470bf83989378b3982513067a40fc72d37e0a1714fdf7ceb4c208"", ""pages"": [6], ""locator"": ""Main experimental section / scheme: A36""}, {""source_id"": ""si"", ""sha256"": ""25570e998f1ba92c276e8301a0e62bfa9f16c2d69beeae66086b2047866ff65a"", ""pages"": [28, 29], ""locator"": ""Compound drawing and associated NMR spectrum: A36""}]","[""silica""]",[],,[],Source-reported preparation; reaction SMILES excludes workup species and is not atom-balanced.,False,False,1,pending_independent_chemist_review,
A37.1,A37,1,source_drawing_transcription,"[""28""]","[""29a""]",C=C1C[C@@H](C[C@@H](O)C/C=[CH]/[Sn]([CH2]CCC)([CH2]CCC)[CH2]CCC)O[C@]2(C1)C[C@@H](OC(=O)c1ccccc1)[C@H](OC(=O)c1ccccc1)[C@@H](C[C@@H](CO[Si](C)(C)C(C)(C)C)O[Si](C)(C)C(C)(C)C)O2>>C=CC[C@H](O)C[C@@H]1CC(=C)C[C@]2(C[C@@H](O)[C@H](O)[C@@H](C[C@H](O)CO)O2)O1,"[{""source_id"": ""article"", ""sha256"": ""996ca2bc188470bf83989378b3982513067a40fc72d37e0a1714fdf7ceb4c208"", ""pages"": [6], ""locator"": ""Main experimental section / scheme: A37""}, {""source_id"": ""si"", ""sha256"": ""25570e998f1ba92c276e8301a0e62bfa9f16c2d69beeae66086b2047866ff65a"", ""pages"": [30, 31], ""locator"": ""Compound drawing and associated NMR spectrum: A37""}]","[""K2CO3"", ""TBAF"", ""DOWEX"", ""CaCO3""]","[""MeOH"", ""THF""]",68,"[{""product_label"": ""29a"", ""percent"": 68, ""from_label"": ""28"", ""scope"": ""Reported preparation yield; mixture components are not assigned individual yields.""}]",Source-reported preparation; reaction SMILES excludes workup species and is not atom-balanced.,False,False,2,pending_independent_chemist_review,"[{""reagents"": [""K2CO3""]}, {""reagents"": [""TBAF"", ""DOWEX"", ""CaCO3""]}]"
A38.1,A38,1,source_drawing_transcription,"[""29a""]","[""29""]",C=CC[C@H](O)C[C@@H]1CC(=C)C[C@]2(C[C@@H](O)[C@H](O)[C@@H](C[C@H](O)CO)O2)O1>>OCC[C@H](O)C[C@@H]1C[C@@H](O)C[C@]2(C[C@@H](O)[C@H](O)[C@@H](C[C@H](O)CO)O2)O1,"[{""source_id"": ""article"", ""sha256"": ""996ca2bc188470bf83989378b3982513067a40fc72d37e0a1714fdf7ceb4c208"", ""pages"": [6], ""locator"": ""Main experimental section / scheme: A38""}, {""source_id"": ""si"", ""sha256"": ""25570e998f1ba92c276e8301a0e62bfa9f16c2d69beeae66086b2047866ff65a"", ""pages"": [31], ""locator"": ""Compound drawing and associated NMR spectrum: A38""}]","[""O3"", ""NaBH4""]","[""DCM"", ""MeOH""]",52,"[{""product_label"": ""29"", ""percent"": 52, ""from_label"": ""29a"", ""scope"": ""Reported preparation yield; mixture components are not assigned individual yields.""}]",Source-reported preparation; reaction SMILES excludes workup species and is not atom-balanced.,False,False,1,pending_independent_chemist_review,
B01.1,B01,1,source_drawing_transcription,"[""31"", ""vinylmagnesium-bromide""]","[""32""]",[Br-].[CH-]=C.[Mg+2].c1ccc(COC[C@H]2CO2)cc1>>C=CC[C@H](O)COCc1ccccc1,"[{""source_id"": ""article"", ""sha256"": ""996ca2bc188470bf83989378b3982513067a40fc72d37e0a1714fdf7ceb4c208"", ""pages"": [6], ""locator"": ""Main experimental section / scheme: B01""}, {""source_id"": ""si"", ""sha256"": ""25570e998f1ba92c276e8301a0e62bfa9f16c2d69beeae66086b2047866ff65a"", ""pages"": [32], ""locator"": ""Compound drawing and associated NMR spectrum: B01""}]","[""CuI""]","[""THF""]",,[],Source-reported preparation; reaction SMILES excludes workup species and is not atom-balanced.,False,False,1,pending_independent_chemist_review,
B02.1,B02,1,source_drawing_transcription,"[""32"", ""methyl-acrylate""]","[""S11""]",C=CC(=O)OC.C=CC[C@H](O)COCc1ccccc1>>COC(=O)/C=C/C[C@H](O)COCc1ccccc1,"[{""source_id"": ""article"", ""sha256"": ""996ca2bc188470bf83989378b3982513067a40fc72d37e0a1714fdf7ceb4c208"", ""pages"": [6], ""locator"": ""Main experimental section / scheme: B02""}, {""source_id"": ""si"", ""sha256"": ""25570e998f1ba92c276e8301a0e62bfa9f16c2d69beeae66086b2047866ff65a"", ""pages"": [32], ""locator"": ""Compound drawing and associated NMR spectrum: B02""}]","[""GrubbsII""]","[""DCM""]",,[],Source-reported preparation; reaction SMILES excludes workup species and is not atom-balanced.,False,False,1,pending_independent_chemist_review,
B03.1,B03,1,source_drawing_transcription,"[""S11""]","[""33""]",COC(=O)/C=C/C[C@H](O)COCc1ccccc1>>COC(=O)/C=C/C[C@@H](COCc1ccccc1)OS(C)(=O)=O,"[{""source_id"": ""article"", ""sha256"": ""996ca2bc188470bf83989378b3982513067a40fc72d37e0a1714fdf7ceb4c208"", ""pages"": [6], ""locator"": ""Main experimental section / scheme: B03""}, {""source_id"": ""si"", ""sha256"": ""25570e998f1ba92c276e8301a0e62bfa9f16c2d69beeae66086b2047866ff65a"", ""pages"": [33], ""locator"": ""Compound drawing and associated NMR spectrum: B03""}]","[""MsCl"", ""Et3N""]","[""DCM""]",99,"[{""product_label"": ""33"", ""percent"": 99, ""from_label"": ""S11"", ""scope"": ""Reported preparation yield; mixture components are not assigned individual yields.""}]",Source-reported preparation; reaction SMILES excludes workup species and is not atom-balanced.,False,False,1,pending_independent_chemist_review,
B04.1,B04,1,source_drawing_transcription,"[""33""]","[""34""]",COC(=O)/C=C/C[C@@H](COCc1ccccc1)OS(C)(=O)=O>>COC(=O)[C@H](O)[C@H](O)C[C@@H](COCc1ccccc1)OS(C)(=O)=O,"[{""source_id"": ""article"", ""sha256"": ""996ca2bc188470bf83989378b3982513067a40fc72d37e0a1714fdf7ceb4c208"", ""pages"": [6], ""locator"": ""Main experimental section / scheme: B04""}, {""source_id"": ""si"", ""sha256"": ""25570e998f1ba92c276e8301a0e62bfa9f16c2d69beeae66086b2047866ff65a"", ""pages"": [33], ""locator"": ""Compound drawing and associated NMR spectrum: B04""}]","[""K2OsO2(OH)4"", ""(DHQD)2PHAL"", ""K3Fe(CN)6"", ""K2CO3"", ""MeSO2NH2""]","[""tBuOH"", ""water"", ""DCM""]",,[],Source-reported preparation; reaction SMILES excludes workup species and is not atom-balanced.,False,False,1,pending_independent_chemist_review,
B05.1,B05,1,source_drawing_transcription,"[""34""]","[""S12""]",COC(=O)[C@H](O)[C@H](O)C[C@@H](COCc1ccccc1)OS(C)(=O)=O>>COC(=O)[C@@H]1O[C@@H](COCc2ccccc2)C[C@H]1O,"[{""source_id"": ""article"", ""sha256"": ""996ca2bc188470bf83989378b3982513067a40fc72d37e0a1714fdf7ceb4c208"", ""pages"": [6], ""locator"": ""Main experimental section / scheme: B05""}, {""source_id"": ""si"", ""sha256"": ""25570e998f1ba92c276e8301a0e62bfa9f16c2d69beeae66086b2047866ff65a"", ""pages"": [33], ""locator"": ""Compound drawing and associated NMR spectrum: B05""}]","[""2,6-lutidine""]",[],,[],Source-reported preparation; reaction SMILES excludes workup species and is not atom-balanced.,False,False,1,pending_independent_chemist_review,
B06.1,B06,1,source_drawing_transcription,"[""S12""]","[""35""]",COC(=O)[C@@H]1O[C@@H](COCc2ccccc2)C[C@H]1O>>COC(=O)[C@@H]1O[C@@H](COCc2ccccc2)C[C@H]1O[Si](C)(C)C(C)(C)C,"[{""source_id"": ""article"", ""sha256"": ""996ca2bc188470bf83989378b3982513067a40fc72d37e0a1714fdf7ceb4c208"", ""pages"": [6], ""locator"": ""Main experimental section / scheme: B06""}, {""source_id"": ""si"", ""sha256"": ""25570e998f1ba92c276e8301a0e62bfa9f16c2d69beeae66086b2047866ff65a"", ""pages"": [35], ""locator"": ""Compound drawing and associated NMR spectrum: B06""}]","[""TBSCl"", ""imidazole"", ""DMAP""]","[""DMF""]",100,"[{""product_label"": ""35"", ""percent"": 100, ""from_label"": ""S12"", ""scope"": ""Reported preparation yield; mixture components are not assigned individual yields.""}]",Source-reported preparation; reaction SMILES excludes workup species and is not atom-balanced.,False,False,1,pending_independent_chemist_review,
B07.1,B07,1,source_drawing_transcription,"[""35""]","[""S13"", ""S14""]",COC(=O)[C@@H]1O[C@@H](COCc2ccccc2)C[C@H]1O[Si](C)(C)C(C)(C)C>>COC(=O)[C@@H]1O[C@@H](CO)C[C@H]1O.COC(=O)[C@@H]1O[C@@H](CO)C[C@H]1O[Si](C)(C)C(C)(C)C,"[{""source_id"": ""article"", ""sha256"": ""996ca2bc188470bf83989378b3982513067a40fc72d37e0a1714fdf7ceb4c208"", ""pages"": [6], ""locator"": ""Main experimental section / scheme: B07""}, {""source_id"": ""si"", ""sha256"": ""25570e998f1ba92c276e8301a0e62bfa9f16c2d69beeae66086b2047866ff65a"", ""pages"": [35, 36], ""locator"": ""Compound drawing and associated NMR spectrum: B07""}]","[""H2"", ""Pd/C""]","[""MeOH""]",,"[{""product_label"": ""S13"", ""percent"": 40, ""from_label"": ""35"", ""scope"": ""Reported preparation yield; mixture components are not assigned individual yields.""}, {""product_label"": ""S14"", ""percent"": 60, ""from_label"": ""35"", ""scope"": ""Reported preparation yield; mixture components are not assigned individual yields.""}]",Source-reported preparation; reaction SMILES excludes workup species and is not atom-balanced.,False,False,1,pending_independent_chemist_review,
B08.1,B08,1,source_drawing_transcription,"[""35""]","[""36""]",COC(=O)[C@@H]1O[C@@H](COCc2ccccc2)C[C@H]1O[Si](C)(C)C(C)(C)C>>CC(C)(C)[Si](C)(C)O[C@@H]1C[C@H](COCc2ccccc2)O[C@H]1C=O,"[{""source_id"": ""article"", ""sha256"": ""996ca2bc188470bf83989378b3982513067a40fc72d37e0a1714fdf7ceb4c208"", ""pages"": [6], ""locator"": ""Main experimental section / scheme: B08""}, {""source_id"": ""si"", ""sha256"": ""25570e998f1ba92c276e8301a0e62bfa9f16c2d69beeae66086b2047866ff65a"", ""pages"": [36], ""locator"": ""Compound drawing and associated NMR spectrum: B08""}]","[""DIBAL-H""]","[""DCM""]",,[],Source-reported preparation; reaction SMILES excludes workup species and is not atom-balanced.,False,False,1,pending_independent_chemist_review,
B09.1,B09,1,source_drawing_transcription,"[""36"", ""6""]","[""37""]",CC(C)(C)[Si](C)(C)O[C@@H]1C[C@H](COCc2ccccc2)O[C@H]1C=O.COP(=O)(OC)C(=[N+]=[N-])C(C)=O>>C#C[C@@H]1O[C@@H](COCc2ccccc2)C[C@H]1O[Si](C)(C)C(C)(C)C,"[{""source_id"": ""article"", ""sha256"": ""996ca2bc188470bf83989378b3982513067a40fc72d37e0a1714fdf7ceb4c208"", ""pages"": [6], ""locator"": ""Main experimental section / scheme: B09""}, {""source_id"": ""si"", ""sha256"": ""25570e998f1ba92c276e8301a0e62bfa9f16c2d69beeae66086b2047866ff65a"", ""pages"": [36], ""locator"": ""Compound drawing and associated NMR spectrum: B09""}]","[""K2CO3""]","[""MeOH""]",,[],Source-reported preparation; reaction SMILES excludes workup species and is not atom-balanced.,False,False,1,pending_independent_chemist_review,
B10.1,B10,1,source_drawing_transcription,"[""36"", ""methoxycarbonylmethylene-triphenylphosphorane""]","[""38-E"", ""38-Z""]",CC(C)(C)[Si](C)(C)O[C@@H]1C[C@H](COCc2ccccc2)O[C@H]1C=O.COC(=O)C=P(c1ccccc1)(c1ccccc1)c1ccccc1>>COC(=O)/C=C/[C@@H]1O[C@@H](COCc2ccccc2)C[C@H]1O[Si](C)(C)C(C)(C)C.COC(=O)/C=C\[C@@H]1O[C@@H](COCc2ccccc2)C[C@H]1O[Si](C)(C)C(C)(C)C,"[{""source_id"": ""article"", ""sha256"": ""996ca2bc188470bf83989378b3982513067a40fc72d37e0a1714fdf7ceb4c208"", ""pages"": [6], ""locator"": ""Main experimental section / scheme: B10""}, {""source_id"": ""si"", ""sha256"": ""25570e998f1ba92c276e8301a0e62bfa9f16c2d69beeae66086b2047866ff65a"", ""pages"": [36, 37], ""locator"": ""Compound drawing and associated NMR spectrum: B10""}]",[],"[""DCM""]",,[],Source-reported preparation; reaction SMILES excludes workup species and is not atom-balanced.,False,False,1,pending_independent_chemist_review,
B11.1,B11,1,source_drawing_transcription,"[""38-E"", ""38-Z""]","[""S15""]",COC(=O)/C=C/[C@@H]1O[C@@H](COCc2ccccc2)C[C@H]1O[Si](C)(C)C(C)(C)C.COC(=O)/C=C\[C@@H]1O[C@@H](COCc2ccccc2)C[C@H]1O[Si](C)(C)C(C)(C)C>>COC(=O)CC[C@@H]1O[C@@H](CO)C[C@H]1O[Si](C)(C)C(C)(C)C,"[{""source_id"": ""article"", ""sha256"": ""996ca2bc188470bf83989378b3982513067a40fc72d37e0a1714fdf7ceb4c208"", ""pages"": [6], ""locator"": ""Main experimental section / scheme: B11""}, {""source_id"": ""si"", ""sha256"": ""25570e998f1ba92c276e8301a0e62bfa9f16c2d69beeae66086b2047866ff65a"", ""pages"": [37], ""locator"": ""Compound drawing and associated NMR spectrum: B11""}]","[""H2"", ""Pd(OH)2/C""]","[""EtOAc""]",94,"[{""product_label"": ""S15"", ""percent"": 94, ""from_label"": ""38-E"", ""scope"": ""Mixture feed hydrogenation and debenzylation.""}]",Source-reported preparation; reaction SMILES excludes workup species and is not atom-balanced.,False,False,1,pending_independent_chemist_review,
B12.1,B12,1,source_drawing_transcription,"[""S15""]","[""S15-aldehyde""]",COC(=O)CC[C@@H]1O[C@@H](CO)C[C@H]1O[Si](C)(C)C(C)(C)C>>COC(=O)CC[C@@H]1O[C@@H](C=O)C[C@H]1O[Si](C)(C)C(C)(C)C,"[{""source_id"": ""article"", ""sha256"": ""996ca2bc188470bf83989378b3982513067a40fc72d37e0a1714fdf7ceb4c208"", ""pages"": [6], ""locator"": ""Main experimental section / scheme: B12""}, {""source_id"": ""si"", ""sha256"": ""25570e998f1ba92c276e8301a0e62bfa9f16c2d69beeae66086b2047866ff65a"", ""pages"": [38], ""locator"": ""Compound drawing and associated NMR spectrum: B12""}]","[""DMSO"", ""oxalyl chloride"", ""Et3N""]","[""DCM""]",,[],Source-reported preparation; reaction SMILES excludes workup species and is not atom-balanced.,False,False,1,pending_independent_chemist_review,
B13.1,B13,1,source_drawing_transcription,"[""S15-aldehyde"", ""iodomethyltriphenylphosphonium-iodide""]","[""39""]",COC(=O)CC[C@@H]1O[C@@H](C=O)C[C@H]1O[Si](C)(C)C(C)(C)C.IC[P+](c1ccccc1)(c1ccccc1)c1ccccc1.[I-]>>COC(=O)CC[C@@H]1O[C@@H](/C=C\I)C[C@H]1O[Si](C)(C)C(C)(C)C,"[{""source_id"": ""article"", ""sha256"": ""996ca2bc188470bf83989378b3982513067a40fc72d37e0a1714fdf7ceb4c208"", ""pages"": [6], ""locator"": ""Main experimental section / scheme: B13""}, {""source_id"": ""si"", ""sha256"": ""25570e998f1ba92c276e8301a0e62bfa9f16c2d69beeae66086b2047866ff65a"", ""pages"": [38], ""locator"": ""Compound drawing and associated NMR spectrum: B13""}]","[""KHMDS"", ""HMPA""]","[""THF""]",,[],Source-reported preparation; reaction SMILES excludes workup species and is not atom-balanced.,False,False,1,pending_independent_chemist_review,
B14.1,B14,1,source_drawing_transcription,"[""39"", ""37""]","[""40""]",C#C[C@@H]1O[C@@H](COCc2ccccc2)C[C@H]1O[Si](C)(C)C(C)(C)C.COC(=O)CC[C@@H]1O[C@@H](/C=C\I)C[C@H]1O[Si](C)(C)C(C)(C)C>>COC(=O)CC[C@@H]1O[C@@H](/C=C\C#C[C@@H]2O[C@@H](COCc3ccccc3)C[C@H]2O[Si](C)(C)C(C)(C)C)C[C@H]1O[Si](C)(C)C(C)(C)C,"[{""source_id"": ""article"", ""sha256"": ""996ca2bc188470bf83989378b3982513067a40fc72d37e0a1714fdf7ceb4c208"", ""pages"": [6], ""locator"": ""Main experimental section / scheme: B14""}, {""source_id"": ""si"", ""sha256"": ""25570e998f1ba92c276e8301a0e62bfa9f16c2d69beeae66086b2047866ff65a"", ""pages"": [38, 39], ""locator"": ""Compound drawing and associated NMR spectrum: B14""}]","[""Pd(PPh3)2Cl2"", ""CuI""]","[""Et3N""]",93,"[{""product_label"": ""40"", ""percent"": 93, ""from_label"": ""39"", ""scope"": ""Reported preparation yield; mixture components are not assigned individual yields.""}]",Source-reported preparation; reaction SMILES excludes workup species and is not atom-balanced.,False,False,1,pending_independent_chemist_review,
B15.1,B15,1,source_drawing_transcription,"[""36"", ""methylene-triphenylphosphorane""]","[""42""]",C=P(c1ccccc1)(c1ccccc1)c1ccccc1.CC(C)(C)[Si](C)(C)O[C@@H]1C[C@H](COCc2ccccc2)O[C@H]1C=O>>C=C[C@@H]1O[C@@H](COCc2ccccc2)C[C@H]1O[Si](C)(C)C(C)(C)C,"[{""source_id"": ""article"", ""sha256"": ""996ca2bc188470bf83989378b3982513067a40fc72d37e0a1714fdf7ceb4c208"", ""pages"": [7], ""locator"": ""Main experimental section / scheme: B15""}, {""source_id"": ""si"", ""sha256"": ""25570e998f1ba92c276e8301a0e62bfa9f16c2d69beeae66086b2047866ff65a"", ""pages"": [39], ""locator"": ""Compound drawing and associated NMR spectrum: B15""}]",[],"[""THF""]",,[],Source-reported preparation; reaction SMILES excludes workup species and is not atom-balanced.,False,False,1,pending_independent_chemist_review,
B16.1,B16,1,source_drawing_transcription,"[""42"", ""39""]","[""43""]",C=C[C@@H]1O[C@@H](COCc2ccccc2)C[C@H]1O[Si](C)(C)C(C)(C)C.COC(=O)CC[C@@H]1O[C@@H](/C=C\I)C[C@H]1O[Si](C)(C)C(C)(C)C>>COC(=O)CC[C@@H]1O[C@@H](/C=C\CC[C@@H]2O[C@@H](COCc3ccccc3)C[C@H]2O[Si](C)(C)C(C)(C)C)C[C@H]1O[Si](C)(C)C(C)(C)C,"[{""source_id"": ""article"", ""sha256"": ""996ca2bc188470bf83989378b3982513067a40fc72d37e0a1714fdf7ceb4c208"", ""pages"": [7], ""locator"": ""Main experimental section / scheme: B16""}, {""source_id"": ""si"", ""sha256"": ""25570e998f1ba92c276e8301a0e62bfa9f16c2d69beeae66086b2047866ff65a"", ""pages"": [39, 40], ""locator"": ""Compound drawing and associated NMR spectrum: B16""}]","[""9-H-9-BBN"", ""Cs2CO3"", ""AsPh3"", ""Pd(dppf)Cl2""]","[""THF"", ""DMF"", ""water""]",96,"[{""product_label"": ""43"", ""percent"": 96, ""from_label"": ""42"", ""scope"": ""Reported preparation yield; mixture components are not assigned individual yields.""}]",Source-reported preparation; reaction SMILES excludes workup species and is not atom-balanced.,False,False,1,pending_independent_chemist_review,
B17.1,B17,1,source_drawing_transcription,"[""43""]","[""44""]",COC(=O)CC[C@@H]1O[C@@H](/C=C\CC[C@@H]2O[C@@H](COCc3ccccc3)C[C@H]2O[Si](C)(C)C(C)(C)C)C[C@H]1O[Si](C)(C)C(C)(C)C>>COC(=O)CC[C@H](O[Si](C)(C)C(C)(C)C)[C@@H](CCCCCC[C@@H]1O[C@@H](CO[Si](C)(C)C(C)(C)C)C[C@H]1O[Si](C)(C)C(C)(C)C)O[Si](C)(C)C(C)(C)C,"[{""source_id"": ""article"", ""sha256"": ""996ca2bc188470bf83989378b3982513067a40fc72d37e0a1714fdf7ceb4c208"", ""pages"": [7], ""locator"": ""Main experimental section / scheme: B17""}, {""source_id"": ""si"", ""sha256"": ""25570e998f1ba92c276e8301a0e62bfa9f16c2d69beeae66086b2047866ff65a"", ""pages"": [40, 41], ""locator"": ""Compound drawing and associated NMR spectrum: B17""}]","[""H2"", ""Pd(OH)2/C"", ""TBSCl"", ""DMAP"", ""imidazole""]","[""EtOAc"", ""DMF""]",,[],Source-reported preparation; reaction SMILES excludes workup species and is not atom-balanced.,False,False,1,pending_independent_chemist_review,
B18.1,B18,1,source_drawing_transcription,"[""43""]","[""45""]",COC(=O)CC[C@@H]1O[C@@H](/C=C\CC[C@@H]2O[C@@H](COCc3ccccc3)C[C@H]2O[Si](C)(C)C(C)(C)C)C[C@H]1O[Si](C)(C)C(C)(C)C>>COC(=O)CC[C@@H]1O[C@@H](CCCC[C@@H]2O[C@@H](COCc3ccccc3)C[C@H]2O[Si](C)(C)C(C)(C)C)C[C@H]1O[Si](C)(C)C(C)(C)C,"[{""source_id"": ""article"", ""sha256"": ""996ca2bc188470bf83989378b3982513067a40fc72d37e0a1714fdf7ceb4c208"", ""pages"": [7], ""locator"": ""Main experimental section / scheme: B18""}, {""source_id"": ""si"", ""sha256"": ""25570e998f1ba92c276e8301a0e62bfa9f16c2d69beeae66086b2047866ff65a"", ""pages"": [41], ""locator"": ""Compound drawing and associated NMR spectrum: B18""}]","[""H2"", ""Raney-Ni""]","[""EtOH""]",,[],Source-reported preparation; reaction SMILES excludes workup species and is not atom-balanced.,False,False,1,pending_independent_chemist_review,
B19.1,B19,1,source_drawing_transcription,"[""45""]","[""41""]",COC(=O)CC[C@@H]1O[C@@H](CCCC[C@@H]2O[C@@H](COCc3ccccc3)C[C@H]2O[Si](C)(C)C(C)(C)C)C[C@H]1O[Si](C)(C)C(C)(C)C>>COC(=O)CC[C@@H]1O[C@@H](CCCC[C@@H]2O[C@@H](CO)C[C@H]2O[Si](C)(C)C(C)(C)C)C[C@H]1O[Si](C)(C)C(C)(C)C,"[{""source_id"": ""article"", ""sha256"": ""996ca2bc188470bf83989378b3982513067a40fc72d37e0a1714fdf7ceb4c208"", ""pages"": [7], ""locator"": ""Main experimental section / scheme: B19""}, {""source_id"": ""si"", ""sha256"": ""25570e998f1ba92c276e8301a0e62bfa9f16c2d69beeae66086b2047866ff65a"", ""pages"": [41, 42], ""locator"": ""Compound drawing and associated NMR spectrum: B19""}]","[""H2"", ""Pd(OH)2/C""]","[""EtOAc""]",,[],Source-reported preparation; reaction SMILES excludes workup species and is not atom-balanced.,False,False,1,pending_independent_chemist_review,
B20.1,B20,1,source_drawing_transcription,"[""41""]","[""41-mesylate""]",COC(=O)CC[C@@H]1O[C@@H](CCCC[C@@H]2O[C@@H](CO)C[C@H]2O[Si](C)(C)C(C)(C)C)C[C@H]1O[Si](C)(C)C(C)(C)C>>COC(=O)CC[C@@H]1O[C@@H](CCCC[C@@H]2O[C@@H](COS(C)(=O)=O)C[C@H]2O[Si](C)(C)C(C)(C)C)C[C@H]1O[Si](C)(C)C(C)(C)C,"[{""source_id"": ""article"", ""sha256"": ""996ca2bc188470bf83989378b3982513067a40fc72d37e0a1714fdf7ceb4c208"", ""pages"": [7], ""locator"": ""Main experimental section / scheme: B20""}, {""source_id"": ""si"", ""sha256"": ""25570e998f1ba92c276e8301a0e62bfa9f16c2d69beeae66086b2047866ff65a"", ""pages"": [42], ""locator"": ""Compound drawing and associated NMR spectrum: B20""}]","[""MsCl"", ""Et3N""]","[""DCM""]",,[],Source-reported preparation; reaction SMILES excludes workup species and is not atom-balanced.,False,False,1,pending_independent_chemist_review,
B21.1,B21,1,source_drawing_transcription,"[""41-mesylate""]","[""46""]",COC(=O)CC[C@@H]1O[C@@H](CCCC[C@@H]2O[C@@H](COS(C)(=O)=O)C[C@H]2O[Si](C)(C)C(C)(C)C)C[C@H]1O[Si](C)(C)C(C)(C)C>>COC(=O)CC[C@@H]1O[C@@H](CCCC[C@@H]2O[C@@H](CN=[N+]=[N-])C[C@H]2O[Si](C)(C)C(C)(C)C)C[C@H]1O[Si](C)(C)C(C)(C)C,"[{""source_id"": ""article"", ""sha256"": ""996ca2bc188470bf83989378b3982513067a40fc72d37e0a1714fdf7ceb4c208"", ""pages"": [7], ""locator"": ""Main experimental section / scheme: B21""}, {""source_id"": ""si"", ""sha256"": ""25570e998f1ba92c276e8301a0e62bfa9f16c2d69beeae66086b2047866ff65a"", ""pages"": [42], ""locator"": ""Compound drawing and associated NMR spectrum: B21""}]","[""NaN3""]","[""DMF""]",,[],Source-reported preparation; reaction SMILES excludes workup species and is not atom-balanced.,False,False,1,pending_independent_chemist_review,
B22.1,B22,1,source_drawing_transcription,"[""46""]","[""S16""]",COC(=O)CC[C@@H]1O[C@@H](CCCC[C@@H]2O[C@@H](CN=[N+]=[N-])C[C@H]2O[Si](C)(C)C(C)(C)C)C[C@H]1O[Si](C)(C)C(C)(C)C>>COC(=O)CC[C@@H]1O[C@@H](CCCC[C@@H]2O[C@@H](CNC(C)=O)C[C@H]2O[Si](C)(C)C(C)(C)C)C[C@H]1O[Si](C)(C)C(C)(C)C,"[{""source_id"": ""article"", ""sha256"": ""996ca2bc188470bf83989378b3982513067a40fc72d37e0a1714fdf7ceb4c208"", ""pages"": [7], ""locator"": ""Main experimental section / scheme: B22""}, {""source_id"": ""si"", ""sha256"": ""25570e998f1ba92c276e8301a0e62bfa9f16c2d69beeae66086b2047866ff65a"", ""pages"": [43], ""locator"": ""Compound drawing and associated NMR spectrum: B22""}]","[""H2"", ""Pd/C"", ""Ac2O""]","[""MeOH""]",90,"[{""product_label"": ""S16"", ""percent"": 90, ""from_label"": ""46"", ""scope"": ""Reported preparation yield; mixture components are not assigned individual yields.""}]",Source-reported preparation; reaction SMILES excludes workup species and is not atom-balanced.,False,False,1,pending_independent_chemist_review,
B23.1,B23,1,source_drawing_transcription,"[""S16""]","[""47""]",COC(=O)CC[C@@H]1O[C@@H](CCCC[C@@H]2O[C@@H](CNC(C)=O)C[C@H]2O[Si](C)(C)C(C)(C)C)C[C@H]1O[Si](C)(C)C(C)(C)C>>COC(=O)CC[C@@H]1O[C@@H](CCCC[C@@H]2O[C@@H](CN(N=O)C(C)=O)C[C@H]2O[Si](C)(C)C(C)(C)C)C[C@H]1O[Si](C)(C)C(C)(C)C,"[{""source_id"": ""article"", ""sha256"": ""996ca2bc188470bf83989378b3982513067a40fc72d37e0a1714fdf7ceb4c208"", ""pages"": [7], ""locator"": ""Main experimental section / scheme: B23""}, {""source_id"": ""si"", ""sha256"": ""25570e998f1ba92c276e8301a0e62bfa9f16c2d69beeae66086b2047866ff65a"", ""pages"": [43], ""locator"": ""Compound drawing and associated NMR spectrum: B23""}]","[""NaNO2"", ""Ac2O""]","[""HOAc""]",84,"[{""product_label"": ""47"", ""percent"": 84, ""from_label"": ""S16"", ""scope"": ""Reported preparation yield; mixture components are not assigned individual yields.""}]",Source-reported preparation; reaction SMILES excludes workup species and is not atom-balanced.,False,False,1,pending_independent_chemist_review,
B24.1,B24,1,source_drawing_transcription,"[""36"", ""iodomethyltriphenylphosphonium-iodide""]","[""S17""]",CC(C)(C)[Si](C)(C)O[C@@H]1C[C@H](COCc2ccccc2)O[C@H]1C=O.IC[P+](c1ccccc1)(c1ccccc1)c1ccccc1.[I-]>>CC(C)(C)[Si](C)(C)O[C@@H]1C[C@H](COCc2ccccc2)O[C@H]1/C=C\I,"[{""source_id"": ""article"", ""sha256"": ""996ca2bc188470bf83989378b3982513067a40fc72d37e0a1714fdf7ceb4c208"", ""pages"": [7], ""locator"": ""Main experimental section / scheme: B24""}, {""source_id"": ""si"", ""sha256"": ""25570e998f1ba92c276e8301a0e62bfa9f16c2d69beeae66086b2047866ff65a"", ""pages"": [44], ""locator"": ""Compound drawing and associated NMR spectrum: B24""}]","[""KHMDS""]","[""THF""]",,[],Source-reported preparation; reaction SMILES excludes workup species and is not atom-balanced.,False,False,1,pending_independent_chemist_review,
B25.1,B25,1,source_drawing_transcription,"[""S15-aldehyde"", ""methylene-triphenylphosphorane""]","[""S18""]",C=P(c1ccccc1)(c1ccccc1)c1ccccc1.COC(=O)CC[C@@H]1O[C@@H](C=O)C[C@H]1O[Si](C)(C)C(C)(C)C>>C=C[C@H]1C[C@@H](O[Si](C)(C)C(C)(C)C)[C@H](CCC(=O)OC)O1,"[{""source_id"": ""article"", ""sha256"": ""996ca2bc188470bf83989378b3982513067a40fc72d37e0a1714fdf7ceb4c208"", ""pages"": [7], ""locator"": ""Main experimental section / scheme: B25""}, {""source_id"": ""si"", ""sha256"": ""25570e998f1ba92c276e8301a0e62bfa9f16c2d69beeae66086b2047866ff65a"", ""pages"": [44, 45], ""locator"": ""Compound drawing and associated NMR spectrum: B25""}]",[],"[""THF""]",,[],Source-reported preparation; reaction SMILES excludes workup species and is not atom-balanced.,False,False,1,pending_independent_chemist_review,
B26.1,B26,1,source_drawing_transcription,"[""S18"", ""S17""]","[""S19""]",C=C[C@H]1C[C@@H](O[Si](C)(C)C(C)(C)C)[C@H](CCC(=O)OC)O1.CC(C)(C)[Si](C)(C)O[C@@H]1C[C@H](COCc2ccccc2)O[C@H]1/C=C\I>>COC(=O)CC[C@@H]1O[C@@H](CC/C=C\[C@@H]2O[C@@H](COCc3ccccc3)C[C@H]2O[Si](C)(C)C(C)(C)C)C[C@H]1O[Si](C)(C)C(C)(C)C,"[{""source_id"": ""article"", ""sha256"": ""996ca2bc188470bf83989378b3982513067a40fc72d37e0a1714fdf7ceb4c208"", ""pages"": [7], ""locator"": ""Main experimental section / scheme: B26""}, {""source_id"": ""si"", ""sha256"": ""25570e998f1ba92c276e8301a0e62bfa9f16c2d69beeae66086b2047866ff65a"", ""pages"": [45], ""locator"": ""Compound drawing and associated NMR spectrum: B26""}]","[""9-H-9-BBN"", ""Cs2CO3"", ""AsPh3"", ""Pd(dppf)Cl2""]","[""THF"", ""DMF"", ""water""]",95,"[{""product_label"": ""S19"", ""percent"": 95, ""from_label"": ""S18"", ""scope"": ""Reported preparation yield; mixture components are not assigned individual yields.""}]",Source-reported preparation; reaction SMILES excludes workup species and is not atom-balanced.,False,False,1,pending_independent_chemist_review,
B27.1,B27,1,source_drawing_transcription,"[""S19""]","[""41""]",COC(=O)CC[C@@H]1O[C@@H](CC/C=C\[C@@H]2O[C@@H](COCc3ccccc3)C[C@H]2O[Si](C)(C)C(C)(C)C)C[C@H]1O[Si](C)(C)C(C)(C)C>>COC(=O)CC[C@@H]1O[C@@H](CCCC[C@@H]2O[C@@H](CO)C[C@H]2O[Si](C)(C)C(C)(C)C)C[C@H]1O[Si](C)(C)C(C)(C)C,"[{""source_id"": ""article"", ""sha256"": ""996ca2bc188470bf83989378b3982513067a40fc72d37e0a1714fdf7ceb4c208"", ""pages"": [7], ""locator"": ""Main experimental section / scheme: B27""}, {""source_id"": ""si"", ""sha256"": ""25570e998f1ba92c276e8301a0e62bfa9f16c2d69beeae66086b2047866ff65a"", ""pages"": [46], ""locator"": ""Compound drawing and associated NMR spectrum: B27""}]","[""H2"", ""Pd/C""]","[""EtOAc""]",76,"[{""product_label"": ""41"", ""percent"": 76, ""from_label"": ""S19"", ""scope"": ""Additional11%partiallyTBS-deprotected unidentified byproduct not assigned unique SMILES.""}]",Source-reported preparation; reaction SMILES excludes workup species and is not atom-balanced.,False,False,1,pending_independent_chemist_review,
C01.1,C01,1,source_drawing_transcription,"[""tri-O-acetyl-D-glucal""]","[""48""]",CC(=O)OC[C@H]1OC=C[C@@H](OC(C)=O)[C@@H]1OC(C)=O>>CC(C)(C)[Si](C)(C)OC[C@H]1OC=C[C@@H](O[Si](C)(C)C(C)(C)C)[C@@H]1O[Si](C)(C)C(C)(C)C,"[{""source_id"": ""article"", ""sha256"": ""996ca2bc188470bf83989378b3982513067a40fc72d37e0a1714fdf7ceb4c208"", ""pages"": [7], ""locator"": ""Main experimental section / scheme: C01""}, {""source_id"": ""si"", ""sha256"": ""25570e998f1ba92c276e8301a0e62bfa9f16c2d69beeae66086b2047866ff65a"", ""pages"": [46], ""locator"": ""Compound drawing and associated NMR spectrum: C01""}]","[""K2CO3"", ""TBSCl"", ""imidazole""]","[""MeOH"", ""DMF""]",97,"[{""product_label"": ""48"", ""percent"": 97, ""from_label"": ""tri-O-acetyl-D-glucal"", ""scope"": ""Reported preparation yield; mixture components are not assigned individual yields.""}]",Source-reported preparation; reaction SMILES excludes workup species and is not atom-balanced.,False,False,2,pending_independent_chemist_review,"[{""reagents"": [""K2CO3""]}, {""reagents"": [""TBSCl"", ""imidazole""]}]"
C02.1,C02,1,source_drawing_transcription,"[""48""]","[""49""]",CC(C)(C)[Si](C)(C)OC[C@H]1OC=C[C@@H](O[Si](C)(C)C(C)(C)C)[C@@H]1O[Si](C)(C)C(C)(C)C>>CC(C)(C)[Si](C)(C)OC[C@H]1OC(Cl)C[C@@H](O[Si](C)(C)C(C)(C)C)[C@@H]1O[Si](C)(C)C(C)(C)C,"[{""source_id"": ""article"", ""sha256"": ""996ca2bc188470bf83989378b3982513067a40fc72d37e0a1714fdf7ceb4c208"", ""pages"": [7], ""locator"": ""Main experimental section / scheme: C02""}, {""source_id"": ""si"", ""sha256"": ""25570e998f1ba92c276e8301a0e62bfa9f16c2d69beeae66086b2047866ff65a"", ""pages"": [47], ""locator"": ""Compound drawing and associated NMR spectrum: C02""}]","[""HCl""]","[""dioxane"", ""THF""]",,[],Source-reported preparation; reaction SMILES excludes workup species and is not atom-balanced.,False,False,1,pending_independent_chemist_review,
C03.1,C03,1,source_drawing_transcription,"[""49"", ""Mander-reagent""]","[""50""]",CC(C)(C)[Si](C)(C)OC[C@H]1OC(Cl)C[C@@H](O[Si](C)(C)C(C)(C)C)[C@@H]1O[Si](C)(C)C(C)(C)C.COC(=O)C#N>>COC(=O)[C@@H]1C[C@@H](O[Si](C)(C)C(C)(C)C)[C@H](O[Si](C)(C)C(C)(C)C)[C@@H](CO)O1,"[{""source_id"": ""article"", ""sha256"": ""996ca2bc188470bf83989378b3982513067a40fc72d37e0a1714fdf7ceb4c208"", ""pages"": [7], ""locator"": ""Main experimental section / scheme: C03""}, {""source_id"": ""si"", ""sha256"": ""25570e998f1ba92c276e8301a0e62bfa9f16c2d69beeae66086b2047866ff65a"", ""pages"": [47], ""locator"": ""Compound drawing and associated NMR spectrum: C03""}]","[""lithium naphthalenide"", ""PTSA""]","[""THF"", ""MeOH""]",,[],Source-reported preparation; reaction SMILES excludes workup species and is not atom-balanced.,False,False,2,pending_independent_chemist_review,"[{""reagents"": [""lithium naphthalenide"", ""Mander reagent""]}, {""reagents"": [""PTSA""]}]"
C04.1,C04,1,source_drawing_transcription,"[""allyl-alcohol"", ""MOM-chloride""]","[""51""]",C=CCO.COCCl>>C=CCOCOC,"[{""source_id"": ""article"", ""sha256"": ""996ca2bc188470bf83989378b3982513067a40fc72d37e0a1714fdf7ceb4c208"", ""pages"": [7], ""locator"": ""Main experimental section / scheme: C04""}, {""source_id"": ""si"", ""sha256"": ""25570e998f1ba92c276e8301a0e62bfa9f16c2d69beeae66086b2047866ff65a"", ""pages"": [47, 48], ""locator"": ""Compound drawing and associated NMR spectrum: C04""}]","[""DIPEA""]",[],62,"[{""product_label"": ""51"", ""percent"": 62, ""from_label"": ""allyl-alcohol"", ""scope"": ""Reported preparation yield; mixture components are not assigned individual yields.""}]",Source-reported preparation; reaction SMILES excludes workup species and is not atom-balanced.,False,False,1,pending_independent_chemist_review,
C05.1,C05,1,source_drawing_transcription,"[""50""]","[""50-aldehyde""]",COC(=O)[C@@H]1C[C@@H](O[Si](C)(C)C(C)(C)C)[C@H](O[Si](C)(C)C(C)(C)C)[C@@H](CO)O1>>COC(=O)[C@@H]1C[C@@H](O[Si](C)(C)C(C)(C)C)[C@H](O[Si](C)(C)C(C)(C)C)[C@@H](C=O)O1,"[{""source_id"": ""article"", ""sha256"": ""996ca2bc188470bf83989378b3982513067a40fc72d37e0a1714fdf7ceb4c208"", ""pages"": [7], ""locator"": ""Main experimental section / scheme: C05""}, {""source_id"": ""si"", ""sha256"": ""25570e998f1ba92c276e8301a0e62bfa9f16c2d69beeae66086b2047866ff65a"", ""pages"": [48], ""locator"": ""Compound drawing and associated NMR spectrum: C05""}]","[""DMP"", ""NaHCO3""]","[""DCM""]",,[],Source-reported preparation; reaction SMILES excludes workup species and is not atom-balanced.,False,False,1,pending_independent_chemist_review,
C06.1,C06,1,source_drawing_transcription,"[""50-aldehyde"", ""51""]","[""52""]",C=CCOCOC.COC(=O)[C@@H]1C[C@@H](O[Si](C)(C)C(C)(C)C)[C@H](O[Si](C)(C)C(C)(C)C)[C@@H](C=O)O1>>C=C[C@H](OCOC)[C@@H](O)[C@H]1O[C@H](C(=O)OC)C[C@@H](O[Si](C)(C)C(C)(C)C)[C@@H]1O[Si](C)(C)C(C)(C)C,"[{""source_id"": ""article"", ""sha256"": ""996ca2bc188470bf83989378b3982513067a40fc72d37e0a1714fdf7ceb4c208"", ""pages"": [7], ""locator"": ""Main experimental section / scheme: C06""}, {""source_id"": ""si"", ""sha256"": ""25570e998f1ba92c276e8301a0e62bfa9f16c2d69beeae66086b2047866ff65a"", ""pages"": [48, 49], ""locator"": ""Compound drawing and associated NMR spectrum: C06""}]","[""sec-BuLi"", ""(-)-Ipc2BOMe"", ""BF3·OEt2"", ""H2O2"", ""NaHCO3""]","[""THF""]",,[],Source-reported preparation; reaction SMILES excludes workup species and is not atom-balanced.,False,False,1,pending_independent_chemist_review,
C07.1,C07,1,source_drawing_transcription,"[""50-aldehyde"", ""51""]","[""52""]",C=CCOCOC.COC(=O)[C@@H]1C[C@@H](O[Si](C)(C)C(C)(C)C)[C@H](O[Si](C)(C)C(C)(C)C)[C@@H](C=O)O1>>C=C[C@H](OCOC)[C@@H](O)[C@H]1O[C@H](C(=O)OC)C[C@@H](O[Si](C)(C)C(C)(C)C)[C@@H]1O[Si](C)(C)C(C)(C)C,"[{""source_id"": ""article"", ""sha256"": ""996ca2bc188470bf83989378b3982513067a40fc72d37e0a1714fdf7ceb4c208"", ""pages"": [7], ""locator"": ""Main experimental section / scheme: C07""}, {""source_id"": ""si"", ""sha256"": ""25570e998f1ba92c276e8301a0e62bfa9f16c2d69beeae66086b2047866ff65a"", ""pages"": [49], ""locator"": ""Compound drawing and associated NMR spectrum: C07""}]","[""sec-BuLi"", ""(+)-Ipc2BOMe"", ""BF3·OEt2"", ""H2O2"", ""NaHCO3""]","[""THF""]",,[],Source-reported preparation; reaction SMILES excludes workup species and is not atom-balanced.,False,False,1,pending_independent_chemist_review,
C08.1,C08,1,source_drawing_transcription,"[""52""]","[""S20""]",C=C[C@H](OCOC)[C@@H](O)[C@H]1O[C@H](C(=O)OC)C[C@@H](O[Si](C)(C)C(C)(C)C)[C@@H]1O[Si](C)(C)C(C)(C)C>>C=C[C@H](OCOC)[C@@H](O)[C@H]1O[C@H](C(=O)OC)C[C@@H](O)[C@@H]1O,"[{""source_id"": ""article"", ""sha256"": ""996ca2bc188470bf83989378b3982513067a40fc72d37e0a1714fdf7ceb4c208"", ""pages"": [7], ""locator"": ""Main experimental section / scheme: C08""}, {""source_id"": ""si"", ""sha256"": ""25570e998f1ba92c276e8301a0e62bfa9f16c2d69beeae66086b2047866ff65a"", ""pages"": [49, 50], ""locator"": ""Compound drawing and associated NMR spectrum: C08""}]","[""TBAF"", ""CaCO3"", ""DOWEX""]","[""THF"", ""MeOH""]",84,"[{""product_label"": ""S20"", ""percent"": 84, ""from_label"": ""52"", ""scope"": ""Reported preparation yield; mixture components are not assigned individual yields.""}]",Source-reported preparation; reaction SMILES excludes workup species and is not atom-balanced.,False,False,1,pending_independent_chemist_review,
C09.1,C09,1,source_drawing_transcription,"[""52""]","[""53""]",C=C[C@H](OCOC)[C@@H](O)[C@H]1O[C@H](C(=O)OC)C[C@@H](O[Si](C)(C)C(C)(C)C)[C@@H]1O[Si](C)(C)C(C)(C)C>>C=C[C@H](O)[C@@H](O)[C@H]1O[C@H](C(=O)OC)C[C@@H](O[Si](C)(C)C(C)(C)C)[C@@H]1O[Si](C)(C)C(C)(C)C,"[{""source_id"": ""article"", ""sha256"": ""996ca2bc188470bf83989378b3982513067a40fc72d37e0a1714fdf7ceb4c208"", ""pages"": [7], ""locator"": ""Main experimental section / scheme: C09""}, {""source_id"": ""si"", ""sha256"": ""25570e998f1ba92c276e8301a0e62bfa9f16c2d69beeae66086b2047866ff65a"", ""pages"": [50], ""locator"": ""Compound drawing and associated NMR spectrum: C09""}]","[""TMSBr""]","[""DCM""]",62,"[{""product_label"": ""53"", ""percent"": 62, ""from_label"": ""52"", ""scope"": ""Reported preparation yield; mixture components are not assigned individual yields.""}]",Source-reported preparation; reaction SMILES excludes workup species and is not atom-balanced.,False,False,1,pending_independent_chemist_review,
C10.1,C10,1,source_drawing_transcription,"[""53""]","[""54""]",C=C[C@H](O)[C@@H](O)[C@H]1O[C@H](C(=O)OC)C[C@@H](O[Si](C)(C)C(C)(C)C)[C@@H]1O[Si](C)(C)C(C)(C)C>>C=C[C@H](O[Si](C)(C)C(C)(C)C)[C@@H](O[Si](C)(C)C(C)(C)C)[C@H]1O[C@H](C(=O)OC)C[C@@H](O[Si](C)(C)C(C)(C)C)[C@@H]1O[Si](C)(C)C(C)(C)C,"[{""source_id"": ""article"", ""sha256"": ""996ca2bc188470bf83989378b3982513067a40fc72d37e0a1714fdf7ceb4c208"", ""pages"": [7], ""locator"": ""Main experimental section / scheme: C10""}, {""source_id"": ""si"", ""sha256"": ""25570e998f1ba92c276e8301a0e62bfa9f16c2d69beeae66086b2047866ff65a"", ""pages"": [52], ""locator"": ""Compound drawing and associated NMR spectrum: C10""}]","[""TBSOTf"", ""2,6-lutidine""]","[""DCM""]",100,"[{""product_label"": ""54"", ""percent"": 100, ""from_label"": ""53"", ""scope"": ""Reported preparation yield; mixture components are not assigned individual yields.""}]",Source-reported preparation; reaction SMILES excludes workup species and is not atom-balanced.,False,False,1,pending_independent_chemist_review,
C11.1,C11,1,source_drawing_transcription,"[""53""]","[""56""]",C=C[C@H](O)[C@@H](O)[C@H]1O[C@H](C(=O)OC)C[C@@H](O[Si](C)(C)C(C)(C)C)[C@@H]1O[Si](C)(C)C(C)(C)C>>C=C[C@@H]1OC(C)(C)O[C@H]1[C@H]1O[C@H](C(=O)OC)C[C@@H](O[Si](C)(C)C(C)(C)C)[C@@H]1O[Si](C)(C)C(C)(C)C,"[{""source_id"": ""article"", ""sha256"": ""996ca2bc188470bf83989378b3982513067a40fc72d37e0a1714fdf7ceb4c208"", ""pages"": [7], ""locator"": ""Main experimental section / scheme: C11""}, {""source_id"": ""si"", ""sha256"": ""25570e998f1ba92c276e8301a0e62bfa9f16c2d69beeae66086b2047866ff65a"", ""pages"": [52], ""locator"": ""Compound drawing and associated NMR spectrum: C11""}]","[""2,2-dimethoxypropane"", ""PPTS""]",[],80,"[{""product_label"": ""56"", ""percent"": 80, ""from_label"": ""53"", ""scope"": ""Reported preparation yield; mixture components are not assigned individual yields.""}]",Source-reported preparation; reaction SMILES excludes workup species and is not atom-balanced.,False,False,1,pending_independent_chemist_review,
C12.1,C12,1,source_drawing_transcription,"[""S20""]","[""57""]",C=C[C@H](OCOC)[C@@H](O)[C@H]1O[C@H](C(=O)OC)C[C@@H](O)[C@@H]1O>>C=C[C@H](OCOC)[C@H]1O[C@@H](c2ccc(OC)cc2)O[C@@H]2[C@@H]1O[C@H](C(=O)OC)C[C@H]2O,"[{""source_id"": ""article"", ""sha256"": ""996ca2bc188470bf83989378b3982513067a40fc72d37e0a1714fdf7ceb4c208"", ""pages"": [7], ""locator"": ""Main experimental section / scheme: C12""}, {""source_id"": ""si"", ""sha256"": ""25570e998f1ba92c276e8301a0e62bfa9f16c2d69beeae66086b2047866ff65a"", ""pages"": [53], ""locator"": ""Compound drawing and associated NMR spectrum: C12""}]","[""p-anisaldehyde dimethyl acetal"", ""PTSA""]","[""DMF""]",100,"[{""product_label"": ""57"", ""percent"": 100, ""from_label"": ""S20"", ""scope"": ""dr25:1 major acetal representation.""}]",Source-reported preparation; reaction SMILES excludes workup species and is not atom-balanced.,False,False,1,pending_independent_chemist_review,
C13.1,C13,1,source_drawing_transcription,"[""54""]","[""58""]",C=C[C@H](O[Si](C)(C)C(C)(C)C)[C@@H](O[Si](C)(C)C(C)(C)C)[C@H]1O[C@H](C(=O)OC)C[C@@H](O[Si](C)(C)C(C)(C)C)[C@@H]1O[Si](C)(C)C(C)(C)C>>C=C[C@H](O[Si](C)(C)C(C)(C)C)[C@@H](O[Si](C)(C)C(C)(C)C)[C@H]1O[C@H](C=O)C[C@@H](O[Si](C)(C)C(C)(C)C)[C@@H]1O[Si](C)(C)C(C)(C)C,"[{""source_id"": ""article"", ""sha256"": ""996ca2bc188470bf83989378b3982513067a40fc72d37e0a1714fdf7ceb4c208"", ""pages"": [8], ""locator"": ""Main experimental section / scheme: C13""}, {""source_id"": ""si"", ""sha256"": ""25570e998f1ba92c276e8301a0e62bfa9f16c2d69beeae66086b2047866ff65a"", ""pages"": [53], ""locator"": ""Compound drawing and associated NMR spectrum: C13""}]","[""DIBAL-H""]","[""DCM""]",,[],Source-reported preparation; reaction SMILES excludes workup species and is not atom-balanced.,False,False,1,pending_independent_chemist_review,
C14.1,C14,1,source_drawing_transcription,"[""47""]","[""59""]",COC(=O)CC[C@@H]1O[C@@H](CCCC[C@@H]2O[C@@H](CN(N=O)C(C)=O)C[C@H]2O[Si](C)(C)C(C)(C)C)C[C@H]1O[Si](C)(C)C(C)(C)C>>COC(=O)CC[C@@H]1O[C@@H](CCCC[C@@H]2O[C@@H](C=[N+]=[N-])C[C@H]2O[Si](C)(C)C(C)(C)C)C[C@H]1O[Si](C)(C)C(C)(C)C,"[{""source_id"": ""article"", ""sha256"": ""996ca2bc188470bf83989378b3982513067a40fc72d37e0a1714fdf7ceb4c208"", ""pages"": [8], ""locator"": ""Main experimental section / scheme: C14""}, {""source_id"": ""si"", ""sha256"": ""25570e998f1ba92c276e8301a0e62bfa9f16c2d69beeae66086b2047866ff65a"", ""pages"": [54], ""locator"": ""Compound drawing and associated NMR spectrum: C14""}]","[""KOH""]","[""toluene"", ""MeOH"", ""water""]",,[],Source-reported preparation; reaction SMILES excludes workup species and is not atom-balanced.,False,False,1,pending_independent_chemist_review,
C15.1,C15,1,source_drawing_transcription,"[""59"", ""58""]","[""60""]",C=C[C@H](O[Si](C)(C)C(C)(C)C)[C@@H](O[Si](C)(C)C(C)(C)C)[C@H]1O[C@H](C=O)C[C@@H](O[Si](C)(C)C(C)(C)C)[C@@H]1O[Si](C)(C)C(C)(C)C.COC(=O)CC[C@@H]1O[C@@H](CCCC[C@@H]2O[C@@H](C=[N+]=[N-])C[C@H]2O[Si](C)(C)C(C)(C)C)C[C@H]1O[Si](C)(C)C(C)(C)C>>C=C[C@H](O[Si](C)(C)C(C)(C)C)[C@@H](O[Si](C)(C)C(C)(C)C)[C@H]1O[C@H](C(=O)C[C@H]2C[C@@H](O[Si](C)(C)C(C)(C)C)[C@H](CCCC[C@H]3C[C@@H](O[Si](C)(C)C(C)(C)C)[C@H](CCC(=O)OC)O3)O2)C[C@@H](O[Si](C)(C)C(C)(C)C)[C@@H]1O[Si](C)(C)C(C)(C)C,"[{""source_id"": ""article"", ""sha256"": ""996ca2bc188470bf83989378b3982513067a40fc72d37e0a1714fdf7ceb4c208"", ""pages"": [8], ""locator"": ""Main experimental section / scheme: C15""}, {""source_id"": ""si"", ""sha256"": ""25570e998f1ba92c276e8301a0e62bfa9f16c2d69beeae66086b2047866ff65a"", ""pages"": [54], ""locator"": ""Compound drawing and associated NMR spectrum: C15""}]","[""MgSO4""]","[""toluene""]",,[],Source-reported preparation; reaction SMILES excludes workup species and is not atom-balanced.,False,False,1,pending_independent_chemist_review,
C16.1,C16,1,source_drawing_transcription,"[""60""]","[""34S-61"", ""34R-61""]",C=C[C@H](O[Si](C)(C)C(C)(C)C)[C@@H](O[Si](C)(C)C(C)(C)C)[C@H]1O[C@H](C(=O)C[C@H]2C[C@@H](O[Si](C)(C)C(C)(C)C)[C@H](CCCC[C@H]3C[C@@H](O[Si](C)(C)C(C)(C)C)[C@H](CCC(=O)OC)O3)O2)C[C@@H](O[Si](C)(C)C(C)(C)C)[C@@H]1O[Si](C)(C)C(C)(C)C>>C=C[C@H](O[Si](C)(C)C(C)(C)C)[C@@H](O[Si](C)(C)C(C)(C)C)[C@H]1O[C@H]([C@@H](O)C[C@H]2C[C@@H](O[Si](C)(C)C(C)(C)C)[C@H](CCCC[C@H]3C[C@@H](O[Si](C)(C)C(C)(C)C)[C@H](CCC(=O)OC)O3)O2)C[C@@H](O[Si](C)(C)C(C)(C)C)[C@@H]1O[Si](C)(C)C(C)(C)C.C=C[C@H](O[Si](C)(C)C(C)(C)C)[C@@H](O[Si](C)(C)C(C)(C)C)[C@H]1O[C@H]([C@H](O)C[C@H]2C[C@@H](O[Si](C)(C)C(C)(C)C)[C@H](CCCC[C@H]3C[C@@H](O[Si](C)(C)C(C)(C)C)[C@H](CCC(=O)OC)O3)O2)C[C@@H](O[Si](C)(C)C(C)(C)C)[C@@H]1O[Si](C)(C)C(C)(C)C,"[{""source_id"": ""article"", ""sha256"": ""996ca2bc188470bf83989378b3982513067a40fc72d37e0a1714fdf7ceb4c208"", ""pages"": [8], ""locator"": ""Main experimental section / scheme: C16""}, {""source_id"": ""si"", ""sha256"": ""25570e998f1ba92c276e8301a0e62bfa9f16c2d69beeae66086b2047866ff65a"", ""pages"": [54, 55], ""locator"": ""Compound drawing and associated NMR spectrum: C16""}]","[""L-Selectride""]","[""THF""]",,"[{""product_label"": ""34S-61"", ""percent"": 65, ""from_label"": ""60"", ""scope"": ""Reported preparation yield; mixture components are not assigned individual yields.""}, {""product_label"": ""34R-61"", ""percent"": 23, ""from_label"": ""60"", ""scope"": ""Reported preparation yield; mixture components are not assigned individual yields.""}]",Source-reported preparation; reaction SMILES excludes workup species and is not atom-balanced.,False,False,1,pending_independent_chemist_review,
C17.1,C17,1,source_drawing_transcription,"[""34S-61""]","[""34S-62""]",C=C[C@H](O[Si](C)(C)C(C)(C)C)[C@@H](O[Si](C)(C)C(C)(C)C)[C@H]1O[C@H]([C@@H](O)C[C@H]2C[C@@H](O[Si](C)(C)C(C)(C)C)[C@H](CCCC[C@H]3C[C@@H](O[Si](C)(C)C(C)(C)C)[C@H](CCC(=O)OC)O3)O2)C[C@@H](O[Si](C)(C)C(C)(C)C)[C@@H]1O[Si](C)(C)C(C)(C)C>>C=C[C@H](O)[C@@H](O)[C@H]1O[C@H]([C@@H](O)C[C@H]2C[C@@H](O)[C@H](CCCC[C@H]3C[C@@H](O)[C@H](CCCO)O3)O2)C[C@@H](O)[C@@H]1O,"[{""source_id"": ""article"", ""sha256"": ""996ca2bc188470bf83989378b3982513067a40fc72d37e0a1714fdf7ceb4c208"", ""pages"": [8], ""locator"": ""Main experimental section / scheme: C17""}, {""source_id"": ""si"", ""sha256"": ""25570e998f1ba92c276e8301a0e62bfa9f16c2d69beeae66086b2047866ff65a"", ""pages"": [59, 60], ""locator"": ""Compound drawing and associated NMR spectrum: C17""}]","[""DIBAL-H"", ""TBAF"", ""CaCO3"", ""DOWEX""]","[""DCM"", ""THF"", ""MeOH""]",77,"[{""product_label"": ""34S-62"", ""percent"": 77, ""from_label"": ""34S-61"", ""scope"": ""Reported preparation yield; mixture components are not assigned individual yields.""}]",Source-reported preparation; reaction SMILES excludes workup species and is not atom-balanced.,False,False,2,pending_independent_chemist_review,"[{""reagents"": [""DIBAL-H""]}, {""reagents"": [""TBAF"", ""DOWEX"", ""CaCO3""]}]"
C18.1,C18,1,source_drawing_transcription,"[""34R-61""]","[""34R-62""]",C=C[C@H](O[Si](C)(C)C(C)(C)C)[C@@H](O[Si](C)(C)C(C)(C)C)[C@H]1O[C@H]([C@H](O)C[C@H]2C[C@@H](O[Si](C)(C)C(C)(C)C)[C@H](CCCC[C@H]3C[C@@H](O[Si](C)(C)C(C)(C)C)[C@H](CCC(=O)OC)O3)O2)C[C@@H](O[Si](C)(C)C(C)(C)C)[C@@H]1O[Si](C)(C)C(C)(C)C>>C=C[C@H](O)[C@@H](O)[C@H]1O[C@H]([C@H](O)C[C@H]2C[C@@H](O)[C@H](CCCC[C@H]3C[C@@H](O)[C@H](CCCO)O3)O2)C[C@@H](O)[C@@H]1O,"[{""source_id"": ""article"", ""sha256"": ""996ca2bc188470bf83989378b3982513067a40fc72d37e0a1714fdf7ceb4c208"", ""pages"": [8], ""locator"": ""Main experimental section / scheme: C18""}, {""source_id"": ""si"", ""sha256"": ""25570e998f1ba92c276e8301a0e62bfa9f16c2d69beeae66086b2047866ff65a"", ""pages"": [63], ""locator"": ""Compound drawing and associated NMR spectrum: C18""}]","[""DIBAL-H"", ""TBAF"", ""CaCO3"", ""DOWEX""]","[""DCM"", ""THF"", ""MeOH""]",93,"[{""product_label"": ""34R-62"", ""percent"": 93, ""from_label"": ""34R-61"", ""scope"": ""Reported preparation yield; mixture components are not assigned individual yields.""}]",Source-reported preparation; reaction SMILES excludes workup species and is not atom-balanced.,False,False,2,pending_independent_chemist_review,"[{""reagents"": [""DIBAL-H""]}, {""reagents"": [""TBAF"", ""DOWEX"", ""CaCO3""]}]"
C19.1,C19,1,source_drawing_transcription,"[""52""]","[""63""]",C=C[C@H](OCOC)[C@@H](O)[C@H]1O[C@H](C(=O)OC)C[C@@H](O[Si](C)(C)C(C)(C)C)[C@@H]1O[Si](C)(C)C(C)(C)C>>C=C[C@H](OCOC)C(=O)[C@H]1O[C@H](C(=O)OC)C[C@@H](O[Si](C)(C)C(C)(C)C)[C@@H]1O[Si](C)(C)C(C)(C)C,"[{""source_id"": ""article"", ""sha256"": ""996ca2bc188470bf83989378b3982513067a40fc72d37e0a1714fdf7ceb4c208"", ""pages"": [9], ""locator"": ""Main experimental section / scheme: C19""}, {""source_id"": ""si"", ""sha256"": ""25570e998f1ba92c276e8301a0e62bfa9f16c2d69beeae66086b2047866ff65a"", ""pages"": [66], ""locator"": ""Compound drawing and associated NMR spectrum: C19""}]","[""DMP"", ""NaHCO3""]","[""DCM""]",86,"[{""product_label"": ""63"", ""percent"": 86, ""from_label"": ""52"", ""scope"": ""Reported preparation yield; mixture components are not assigned individual yields.""}]",Source-reported preparation; reaction SMILES excludes workup species and is not atom-balanced.,False,False,1,pending_independent_chemist_review,
C20.1,C20,1,source_drawing_transcription,"[""63""]","[""52"", ""64""]",C=C[C@H](OCOC)C(=O)[C@H]1O[C@H](C(=O)OC)C[C@@H](O[Si](C)(C)C(C)(C)C)[C@@H]1O[Si](C)(C)C(C)(C)C>>C=C[C@H](OCOC)[C@@H](O)[C@H]1O[C@H](C(=O)OC)C[C@@H](O[Si](C)(C)C(C)(C)C)[C@@H]1O[Si](C)(C)C(C)(C)C.C=C[C@H](OCOC)[C@H](O)[C@H]1O[C@H](C(=O)OC)C[C@@H](O[Si](C)(C)C(C)(C)C)[C@@H]1O[Si](C)(C)C(C)(C)C,"[{""source_id"": ""article"", ""sha256"": ""996ca2bc188470bf83989378b3982513067a40fc72d37e0a1714fdf7ceb4c208"", ""pages"": [9], ""locator"": ""Main experimental section / scheme: C20""}, {""source_id"": ""si"", ""sha256"": ""25570e998f1ba92c276e8301a0e62bfa9f16c2d69beeae66086b2047866ff65a"", ""pages"": [66], ""locator"": ""Compound drawing and associated NMR spectrum: C20""}]","[""NaBH4""]","[""EtOH""]",,"[{""product_label"": ""52"", ""percent"": 48, ""from_label"": ""63"", ""scope"": ""Reported preparation yield; mixture components are not assigned individual yields.""}, {""product_label"": ""64"", ""percent"": 19, ""from_label"": ""63"", ""scope"": ""Reported preparation yield; mixture components are not assigned individual yields.""}]",Source-reported preparation; reaction SMILES excludes workup species and is not atom-balanced.,False,False,1,pending_independent_chemist_review,
C21.1,C21,1,source_drawing_transcription,"[""50-aldehyde"", ""51""]","[""64""]",C=CCOCOC.COC(=O)[C@@H]1C[C@@H](O[Si](C)(C)C(C)(C)C)[C@H](O[Si](C)(C)C(C)(C)C)[C@@H](C=O)O1>>C=C[C@H](OCOC)[C@H](O)[C@H]1O[C@H](C(=O)OC)C[C@@H](O[Si](C)(C)C(C)(C)C)[C@@H]1O[Si](C)(C)C(C)(C)C,"[{""source_id"": ""article"", ""sha256"": ""996ca2bc188470bf83989378b3982513067a40fc72d37e0a1714fdf7ceb4c208"", ""pages"": [10], ""locator"": ""Main experimental section / scheme: C21""}, {""source_id"": ""si"", ""sha256"": ""25570e998f1ba92c276e8301a0e62bfa9f16c2d69beeae66086b2047866ff65a"", ""pages"": [66, 67], ""locator"": ""Compound drawing and associated NMR spectrum: C21""}]","[""sec-BuLi"", ""ZnCl2""]","[""THF""]",,[],Source-reported preparation; reaction SMILES excludes workup species and is not atom-balanced.,False,False,1,pending_independent_chemist_review,
C22.1,C22,1,source_drawing_transcription,"[""64""]","[""S21""]",C=C[C@H](OCOC)[C@H](O)[C@H]1O[C@H](C(=O)OC)C[C@@H](O[Si](C)(C)C(C)(C)C)[C@@H]1O[Si](C)(C)C(C)(C)C>>C=C[C@H](O)[C@H](O)[C@H]1O[C@H](C(=O)OC)C[C@@H](O[Si](C)(C)C(C)(C)C)[C@@H]1O[Si](C)(C)C(C)(C)C,"[{""source_id"": ""article"", ""sha256"": ""996ca2bc188470bf83989378b3982513067a40fc72d37e0a1714fdf7ceb4c208"", ""pages"": [10], ""locator"": ""Main experimental section / scheme: C22""}, {""source_id"": ""si"", ""sha256"": ""25570e998f1ba92c276e8301a0e62bfa9f16c2d69beeae66086b2047866ff65a"", ""pages"": [67], ""locator"": ""Compound drawing and associated NMR spectrum: C22""}]","[""TMSBr""]","[""DCM""]",81,"[{""product_label"": ""S21"", ""percent"": 81, ""from_label"": ""64"", ""scope"": ""Reported preparation yield; mixture components are not assigned individual yields.""}]",Source-reported preparation; reaction SMILES excludes workup species and is not atom-balanced.,False,False,1,pending_independent_chemist_review,
C23.1,C23,1,source_drawing_transcription,"[""S21""]","[""S22""]",C=C[C@H](O)[C@H](O)[C@H]1O[C@H](C(=O)OC)C[C@@H](O[Si](C)(C)C(C)(C)C)[C@@H]1O[Si](C)(C)C(C)(C)C>>C=C[C@H](O[Si](C)(C)C(C)(C)C)[C@H](O[Si](C)(C)C(C)(C)C)[C@H]1O[C@H](C(=O)OC)C[C@@H](O[Si](C)(C)C(C)(C)C)[C@@H]1O[Si](C)(C)C(C)(C)C,"[{""source_id"": ""article"", ""sha256"": ""996ca2bc188470bf83989378b3982513067a40fc72d37e0a1714fdf7ceb4c208"", ""pages"": [10], ""locator"": ""Main experimental section / scheme: C23""}, {""source_id"": ""si"", ""sha256"": ""25570e998f1ba92c276e8301a0e62bfa9f16c2d69beeae66086b2047866ff65a"", ""pages"": [72], ""locator"": ""Compound drawing and associated NMR spectrum: C23""}]","[""TBSOTf"", ""2,6-lutidine""]","[""DCM""]",97,"[{""product_label"": ""S22"", ""percent"": 97, ""from_label"": ""S21"", ""scope"": ""Reported preparation yield; mixture components are not assigned individual yields.""}]",Source-reported preparation; reaction SMILES excludes workup species and is not atom-balanced.,False,False,1,pending_independent_chemist_review,
C24.1,C24,1,source_drawing_transcription,"[""S22""]","[""67""]",C=C[C@H](O[Si](C)(C)C(C)(C)C)[C@H](O[Si](C)(C)C(C)(C)C)[C@H]1O[C@H](C(=O)OC)C[C@@H](O[Si](C)(C)C(C)(C)C)[C@@H]1O[Si](C)(C)C(C)(C)C>>C=C[C@H](O[Si](C)(C)C(C)(C)C)[C@H](O[Si](C)(C)C(C)(C)C)[C@H]1O[C@H](C=O)C[C@@H](O[Si](C)(C)C(C)(C)C)[C@@H]1O[Si](C)(C)C(C)(C)C,"[{""source_id"": ""article"", ""sha256"": ""996ca2bc188470bf83989378b3982513067a40fc72d37e0a1714fdf7ceb4c208"", ""pages"": [10], ""locator"": ""Main experimental section / scheme: C24""}, {""source_id"": ""si"", ""sha256"": ""25570e998f1ba92c276e8301a0e62bfa9f16c2d69beeae66086b2047866ff65a"", ""pages"": [72], ""locator"": ""Compound drawing and associated NMR spectrum: C24""}]","[""DIBAL-H""]","[""DCM""]",,[],Source-reported preparation; reaction SMILES excludes workup species and is not atom-balanced.,False,False,1,pending_independent_chemist_review,
C25.1,C25,1,source_drawing_transcription,"[""59"", ""67""]","[""68""]",C=C[C@H](O[Si](C)(C)C(C)(C)C)[C@H](O[Si](C)(C)C(C)(C)C)[C@H]1O[C@H](C=O)C[C@@H](O[Si](C)(C)C(C)(C)C)[C@@H]1O[Si](C)(C)C(C)(C)C.COC(=O)CC[C@@H]1O[C@@H](CCCC[C@@H]2O[C@@H](C=[N+]=[N-])C[C@H]2O[Si](C)(C)C(C)(C)C)C[C@H]1O[Si](C)(C)C(C)(C)C>>C=C[C@H](O[Si](C)(C)C(C)(C)C)[C@H](O[Si](C)(C)C(C)(C)C)[C@H]1O[C@H](C(=O)C[C@H]2C[C@@H](O[Si](C)(C)C(C)(C)C)[C@H](CCCC[C@H]3C[C@@H](O[Si](C)(C)C(C)(C)C)[C@H](CCC(=O)OC)O3)O2)C[C@@H](O[Si](C)(C)C(C)(C)C)[C@@H]1O[Si](C)(C)C(C)(C)C,"[{""source_id"": ""article"", ""sha256"": ""996ca2bc188470bf83989378b3982513067a40fc72d37e0a1714fdf7ceb4c208"", ""pages"": [10], ""locator"": ""Main experimental section / scheme: C25""}, {""source_id"": ""si"", ""sha256"": ""25570e998f1ba92c276e8301a0e62bfa9f16c2d69beeae66086b2047866ff65a"", ""pages"": [72, 73], ""locator"": ""Compound drawing and associated NMR spectrum: C25""}]","[""MgSO4""]","[""toluene""]",,[],Source-reported preparation; reaction SMILES excludes workup species and is not atom-balanced.,False,False,1,pending_independent_chemist_review,
C26.1,C26,1,source_drawing_transcription,"[""68""]","[""69""]",C=C[C@H](O[Si](C)(C)C(C)(C)C)[C@H](O[Si](C)(C)C(C)(C)C)[C@H]1O[C@H](C(=O)C[C@H]2C[C@@H](O[Si](C)(C)C(C)(C)C)[C@H](CCCC[C@H]3C[C@@H](O[Si](C)(C)C(C)(C)C)[C@H](CCC(=O)OC)O3)O2)C[C@@H](O[Si](C)(C)C(C)(C)C)[C@@H]1O[Si](C)(C)C(C)(C)C>>C=C[C@H](O[Si](C)(C)C(C)(C)C)[C@H](O[Si](C)(C)C(C)(C)C)[C@H]1O[C@H]([C@@H](O)C[C@H]2C[C@@H](O[Si](C)(C)C(C)(C)C)[C@H](CCCC[C@H]3C[C@@H](O[Si](C)(C)C(C)(C)C)[C@H](CCC(=O)OC)O3)O2)C[C@@H](O[Si](C)(C)C(C)(C)C)[C@@H]1O[Si](C)(C)C(C)(C)C,"[{""source_id"": ""article"", ""sha256"": ""996ca2bc188470bf83989378b3982513067a40fc72d37e0a1714fdf7ceb4c208"", ""pages"": [10], ""locator"": ""Main experimental section / scheme: C26""}, {""source_id"": ""si"", ""sha256"": ""25570e998f1ba92c276e8301a0e62bfa9f16c2d69beeae66086b2047866ff65a"", ""pages"": [73], ""locator"": ""Compound drawing and associated NMR spectrum: C26""}]","[""L-Selectride""]","[""THF""]",77,"[{""product_label"": ""69"", ""percent"": 77, ""from_label"": ""68"", ""scope"": ""Major isolateddiastereomer;crudedr10.4:1; minor not explicitly drawn/isolated.""}]",Source-reported preparation; reaction SMILES excludes workup species and is not atom-balanced.,False,False,1,pending_independent_chemist_review,
C27.1,C27,1,source_drawing_transcription,"[""69""]","[""70""]",C=C[C@H](O[Si](C)(C)C(C)(C)C)[C@H](O[Si](C)(C)C(C)(C)C)[C@H]1O[C@H]([C@@H](O)C[C@H]2C[C@@H](O[Si](C)(C)C(C)(C)C)[C@H](CCCC[C@H]3C[C@@H](O[Si](C)(C)C(C)(C)C)[C@H](CCC(=O)OC)O3)O2)C[C@@H](O[Si](C)(C)C(C)(C)C)[C@@H]1O[Si](C)(C)C(C)(C)C>>C=C[C@H](O)[C@H](O)[C@H]1O[C@H]([C@@H](O)C[C@H]2C[C@@H](O)[C@H](CCCC[C@H]3C[C@@H](O)[C@H](CCCO)O3)O2)C[C@@H](O)[C@@H]1O,"[{""source_id"": ""article"", ""sha256"": ""996ca2bc188470bf83989378b3982513067a40fc72d37e0a1714fdf7ceb4c208"", ""pages"": [10], ""locator"": ""Main experimental section / scheme: C27""}, {""source_id"": ""si"", ""sha256"": ""25570e998f1ba92c276e8301a0e62bfa9f16c2d69beeae66086b2047866ff65a"", ""pages"": [73, 74], ""locator"": ""Compound drawing and associated NMR spectrum: C27""}]","[""DIBAL-H"", ""TBAF"", ""CaCO3"", ""DOWEX""]","[""DCM"", ""THF"", ""MeOH""]",100,"[{""product_label"": ""70"", ""percent"": 100, ""from_label"": ""69"", ""scope"": ""Reported preparation yield; mixture components are not assigned individual yields.""}]",Source-reported preparation; reaction SMILES excludes workup species and is not atom-balanced.,False,False,2,pending_independent_chemist_review,"[{""reagents"": [""DIBAL-H""]}, {""reagents"": [""TBAF"", ""DOWEX"", ""CaCO3""]}]"
C28.1,C28,1,source_drawing_transcription,"[""53""]","[""65""]",C=C[C@H](O)[C@@H](O)[C@H]1O[C@H](C(=O)OC)C[C@@H](O[Si](C)(C)C(C)(C)C)[C@@H]1O[Si](C)(C)C(C)(C)C>>C=C[C@H](O)[C@@H](O)[C@H]1O[C@H](CO)C[C@@H](O)[C@@H]1O,"[{""source_id"": ""article"", ""sha256"": ""996ca2bc188470bf83989378b3982513067a40fc72d37e0a1714fdf7ceb4c208"", ""pages"": [9], ""locator"": ""Main experimental section / scheme: C28""}, {""source_id"": ""si"", ""sha256"": ""25570e998f1ba92c276e8301a0e62bfa9f16c2d69beeae66086b2047866ff65a"", ""pages"": [67, 68], ""locator"": ""Compound drawing and associated NMR spectrum: C28""}]","[""DIBAL-H"", ""TBAF"", ""CaCO3"", ""DOWEX""]","[""DCM"", ""THF"", ""MeOH""]",66,"[{""product_label"": ""65"", ""percent"": 66, ""from_label"": ""53"", ""scope"": ""AfterMOMcleavage as main Scheme13; SI startinglabel52 conflicts withmass andproduct.""}]",Source-reported preparation; reaction SMILES excludes workup species and is not atom-balanced.,False,False,2,pending_independent_chemist_review,"[{""reagents"": [""DIBAL-H""]}, {""reagents"": [""TBAF"", ""DOWEX"", ""CaCO3""]}]"
C29.1,C29,1,source_drawing_transcription,"[""S21""]","[""66""]",C=C[C@H](O)[C@H](O)[C@H]1O[C@H](C(=O)OC)C[C@@H](O[Si](C)(C)C(C)(C)C)[C@@H]1O[Si](C)(C)C(C)(C)C>>C=C[C@H](O)[C@H](O)[C@H]1O[C@H](CO)C[C@@H](O)[C@@H]1O,"[{""source_id"": ""article"", ""sha256"": ""996ca2bc188470bf83989378b3982513067a40fc72d37e0a1714fdf7ceb4c208"", ""pages"": [9], ""locator"": ""Main experimental section / scheme: C29""}, {""source_id"": ""si"", ""sha256"": ""25570e998f1ba92c276e8301a0e62bfa9f16c2d69beeae66086b2047866ff65a"", ""pages"": [69], ""locator"": ""Compound drawing and associated NMR spectrum: C29""}]","[""DIBAL-H"", ""TBAF"", ""CaCO3"", ""DOWEX""]","[""DCM"", ""THF"", ""MeOH""]",81,"[{""product_label"": ""66"", ""percent"": 81, ""from_label"": ""S21"", ""scope"": ""Main Scheme13 precleavage step reported94%invalidationseries; SI69 says64; preserve conflict.""}]",Source-reported preparation; reaction SMILES excludes workup species and is not atom-balanced.,False,False,2,pending_independent_chemist_review,"[{""reagents"": [""DIBAL-H""]}, {""reagents"": [""TBAF"", ""DOWEX"", ""CaCO3""]}]"
M-24-RR.1,M-24-RR,1,source_drawing_transcription,"[""24""]","[""24-MTPA-RR""]",C=C1C[C@@H](CCOCc2ccc(OC)cc2)O[C@]2(C1)C[C@@H](OC(=O)c1ccccc1)[C@H](OC(=O)c1ccccc1)[C@@H](C[C@H](O)CO)O2>>C=C1C[C@@H](CCOCc2ccc(OC)cc2)O[C@]2(C1)C[C@@H](OC(=O)c1ccccc1)[C@H](OC(=O)c1ccccc1)[C@@H](C[C@@H](COC(=O)[C@](OC)(c1ccccc1)C(F)(F)F)OC(=O)[C@](OC)(c1ccccc1)C(F)(F)F)O2,"[{""source_id"": ""article"", ""sha256"": ""996ca2bc188470bf83989378b3982513067a40fc72d37e0a1714fdf7ceb4c208"", ""pages"": [6], ""locator"": ""Main experimental section / scheme: M-24-RR""}, {""source_id"": ""si"", ""sha256"": ""25570e998f1ba92c276e8301a0e62bfa9f16c2d69beeae66086b2047866ff65a"", ""pages"": [24, 25], ""locator"": ""Compound drawing and associated NMR spectrum: M-24-RR""}]","[""(S)-MTPA-Cl"", ""pyridine""]","[""DCM""]",87,"[{""product_label"": ""24-MTPA-RR"", ""percent"": 87, ""from_label"": ""24"", ""scope"": ""Reported preparation yield; mixture components are not assigned individual yields.""}]",Source-reported preparation; reaction SMILES excludes workup species and is not atom-balanced.,False,False,1,pending_independent_chemist_review,
M-24-SS.1,M-24-SS,1,source_drawing_transcription,"[""24""]","[""24-MTPA-SS""]",C=C1C[C@@H](CCOCc2ccc(OC)cc2)O[C@]2(C1)C[C@@H](OC(=O)c1ccccc1)[C@H](OC(=O)c1ccccc1)[C@@H](C[C@H](O)CO)O2>>C=C1C[C@@H](CCOCc2ccc(OC)cc2)O[C@]2(C1)C[C@@H](OC(=O)c1ccccc1)[C@H](OC(=O)c1ccccc1)[C@@H](C[C@@H](COC(=O)[C@@](OC)(c1ccccc1)C(F)(F)F)OC(=O)[C@@](OC)(c1ccccc1)C(F)(F)F)O2,"[{""source_id"": ""article"", ""sha256"": ""996ca2bc188470bf83989378b3982513067a40fc72d37e0a1714fdf7ceb4c208"", ""pages"": [6], ""locator"": ""Main experimental section / scheme: M-24-SS""}, {""source_id"": ""si"", ""sha256"": ""25570e998f1ba92c276e8301a0e62bfa9f16c2d69beeae66086b2047866ff65a"", ""pages"": [24, 25], ""locator"": ""Compound drawing and associated NMR spectrum: M-24-SS""}]","[""(R)-MTPA-Cl"", ""pyridine""]","[""DCM""]",94,"[{""product_label"": ""24-MTPA-SS"", ""percent"": 94, ""from_label"": ""24"", ""scope"": ""Reported preparation yield; mixture components are not assigned individual yields.""}]",Source-reported preparation; reaction SMILES excludes workup species and is not atom-balanced.,False,False,1,pending_independent_chemist_review,
M-28-R.1,M-28-R,1,source_drawing_transcription,"[""28""]","[""28-MTPA-R""]",C=C1C[C@@H](C[C@@H](O)C/C=[CH]/[Sn]([CH2]CCC)([CH2]CCC)[CH2]CCC)O[C@]2(C1)C[C@@H](OC(=O)c1ccccc1)[C@H](OC(=O)c1ccccc1)[C@@H](C[C@@H](CO[Si](C)(C)C(C)(C)C)O[Si](C)(C)C(C)(C)C)O2>>C=C1C[C@@H](C[C@H](C/C=[CH]/[Sn]([CH2]CCC)([CH2]CCC)[CH2]CCC)OC(=O)[C@](OC)(c2ccccc2)C(F)(F)F)O[C@]2(C1)C[C@@H](OC(=O)c1ccccc1)[C@H](OC(=O)c1ccccc1)[C@@H](C[C@@H](CO[Si](C)(C)C(C)(C)C)O[Si](C)(C)C(C)(C)C)O2,"[{""source_id"": ""article"", ""sha256"": ""996ca2bc188470bf83989378b3982513067a40fc72d37e0a1714fdf7ceb4c208"", ""pages"": [6], ""locator"": ""Main experimental section / scheme: M-28-R""}, {""source_id"": ""si"", ""sha256"": ""25570e998f1ba92c276e8301a0e62bfa9f16c2d69beeae66086b2047866ff65a"", ""pages"": [29, 30], ""locator"": ""Compound drawing and associated NMR spectrum: M-28-R""}]","[""(S)-MTPA-Cl"", ""pyridine""]","[""DCM""]",40,"[{""product_label"": ""28-MTPA-R"", ""percent"": 40, ""from_label"": ""28"", ""scope"": ""Reported preparation yield; mixture components are not assigned individual yields.""}]",Source-reported preparation; reaction SMILES excludes workup species and is not atom-balanced.,False,False,1,pending_independent_chemist_review,
M-28-S.1,M-28-S,1,source_drawing_transcription,"[""28""]","[""28-MTPA-S""]",C=C1C[C@@H](C[C@@H](O)C/C=[CH]/[Sn]([CH2]CCC)([CH2]CCC)[CH2]CCC)O[C@]2(C1)C[C@@H](OC(=O)c1ccccc1)[C@H](OC(=O)c1ccccc1)[C@@H](C[C@@H](CO[Si](C)(C)C(C)(C)C)O[Si](C)(C)C(C)(C)C)O2>>C=C1C[C@@H](C[C@H](C/C=[CH]/[Sn]([CH2]CCC)([CH2]CCC)[CH2]CCC)OC(=O)[C@@](OC)(c2ccccc2)C(F)(F)F)O[C@]2(C1)C[C@@H](OC(=O)c1ccccc1)[C@H](OC(=O)c1ccccc1)[C@@H](C[C@@H](CO[Si](C)(C)C(C)(C)C)O[Si](C)(C)C(C)(C)C)O2,"[{""source_id"": ""article"", ""sha256"": ""996ca2bc188470bf83989378b3982513067a40fc72d37e0a1714fdf7ceb4c208"", ""pages"": [6], ""locator"": ""Main experimental section / scheme: M-28-S""}, {""source_id"": ""si"", ""sha256"": ""25570e998f1ba92c276e8301a0e62bfa9f16c2d69beeae66086b2047866ff65a"", ""pages"": [29, 30], ""locator"": ""Compound drawing and associated NMR spectrum: M-28-S""}]","[""(R)-MTPA-Cl"", ""pyridine""]","[""DCM""]",40,"[{""product_label"": ""28-MTPA-S"", ""percent"": 40, ""from_label"": ""28"", ""scope"": ""Reported preparation yield; mixture components are not assigned individual yields.""}]",Source-reported preparation; reaction SMILES excludes workup species and is not atom-balanced.,False,False,1,pending_independent_chemist_review,
M-S12-R.1,M-S12-R,1,source_drawing_transcription,"[""S12""]","[""S12-MTPA-R""]",COC(=O)[C@@H]1O[C@@H](COCc2ccccc2)C[C@H]1O>>COC(=O)[C@@H]1O[C@@H](COCc2ccccc2)C[C@H]1OC(=O)[C@](OC)(c1ccccc1)C(F)(F)F,"[{""source_id"": ""article"", ""sha256"": ""996ca2bc188470bf83989378b3982513067a40fc72d37e0a1714fdf7ceb4c208"", ""pages"": [6], ""locator"": ""Main experimental section / scheme: M-S12-R""}, {""source_id"": ""si"", ""sha256"": ""25570e998f1ba92c276e8301a0e62bfa9f16c2d69beeae66086b2047866ff65a"", ""pages"": [34, 35], ""locator"": ""Compound drawing and associated NMR spectrum: M-S12-R""}]","[""(S)-MTPA-Cl"", ""pyridine""]","[""DCM""]",94,"[{""product_label"": ""S12-MTPA-R"", ""percent"": 94, ""from_label"": ""S12"", ""scope"": ""Reported preparation yield; mixture components are not assigned individual yields.""}]",Source-reported preparation; reaction SMILES excludes workup species and is not atom-balanced.,False,False,1,pending_independent_chemist_review,
M-S12-S.1,M-S12-S,1,source_drawing_transcription,"[""S12""]","[""S12-MTPA-S""]",COC(=O)[C@@H]1O[C@@H](COCc2ccccc2)C[C@H]1O>>COC(=O)[C@@H]1O[C@@H](COCc2ccccc2)C[C@H]1OC(=O)[C@@](OC)(c1ccccc1)C(F)(F)F,"[{""source_id"": ""article"", ""sha256"": ""996ca2bc188470bf83989378b3982513067a40fc72d37e0a1714fdf7ceb4c208"", ""pages"": [6], ""locator"": ""Main experimental section / scheme: M-S12-S""}, {""source_id"": ""si"", ""sha256"": ""25570e998f1ba92c276e8301a0e62bfa9f16c2d69beeae66086b2047866ff65a"", ""pages"": [34, 35], ""locator"": ""Compound drawing and associated NMR spectrum: M-S12-S""}]","[""(R)-MTPA-Cl"", ""pyridine""]","[""DCM""]",80,"[{""product_label"": ""S12-MTPA-S"", ""percent"": 80, ""from_label"": ""S12"", ""scope"": ""Reported preparation yield; mixture components are not assigned individual yields.""}]",Source-reported preparation; reaction SMILES excludes workup species and is not atom-balanced.,False,False,1,pending_independent_chemist_review,
M-53-R.1,M-53-R,1,source_drawing_transcription,"[""53""]","[""53-MTPA-R""]",C=C[C@H](O)[C@@H](O)[C@H]1O[C@H](C(=O)OC)C[C@@H](O[Si](C)(C)C(C)(C)C)[C@@H]1O[Si](C)(C)C(C)(C)C>>C=C[C@H](OC(=O)[C@](OC)(c1ccccc1)C(F)(F)F)[C@@H](O)[C@H]1O[C@H](C(=O)OC)C[C@@H](O[Si](C)(C)C(C)(C)C)[C@@H]1O[Si](C)(C)C(C)(C)C,"[{""source_id"": ""article"", ""sha256"": ""996ca2bc188470bf83989378b3982513067a40fc72d37e0a1714fdf7ceb4c208"", ""pages"": [7], ""locator"": ""Main experimental section / scheme: M-53-R""}, {""source_id"": ""si"", ""sha256"": ""25570e998f1ba92c276e8301a0e62bfa9f16c2d69beeae66086b2047866ff65a"", ""pages"": [50, 51], ""locator"": ""Compound drawing and associated NMR spectrum: M-53-R""}]","[""(S)-MTPA-Cl"", ""pyridine""]","[""DCM""]",72,"[{""product_label"": ""53-MTPA-R"", ""percent"": 72, ""from_label"": ""53"", ""scope"": ""Reported preparation yield; mixture components are not assigned individual yields.""}]",Source-reported preparation; reaction SMILES excludes workup species and is not atom-balanced.,False,False,1,pending_independent_chemist_review,
M-53-S.1,M-53-S,1,source_drawing_transcription,"[""53""]","[""53-MTPA-S""]",C=C[C@H](O)[C@@H](O)[C@H]1O[C@H](C(=O)OC)C[C@@H](O[Si](C)(C)C(C)(C)C)[C@@H]1O[Si](C)(C)C(C)(C)C>>C=C[C@H](OC(=O)[C@@](OC)(c1ccccc1)C(F)(F)F)[C@@H](O)[C@H]1O[C@H](C(=O)OC)C[C@@H](O[Si](C)(C)C(C)(C)C)[C@@H]1O[Si](C)(C)C(C)(C)C,"[{""source_id"": ""article"", ""sha256"": ""996ca2bc188470bf83989378b3982513067a40fc72d37e0a1714fdf7ceb4c208"", ""pages"": [7], ""locator"": ""Main experimental section / scheme: M-53-S""}, {""source_id"": ""si"", ""sha256"": ""25570e998f1ba92c276e8301a0e62bfa9f16c2d69beeae66086b2047866ff65a"", ""pages"": [50, 51], ""locator"": ""Compound drawing and associated NMR spectrum: M-53-S""}]","[""(R)-MTPA-Cl"", ""pyridine""]","[""DCM""]",69,"[{""product_label"": ""53-MTPA-S"", ""percent"": 69, ""from_label"": ""53"", ""scope"": ""Reported preparation yield; mixture components are not assigned individual yields.""}]",Source-reported preparation; reaction SMILES excludes workup species and is not atom-balanced.,False,False,1,pending_independent_chemist_review,
M-34S-61-R.1,M-34S-61-R,1,source_drawing_transcription,"[""34S-61""]","[""34S-61-MTPA-R""]",C=C[C@H](O[Si](C)(C)C(C)(C)C)[C@@H](O[Si](C)(C)C(C)(C)C)[C@H]1O[C@H]([C@@H](O)C[C@H]2C[C@@H](O[Si](C)(C)C(C)(C)C)[C@H](CCCC[C@H]3C[C@@H](O[Si](C)(C)C(C)(C)C)[C@H](CCC(=O)OC)O3)O2)C[C@@H](O[Si](C)(C)C(C)(C)C)[C@@H]1O[Si](C)(C)C(C)(C)C>>C=C[C@H](O[Si](C)(C)C(C)(C)C)[C@@H](O[Si](C)(C)C(C)(C)C)[C@H]1O[C@H]([C@H](C[C@H]2C[C@@H](O[Si](C)(C)C(C)(C)C)[C@H](CCCC[C@H]3C[C@@H](O[Si](C)(C)C(C)(C)C)[C@H](CCC(=O)OC)O3)O2)OC(=O)[C@](OC)(c2ccccc2)C(F)(F)F)C[C@@H](O[Si](C)(C)C(C)(C)C)[C@@H]1O[Si](C)(C)C(C)(C)C,"[{""source_id"": ""article"", ""sha256"": ""996ca2bc188470bf83989378b3982513067a40fc72d37e0a1714fdf7ceb4c208"", ""pages"": [8], ""locator"": ""Main experimental section / scheme: M-34S-61-R""}, {""source_id"": ""si"", ""sha256"": ""25570e998f1ba92c276e8301a0e62bfa9f16c2d69beeae66086b2047866ff65a"", ""pages"": [56, 57], ""locator"": ""Compound drawing and associated NMR spectrum: M-34S-61-R""}]","[""(S)-MTPA-Cl"", ""pyridine""]","[""DCM""]",63,"[{""product_label"": ""34S-61-MTPA-R"", ""percent"": 63, ""from_label"": ""34S-61"", ""scope"": ""Reported preparation yield; mixture components are not assigned individual yields.""}]",Source-reported preparation; reaction SMILES excludes workup species and is not atom-balanced.,False,False,1,pending_independent_chemist_review,
M-34S-61-S.1,M-34S-61-S,1,source_drawing_transcription,"[""34S-61""]","[""34S-61-MTPA-S""]",C=C[C@H](O[Si](C)(C)C(C)(C)C)[C@@H](O[Si](C)(C)C(C)(C)C)[C@H]1O[C@H]([C@@H](O)C[C@H]2C[C@@H](O[Si](C)(C)C(C)(C)C)[C@H](CCCC[C@H]3C[C@@H](O[Si](C)(C)C(C)(C)C)[C@H](CCC(=O)OC)O3)O2)C[C@@H](O[Si](C)(C)C(C)(C)C)[C@@H]1O[Si](C)(C)C(C)(C)C>>C=C[C@H](O[Si](C)(C)C(C)(C)C)[C@@H](O[Si](C)(C)C(C)(C)C)[C@H]1O[C@H]([C@H](C[C@H]2C[C@@H](O[Si](C)(C)C(C)(C)C)[C@H](CCCC[C@H]3C[C@@H](O[Si](C)(C)C(C)(C)C)[C@H](CCC(=O)OC)O3)O2)OC(=O)[C@@](OC)(c2ccccc2)C(F)(F)F)C[C@@H](O[Si](C)(C)C(C)(C)C)[C@@H]1O[Si](C)(C)C(C)(C)C,"[{""source_id"": ""article"", ""sha256"": ""996ca2bc188470bf83989378b3982513067a40fc72d37e0a1714fdf7ceb4c208"", ""pages"": [8], ""locator"": ""Main experimental section / scheme: M-34S-61-S""}, {""source_id"": ""si"", ""sha256"": ""25570e998f1ba92c276e8301a0e62bfa9f16c2d69beeae66086b2047866ff65a"", ""pages"": [56, 57], ""locator"": ""Compound drawing and associated NMR spectrum: M-34S-61-S""}]","[""(R)-MTPA-Cl"", ""pyridine""]","[""DCM""]",55,"[{""product_label"": ""34S-61-MTPA-S"", ""percent"": 55, ""from_label"": ""34S-61"", ""scope"": ""Reported preparation yield; mixture components are not assigned individual yields.""}]",Source-reported preparation; reaction SMILES excludes workup species and is not atom-balanced.,False,False,1,pending_independent_chemist_review,
M-34R-61-R.1,M-34R-61-R,1,source_drawing_transcription,"[""34R-61""]","[""34R-61-MTPA-R""]",C=C[C@H](O[Si](C)(C)C(C)(C)C)[C@@H](O[Si](C)(C)C(C)(C)C)[C@H]1O[C@H]([C@H](O)C[C@H]2C[C@@H](O[Si](C)(C)C(C)(C)C)[C@H](CCCC[C@H]3C[C@@H](O[Si](C)(C)C(C)(C)C)[C@H](CCC(=O)OC)O3)O2)C[C@@H](O[Si](C)(C)C(C)(C)C)[C@@H]1O[Si](C)(C)C(C)(C)C>>C=C[C@H](O[Si](C)(C)C(C)(C)C)[C@@H](O[Si](C)(C)C(C)(C)C)[C@H]1O[C@H]([C@@H](C[C@H]2C[C@@H](O[Si](C)(C)C(C)(C)C)[C@H](CCCC[C@H]3C[C@@H](O[Si](C)(C)C(C)(C)C)[C@H](CCC(=O)OC)O3)O2)OC(=O)[C@](OC)(c2ccccc2)C(F)(F)F)C[C@@H](O[Si](C)(C)C(C)(C)C)[C@@H]1O[Si](C)(C)C(C)(C)C,"[{""source_id"": ""article"", ""sha256"": ""996ca2bc188470bf83989378b3982513067a40fc72d37e0a1714fdf7ceb4c208"", ""pages"": [8], ""locator"": ""Main experimental section / scheme: M-34R-61-R""}, {""source_id"": ""si"", ""sha256"": ""25570e998f1ba92c276e8301a0e62bfa9f16c2d69beeae66086b2047866ff65a"", ""pages"": [57, 58], ""locator"": ""Compound drawing and associated NMR spectrum: M-34R-61-R""}]","[""(S)-MTPA-Cl"", ""pyridine""]","[""DCM""]",74,"[{""product_label"": ""34R-61-MTPA-R"", ""percent"": 74, ""from_label"": ""34R-61"", ""scope"": ""Reported preparation yield; mixture components are not assigned individual yields.""}]",Source-reported preparation; reaction SMILES excludes workup species and is not atom-balanced.,False,False,1,pending_independent_chemist_review,
M-34R-61-S.1,M-34R-61-S,1,source_drawing_transcription,"[""34R-61""]","[""34R-61-MTPA-S""]",C=C[C@H](O[Si](C)(C)C(C)(C)C)[C@@H](O[Si](C)(C)C(C)(C)C)[C@H]1O[C@H]([C@H](O)C[C@H]2C[C@@H](O[Si](C)(C)C(C)(C)C)[C@H](CCCC[C@H]3C[C@@H](O[Si](C)(C)C(C)(C)C)[C@H](CCC(=O)OC)O3)O2)C[C@@H](O[Si](C)(C)C(C)(C)C)[C@@H]1O[Si](C)(C)C(C)(C)C>>C=C[C@H](O[Si](C)(C)C(C)(C)C)[C@@H](O[Si](C)(C)C(C)(C)C)[C@H]1O[C@H]([C@@H](C[C@H]2C[C@@H](O[Si](C)(C)C(C)(C)C)[C@H](CCCC[C@H]3C[C@@H](O[Si](C)(C)C(C)(C)C)[C@H](CCC(=O)OC)O3)O2)OC(=O)[C@@](OC)(c2ccccc2)C(F)(F)F)C[C@@H](O[Si](C)(C)C(C)(C)C)[C@@H]1O[Si](C)(C)C(C)(C)C,"[{""source_id"": ""article"", ""sha256"": ""996ca2bc188470bf83989378b3982513067a40fc72d37e0a1714fdf7ceb4c208"", ""pages"": [8], ""locator"": ""Main experimental section / scheme: M-34R-61-S""}, {""source_id"": ""si"", ""sha256"": ""25570e998f1ba92c276e8301a0e62bfa9f16c2d69beeae66086b2047866ff65a"", ""pages"": [57, 58], ""locator"": ""Compound drawing and associated NMR spectrum: M-34R-61-S""}]","[""(R)-MTPA-Cl"", ""pyridine""]","[""DCM""]",78,"[{""product_label"": ""34R-61-MTPA-S"", ""percent"": 78, ""from_label"": ""34R-61"", ""scope"": ""Reported preparation yield; mixture components are not assigned individual yields.""}]",Source-reported preparation; reaction SMILES excludes workup species and is not atom-balanced.,False,False,1,pending_independent_chemist_review,
