paper_id,local_label,paper_label,compound_name,structure_basis,stereo_status,review_status,canonical_smiles,molecular_formula,inchikey
paper-002ed49144be1357,1,1,SI compound 1,source_drawing_transcription,,pending_independent_chemist_review,C=C1CCC[C@]2(C)Cc3occ(C)c3C[C@@H]12,C15H20O,TYPSVDGIQAOBAD-DZGCQCFKSA-N
paper-002ed49144be1357,10,10,SI compound 10,source_drawing_transcription,,pending_independent_chemist_review,C=C1CCC[C@]2(C)C=C3C(=C(C)C(=O)N3CC)C[C@@H]12,C17H23NO,FBPFZKTUNTZLHK-WMLDXEAASA-N
paper-002ed49144be1357,11,11,SI compound 11,source_drawing_transcription,,pending_independent_chemist_review,C=C1CCC[C@]2(C)C=C3C(=C(C)C(=O)N3CCO)C[C@@H]12,C17H23NO2,YCXCFEMQOUCEIS-WMLDXEAASA-N
paper-002ed49144be1357,12,12,SI compound 12,source_drawing_transcription,,pending_independent_chemist_review,C=C1CCC[C@]2(C)C=C3C(=C(C)C(=O)N3CCCC(=O)O)C[C@@H]12,C19H25NO3,DGYKDEHYXABVSQ-HNAYVOBHSA-N
paper-002ed49144be1357,13,13,SI compound 13,source_drawing_transcription,,pending_independent_chemist_review,C=C1CCC[C@]2(C)C=C3C(=C(C)C(=O)N3CCc3ccccc3)C[C@@H]12,C23H27NO,YKBQJHIZNTXJIE-NZQKXSOJSA-N
paper-002ed49144be1357,14,14,SI compound 14,source_drawing_transcription,,pending_independent_chemist_review,C=C1CCC[C@]2(C)C=C3C(=C(C)C(=O)N3CCc3ccc(O)cc3)C[C@@H]12,C23H27NO2,UQSHEKPMIJRPIQ-NZQKXSOJSA-N
paper-002ed49144be1357,15,15,SI compound 15,source_drawing_transcription,,pending_independent_chemist_review,C=C1CCC[C@]2(C)C=C3C(=C(C)C(=O)N3CCc3c[nH]c4ccccc34)C[C@@H]12,C25H28N2O,VPKBMSCUUZHADP-SQJMNOBHSA-N
paper-002ed49144be1357,16,16,SI compound 16,source_drawing_transcription,,pending_independent_chemist_review,C=C1CCC[C@@]2(C)[C@H]1CC1=C(C)C(=O)O[C@@]13[C@H]2[C@H]1[C@@]2(C)CCCC(=C)[C@@H]2CC2=C(C)C(=O)O[C@]213,C30H36O4,DOCQMMFTTVKKDR-CNHHCIIFSA-N
paper-002ed49144be1357,18,18,SI compound 18,source_drawing_transcription,,pending_independent_chemist_review,C=C1CCC[C@]2(C)CC(=O)CC[C@@H]12,C12H18O,DFBOKKAGBIDLKC-NWDGAFQWSA-N
paper-002ed49144be1357,19,19,SI compound 19,source_drawing_transcription,,pending_independent_chemist_review,CC1(O)CCC[C@]2(C)CC3(CC[C@@H]12)OCCO3,C14H24O3,QIYJWTUOKPSXSE-ZNRZSNADSA-N
paper-002ed49144be1357,2,2,SI compound 2,source_drawing_transcription,,pending_independent_chemist_review,C=C1CCC[C@]2(C)C=C3OC(=O)C(C)=C3C[C@@H]12,C15H18O2,ZTVSGQPHMUYCRS-SWLSCSKDSA-N
paper-002ed49144be1357,20,20,SI compound 20,source_drawing_transcription,,pending_independent_chemist_review,C=CCC(C)(O)[C@@H]1CCC2(C[C@@]1(C)C=C)OCCO2,C16H26O3,AWAIFAJKLKJTLH-GRKKQISMSA-N
paper-002ed49144be1357,21,21,SI compound 21,source_drawing_transcription,,pending_independent_chemist_review,CC1=CC(=O)[C@@H]2C[C@@H]1C2(C)C,C10H14O,DCSCXTJOXBUFGB-YUMQZZPRSA-N
paper-002ed49144be1357,22,22,SI compound 22,source_drawing_transcription,,pending_independent_chemist_review,Cc1ccc(S(=O)(=O)OC[C@H]2CCC[C@]3(C)CC4(CC[C@@H]23)OCCO4)cc1,C21H30O5S,OWTPHKIYGBJUKH-YZGWKJHDSA-N
paper-002ed49144be1357,23,23,SI compound 23,source_drawing_transcription,,pending_independent_chemist_review,C=CCC[C@]1(C)CC2(CC[C@H]1C(=C)CO)OCCO2,C16H26O3,DUJNZJPVLGXJFW-LSDHHAIUSA-N
paper-002ed49144be1357,27,27,SI compound 27,source_drawing_transcription,,pending_independent_chemist_review,C=C[C@]1(C)CC2(CC[C@H]1C(=C)C)OCCO2,C14H22O2,CTRGTOAYZCELOQ-QWHCGFSZSA-N
paper-002ed49144be1357,28,28,SI compound 28,source_drawing_transcription,,pending_independent_chemist_review,C=C[C@]1(C)CC2(CC[C@H]1C(C)=O)OCCO2,C13H20O3,BRHGOSFWBRFFTG-NWDGAFQWSA-N
paper-002ed49144be1357,29,29,SI compound 29,source_drawing_transcription,,pending_independent_chemist_review,CC1(O)CC=C[C@]2(C)CC3(CC[C@@H]12)OCCO3,C14H22O3,PGRLPOUNMJCWRP-ZNRZSNADSA-N
paper-002ed49144be1357,3,3,SI compound 3,source_drawing_transcription,,pending_independent_chemist_review,C=C1CCC[C@]2(C)C[C@@H]3OC(=O)C(C)=C3C[C@@H]12,C15H20O2,OQYBLUDOOFOBPO-KCQAQPDRSA-N
paper-002ed49144be1357,30,30,SI compound 30,source_drawing_transcription,,pending_independent_chemist_review,C=C1CCC[C@]2(C)CC3(CC[C@@H]12)OCCO3,C14H22O2,AQULIDMNHLEJEQ-QWHCGFSZSA-N
paper-002ed49144be1357,31,31,SI compound 31,source_drawing_transcription,,pending_independent_chemist_review,CC1=CCC[C@]2(C)CC3(CC[C@@H]12)OCCO3,C14H22O2,BKZGYWGRERXFBN-QWHCGFSZSA-N
paper-002ed49144be1357,32,32,SI compound 32,source_drawing_transcription,,pending_independent_chemist_review,C=CCC[C@]1(C)CC2(CC[C@H]1C(=C)C)OCCO2,C16H26O2,SKWHVZAQKRPCQU-LSDHHAIUSA-N
paper-002ed49144be1357,33,33,SI compound 33,source_drawing_transcription,,pending_independent_chemist_review,C[C@]12CCC=C(CO)[C@@H]1CCC1(C2)OCCO1,C14H22O3,JSARWAUPCRXZQD-QWHCGFSZSA-N
paper-002ed49144be1357,34,34,SI compound 34,source_drawing_transcription,,pending_independent_chemist_review,C[C@]12CCC[C@H](CO)[C@@H]1CCC1(C2)OCCO1,C14H24O3,VYBKWHWUOHLDCJ-FRRDWIJNSA-N
paper-002ed49144be1357,4,4,SI compound 4,source_drawing_transcription,,pending_independent_chemist_review,C=C1CCC[C@]2(C)C[C@]3(O)OC(=O)C(C)=C3C[C@@H]12,C15H20O3,FBMORZZOJSDNRQ-GLQYFDAESA-N
paper-002ed49144be1357,5,5,SI compound 5,source_drawing_transcription,,pending_independent_chemist_review,CC1=C2C[C@@H]3[C@](C)(CCC[C@]3(O)CO)C[C@@H]2OC1=O,C15H22O4,CFKTZYNSXOJSRK-MXYBEHONSA-N
paper-002ed49144be1357,6,6,SI compound 6,source_drawing_transcription,,pending_independent_chemist_review,C=C1[C@H](O)CC[C@]2(C)C[C@]3(O)OC(=O)C(C)=C3C[C@@H]12,C15H20O4,VITHJONQLOCSGP-BTQDYEIMSA-N
paper-002ed49144be1357,7,7,SI compound 7,source_drawing_transcription,,pending_independent_chemist_review,C=C1CCC[C@]2(C)C[C@]3(OC)OC(=O)C(C)=C3C[C@@H]12,C16H22O3,JYNGEEVMOBHTOS-MAZHCROVSA-N
paper-002ed49144be1357,8,8,SI compound 8,source_drawing_transcription,,pending_independent_chemist_review,C=C1CCC[C@]2(C)C=C3NC(=O)C(C)=C3C[C@@H]12,C15H19NO,RXTVBISZHPGQKT-SWLSCSKDSA-N
paper-002ed49144be1357,9,9,SI compound 9,source_drawing_transcription,,pending_independent_chemist_review,C=C1CCC[C@]2(C)C[C@]3(O)NC(=O)C(C)=C3C[C@@H]12,C15H21NO2,PTGZLHORGUHTGU-NILFDRSVSA-N
paper-002ed49144be1357,GABA,GABA,SI compound GABA,source_drawing_transcription,,pending_independent_chemist_review,NCCCC(=O)O,C4H9NO2,BTCSSZJGUNDROE-UHFFFAOYSA-N
paper-002ed49144be1357,allylMgBr,allylMgBr,SI compound allylMgBr,source_drawing_transcription,,pending_independent_chemist_review,C=C[CH2][Mg][Br],C3H5BrMg,FEMBXICCJNZMMC-UHFFFAOYSA-M
paper-002ed49144be1357,ammonia,ammonia,SI compound ammonia,source_drawing_transcription,,pending_independent_chemist_review,N,H3N,QGZKDVFQNNGYKY-UHFFFAOYSA-N
paper-002ed49144be1357,dimethoxyacetone,dimethoxyacetone,SI compound dimethoxyacetone,source_drawing_transcription,,pending_independent_chemist_review,COCC(=O)COC,C5H10O3,SZVHDRLVQJXQBT-UHFFFAOYSA-N
paper-002ed49144be1357,ethanolamine,ethanolamine,SI compound ethanolamine,source_drawing_transcription,,pending_independent_chemist_review,NCCO,C2H7NO,HZAXFHJVJLSVMW-UHFFFAOYSA-N
paper-002ed49144be1357,ethylamine,ethylamine,SI compound ethylamine,source_drawing_transcription,,pending_independent_chemist_review,CCN,C2H7N,QUSNBJAOOMFDIB-UHFFFAOYSA-N
paper-002ed49144be1357,methanol,methanol,SI compound methanol,source_drawing_transcription,,pending_independent_chemist_review,CO,CH4O,OKKJLVBELUTLKV-UHFFFAOYSA-N
paper-002ed49144be1357,methyl pyruvate,methyl pyruvate,SI compound methyl pyruvate,source_drawing_transcription,,pending_independent_chemist_review,COC(=O)C(C)=O,C4H6O3,CWKLZLBVOJRSOM-UHFFFAOYSA-N
paper-002ed49144be1357,phenethylamine,phenethylamine,SI compound phenethylamine,source_drawing_transcription,,pending_independent_chemist_review,NCCc1ccccc1,C8H11N,BHHGXPLMPWCGHP-UHFFFAOYSA-N
paper-002ed49144be1357,tryptamine,tryptamine,SI compound tryptamine,source_drawing_transcription,,pending_independent_chemist_review,NCCc1c[nH]c2ccccc12,C10H12N2,APJYDQYYACXCRM-UHFFFAOYSA-N
paper-002ed49144be1357,tyramine,tyramine,SI compound tyramine,source_drawing_transcription,,pending_independent_chemist_review,NCCc1ccc(O)cc1,C8H11NO,DZGWFCGJZKJUFP-UHFFFAOYSA-N
paper-002ed49144be1357,water,water,SI compound water,source_drawing_transcription,,pending_independent_chemist_review,O,H2O,XLYOFNOQVPJJNP-UHFFFAOYSA-N
paper-02468cd0966939d2,(+)-1,(+)-1,"(6bR,11aR)-5,13,15-tribromo-8,9,11,11a-tetrahydroazepino[4',5':2,3]indolo[1,2-c]quinazolin-10(7H)-one",source_drawing_transcription,Enantioenriched series; >99% ee (+)-39 and (+)-1; source representative absolute configuration.,pending_independent_chemist_review,O=C1C[C@@H]2c3cc(Br)cc(Br)c3N3C=Nc4ccc(Br)cc4[C@@]23CCN1,C19H14Br3N3O,VJUCNRHABCBOQC-BFUOFWGJSA-N
paper-02468cd0966939d2,(+)-36,(+)-36,"ethyl (S)-2-hydroxy-2-(indolo[1,2-c]quinazolin-12-yl)acetate",source_drawing_transcription,Racemic representative or source-qualified; names checked against drawn network.,pending_independent_chemist_review,CCOC(=O)[C@@H](O)c1c2ccccc2n2cnc3ccccc3c12,C19H16N2O3,YWSDCRNYZCZFSZ-SFHVURJKSA-N
paper-02468cd0966939d2,(+)-39,(+)-39,"ethyl 2-((12R,12aR)-12a-(2-(dimethylamino)-2-oxoethyl)-5,6,12,12a-tetrahydroindolo[1,2-c]quinazolin-12-yl)acetate",source_drawing_transcription,Enantioenriched series; >99% ee (+)-39 and (+)-1; source representative absolute configuration.,pending_independent_chemist_review,CCOC(=O)C[C@@H]1c2ccccc2N2CNc3ccccc3[C@@]12CC(=O)N(C)C,C23H27N3O3,BCEJOZSFGVRYJA-JPYJTQIMSA-N
paper-02468cd0966939d2,(+)-51,(+)-51,"tert-butyl (6bR,11aR)-10-oxo-7,8,9,10,11,11a-hexahydroazepino[4',5':2,3]indolo[1,2-c]quinazoline-2(1H)-carboxylate",source_drawing_transcription,Enantioenriched series; >99% ee (+)-39 and (+)-1; source representative absolute configuration.,pending_independent_chemist_review,CC(C)(C)OC(=O)N1CN2c3ccccc3[C@H]3CC(=O)NCC[C@]32c2ccccc21,C24H27N3O3,HLZFDORXCLJHIV-KOSHJBKYSA-N
paper-02468cd0966939d2,(+)-84,(+)-84,"tert-butyl (6bR,11aR)-5,13,15-tribromo-10-oxo-7,8,9,10,11,11a-hexahydroazepino[4',5':2,3]indolo[1,2-c]quinazoline-2(1H)-carboxylate",source_drawing_transcription,Enantioenriched series; >99% ee (+)-39 and (+)-1; source representative absolute configuration.,pending_independent_chemist_review,CC(C)(C)OC(=O)N1CN2c3c(Br)cc(Br)cc3[C@H]3CC(=O)NCC[C@]32c2cc(Br)ccc21,C24H24Br3N3O3,RADGZDCCUJKVJK-VOIUYBSRSA-N
paper-02468cd0966939d2,(-)-36,(-)-36,"ethyl (R)-2-hydroxy-2-(indolo[1,2-c]quinazolin-12-yl)acetate",source_drawing_transcription,Racemic representative or source-qualified; names checked against drawn network.,pending_independent_chemist_review,CCOC(=O)[C@H](O)c1c2ccccc2n2cnc3ccccc3c12,C19H16N2O3,YWSDCRNYZCZFSZ-GOSISDBHSA-N
paper-02468cd0966939d2,1,1,"(6bR,11aR)-5,13,15-tribromo-8,9,11,11a-tetrahydroazepino[4',5':2,3]indolo[1,2-c]quinazolin-10(7H)-one",source_drawing_transcription,Racemic representative or source-qualified; names checked against drawn network.,pending_independent_chemist_review,O=C1C[C@@H]2c3cc(Br)cc(Br)c3N3C=Nc4ccc(Br)cc4[C@@]23CCN1,C19H14Br3N3O,VJUCNRHABCBOQC-BFUOFWGJSA-N
paper-02468cd0966939d2,13,13,ethyl 2-hydroxy-2-(1-(phenylsulfonyl)-1H-indol-3-yl)acetate,source_drawing_transcription,Racemic representative or source-qualified; names checked against drawn network.,pending_independent_chemist_review,CCOC(=O)C(O)c1cn(S(=O)(=O)c2ccccc2)c2ccccc12,C18H17NO5S,PTUFVPPGIOZSDM-UHFFFAOYSA-N
paper-02468cd0966939d2,14,14,ethyl (E)-2-(2-(2-(dimethylamino)-2-oxoethyl)-1-(phenylsulfonyl)indolin-3-ylidene)acetate,source_drawing_transcription,Racemic representative or source-qualified; names checked against drawn network.,pending_independent_chemist_review,CCOC(=O)/C=C1\c2ccccc2N(S(=O)(=O)c2ccccc2)C1CC(=O)N(C)C,C22H24N2O5S,ZIRYQHZKPFHPCB-NBVRZTHBSA-N
paper-02468cd0966939d2,15,15,2-phenyl-1H-indole,source_drawing_transcription,Racemic representative or source-qualified; names checked against drawn network.,pending_independent_chemist_review,c1ccc(-c2cc3ccccc3[nH]2)cc1,C14H11N,KLLLJCACIRKBDT-UHFFFAOYSA-N
paper-02468cd0966939d2,16,16,ethyl 2-oxo-2-(2-phenyl-1H-indol-3-yl)acetate,source_drawing_transcription,Racemic representative or source-qualified; names checked against drawn network.,pending_independent_chemist_review,CCOC(=O)C(=O)c1c(-c2ccccc2)[nH]c2ccccc12,C18H15NO3,CHNIJIDTSDQRHC-UHFFFAOYSA-N
paper-02468cd0966939d2,17,17,ethyl 2-oxo-2-(2-phenyl-1-tosyl-1H-indol-3-yl)acetate,source_drawing_transcription,Racemic representative or source-qualified; names checked against drawn network.,pending_independent_chemist_review,CCOC(=O)C(=O)c1c(-c2ccccc2)n(S(=O)(=O)c2ccc(C)cc2)c2ccccc12,C25H21NO5S,UUSRKLFPALYOFQ-UHFFFAOYSA-N
paper-02468cd0966939d2,18,18,ethyl (S)-2-hydroxy-2-(2-phenyl-1-tosyl-1H-indol-3-yl)acetate,source_drawing_transcription,Racemic representative or source-qualified; names checked against drawn network.,pending_independent_chemist_review,CCOC(=O)[C@@H](O)c1c(-c2ccccc2)n(S(=O)(=O)c2ccc(C)cc2)c2ccccc12,C25H23NO5S,UOIOEHQCXIJTQA-DEOSSOPVSA-N
paper-02468cd0966939d2,19,19,"ethyl (R,E)-2-(2-(2-(dimethylamino)-2-oxoethyl)-2-phenyl-1-tosylindolin-3-ylidene)acetate",source_drawing_transcription,Racemic representative or source-qualified; names checked against drawn network.,pending_independent_chemist_review,CCOC(=O)/C=C1\c2ccccc2N(S(=O)(=O)c2ccc(C)cc2)[C@]1(CC(=O)N(C)C)c1ccccc1,C29H30N2O5S,MERVGTPTYYNOTD-TXSZGURLSA-N
paper-02468cd0966939d2,25,25,1-(2-aminophenyl)ethan-1-one,source_drawing_transcription,Racemic representative or source-qualified; names checked against drawn network.,pending_independent_chemist_review,CC(=O)c1ccccc1N,C8H9NO,GTDQGKWDWVUKTI-UHFFFAOYSA-N
paper-02468cd0966939d2,27,27,"indolo[1,2-c]quinazolin-6(5H)-one",source_drawing_transcription,Racemic representative or source-qualified; names checked against drawn network.,pending_independent_chemist_review,O=c1[nH]c2ccccc2c2cc3ccccc3n12,C15H10N2O,LJQJKMPHOBFADG-UHFFFAOYSA-N
paper-02468cd0966939d2,28,28,"5,6-dihydroindolo[1,2-c]quinazoline",source_drawing_transcription,Racemic representative or source-qualified; names checked against drawn network.,pending_independent_chemist_review,c1ccc2c(c1)NCn1c-2cc2ccccc21,C15H12N2,UNEUNSMCEGSZDB-UHFFFAOYSA-N
paper-02468cd0966939d2,29,29,"tert-butyl indolo[1,2-c]quinazoline-5(6H)-carboxylate",source_drawing_transcription,Racemic representative or source-qualified; names checked against drawn network.,pending_independent_chemist_review,CC(C)(C)OC(=O)N1Cn2c(cc3ccccc32)-c2ccccc21,C20H20N2O2,DKJOPWZHWNVCJC-UHFFFAOYSA-N
paper-02468cd0966939d2,30,30,"tert-butyl 12-(2-ethoxy-1-hydroxy-2-oxoethyl)indolo[1,2-c]quinazoline-5(6H)-carboxylate",source_drawing_transcription,Racemic representative or source-qualified; names checked against drawn network.,pending_independent_chemist_review,CCOC(=O)C(O)c1c2n(c3ccccc13)CN(C(=O)OC(C)(C)C)c1ccccc1-2,C24H26N2O5,ATVPOJQFIHONBE-UHFFFAOYSA-N
paper-02468cd0966939d2,31,31,"tert-butyl (E)-12a-(2-(dimethylamino)-2-oxoethyl)-12-(2-ethoxy-2-oxoethylidene)-12,12a-dihydroindolo[1,2-c]quinazoline-5(6H)-carboxylate",source_drawing_transcription,Reported E/Z mixture; representative 31 is E; oxime double geometry unassigned.,pending_independent_chemist_review,CCOC(=O)/C=C1\c2ccccc2N2CN(C(=O)OC(C)(C)C)c3ccccc3C12CC(=O)N(C)C,C28H33N3O5,MRTDCGCWOVQYQQ-LTGZKZEYSA-N
paper-02468cd0966939d2,32,32,"tert-butyl (12S,12aR)-12a-(2-(dimethylamino)-2-oxoethyl)-12-(2-ethoxy-2-oxoethyl)-12,12a-dihydroindolo[1,2-c]quinazoline-5(6H)-carboxylate",source_drawing_transcription,Racemic representative or source-qualified; names checked against drawn network.,pending_independent_chemist_review,CCOC(=O)C[C@H]1c2ccccc2N2CN(C(=O)OC(C)(C)C)c3ccccc3[C@@]12CC(=O)N(C)C,C28H35N3O5,CWVYUYWYKOOYPH-KMRXNPHXSA-N
paper-02468cd0966939d2,33,33,(E)-2-(1-(2-phenylhydrazineylidene)ethyl)aniline,source_drawing_transcription,Racemic representative or source-qualified; names checked against drawn network.,pending_independent_chemist_review,C/C(=N\Nc1ccccc1)c1ccccc1N,C14H15N3,OHOPPWNOBIEEIT-LFIBNONCSA-N
paper-02468cd0966939d2,34,34,2-(1H-indol-2-yl)aniline,source_drawing_transcription,Racemic representative or source-qualified; names checked against drawn network.,pending_independent_chemist_review,Nc1ccccc1-c1cc2ccccc2[nH]1,C14H12N2,IAKRGXQCKYFJCB-UHFFFAOYSA-N
paper-02468cd0966939d2,35,35,"indolo[1,2-c]quinazoline",source_drawing_transcription,Racemic representative or source-qualified; names checked against drawn network.,pending_independent_chemist_review,c1ccc2c(c1)cc1c3ccccc3ncn21,C15H10N2,CGCYNUCJTZKIJR-UHFFFAOYSA-N
paper-02468cd0966939d2,36,36,"ethyl 2-hydroxy-2-(indolo[1,2-c]quinazolin-12-yl)acetate",source_drawing_transcription,Racemic representative or source-qualified; names checked against drawn network.,pending_independent_chemist_review,CCOC(=O)C(O)c1c2ccccc2n2cnc3ccccc3c12,C19H16N2O3,YWSDCRNYZCZFSZ-UHFFFAOYSA-N
paper-02468cd0966939d2,37,37,"ethyl (E)-2-(12a-(2-(dimethylamino)-2-oxoethyl)indolo[1,2-c]quinazolin-12(12aH)-ylidene)acetate",source_drawing_transcription,Racemic representative or source-qualified; names checked against drawn network.,pending_independent_chemist_review,CCOC(=O)/C=C1\c2ccccc2N2C=Nc3ccccc3C12CC(=O)N(C)C,C23H23N3O3,OSCSYWDFFSGMOH-QGOAFFKASA-N
paper-02468cd0966939d2,39,39,"ethyl 2-((12R,12aR)-12a-(2-(dimethylamino)-2-oxoethyl)-5,6,12,12a-tetrahydroindolo[1,2-c]quinazolin-12-yl)acetate",source_drawing_transcription,Racemic representative or source-qualified; names checked against drawn network.,pending_independent_chemist_review,CCOC(=O)C[C@@H]1c2ccccc2N2CNc3ccccc3[C@@]12CC(=O)N(C)C,C23H27N3O3,BCEJOZSFGVRYJA-JPYJTQIMSA-N
paper-02468cd0966939d2,44,44,"(6bR,7R)-N,N-dimethyl-8-oxo-7,8-dihydrocyclopenta[2,3]indolo[1,2-c]quinazoline-7-carboxamide",source_drawing_transcription,Racemic representative or source-qualified; names checked against drawn network.,pending_independent_chemist_review,CN(C)C(=O)[C@H]1C(=O)C=C2c3ccccc3N3C=Nc4ccccc4[C@]213,C21H17N3O2,VOONCQKKKBIRIU-CTNGQTDRSA-N
paper-02468cd0966939d2,45,45,"tert-butyl (12R,12aR)-12a-(2-(dimethylamino)-2-oxoethyl)-12-(2-ethoxy-2-oxoethyl)-12,12a-dihydroindolo[1,2-c]quinazoline-5(6H)-carboxylate",source_drawing_transcription,Racemic representative or source-qualified; names checked against drawn network.,pending_independent_chemist_review,CCOC(=O)C[C@@H]1c2ccccc2N2CN(C(=O)OC(C)(C)C)c3ccccc3[C@@]12CC(=O)N(C)C,C28H35N3O5,CWVYUYWYKOOYPH-PIKZIKFNSA-N
paper-02468cd0966939d2,47,47,"tert-butyl (12R,12aR)-12a-(2-oxoethyl)-12-(2-ethoxy-2-oxoethyl)-12,12a-dihydroindolo[1,2-c]quinazoline-5(6H)-carboxylate",source_drawing_transcription,Racemic representative or source-qualified; names checked against drawn network.,pending_independent_chemist_review,CCOC(=O)C[C@@H]1c2ccccc2N2CN(C(=O)OC(C)(C)C)c3ccccc3[C@@]12CC=O,C26H30N2O5,RLUDLBNZGHTANS-IBVKSMDESA-N
paper-02468cd0966939d2,48,48,"tert-butyl (12R,12aR)-12a-(2-(dimethylamino)ethyl)-12-(2-ethoxy-2-oxoethyl)-12,12a-dihydroindolo[1,2-c]quinazoline-5(6H)-carboxylate",source_drawing_transcription,Racemic representative or source-qualified; names checked against drawn network.,pending_independent_chemist_review,CCOC(=O)C[C@@H]1c2ccccc2N2CN(C(=O)OC(C)(C)C)c3ccccc3[C@@]12CCN(C)C,C28H37N3O4,DUHFMTINJDDDDF-DFHRPNOPSA-N
paper-02468cd0966939d2,49,49,"tert-butyl (12R,12aR)-12a-(2-hydroxyethyl)-12-(2-ethoxy-2-oxoethyl)-12,12a-dihydroindolo[1,2-c]quinazoline-5(6H)-carboxylate",source_drawing_transcription,Racemic representative or source-qualified; names checked against drawn network.,pending_independent_chemist_review,CCOC(=O)C[C@@H]1c2ccccc2N2CN(C(=O)OC(C)(C)C)c3ccccc3[C@@]12CCO,C26H32N2O5,QACYIFGLRHHEOC-IBVKSMDESA-N
paper-02468cd0966939d2,50,50,"tert-butyl (12R,12aR)-12a-(2-azidoethyl)-12-(2-ethoxy-2-oxoethyl)-12,12a-dihydroindolo[1,2-c]quinazoline-5(6H)-carboxylate",source_drawing_transcription,Racemic representative or source-qualified; names checked against drawn network.,pending_independent_chemist_review,CCOC(=O)C[C@@H]1c2ccccc2N2CN(C(=O)OC(C)(C)C)c3ccccc3[C@@]12CCN=[N+]=[N-],C26H31N5O4,QXSFXTMMOVUSQT-IBVKSMDESA-N
paper-02468cd0966939d2,51,51,"tert-butyl (6bR,11aR)-10-oxo-7,8,9,10,11,11a-hexahydroazepino[4',5':2,3]indolo[1,2-c]quinazoline-2(1H)-carboxylate",source_drawing_transcription,Racemic representative or source-qualified; names checked against drawn network.,pending_independent_chemist_review,CC(C)(C)OC(=O)N1CN2c3ccccc3[C@H]3CC(=O)NCC[C@]32c2ccccc21,C24H27N3O3,HLZFDORXCLJHIV-KOSHJBKYSA-N
paper-02468cd0966939d2,52,52,"ethyl 2-((12R,12aR)-12a-(2-(dimethylamino)-2-oxoethyl)-12,12a-dihydroindolo[1,2-c]quinazolin-12-yl)acetate",source_drawing_transcription,Racemic representative or source-qualified; names checked against drawn network.,pending_independent_chemist_review,CCOC(=O)C[C@@H]1c2ccccc2N2C=Nc3ccccc3[C@@]12CC(=O)N(C)C,C23H25N3O3,FCCBAOXNLXQFGX-JPYJTQIMSA-N
paper-02468cd0966939d2,53,53,"ethyl 2-((12R,12aR)-2,10-dibromo-12a-(2-(dimethylamino)-2-oxoethyl)-12,12a-dihydroindolo[1,2-c]quinazolin-12-yl)acetate",source_drawing_transcription,Racemic representative or source-qualified; names checked against drawn network.,pending_independent_chemist_review,CCOC(=O)C[C@@H]1c2cc(Br)ccc2N2C=Nc3ccc(Br)cc3[C@@]12CC(=O)N(C)C,C23H23Br2N3O3,WUGODRRQKQPARC-UZUQRXQVSA-N
paper-02468cd0966939d2,54,54,"ethyl 2-((12R,12aR)-2,10-dibromo-12a-(2-(dimethylamino)-2-oxoethyl)-5,6,12,12a-tetrahydroindolo[1,2-c]quinazolin-12-yl)acetate",source_drawing_transcription,Racemic representative or source-qualified; names checked against drawn network.,pending_independent_chemist_review,CCOC(=O)C[C@@H]1c2cc(Br)ccc2N2CNc3ccc(Br)cc3[C@@]12CC(=O)N(C)C,C23H25Br2N3O3,PUKJNYAGIBBRRA-UZUQRXQVSA-N
paper-02468cd0966939d2,55,55,"ethyl 2-((12R,12aR)-2,4,10-tribromo-12a-(2-(dimethylamino)-2-oxoethyl)-5,6,12,12a-tetrahydroindolo[1,2-c]quinazolin-12-yl)acetate",source_drawing_transcription,Racemic representative or source-qualified; names checked against drawn network.,pending_independent_chemist_review,CCOC(=O)C[C@@H]1c2cc(Br)ccc2N2CNc3c(Br)cc(Br)cc3[C@@]12CC(=O)N(C)C,C23H24Br3N3O3,AUJJEZJZQXSNHT-WAIKUNEKSA-N
paper-02468cd0966939d2,56,56,"ethyl 2-((12R,12aR)-2,4,8,10-tetrabromo-12a-(2-(dimethylamino)-2-oxoethyl)-5,6,12,12a-tetrahydroindolo[1,2-c]quinazolin-12-yl)acetate",source_drawing_transcription,Racemic representative or source-qualified; names checked against drawn network.,pending_independent_chemist_review,CCOC(=O)C[C@@H]1c2cc(Br)cc(Br)c2N2CNc3c(Br)cc(Br)cc3[C@@]12CC(=O)N(C)C,C23H23Br4N3O3,RCBOWIUMOONFTC-IQMFZBJNSA-N
paper-02468cd0966939d2,57,57,"ethyl 2-((12R,12aR)-2,4,10-tribromo-12a-(2-(dimethylamino)-2-oxoethyl)-12,12a-dihydroindolo[1,2-c]quinazolin-12-yl)acetate",source_drawing_transcription,Racemic representative or source-qualified; names checked against drawn network.,pending_independent_chemist_review,CCOC(=O)C[C@@H]1c2cc(Br)ccc2N2C=Nc3c(Br)cc(Br)cc3[C@@]12CC(=O)N(C)C,C23H22Br3N3O3,KXEILYVSGDWRPP-WAIKUNEKSA-N
paper-02468cd0966939d2,58,58,"ethyl 2-((12R,12aR)-2,4,8,10-tetrabromo-12a-(2-(dimethylamino)-2-oxoethyl)-12,12a-dihydroindolo[1,2-c]quinazolin-12-yl)acetate",source_drawing_transcription,Racemic representative or source-qualified; names checked against drawn network.,pending_independent_chemist_review,CCOC(=O)C[C@@H]1c2cc(Br)cc(Br)c2N2C=Nc3c(Br)cc(Br)cc3[C@@]12CC(=O)N(C)C,C23H21Br4N3O3,JEWCFXJFAQPBRC-IQMFZBJNSA-N
paper-02468cd0966939d2,63,63,"ethyl 2-(5,6-dihydroindolo[1,2-c]quinazolin-12-yl)acetate",source_drawing_transcription,Racemic representative or source-qualified; names checked against drawn network.,pending_independent_chemist_review,CCOC(=O)Cc1c2n(c3ccccc13)CNc1ccccc1-2,C19H18N2O2,OYCQZBCRUNBFTK-UHFFFAOYSA-N
paper-02468cd0966939d2,64,64,"ethyl 2-((12R,12aR)-5-acetyl-2,8,10-tribromo-12a-(2-(dimethylamino)-2-oxoethyl)-5,6,12,12a-tetrahydroindolo[1,2-c]quinazolin-12-yl)acetate",source_drawing_transcription,Racemic representative or source-qualified; names checked against drawn network.,pending_independent_chemist_review,CCOC(=O)C[C@@H]1c2cc(Br)cc(Br)c2N2CN(C(C)=O)c3ccc(Br)cc3[C@@]12CC(=O)N(C)C,C25H26Br3N3O4,WJUJZQNXRUYDQO-IQGLISFBSA-N
paper-02468cd0966939d2,67,67,"ethyl 2-((12R,12aR)-5-acetyl-12a-(2-(dimethylamino)-2-oxoethyl)-5,6,12,12a-tetrahydroindolo[1,2-c]quinazolin-12-yl)acetate",source_drawing_transcription,Racemic representative or source-qualified; names checked against drawn network.,pending_independent_chemist_review,CCOC(=O)C[C@@H]1c2ccccc2N2CN(C(C)=O)c3ccccc3[C@@]12CC(=O)N(C)C,C25H29N3O4,DBRCTQCOOPUPGL-NLFFAJNJSA-N
paper-02468cd0966939d2,68,68,"ethyl 2-((12R,12aR)-5-acetyl-8,10-dibromo-12a-(2-(dimethylamino)-2-oxoethyl)-5,6,12,12a-tetrahydroindolo[1,2-c]quinazolin-12-yl)acetate",source_drawing_transcription,Racemic representative or source-qualified; names checked against drawn network.,pending_independent_chemist_review,CCOC(=O)C[C@@H]1c2cc(Br)cc(Br)c2N2CN(C(C)=O)c3ccccc3[C@@]12CC(=O)N(C)C,C25H27Br2N3O4,OPAONZITXLVPQY-CLOONOSVSA-N
paper-02468cd0966939d2,72,72,"(6bR,11aR)-5,13,15-tribromo-1,2,8,9,11,11a-hexahydroazepino[4',5':2,3]indolo[1,2-c]quinazolin-10(7H)-one",source_drawing_transcription,Racemic representative or source-qualified; names checked against drawn network.,pending_independent_chemist_review,O=C1C[C@@H]2c3cc(Br)cc(Br)c3N3CNc4ccc(Br)cc4[C@@]23CCN1,C19H16Br3N3O,HKXCMJAULGIRMY-BFUOFWGJSA-N
paper-02468cd0966939d2,73,73,"ethyl 2-((12R,12aR)-5-acetyl-2,10-dibromo-12a-(2-(dimethylamino)-2-oxoethyl)-5,6,12,12a-tetrahydroindolo[1,2-c]quinazolin-12-yl)acetate",source_drawing_transcription,Racemic representative or source-qualified; names checked against drawn network.,pending_independent_chemist_review,CCOC(=O)C[C@@H]1c2cc(Br)ccc2N2CN(C(C)=O)c3ccc(Br)cc3[C@@]12CC(=O)N(C)C,C25H27Br2N3O4,VZIQYCDPHSLLPZ-KBMIEXCESA-N
paper-02468cd0966939d2,74,74,"ethyl 3-(2-amino-3,5-dibromophenyl)-3-(6-bromoquinolin-4-yl)propanoate",source_drawing_transcription,Racemic representative or source-qualified; names checked against drawn network.,pending_independent_chemist_review,CCOC(=O)CC(c1cc(Br)cc(Br)c1N)c1ccnc2ccc(Br)cc12,C20H17Br3N2O2,XTBHUWAUYBHLEO-UHFFFAOYSA-N
paper-02468cd0966939d2,75,75,"tert-butyl (12R,12aR)-10-bromo-12a-(2-(dimethylamino)-2-oxoethyl)-12-(2-ethoxy-2-oxoethyl)-12,12a-dihydroindolo[1,2-c]quinazoline-5(6H)-carboxylate",source_drawing_transcription,Racemic representative or source-qualified; names checked against drawn network.,pending_independent_chemist_review,CCOC(=O)C[C@@H]1c2cc(Br)ccc2N2CN(C(=O)OC(C)(C)C)c3ccccc3[C@@]12CC(=O)N(C)C,C28H34BrN3O5,DEVGYMSWYQCIMF-PIKZIKFNSA-N
paper-02468cd0966939d2,76,76,"tert-butyl (12R,12aR)-8,10-dibromo-12a-(2-(dimethylamino)-2-oxoethyl)-12-(2-ethoxy-2-oxoethyl)-12,12a-dihydroindolo[1,2-c]quinazoline-5(6H)-carboxylate",source_drawing_transcription,Racemic representative or source-qualified; names checked against drawn network.,pending_independent_chemist_review,CCOC(=O)C[C@@H]1c2cc(Br)cc(Br)c2N2CN(C(=O)OC(C)(C)C)c3ccccc3[C@@]12CC(=O)N(C)C,C28H33Br2N3O5,CJHFARSTMGEKJS-NGOKVRLYSA-N
paper-02468cd0966939d2,77,77,"tert-butyl (12R,12aR)-2,8,10-tribromo-12a-(2-(dimethylamino)-2-oxoethyl)-12-(2-ethoxy-2-oxoethyl)-12,12a-dihydroindolo[1,2-c]quinazoline-5(6H)-carboxylate",source_drawing_transcription,Racemic representative or source-qualified; names checked against drawn network.,pending_independent_chemist_review,CCOC(=O)C[C@@H]1c2cc(Br)cc(Br)c2N2CN(C(=O)OC(C)(C)C)c3ccc(Br)cc3[C@@]12CC(=O)N(C)C,C28H32Br3N3O5,NNODKPVLYZBHAF-WHLCRQNOSA-N
paper-02468cd0966939d2,79,79,"tert-butyl (12R,12aR)-2,8,10-tribromo-12a-(2-oxoethyl)-12-(2-ethoxy-2-oxoethyl)-12,12a-dihydroindolo[1,2-c]quinazoline-5(6H)-carboxylate",source_drawing_transcription,Racemic representative or source-qualified; names checked against drawn network.,pending_independent_chemist_review,CCOC(=O)C[C@@H]1c2cc(Br)cc(Br)c2N2CN(C(=O)OC(C)(C)C)c3ccc(Br)cc3[C@@]12CC=O,C26H27Br3N2O5,HDGOPBQJOOKQEQ-WXTAPIANSA-N
paper-02468cd0966939d2,8,8,(S)-1-(2-methyl-1-tosyl-1H-indol-3-yl)pentan-1-ol,source_drawing_transcription,Racemic representative or source-qualified; names checked against drawn network.,pending_independent_chemist_review,CCCC[C@H](O)c1c(C)n(S(=O)(=O)c2ccc(C)cc2)c2ccccc12,C21H25NO3S,LGABSPVUKOCQTB-FQEVSTJZSA-N
paper-02468cd0966939d2,80,80,"tert-butyl (12R,12aR)-2,8,10-tribromo-12a-(2-(dimethylamino)ethyl)-12-(2-ethoxy-2-oxoethyl)-12,12a-dihydroindolo[1,2-c]quinazoline-5(6H)-carboxylate",source_drawing_transcription,Racemic representative or source-qualified; names checked against drawn network.,pending_independent_chemist_review,CCOC(=O)C[C@@H]1c2cc(Br)cc(Br)c2N2CN(C(=O)OC(C)(C)C)c3ccc(Br)cc3[C@@]12CCN(C)C,C28H34Br3N3O4,RGDYICUJYSGSDU-PIIWDFAUSA-N
paper-02468cd0966939d2,81,81,"tert-butyl (12R,12aR)-2,8,10-tribromo-12a-(2-hydroxyethyl)-12-(2-ethoxy-2-oxoethyl)-12,12a-dihydroindolo[1,2-c]quinazoline-5(6H)-carboxylate",source_drawing_transcription,Racemic representative or source-qualified; names checked against drawn network.,pending_independent_chemist_review,CCOC(=O)C[C@@H]1c2cc(Br)cc(Br)c2N2CN(C(=O)OC(C)(C)C)c3ccc(Br)cc3[C@@]12CCO,C26H29Br3N2O5,KWBFDURSKWDCOX-WXTAPIANSA-N
paper-02468cd0966939d2,82,82,"tert-butyl (12R,12aR)-2,8,10-tribromo-12a-(2-azidoethyl)-12-(2-ethoxy-2-oxoethyl)-12,12a-dihydroindolo[1,2-c]quinazoline-5(6H)-carboxylate",source_drawing_transcription,Racemic representative or source-qualified; names checked against drawn network.,pending_independent_chemist_review,CCOC(=O)C[C@@H]1c2cc(Br)cc(Br)c2N2CN(C(=O)OC(C)(C)C)c3ccc(Br)cc3[C@@]12CCN=[N+]=[N-],C26H28Br3N5O4,VBAVGXSHIFJAJC-WXTAPIANSA-N
paper-02468cd0966939d2,84,84,"tert-butyl (6bR,11aR)-5,13,15-tribromo-10-oxo-7,8,9,10,11,11a-hexahydroazepino[4',5':2,3]indolo[1,2-c]quinazoline-2(1H)-carboxylate",source_drawing_transcription,Racemic representative or source-qualified; names checked against drawn network.,pending_independent_chemist_review,CC(C)(C)OC(=O)N1CN2c3c(Br)cc(Br)cc3[C@H]3CC(=O)NCC[C@]32c2cc(Br)ccc21,C24H24Br3N3O3,RADGZDCCUJKVJK-VOIUYBSRSA-N
paper-02468cd0966939d2,85,85,"tert-butyl (12R,12aR)-2,8,10-tribromo-12a-(2-(hydroxyimino)ethyl)-12-(2-ethoxy-2-oxoethyl)-12,12a-dihydroindolo[1,2-c]quinazoline-5(6H)-carboxylate",source_drawing_transcription,Reported E/Z mixture; representative 31 is E; oxime double geometry unassigned.,pending_independent_chemist_review,CCOC(=O)C[C@@H]1c2cc(Br)cc(Br)c2N2CN(C(=O)OC(C)(C)C)c3ccc(Br)cc3[C@@]12CC=NO,C26H28Br3N3O5,DECIFBHUBWRQFP-WXTAPIANSA-N
paper-02468cd0966939d2,86,86,"tert-butyl (12R,12aR)-2,8,10-tribromo-12a-(2-(methoxyimino)ethyl)-12-(2-ethoxy-2-oxoethyl)-12,12a-dihydroindolo[1,2-c]quinazoline-5(6H)-carboxylate",source_drawing_transcription,Reported E/Z mixture; representative 31 is E; oxime double geometry unassigned.,pending_independent_chemist_review,CCOC(=O)C[C@@H]1c2cc(Br)cc(Br)c2N2CN(C(=O)OC(C)(C)C)c3ccc(Br)cc3[C@@]12CC=NOC,C27H30Br3N3O5,UQYKBLDXABXMOF-XHCCPWGMSA-N
paper-02468cd0966939d2,89,89,"tert-butyl (12R,12aR)-12a-(2-(hydroxyimino)ethyl)-12-(2-ethoxy-2-oxoethyl)-12,12a-dihydroindolo[1,2-c]quinazoline-5(6H)-carboxylate",source_drawing_transcription,Reported E/Z mixture; representative 31 is E; oxime double geometry unassigned.,pending_independent_chemist_review,CCOC(=O)C[C@@H]1c2ccccc2N2CN(C(=O)OC(C)(C)C)c3ccccc3[C@@]12CC=NO,C26H31N3O5,WXSWJYDVRQSQNE-IBVKSMDESA-N
paper-02468cd0966939d2,9,9,"(R,E)-N,N-dimethyl-2-(2-methyl-3-pentylidene-1-tosylindolin-2-yl)acetamide",source_drawing_transcription,Racemic representative or source-qualified; names checked against drawn network.,pending_independent_chemist_review,CCCC/C=C1\c2ccccc2N(S(=O)(=O)c2ccc(C)cc2)[C@]1(C)CC(=O)N(C)C,C25H32N2O3S,KCTBOXOXAPQJAK-LWRBDHNKSA-N
paper-02468cd0966939d2,91,91,"tert-butyl (12R,12aR)-12a-(2-((tert-butoxycarbonyl)amino)ethyl)-12-(2-ethoxy-2-oxoethyl)-12,12a-dihydroindolo[1,2-c]quinazoline-5(6H)-carboxylate",source_drawing_transcription,Racemic representative or source-qualified; names checked against drawn network.,pending_independent_chemist_review,CCOC(=O)C[C@@H]1c2ccccc2N2CN(C(=O)OC(C)(C)C)c3ccccc3[C@@]12CCNC(=O)OC(C)(C)C,C31H41N3O6,HTEFDRLEESRKTM-IPBJYNAHSA-N
paper-02468cd0966939d2,92,92,"ethyl 2-(indolo[1,2-c]quinazolin-12-yl)-2-oxoacetate",source_drawing_transcription,Racemic representative or source-qualified; names checked against drawn network.,pending_independent_chemist_review,CCOC(=O)C(=O)c1c2ccccc2n2cnc3ccccc3c12,C19H14N2O3,KJVHWSCAPRHOGJ-UHFFFAOYSA-N
paper-02468cd0966939d2,DMAA,DMAA,"N,N-dimethylacetamide dimethyl acetal",source_drawing_transcription,Racemic representative or source-qualified; names checked against drawn network.,pending_independent_chemist_review,COC(C)(OC)N(C)C,C6H15NO2,FBZVZUSVGKOWHG-UHFFFAOYSA-N
paper-02468cd0966939d2,PhNCO,PhNCO,phenyl isocyanate,source_drawing_transcription,Racemic representative or source-qualified; names checked against drawn network.,pending_independent_chemist_review,O=C=Nc1ccccc1,C7H5NO,DGTNSSLYPYDJGL-UHFFFAOYSA-N
paper-02468cd0966939d2,PhNHNH2,PhNHNH2,phenylhydrazine,source_drawing_transcription,Racemic representative or source-qualified; names checked against drawn network.,pending_independent_chemist_review,NNc1ccccc1,C6H8N2,HKOOXMFOFWEVGF-UHFFFAOYSA-N
paper-02468cd0966939d2,SI-1,SI-1,"tert-butyl (12R,12aR)-12a-(2-iodoethyl)-12-(2-ethoxy-2-oxoethyl)-12,12a-dihydroindolo[1,2-c]quinazoline-5(6H)-carboxylate",source_drawing_transcription,Racemic representative or source-qualified; names checked against drawn network.,pending_independent_chemist_review,CCOC(=O)C[C@@H]1c2ccccc2N2CN(C(=O)OC(C)(C)C)c3ccccc3[C@@]12CCI,C26H31IN2O4,PBVOQGHBRIUNBF-IBVKSMDESA-N
paper-02468cd0966939d2,SI-2,SI-2,"tert-butyl (12R,12aR)-2,8,10-tribromo-12a-(2-iodoethyl)-12-(2-ethoxy-2-oxoethyl)-12,12a-dihydroindolo[1,2-c]quinazoline-5(6H)-carboxylate",source_drawing_transcription,Racemic representative or source-qualified; names checked against drawn network.,pending_independent_chemist_review,CCOC(=O)C[C@@H]1c2cc(Br)cc(Br)c2N2CN(C(=O)OC(C)(C)C)c3ccc(Br)cc3[C@@]12CCI,C26H28Br3IN2O4,ADFSEIMQZSIELR-WXTAPIANSA-N
paper-02468cd0966939d2,ethyl glyoxylate,ethyl glyoxylate,ethyl 2-oxoacetate,source_drawing_transcription,Racemic representative or source-qualified; names checked against drawn network.,pending_independent_chemist_review,CCOC(=O)C=O,C4H6O3,DBPFRRFGLYGEJI-UHFFFAOYSA-N
paper-02468cd0966939d2,ethyl oxalyl chloride,ethyl oxalyl chloride,ethyl chlorooxoacetate,source_drawing_transcription,Racemic representative or source-qualified; names checked against drawn network.,pending_independent_chemist_review,CCOC(=O)C(=O)Cl,C4H5ClO3,OWZFULPEVHKEKS-UHFFFAOYSA-N
paper-02468cd0966939d2,formic acid,formic acid,formic acid,source_drawing_transcription,Racemic representative or source-qualified; names checked against drawn network.,pending_independent_chemist_review,O=CO,CH2O2,BDAGIHXWWSANSR-UHFFFAOYSA-N
paper-03577c3c53263ea5,10,10,SI compound 10,source_drawing_transcription,alpha_D_glucose_acetal_center_unassigned,pending_independent_chemist_review,C=CCO[C@H]1O[C@@H]2COC(c3ccccc3)O[C@H]2[C@H](O)[C@H]1O,C16H20O6,OMBCPFYQIULSGV-ULFACSLRSA-N
paper-03577c3c53263ea5,11,11,SI compound 11,source_drawing_transcription,,pending_independent_chemist_review,C=CCOc1cc(C(=O)OC(C)(C)C)cc(OCC=C)c1Oc1c(C(=O)OCc2ccccc2)cc(OCc2ccccc2)c(OCc2ccccc2)c1OCc1ccccc1,C52H50O10,XQVNJFUPEVGCIJ-UHFFFAOYSA-N
paper-03577c3c53263ea5,12,12,SI compound 12,source_drawing_transcription,,pending_independent_chemist_review,C=CCOc1cc(C(=O)OC(C)(C)C)cc(OCC=C)c1O,C17H22O5,WLEVWCPOPVHUSO-UHFFFAOYSA-N
paper-03577c3c53263ea5,13,13,SI compound 13,source_drawing_transcription,,pending_independent_chemist_review,O=C(OCc1ccccc1)c1cc(OCc2ccccc2)c(OCc2ccccc2)c(OCc2ccccc2)c1Br,C35H29BrO5,AMGGYEVWXIWNIU-UHFFFAOYSA-N
paper-03577c3c53263ea5,14,14,SI compound 14,source_drawing_transcription,D_glucopyranose_anomer_unspecified,pending_independent_chemist_review,OC[C@H]1OC(O)[C@H](O)[C@@H](O)[C@@H]1O,C6H12O6,WQZGKKKJIJFFOK-GASJEMHNSA-N
paper-03577c3c53263ea5,15,15,SI compound 15,source_drawing_transcription,,pending_independent_chemist_review,C=CCO[C@H]1O[C@@H]2COC(c3ccccc3)O[C@H]2[C@H](OC(=O)c2cc(O[Si](C)(C)C(C)(C)C)c(OCc3ccccc3)c(O[Si](C)(C)C(C)(C)C)c2)[C@H]1OC(=O)c1cc(O[Si](C)(C)C(C)(C)C)c(OCc2ccccc2)c(O[Si](C)(C)C(C)(C)C)c1,C68H96O14Si4,MNIZITFBYQDMTN-PWRRNGKYSA-N
paper-03577c3c53263ea5,16,16,SI compound 16,source_drawing_transcription,,pending_independent_chemist_review,C=CCO[C@H]1O[C@@H]2COC(c3ccccc3)O[C@H]2[C@@H]2OC(=O)c3cc(O)c(OCc4ccccc4)c(O)c3-c3c(cc(O)c(OCc4ccccc4)c3O)C(=O)O[C@@H]12,C44H38O14,FQLLXHVOCKBCFG-NWGYBMPXSA-N
paper-03577c3c53263ea5,17,17,SI compound 17,source_drawing_transcription,,pending_independent_chemist_review,C=CCO[C@H]1O[C@@H]2COC(c3ccccc3)O[C@H]2[C@@H]2OC(=O)c3cc(OCc4ccccc4)c(OCc4ccccc4)c(OCc4ccccc4)c3-c3c(cc(OCc4ccccc4)c(OCc4ccccc4)c3OCc3ccccc3)C(=O)O[C@@H]12,C72H62O14,LGLBLPQFFQCSLV-PIDXSQOKSA-N
paper-03577c3c53263ea5,18,18,SI compound 18,source_drawing_transcription,alpha_D_glucose_imidate_geometry_unassigned,pending_independent_chemist_review,N=C(O[C@H]1O[C@@H]2COC(c3ccccc3)O[C@H]2[C@@H]2OC(=O)c3cc(OCc4ccccc4)c(OCc4ccccc4)c(OCc4ccccc4)c3-c3c(cc(OCc4ccccc4)c(OCc4ccccc4)c3OCc3ccccc3)C(=O)O[C@@H]12)C(Cl)(Cl)Cl,C71H58Cl3NO14,FGKPNDSYVGAERC-KJPKUJHNSA-N
paper-03577c3c53263ea5,19,19,SI compound 19,source_drawing_transcription,,pending_independent_chemist_review,O=C(O)c1cc(OCc2ccccc2)c(OCc2ccccc2)c(OCc2ccccc2)c1,C28H24O5,NRCGMEJBEDWPMG-UHFFFAOYSA-N
paper-03577c3c53263ea5,2,2,platycaryanin A,source_drawing_transcription,,pending_independent_chemist_review,O=C(O[C@@H]1O[C@@H]2COC(=O)c3cc(O)c(Oc4c(C(=O)O)cc(O)c(O)c4O)c(O)c3-c3c(cc(O)c(O)c3O)C(=O)O[C@H]2[C@@H]2OC(=O)c3cc(O)c(O)c(O)c3-c3c(cc(O)c(O)c3O)C(=O)O[C@@H]12)c1cc(O)c(O)c(O)c1,C48H32O31,QHBPFITYIMCEOX-PSAZYJJASA-N
paper-03577c3c53263ea5,20,20,SI compound 20,source_drawing_transcription,,pending_independent_chemist_review,O=C(O[C@@H]1O[C@@H]2COC(c3ccccc3)O[C@H]2[C@@H]2OC(=O)c3cc(OCc4ccccc4)c(OCc4ccccc4)c(OCc4ccccc4)c3-c3c(cc(OCc4ccccc4)c(OCc4ccccc4)c3OCc3ccccc3)C(=O)O[C@@H]12)c1cc(OCc2ccccc2)c(OCc2ccccc2)c(OCc2ccccc2)c1,C97H80O18,AJVILXPZHCZYPJ-VWTGNINUSA-N
paper-03577c3c53263ea5,21,21,SI compound 21,source_drawing_transcription,,pending_independent_chemist_review,COC(=O)c1cc(O)c(O)c(O)c1,C8H8O5,FBSFWRHWHYMIOG-UHFFFAOYSA-N
paper-03577c3c53263ea5,22,22,SI compound 22,source_drawing_transcription,,pending_independent_chemist_review,COCOc1c(O)cc(C(=O)OC)cc1O,C10H12O6,IRGOKRNJVXRHHF-UHFFFAOYSA-N
paper-03577c3c53263ea5,23,23,SI compound 23,source_drawing_transcription,,pending_independent_chemist_review,C=CCOc1cc(C(=O)OC)cc(OCC=C)c1OCOC,C16H20O6,CXLYVIWFEIPFBH-UHFFFAOYSA-N
paper-03577c3c53263ea5,24,24,SI compound 24,source_drawing_transcription,,pending_independent_chemist_review,C=CCOc1cc(C(=O)O)cc(OCC=C)c1OCOC,C15H18O6,FENIYHZOKHMIPN-UHFFFAOYSA-N
paper-03577c3c53263ea5,25,25,SI compound 25,source_drawing_transcription,,pending_independent_chemist_review,C=CCOc1cc(C(=O)OC(C)(C)C)cc(OCC=C)c1OCOC,C19H26O6,WQGASHLNEYAVMH-UHFFFAOYSA-N
paper-03577c3c53263ea5,26,26,SI compound 26,source_drawing_transcription,,pending_independent_chemist_review,CC(C)(C)OC(=O)c1cc(O)c(Oc2c(C(=O)OCc3ccccc3)cc(OCc3ccccc3)c(OCc3ccccc3)c2OCc2ccccc2)c(O)c1,C46H42O10,SEYSXERWBWMHDY-UHFFFAOYSA-N
paper-03577c3c53263ea5,27,27,SI compound 27,source_drawing_transcription,,pending_independent_chemist_review,O=C(O)c1cc(O)c(Oc2c(C(=O)OCc3ccccc3)cc(OCc3ccccc3)c(OCc3ccccc3)c2OCc2ccccc2)c(O)c1,C42H34O10,BOJOIFVFVPRLTE-UHFFFAOYSA-N
paper-03577c3c53263ea5,28,28,SI compound 28,source_drawing_transcription,,pending_independent_chemist_review,CC(C)(C)[Si](C)(C)Oc1cc(C(=O)OC[C@H]2O[C@@H](OC(=O)c3cc(OCc4ccccc4)c(OCc4ccccc4)c(OCc4ccccc4)c3)[C@@H]3OC(=O)c4cc(OCc5ccccc5)c(OCc5ccccc5)c(OCc5ccccc5)c4-c4c(cc(OCc5ccccc5)c(OCc5ccccc5)c4OCc4ccccc4)C(=O)O[C@H]3[C@@H]2O)cc(O[Si](C)(C)C(C)(C)C)c1Oc1c(C(=O)OCc2ccccc2)cc(OCc2ccccc2)c(OCc2ccccc2)c1OCc1ccccc1,C144H136O27Si2,HMAYYQRCDGADFC-QLPKEZNGSA-N
paper-03577c3c53263ea5,29,29,SI compound 29,source_drawing_transcription,,pending_independent_chemist_review,CC(C)(C)[Si](C)(C)Oc1cc(C(=O)O[C@H]2[C@@H]3OC(=O)c4cc(OCc5ccccc5)c(OCc5ccccc5)c(OCc5ccccc5)c4-c4c(cc(OCc5ccccc5)c(OCc5ccccc5)c4OCc4ccccc4)C(=O)O[C@H]3[C@H](OC(=O)c3cc(OCc4ccccc4)c(OCc4ccccc4)c(OCc4ccccc4)c3)O[C@@H]2COC(=O)c2cc(O[Si](C)(C)C(C)(C)C)c(Oc3c(C(=O)OCc4ccccc4)cc(OCc4ccccc4)c(OCc4ccccc4)c3OCc3ccccc3)c(O[Si](C)(C)C(C)(C)C)c2)cc(O[Si](C)(C)C(C)(C)C)c1OCc1ccccc1,C170H174O31Si4,ZPTKIZMGWZVFAY-FWZHCKDWSA-N
paper-03577c3c53263ea5,30,30,SI compound 30,source_drawing_transcription,ketal_center_unspecified_axial_S_metadata,pending_independent_chemist_review,O=C(OCc1ccccc1)C1=C(Oc2c(OCc3ccccc3)cc3c(c2OCc2ccccc2)-c2c(cc(OCc4ccccc4)c(OCc4ccccc4)c2OCc2ccccc2)C(=O)O[C@H]2[C@@H]4OC(=O)c5cc(OCc6ccccc6)c(OCc6ccccc6)c(OCc6ccccc6)c5-c5c(cc(OCc6ccccc6)c(OCc6ccccc6)c5OCc5ccccc5)C(=O)O[C@H]4[C@H](OC(=O)c4cc(OCc5ccccc5)c(OCc5ccccc5)c(OCc5ccccc5)c4)O[C@@H]2COC3=O)C(OCc2ccccc2)(OCc2ccccc2)C(=O)C(OCc2ccccc2)=C1,C174H140O32,KJHYBHOMFLRQLO-PEWDNJIASA-N
paper-03577c3c53263ea5,31,31,SI compound 31,source_drawing_transcription,,pending_independent_chemist_review,O=C(O[C@@H]1O[C@@H]2COC(=O)c3cc(OCc4ccccc4)c(O)c(OCc4ccccc4)c3-c3c(cc(OCc4ccccc4)c(OCc4ccccc4)c3OCc3ccccc3)C(=O)O[C@H]2[C@@H]2OC(=O)c3cc(OCc4ccccc4)c(OCc4ccccc4)c(OCc4ccccc4)c3-c3c(cc(OCc4ccccc4)c(OCc4ccccc4)c3OCc3ccccc3)C(=O)O[C@@H]12)c1cc(OCc2ccccc2)c(OCc2ccccc2)c(OCc2ccccc2)c1,C139H112O26,VHCSSNDABNBEFU-NVCOHMDUSA-N
paper-03577c3c53263ea5,32,32,SI compound 32,source_drawing_transcription,quinone_monoketal_literature_known,pending_independent_chemist_review,O=C(OCc1ccccc1)C1=C(Br)C(OCc2ccccc2)(OCc2ccccc2)C(=O)C(OCc2ccccc2)=C1,C35H29BrO6,MXXBYTIVQXJKSH-UHFFFAOYSA-N
paper-03577c3c53263ea5,33,33,SI compound 33,source_drawing_transcription,,pending_independent_chemist_review,COCOc1c(O)cc(C(=O)OC[C@H]2O[C@@H](OC(=O)c3cc(OCc4ccccc4)c(OCc4ccccc4)c(OCc4ccccc4)c3)[C@@H]3OC(=O)c4cc(OCc5ccccc5)c(OCc5ccccc5)c(OCc5ccccc5)c4-c4c(cc(OCc5ccccc5)c(OCc5ccccc5)c4OCc4ccccc4)C(=O)O[C@H]3[C@@H]2OC(=O)c2cc(O)c(OCc3ccccc3)c(O)c2)cc1O,C113H94O27,XWRCFWYXMQPQOC-KGOWWNGGSA-N
paper-03577c3c53263ea5,34,34,SI compound 34,source_drawing_transcription,,pending_independent_chemist_review,COCOc1c(O[Si](C)(C)C(C)(C)C)cc(C(=O)O)cc1O[Si](C)(C)C(C)(C)C,C21H38O6Si2,UOPQYUKYQYLNFI-UHFFFAOYSA-N
paper-03577c3c53263ea5,35,35,SI compound 35,source_drawing_transcription,,pending_independent_chemist_review,COCOc1c(O[Si](C)(C)C(C)(C)C)cc(C(=O)OC[C@H]2O[C@@H](OC(=O)c3cc(OCc4ccccc4)c(OCc4ccccc4)c(OCc4ccccc4)c3)[C@@H]3OC(=O)c4cc(OCc5ccccc5)c(OCc5ccccc5)c(OCc5ccccc5)c4-c4c(cc(OCc5ccccc5)c(OCc5ccccc5)c4OCc4ccccc4)C(=O)O[C@H]3[C@@H]2O)cc1O[Si](C)(C)C(C)(C)C,C111H112O23Si2,LRUQEWKRVSWCAD-CHQZDFCHSA-N
paper-03577c3c53263ea5,36,36,SI compound 36,source_drawing_transcription,,pending_independent_chemist_review,COCOc1c(O[Si](C)(C)C(C)(C)C)cc(C(=O)OC[C@H]2O[C@@H](OC(=O)c3cc(OCc4ccccc4)c(OCc4ccccc4)c(OCc4ccccc4)c3)[C@@H]3OC(=O)c4cc(OCc5ccccc5)c(OCc5ccccc5)c(OCc5ccccc5)c4-c4c(cc(OCc5ccccc5)c(OCc5ccccc5)c4OCc4ccccc4)C(=O)O[C@H]3[C@@H]2OC(=O)c2cc(O[Si](C)(C)C(C)(C)C)c(OCc3ccccc3)c(O[Si](C)(C)C(C)(C)C)c2)cc1O[Si](C)(C)C(C)(C)C,C137H150O27Si4,BGMMIETXBJKEOG-NPKPJZLOSA-N
paper-03577c3c53263ea5,37,37,SI compound 37,source_drawing_transcription,,pending_independent_chemist_review,COCOc1c(O)cc2c(c1O)-c1c(cc(O)c(OCc3ccccc3)c1O)C(=O)O[C@H]1[C@@H]3OC(=O)c4cc(OCc5ccccc5)c(OCc5ccccc5)c(OCc5ccccc5)c4-c4c(cc(OCc5ccccc5)c(OCc5ccccc5)c4OCc4ccccc4)C(=O)O[C@H]3[C@H](OC(=O)c3cc(OCc4ccccc4)c(OCc4ccccc4)c(OCc4ccccc4)c3)O[C@@H]1COC2=O,C113H92O27,ZYKDPLLYRKYVHG-MGEQPOTNSA-N
paper-03577c3c53263ea5,38,38,casuarictin,source_drawing_transcription,,pending_independent_chemist_review,O=C(O[C@@H]1O[C@@H]2COC(=O)c3cc(O)c(O)c(O)c3-c3c(cc(O)c(O)c3O)C(=O)O[C@H]2[C@@H]2OC(=O)c3cc(O)c(O)c(O)c3-c3c(cc(O)c(O)c3O)C(=O)O[C@@H]12)c1cc(O)c(O)c(O)c1,C41H28O26,SWRFKGRMQVLMKA-JIZJWZDPSA-N
paper-03577c3c53263ea5,39,39,SI compound 39,source_drawing_transcription,,pending_independent_chemist_review,COCOc1c(OCc2ccccc2)cc2c(c1OCc1ccccc1)-c1c(cc(OCc3ccccc3)c(OCc3ccccc3)c1OCc1ccccc1)C(=O)O[C@H]1[C@@H]3OC(=O)c4cc(OCc5ccccc5)c(OCc5ccccc5)c(OCc5ccccc5)c4-c4c(cc(OCc5ccccc5)c(OCc5ccccc5)c4OCc4ccccc4)C(=O)O[C@H]3[C@H](OC(=O)c3cc(OCc4ccccc4)c(OCc4ccccc4)c(OCc4ccccc4)c3)O[C@@H]1COC2=O,C141H116O27,XDYIDBFCGSRWIH-KIEHSCGFSA-N
paper-03577c3c53263ea5,4,4,SI compound 4,source_drawing_transcription,,pending_independent_chemist_review,O=C(OC[C@H]1O[C@@H](OC(=O)c2cc(OCc3ccccc3)c(OCc3ccccc3)c(OCc3ccccc3)c2)[C@@H]2OC(=O)c3cc(OCc4ccccc4)c(OCc4ccccc4)c(OCc4ccccc4)c3-c3c(cc(OCc4ccccc4)c(OCc4ccccc4)c3OCc3ccccc3)C(=O)O[C@H]2[C@@H]1OC(=O)c1cc(O)c(OCc2ccccc2)c(O)c1)c1cc(O)c(Oc2c(C(=O)OCc3ccccc3)cc(OCc3ccccc3)c(OCc3ccccc3)c2OCc2ccccc2)c(O)c1,C146H118O31,ODOPGOQVMSPKGP-QICTVXIGSA-N
paper-03577c3c53263ea5,40,40,SI compound 40,source_drawing_transcription,,pending_independent_chemist_review,COCOc1c(OCc2ccccc2)cc(C(=O)OCc2ccccc2)cc1OCc1ccccc1,C30H28O6,ZZGCOJCYZVAWJT-UHFFFAOYSA-N
paper-03577c3c53263ea5,41,41,SI compound 41,source_drawing_transcription,,pending_independent_chemist_review,COCOc1c(OCc2ccccc2)cc(C(=O)OCc2ccccc2)c(Br)c1OCc1ccccc1,C30H27BrO6,PTUSGTDPYWDESP-UHFFFAOYSA-N
paper-03577c3c53263ea5,42,42,SI compound 42,source_drawing_transcription,,pending_independent_chemist_review,O=C(OCc1ccccc1)c1cc(OCc2ccccc2)c(O)c(OCc2ccccc2)c1Br,C28H23BrO5,FPUREJYVUKKWIH-UHFFFAOYSA-N
paper-03577c3c53263ea5,5,5,SI compound 5,source_drawing_transcription,,pending_independent_chemist_review,O=C(O[C@@H]1O[C@H](CO)[C@@H](O)[C@@H]2OC(=O)c3cc(OCc4ccccc4)c(OCc4ccccc4)c(OCc4ccccc4)c3-c3c(cc(OCc4ccccc4)c(OCc4ccccc4)c3OCc3ccccc3)C(=O)O[C@@H]12)c1cc(OCc2ccccc2)c(OCc2ccccc2)c(OCc2ccccc2)c1,C90H76O18,BODMCUQSUUWMOS-KYCIFDJJSA-N
paper-03577c3c53263ea5,6,6,SI compound 6,source_drawing_transcription,,pending_independent_chemist_review,CC(C)(C)[Si](C)(C)Oc1cc(C(=O)O)cc(O[Si](C)(C)C(C)(C)C)c1OCc1ccccc1,C26H40O5Si2,UHRKPAQANYSFPH-UHFFFAOYSA-N
paper-03577c3c53263ea5,7,7,SI compound 7,source_drawing_transcription,,pending_independent_chemist_review,CC(C)(C)[Si](C)(C)Oc1cc(C(=O)O)cc(O[Si](C)(C)C(C)(C)C)c1Oc1c(C(=O)OCc2ccccc2)cc(OCc2ccccc2)c(OCc2ccccc2)c1OCc1ccccc1,C54H62O10Si2,PGHITSPBOMRBHX-UHFFFAOYSA-N
paper-03577c3c53263ea5,8,8,SI compound 8,source_drawing_transcription,alpha_beta_1_to_1_mixture,pending_independent_chemist_review,O=C1O[C@H]2[C@@H]3OC(c4ccccc4)OC[C@H]3OC(O)[C@@H]2OC(=O)c2cc(OCc3ccccc3)c(OCc3ccccc3)c(OCc3ccccc3)c2-c2c1cc(OCc1ccccc1)c(OCc1ccccc1)c2OCc1ccccc1,C69H58O14,IJCZVOUIIZQQOF-QZDJPWBISA-N
paper-03577c3c53263ea5,9,9,SI compound 9,source_drawing_transcription,,pending_independent_chemist_review,C=CCO[C@H]1O[C@@H]2COC(c3ccccc3)O[C@H]2[C@H](OC(=O)c2cc(O)c(OCc3ccccc3)c(O)c2)[C@H]1OC(=O)c1cc(O)c(OCc2ccccc2)c(O)c1,C44H40O14,YZOCYJZKIIJSNC-QYYRGZGHSA-N
paper-03577c3c53263ea5,BnBr,BnBr,SI compound BnBr,source_drawing_transcription,,pending_independent_chemist_review,BrCc1ccccc1,C7H7Br,AGEZXYOZHKGVCM-UHFFFAOYSA-N
paper-03577c3c53263ea5,BnCl,BnCl,SI compound BnCl,source_drawing_transcription,,pending_independent_chemist_review,ClCc1ccccc1,C7H7Cl,KCXMKQUNVWSEMD-UHFFFAOYSA-N
paper-03577c3c53263ea5,CCl3CN,CCl3CN,SI compound CCl3CN,source_drawing_transcription,,pending_independent_chemist_review,N#CC(Cl)(Cl)Cl,C2Cl3N,DRUIESSIVFYOMK-UHFFFAOYSA-N
paper-03577c3c53263ea5,MOMCl,MOMCl,SI compound MOMCl,source_drawing_transcription,,pending_independent_chemist_review,COCCl,C2H5ClO,XJUZRXYOEPSWMB-UHFFFAOYSA-N
paper-03577c3c53263ea5,TBSCl,TBSCl,SI compound TBSCl,source_drawing_transcription,,pending_independent_chemist_review,CC(C)(C)[Si](C)(C)Cl,C6H15ClSi,BCNZYOJHNLTNEZ-UHFFFAOYSA-N
paper-03577c3c53263ea5,allyl-Br,allyl-Br,SI compound allyl-Br,source_drawing_transcription,,pending_independent_chemist_review,C=CCBr,C3H5Br,BHELZAPQIKSEDF-UHFFFAOYSA-N
paper-03577c3c53263ea5,allyl-alcohol,allyl-alcohol,SI compound allyl-alcohol,source_drawing_transcription,,pending_independent_chemist_review,C=CCO,C3H6O,XXROGKLTLUQVRX-UHFFFAOYSA-N
paper-03577c3c53263ea5,benzaldehyde-dimethyl-acetal,benzaldehyde-dimethyl-acetal,SI compound benzaldehyde-dimethyl-acetal,source_drawing_transcription,,pending_independent_chemist_review,COC(OC)c1ccccc1,C9H12O2,HEVMDQBCAHEHDY-UHFFFAOYSA-N
paper-03577c3c53263ea5,t-BuOH,t-BuOH,SI compound t-BuOH,source_drawing_transcription,,pending_independent_chemist_review,CC(C)(C)O,C4H10O,DKGAVHZHDRPRBM-UHFFFAOYSA-N
paper-03987f5a75395436,1,1,SI compound 1,source_drawing_transcription,,pending_independent_chemist_review,COc1c(C)c(O)c(C(=O)CCc2ccccc2)c2ocnc12,C18H17NO4,QJHGTTKHMDSXMI-UHFFFAOYSA-N
paper-03987f5a75395436,10,10,SI compound 10,source_drawing_transcription,,pending_independent_chemist_review,CC(=O)c1c(O)ccc(O)c1O,C8H8O4,ZICVNAMXTVGDHZ-UHFFFAOYSA-N
paper-03987f5a75395436,11A,11A,SI compound 11A,source_drawing_transcription,,pending_independent_chemist_review,CC(=O)c1c(O)ccc2ocnc12,C9H7NO3,YOVUYSHNDKTKDV-UHFFFAOYSA-N
paper-03987f5a75395436,11B,11B,SI compound 11B,source_drawing_transcription,,pending_independent_chemist_review,CC(=O)c1c(O)ccc2ncoc12,C9H7NO3,AXKCEIDEOCVPND-UHFFFAOYSA-N
paper-03987f5a75395436,12A,12A,SI compound 12A,source_drawing_transcription,,pending_independent_chemist_review,CC(=O)c1c(O)ccc2oc(C)nc12,C10H9NO3,YRPFTKFYDLULJF-UHFFFAOYSA-N
paper-03987f5a75395436,12B,12B,SI compound 12B,source_drawing_transcription,,pending_independent_chemist_review,CC(=O)c1c(O)ccc2nc(C)oc12,C10H9NO3,PADVECPPWBBLJN-UHFFFAOYSA-N
paper-03987f5a75395436,13A,13A,SI compound 13A,source_drawing_transcription,,pending_independent_chemist_review,CC[C@H](C)c1nc2c(C(C)=O)c(O)ccc2o1,C13H15NO3,GAINIUBBSFYQTA-ZETCQYMHSA-N
paper-03987f5a75395436,13B,13B,SI compound 13B,source_drawing_transcription,,pending_independent_chemist_review,CC[C@H](C)c1nc2ccc(O)c(C(C)=O)c2o1,C13H15NO3,UMBOPQXZZFSGFO-ZETCQYMHSA-N
paper-03987f5a75395436,14A,14A,SI compound 14A,source_drawing_transcription,,pending_independent_chemist_review,CCCCCc1nc2c(C(C)=O)c(O)ccc2o1,C14H17NO3,LCRCSVNJLWVIJU-UHFFFAOYSA-N
paper-03987f5a75395436,14B,14B,SI compound 14B,source_drawing_transcription,,pending_independent_chemist_review,CCCCCc1nc2ccc(O)c(C(C)=O)c2o1,C14H17NO3,XZLNNLJXYNNJRM-UHFFFAOYSA-N
paper-03987f5a75395436,15A,15A,SI compound 15A,source_drawing_transcription,,pending_independent_chemist_review,CC(=O)c1c(O)ccc2oc(Cc3ccccc3)nc12,C16H13NO3,OKXMTAIDOIIJHP-UHFFFAOYSA-N
paper-03987f5a75395436,15B,15B,SI compound 15B,source_drawing_transcription,,pending_independent_chemist_review,CC(=O)c1c(O)ccc2nc(Cc3ccccc3)oc12,C16H13NO3,DTPNLINJVXKTPD-UHFFFAOYSA-N
paper-03987f5a75395436,16A,16A,SI compound 16A,source_drawing_transcription,,pending_independent_chemist_review,CC(=O)c1c(O)ccc2oc(CCc3ccccc3)nc12,C17H15NO3,GJRROTFYMOLAMG-UHFFFAOYSA-N
paper-03987f5a75395436,16B,16B,SI compound 16B,source_drawing_transcription,,pending_independent_chemist_review,CC(=O)c1c(O)ccc2nc(CCc3ccccc3)oc12,C17H15NO3,KTIDOPDCWGPTHR-UHFFFAOYSA-N
paper-03987f5a75395436,17A,17A,SI compound 17A,source_drawing_transcription,,pending_independent_chemist_review,CC(=O)c1c(O)ccc2oc(C(C)C)nc12,C12H13NO3,RVWKBBWSEZNCJG-UHFFFAOYSA-N
paper-03987f5a75395436,17B,17B,SI compound 17B,source_drawing_transcription,,pending_independent_chemist_review,CC(=O)c1c(O)ccc2nc(C(C)C)oc12,C12H13NO3,NWWFXINXPBIIFE-UHFFFAOYSA-N
paper-03987f5a75395436,18A,18A,SI compound 18A,source_drawing_transcription,,pending_independent_chemist_review,CC(=O)c1c(O)ccc2oc(CC(C)C)nc12,C13H15NO3,RAXUYEHXDRLSJO-UHFFFAOYSA-N
paper-03987f5a75395436,18B,18B,SI compound 18B,source_drawing_transcription,,pending_independent_chemist_review,CC(=O)c1c(O)ccc2nc(CC(C)C)oc12,C13H15NO3,LFOIGWZZORHPLG-UHFFFAOYSA-N
paper-03987f5a75395436,19,19,SI compound 19,source_drawing_transcription,not_applicable,pending_independent_chemist_review,COc1cc(O)cc(OC)c1OC,C9H12O4,VTCDZPUMZAZMSB-UHFFFAOYSA-N
paper-03987f5a75395436,2,2,SI compound 2,source_drawing_transcription,,pending_independent_chemist_review,COc1c(C)c(O)c(C(=O)CCc2ccccc2)c2oc(C)nc12,C19H19NO4,UVEPSDZGNRGWAW-UHFFFAOYSA-N
paper-03987f5a75395436,20,20,SI compound 20,source_drawing_transcription,not_applicable,pending_independent_chemist_review,COc1cc(O)c(C=O)c(OC)c1OC,C10H12O5,UZKDLTZUNKKEGE-UHFFFAOYSA-N
paper-03987f5a75395436,21,21,SI compound 21,source_drawing_transcription,not_applicable,pending_independent_chemist_review,COc1cc(O)c(C)c(OC)c1OC,C10H14O4,WRGGWNWYKCWCQJ-UHFFFAOYSA-N
paper-03987f5a75395436,22,22,SI compound 22,source_drawing_transcription,not_applicable,pending_independent_chemist_review,O=C(Cl)CCc1ccccc1,C9H9ClO,MFEILWXBDBCWKF-UHFFFAOYSA-N
paper-03987f5a75395436,23,23,SI compound 23,source_drawing_transcription,not_applicable,pending_independent_chemist_review,COc1cc(OC(=O)CCc2ccccc2)c(C)c(OC)c1OC,C19H22O5,FJSFVUVAOWYRLF-UHFFFAOYSA-N
paper-03987f5a75395436,24,24,SI compound 24,source_drawing_transcription,not_applicable,pending_independent_chemist_review,COc1c(C)c(O)c(C(=O)CCc2ccccc2)c(OC)c1OC,C19H22O5,FVAGTBMNMUMESJ-UHFFFAOYSA-N
paper-03987f5a75395436,25,25,SI compound 25,source_drawing_transcription,not_applicable,pending_independent_chemist_review,COc1c(O)c(O)c(C)c(O)c1C(=O)CCc1ccccc1,C17H18O5,ZSZZOQZAACXFIW-UHFFFAOYSA-N
paper-03987f5a75395436,26,26,SI compound 26,source_drawing_transcription,not_applicable,pending_independent_chemist_review,COC1=C(C(=O)CCc2ccccc2)C(=O)C(C)=C(O)C1=O,C17H16O5,QYYAECJTYNKSFV-UHFFFAOYSA-N
paper-03987f5a75395436,27,27,SI compound 27,source_drawing_transcription,,pending_independent_chemist_review,COc1c(C)c(O)c(C(=O)CCc2ccccc2)c2nc(C(C)C)oc12,C21H23NO4,IFMZUOZIZULHRB-UHFFFAOYSA-N
paper-03987f5a75395436,28,28,SI compound 28,source_drawing_transcription,not_applicable,pending_independent_chemist_review,CC1=C(O)C(=O)C(O)=C(C(=O)CCc2ccccc2)C1=O,C16H14O5,GHCQUVOLYBBCCR-UHFFFAOYSA-N
paper-03987f5a75395436,29A,29A,SI compound 29A,source_drawing_transcription,,pending_independent_chemist_review,Cc1c(O)c(C(=O)CCc2ccccc2)c2oc(C(C)C)nc2c1O,C20H21NO4,KHCHNTVESDODSA-UHFFFAOYSA-N
paper-03987f5a75395436,29B,29B,SI compound 29B,source_drawing_transcription,,pending_independent_chemist_review,Cc1c(O)c(C(=O)CCc2ccccc2)c(O)c2nc(C(C)C)oc12,C20H21NO4,HPKMFJMVARACLN-UHFFFAOYSA-N
paper-03987f5a75395436,3,3,SI compound 3,source_drawing_transcription,,pending_independent_chemist_review,COc1c(C)c(O)c(C(=O)CCc2ccccc2)c2oc(Cc3ccccc3)nc12,C25H23NO4,PBBQGOAXSNNIDK-UHFFFAOYSA-N
paper-03987f5a75395436,30,30,SI compound 30,source_drawing_transcription,,pending_independent_chemist_review,COc1c(C(=O)CCc2ccccc2)c(O)c(C)c2oc(C(C)C)nc12,C21H23NO4,UAWZGEGEULLYFJ-UHFFFAOYSA-N
paper-03987f5a75395436,31A,31A,SI compound 31A,source_drawing_transcription,tautomer_mixture_component,pending_independent_chemist_review,COC1=C(C)C(O)=C(C(=O)CCc2ccccc2)C(=O)C1=O,C17H16O5,RBGDZDICFCWNQV-UHFFFAOYSA-N
paper-03987f5a75395436,31B,31B,SI compound 31B,source_drawing_transcription,tautomer_mixture_component,pending_independent_chemist_review,COC1=C(C)C(=O)C(C(=O)CCc2ccccc2)=C(O)C1=O,C17H16O5,HMDHVKBUPMUWFN-UHFFFAOYSA-N
paper-03987f5a75395436,32,32,SI compound 32,source_drawing_transcription,not_applicable,pending_independent_chemist_review,COC1=C(C)C(=O)C(C(=O)CCc2ccccc2)=C(OC)C1=O,C18H18O5,OYOBYGRFBZOZAF-UHFFFAOYSA-N
paper-03987f5a75395436,4,4,SI compound 4,source_drawing_transcription,,pending_independent_chemist_review,COc1c(C)c(O)c(C(=O)CCc2ccccc2)c2oc(CCc3ccccc3)nc12,C26H25NO4,ZFMVBNBJBZBZQH-UHFFFAOYSA-N
paper-03987f5a75395436,5,5,SI compound 5,source_drawing_transcription,,pending_independent_chemist_review,COc1c(C)c(O)c(C(=O)CCc2ccccc2)c2oc(C(C)C)nc12,C21H23NO4,FDAIQPAHKGFPPD-UHFFFAOYSA-N
paper-03987f5a75395436,6,6,SI compound 6,source_drawing_transcription,,pending_independent_chemist_review,COc1c(C)c(O)c(C(=O)CCc2ccccc2)c2oc(CC(C)C)nc12,C22H25NO4,GGACNKBHRRRIJD-UHFFFAOYSA-N
paper-03987f5a75395436,7,7,SI compound 7,source_drawing_transcription,,pending_independent_chemist_review,CC[C@H](C)c1nc2c(OC)c(C)c(O)c(C(=O)CCc3ccccc3)c2o1,C22H25NO4,WOMIYBLTPOMAEN-ZDUSSCGKSA-N
paper-03987f5a75395436,8,8,SI compound 8,source_drawing_transcription,,pending_independent_chemist_review,CCCCCc1nc2c(OC)c(C)c(O)c(C(=O)CCc3ccccc3)c2o1,C23H27NO4,SODLABXPTQMNAU-UHFFFAOYSA-N
paper-03987f5a75395436,9,9,SI compound 9,source_drawing_transcription,,pending_independent_chemist_review,COc1c(O)ccc(O)c1C(C)=O,C9H10O4,WXOYSNLFYSJUDB-UHFFFAOYSA-N
paper-03987f5a75395436,L-2-aminoheptanoic-acid,L-2-aminoheptanoic-acid,SI compound L-2-aminoheptanoic-acid,source_drawing_transcription,,pending_independent_chemist_review,CCCCC[C@H](N)C(=O)O,C7H15NO2,RDFMDVXONNIGBC-LURJTMIESA-N
paper-03987f5a75395436,L-alanine,L-alanine,SI compound L-alanine,source_drawing_transcription,,pending_independent_chemist_review,C[C@H](N)C(=O)O,C3H7NO2,QNAYBMKLOCPYGJ-REOHCLBHSA-N
paper-03987f5a75395436,L-homophenylalanine,L-homophenylalanine,SI compound L-homophenylalanine,source_drawing_transcription,,pending_independent_chemist_review,N[C@@H](CCc1ccccc1)C(=O)O,C10H13NO2,JTTHKOPSMAVJFE-VIFPVBQESA-N
paper-03987f5a75395436,L-isoleucine,L-isoleucine,SI compound L-isoleucine,source_drawing_transcription,,pending_independent_chemist_review,CC[C@H](C)[C@H](N)C(=O)O,C6H13NO2,AGPKZVBTJJNPAG-WHFBIAKZSA-N
paper-03987f5a75395436,L-leucine,L-leucine,SI compound L-leucine,source_drawing_transcription,,pending_independent_chemist_review,CC(C)C[C@H](N)C(=O)O,C6H13NO2,ROHFNLRQFUQHCH-YFKPBYRVSA-N
paper-03987f5a75395436,L-phenylalanine,L-phenylalanine,SI compound L-phenylalanine,source_drawing_transcription,,pending_independent_chemist_review,N[C@@H](Cc1ccccc1)C(=O)O,C9H11NO2,COLNVLDHVKWLRT-QMMMGPOBSA-N
paper-03987f5a75395436,L-valine,L-valine,SI compound L-valine,source_drawing_transcription,,pending_independent_chemist_review,CC(C)[C@H](N)C(=O)O,C5H11NO2,KZSNJWFQEVHDMF-BYPYZUCNSA-N
paper-03987f5a75395436,Me2SO4,Me2SO4,SI compound Me2SO4,source_drawing_transcription,,pending_independent_chemist_review,COS(=O)(=O)OC,C2H6O4S,VAYGXNSJCAHWJZ-UHFFFAOYSA-N
paper-03987f5a75395436,MeOCHCl2,MeOCHCl2,SI compound MeOCHCl2,source_drawing_transcription,,pending_independent_chemist_review,COC(Cl)Cl,C2H4Cl2O,GRTGGSXWHGKRSB-UHFFFAOYSA-N
paper-03987f5a75395436,MeOH,MeOH,SI compound MeOH,source_drawing_transcription,,pending_independent_chemist_review,CO,CH4O,OKKJLVBELUTLKV-UHFFFAOYSA-N
paper-03987f5a75395436,S1,S1,SI compound S1,source_drawing_transcription,,pending_independent_chemist_review,CC(=O)c1cc(O)ccc1O,C8H8O3,WLDWSGZHNBANIO-UHFFFAOYSA-N
paper-03987f5a75395436,S2,S2,SI compound S2,source_drawing_transcription,,pending_independent_chemist_review,CC(=O)C1=CC(=O)C=CC1=O,C8H6O3,WWHDFTWNMBCRIK-UHFFFAOYSA-N
paper-03987f5a75395436,glycine,glycine,SI compound glycine,source_drawing_transcription,,pending_independent_chemist_review,NCC(=O)O,C2H5NO2,DHMQDGOQFOQNFH-UHFFFAOYSA-N
paper-07ff316d638655e4,1,1,Compound 1,source_drawing_transcription,,pending_independent_chemist_review,O=Cc1ccc(I)c(OC2CCCCO2)c1,C12H13IO3,HPZHQTDNARBXCP-UHFFFAOYSA-N
paper-07ff316d638655e4,10,10,Compound 10,source_drawing_transcription,,pending_independent_chemist_review,COc1cccc(-c2ccc(CCc3ccc(Br)cc3)cc2OC2CCCCO2)c1,C26H27BrO3,GMHRTSDKWUNWQJ-UHFFFAOYSA-N
paper-07ff316d638655e4,11,11,Compound 11,source_drawing_transcription,,pending_independent_chemist_review,C=Cc1ccc(OC)c(Oc2ccc(CCc3ccc(-c4cccc(OC)c4)c(OC4CCCCO4)c3)cc2)c1,C35H36O5,NOHJCYPQSWSUFQ-UHFFFAOYSA-N
paper-07ff316d638655e4,12,12,Compound 12,source_drawing_transcription,,pending_independent_chemist_review,C=Cc1ccc(OC)c(Oc2ccc(CCc3ccc(-c4cccc(OC)c4)c(O)c3)cc2)c1,C30H28O4,XETLXVHBWGQHID-UHFFFAOYSA-N
paper-07ff316d638655e4,13,13,Compound 13,source_drawing_transcription,macrocyclic_planar_stereochemistry_not_assigned,pending_independent_chemist_review,COc1cc2cc(c1)-c1ccc(cc1O)CCc1ccc(cc1)Oc1cc(ccc1OC)/C=C/2,C30H26O4,KEPLEFQXXWJSCI-AATRIKPKSA-N
paper-07ff316d638655e4,14,14,Compound 14,source_drawing_transcription,macrocyclic_planar_stereochemistry_not_assigned,pending_independent_chemist_review,Oc1cc2cc(c1)-c1ccc(cc1O)CCc1ccc(cc1)Oc1cc(ccc1O)CC2,C28H24O4,HCHQQWXBXPDZJH-UHFFFAOYSA-N
paper-07ff316d638655e4,15,15,Compound 15,source_drawing_transcription,,pending_independent_chemist_review,Oc1ccc(CCc2ccc(COc3ccccc3)c(OC3CCCCO3)c2)cc1,C26H28O4,ULDUHLARJGNJCF-UHFFFAOYSA-N
paper-07ff316d638655e4,16,16,Compound 16,source_drawing_transcription,,pending_independent_chemist_review,C=Cc1ccc([N+](=O)[O-])c(Oc2ccc(CCc3ccc(COc4ccccc4)c(OC4CCCCO4)c3)cc2)c1,C34H33NO6,FYQWQJYQSFNHSC-UHFFFAOYSA-N
paper-07ff316d638655e4,17,17,Compound 17,source_drawing_transcription,,pending_independent_chemist_review,C=Cc1ccc([N+](=O)[O-])c(Oc2ccc(CCc3ccc(COc4ccccc4)c(O)c3)cc2)c1,C29H25NO5,NSPRKOXWCXQLSO-UHFFFAOYSA-N
paper-07ff316d638655e4,18,18,Compound 18,source_drawing_transcription,macrocyclic_planar_stereochemistry_not_assigned,pending_independent_chemist_review,O=[N+]([O-])c1ccc2cc1Oc1ccc(cc1)CCc1ccc(c(O)c1)COc1cccc(c1)/C=C/2,C29H23NO5,IZNRTDKHCRKLIX-VOTSOKGWSA-N
paper-07ff316d638655e4,2,2,Compound 2,source_drawing_transcription,,pending_independent_chemist_review,O=Cc1ccc(COc2ccccc2)c(OC2CCCCO2)c1,C19H20O4,NQTHKBGDOOFTBL-UHFFFAOYSA-N
paper-07ff316d638655e4,3,3,Compound 3,source_drawing_transcription,E_Z_mixture_1_to_1.6,pending_independent_chemist_review,Brc1ccc(C=Cc2ccc(COc3ccccc3)c(OC3CCCCO3)c2)cc1,C26H25BrO3,SFXBBBSOSVDQAV-UHFFFAOYSA-N
paper-07ff316d638655e4,4,4,Compound 4,source_drawing_transcription,,pending_independent_chemist_review,Brc1ccc(CCc2ccc(COc3ccccc3)c(OC3CCCCO3)c2)cc1,C26H27BrO3,OPQTUUULRJNBMT-UHFFFAOYSA-N
paper-07ff316d638655e4,5,5,Compound 5,source_drawing_transcription,,pending_independent_chemist_review,C=Cc1ccc(OC)c(Oc2ccc(CCc3ccc(COc4ccccc4)c(OC4CCCCO4)c3)cc2)c1,C35H36O5,NWCYVALJNLICJT-UHFFFAOYSA-N
paper-07ff316d638655e4,6,6,Compound 6,source_drawing_transcription,,pending_independent_chemist_review,C=Cc1ccc(OC)c(Oc2ccc(CCc3ccc(COc4ccccc4)c(O)c3)cc2)c1,C30H28O4,SBVVYJYJHBAGRR-UHFFFAOYSA-N
paper-07ff316d638655e4,7,7,Compound 7,source_drawing_transcription,macrocyclic_planar_stereochemistry_not_assigned,pending_independent_chemist_review,COc1ccc2cc1Oc1ccc(cc1)CCc1ccc(c(O)c1)COc1cccc(c1)/C=C/2,C30H26O4,COVHYHUPGAFVBC-BQYQJAHWSA-N
paper-07ff316d638655e4,8,8,Compound 8,source_drawing_transcription,macrocyclic_planar_stereochemistry_not_assigned,pending_independent_chemist_review,Oc1cc2ccc1COc1cccc(c1)CCc1ccc(O)c(c1)Oc1ccc(cc1)CC2,C29H26O4,SRIXWYBNLBPIQQ-UHFFFAOYSA-N
paper-07ff316d638655e4,9,9,Compound 9,source_drawing_transcription,,pending_independent_chemist_review,COc1cccc(-c2ccc(C=O)cc2OC2CCCCO2)c1,C19H20O4,FFLZVTJYKNLRGN-UHFFFAOYSA-N
paper-07ff316d638655e4,S1,S1,Compound S1,source_drawing_transcription,,pending_independent_chemist_review,Brc1ccc(C[P+](c2ccccc2)(c2ccccc2)c2ccccc2)cc1.[Br-],C25H21Br2P,FQJYKXVQABPCRA-UHFFFAOYSA-M
paper-07ff316d638655e4,S2,S2,Compound S2,source_drawing_transcription,,pending_independent_chemist_review,C=Cc1ccc(OC)c(O)c1,C9H10O2,FXEIWOUGVRUQNK-UHFFFAOYSA-N
paper-07ff316d638655e4,S3,S3,Compound S3,source_drawing_transcription,,pending_independent_chemist_review,[Br-].c1ccc(COc2ccc(C[P+](c3ccccc3)(c3ccccc3)c3ccccc3)cc2)cc1,C32H28BrOP,ZQNNKZHVMFKXSH-UHFFFAOYSA-M
paper-07ff316d638655e4,S4,S4,Compound S4,source_drawing_transcription,,pending_independent_chemist_review,C=Cc1ccc([N+](=O)[O-])c(F)c1,C8H6FNO2,OKNXGWILKMLMGV-UHFFFAOYSA-N
paper-07ff316d638655e4,ortho-boronic-acid,ortho-boronic-acid,Compound ortho-boronic-acid,source_drawing_transcription,,pending_independent_chemist_review,COc1ccccc1B(O)O,C7H9BO3,ROEQGIFOWRQYHD-UHFFFAOYSA-N
paper-07ff316d638655e4,para-boronic-acid,para-boronic-acid,Compound para-boronic-acid,source_drawing_transcription,,pending_independent_chemist_review,COc1ccc(B(O)O)cc1,C7H9BO3,VOAAEKKFGLPLLU-UHFFFAOYSA-N
paper-07ff316d638655e4,starting-aldehyde,starting-aldehyde,Compound starting-aldehyde,source_drawing_transcription,,pending_independent_chemist_review,O=Cc1ccc(I)c(O)c1,C7H5IO2,IHLOHISMHMTTAA-UHFFFAOYSA-N
paper-0ae671ac9a8bbe22,1,1,(-)-Aspidospermidine,source_drawing_transcription,depicted_configuration_transcribed,pending_independent_chemist_review,CC[C@]12CCCN3CC[C@@]4(c5ccccc5N[C@H]4CC1)[C@@H]32,C19H26N2,YAAIPCQYJYPITK-VJANTYMQSA-N
paper-0ae671ac9a8bbe22,10,10,(-)-N-Acetylaspidoalbidine,source_drawing_transcription,depicted_configuration_transcribed,pending_independent_chemist_review,CC(=O)N1c2ccccc2[C@]23CCN4CCC[C@@]5(CCO[C@]452)CC[C@H]13,C21H26N2O2,APHMCINPFLAAQH-XSDIEEQYSA-N
paper-0ae671ac9a8bbe22,11,11,(-)-Haplocidine,source_drawing_transcription,depicted_configuration_transcribed,pending_independent_chemist_review,CC(=O)N1c2c(O)cccc2[C@]23CCN4CCC[C@@]5(CCO[C@]452)CC[C@H]13,C21H26N2O3,OZHFIQIIDYNXAD-ZIBCJSCZSA-N
paper-0ae671ac9a8bbe22,2,2,(-)-N-Methylaspidospermidine,source_drawing_transcription,depicted_configuration_transcribed,pending_independent_chemist_review,CC[C@]12CCCN3CC[C@@]4(c5ccccc5N(C)[C@H]4CC1)[C@@H]32,C20H28N2,SNPQKSKEMHGDOU-MUGJNUQGSA-N
paper-0ae671ac9a8bbe22,23,23,Known bicyclic starting intermediate 23,source_drawing_transcription,depicted_configuration_transcribed,pending_independent_chemist_review,O=C(CCBr)N[C@H]1[C@H]2C=CC[C@]1(c1ccccc1[N+](=O)[O-])C(=O)CC2,C18H19BrN2O4,RLGPZRWAHYVHNH-IGNZVWTISA-N
paper-0ae671ac9a8bbe22,24,24,Compound 24,source_drawing_transcription,depicted_configuration_transcribed,pending_independent_chemist_review,O=C(CCBr)N[C@H]1[C@H]2C=CC[C@@]13c1ccccc1N(C(=O)OCc1ccccc1)[C@H]3CC2,C26H27BrN2O3,SOODZKCRCKYEJZ-MJAGHPIESA-N
paper-0ae671ac9a8bbe22,25,25,Common pentacyclic core 25,source_drawing_transcription,depicted_configuration_transcribed,pending_independent_chemist_review,O=C[C@]12CCC(=O)N3[C@@H](O)C[C@@]4(c5ccccc5N(C(=O)OCc5ccccc5)[C@H]4CC1)[C@@H]32,C26H26N2O5,JMIMWDVMUPNWBF-XKMZBTKXSA-N
paper-0ae671ac9a8bbe22,26,26,Compound 26,source_drawing_transcription,source_unspecified_or_mixed,pending_independent_chemist_review,C=C[C@]12CCC(=O)N3C(O)C[C@@]4(c5ccccc5N(C(=O)OCc5ccccc5)[C@H]4CC1)[C@@H]32,C27H28N2O4,YFGOZXMLIMGOHY-HTMKEAHLSA-N
paper-0ae671ac9a8bbe22,27,27,Compound 27,source_drawing_transcription,depicted_configuration_transcribed,pending_independent_chemist_review,CC[C@]12CCCN3CC[C@@]4(c5ccccc5N(C(C)=O)[C@H]4CC1)[C@@H]32,C21H28N2O,GAVJVWWZBPAPEL-TUFLPTIASA-N
paper-0ae671ac9a8bbe22,28,28,Compound 28,source_drawing_transcription,depicted_configuration_transcribed,pending_independent_chemist_review,CC[C@]12CCCN3CC[C@@]4(c5cccc(CSC)c5N[C@H]4CC1)[C@@H]32,C21H30N2S,SMBCZGNIRLILBY-VMXMFDLUSA-N
paper-0ae671ac9a8bbe22,29,29,Compound 29,source_drawing_transcription,depicted_configuration_transcribed,pending_independent_chemist_review,CC[C@@]12CC=C3N(C(=O)OCc4ccccc4)c4ccccc4[C@@]34CCN(CCC1)[C@@H]24,C27H30N2O2,OLFAILOODOHHEA-URORMMCBSA-N
paper-0ae671ac9a8bbe22,3,3,O-Demethylaspidospermine (rotation-sign conflict),source_drawing_transcription,depicted_configuration_transcribed,pending_independent_chemist_review,CC[C@]12CCCN3CC[C@@]4(c5cccc(O)c5N(C(C)=O)[C@H]4CC1)[C@@H]32,C21H28N2O2,XLNXVRNSNBJROM-VMXMFDLUSA-N
paper-0ae671ac9a8bbe22,30,30,Compound 30,source_drawing_transcription,depicted_configuration_transcribed,pending_independent_chemist_review,CC[C@]12CCCN3CC[C@@]4(c5cccc(CSC)c5N(C(=O)OCc5ccccc5)[C@H]4CC1)[C@@H]32,C29H36N2O2S,RYKOCFJDJXXBOF-COTPGQAASA-N
paper-0ae671ac9a8bbe22,31,31,Compound 31,source_drawing_transcription,depicted_configuration_transcribed,pending_independent_chemist_review,CC[C@@]12CC=C3N(C(=O)OC)c4ccccc4[C@@]34CCN(CCC1)[C@@H]24,C21H26N2O2,RPJXSYYWGUJTOL-JBACZVJFSA-N
paper-0ae671ac9a8bbe22,32,32,Compound 32,source_drawing_transcription,source_unspecified_or_mixed,pending_independent_chemist_review,CO/C=C/[C@]12CCC(=O)N3C(O)C[C@@]4(c5ccccc5N(C(=O)OCc5ccccc5)[C@H]4CC1)[C@@H]32,C28H30N2O5,FHRVIARMVSHAKD-WQMCBZBJSA-N
paper-0ae671ac9a8bbe22,33,33,Compound 33,source_drawing_transcription,depicted_configuration_transcribed,pending_independent_chemist_review,O=C(OCc1ccccc1)N1c2ccccc2[C@@]23CCN4CCC[C@@](CCO)(CC[C@H]12)[C@H]43,C27H32N2O3,PKDSSPBIKKKLKJ-DROSFRCNSA-N
paper-0ae671ac9a8bbe22,34,34,Compound 34,source_drawing_transcription,depicted_configuration_transcribed,pending_independent_chemist_review,CC(=O)N1c2ccccc2[C@@]23CCN4CCC[C@@](CCO)(CC[C@H]12)[C@H]43,C21H28N2O2,XQIKBSXMFKNJBK-TUFLPTIASA-N
paper-0ae671ac9a8bbe22,35,35,Compound 35,source_drawing_transcription,depicted_configuration_transcribed,pending_independent_chemist_review,CC(=O)N1c2ccccc2[C@@]23CCN4CCC[C@@](CC=O)(CC[C@H]12)[C@H]43,C21H26N2O2,WEJASKQBYMJDJR-TUFLPTIASA-N
paper-0ae671ac9a8bbe22,36,36,Compound 36,source_drawing_transcription,depicted_configuration_transcribed,pending_independent_chemist_review,O=C1CC[C@@]2(CCO)CC[C@@H]3N(C(=O)OCc4ccccc4)c4ccccc4[C@@]34CCN1[C@@H]24,C27H30N2O4,OXDVHVYCOWEEOP-IGSOQLKZSA-N
paper-0ae671ac9a8bbe22,37,37,Compound 37,source_drawing_transcription,depicted_configuration_transcribed,pending_independent_chemist_review,CC(C)(C)[Si](C)(C)OCC[C@]12CCC(=O)N3CC[C@@]4(c5ccccc5N(C(=O)OCc5ccccc5)[C@H]4CC1)[C@@H]32,C33H44N2O4Si,ZSPSQUJVJZRTGD-DUWGAAESSA-N
paper-0ae671ac9a8bbe22,38,38,Compound 38,source_drawing_transcription,depicted_configuration_transcribed,pending_independent_chemist_review,CC(C)(C)[Si](C)(C)OCC[C@]12C=CC(=O)N3CC[C@@]4(c5ccccc5N(C(=O)OCc5ccccc5)[C@H]4CC1)[C@@H]32,C33H42N2O4Si,JBLUTBSTFRLCDO-DUWGAAESSA-N
paper-0ae671ac9a8bbe22,39,39,Compound 39,source_drawing_transcription,depicted_configuration_transcribed,pending_independent_chemist_review,O=C1C[C@@H]2OCC[C@@]23CC[C@@H]2N(C(=O)OCc4ccccc4)c4ccccc4[C@@]24CCN1[C@@H]34,C27H28N2O4,HBDRAIDFFHZWGM-KVVMQPAJSA-N
paper-0ae671ac9a8bbe22,4,4,(+)-Aspidospermine,source_drawing_transcription,depicted_configuration_transcribed,pending_independent_chemist_review,CC[C@]12CCCN3CC[C@@]4(c5cccc(OC)c5N(C(C)=O)[C@H]4CC1)[C@@H]32,C22H30N2O2,ARQOGCYMPUOVHK-QESAQDPVSA-N
paper-0ae671ac9a8bbe22,40,40,Formal-synthesis endpoint for (-)-deoxoapodine,source_drawing_transcription,depicted_configuration_transcribed,pending_independent_chemist_review,c1ccc2c(c1)N[C@H]1CC[C@]34CCO[C@H]3CCN3CC[C@]21[C@@H]34,C19H24N2O,FRDUSCBXBMQCHM-VMXHOPILSA-N
paper-0ae671ac9a8bbe22,5,5,(-)-Eburenine,source_drawing_transcription,depicted_configuration_transcribed,pending_independent_chemist_review,CC[C@]12CCCN3CC[C@]4(C(=Nc5ccccc54)CC1)[C@@H]32,C19H24N2,FGFBHTJUUGUSCK-FHWLQOOXSA-N
paper-0ae671ac9a8bbe22,6,6,(+)-Quebrachamine,source_drawing_transcription,depicted_configuration_transcribed,pending_independent_chemist_review,CC[C@]12CCCN(CCc3c([nH]c4ccccc34)CC1)C2,C19H26N2,FDNDLNFGITWTOZ-IBGZPJMESA-N
paper-0ae671ac9a8bbe22,7,7,(-)-Vincadifformine,source_drawing_transcription,depicted_configuration_transcribed,pending_independent_chemist_review,CC[C@]12CCCN3CC[C@]4(C(=C(C(=O)OC)C1)Nc1ccccc14)[C@@H]32,C21H26N2O2,GIGFIWJRTMBSRP-ACRUOGEOSA-N
paper-0ae671ac9a8bbe22,8,8,(-)-Limaspermidine,source_drawing_transcription,depicted_configuration_transcribed,pending_independent_chemist_review,OCC[C@]12CCCN3CC[C@@]4(c5ccccc5N[C@H]4CC1)[C@@H]32,C19H26N2O,XSMCTYIPFHFOEM-VJANTYMQSA-N
paper-0ae671ac9a8bbe22,9,9,(+)-12-Demethoxy-N-acetylcylindrocarine,source_drawing_transcription,depicted_configuration_transcribed,pending_independent_chemist_review,COC(=O)C[C@]12CCCN3CC[C@@]4(c5ccccc5N(C(C)=O)[C@H]4CC1)[C@@H]32,C22H28N2O3,CGBORLREKLCHSI-QESAQDPVSA-N
paper-0ae671ac9a8bbe22,S1,S1,Compound S1,source_drawing_transcription,depicted_configuration_transcribed,pending_independent_chemist_review,O=C(OCc1ccccc1)N1c2ccccc2[C@@]23CCN4CC[C@@H]5OCC[C@]5(CC[C@H]12)[C@H]43,C27H30N2O3,KVKWLVDUWYKXGF-SNQOQQGOSA-N
paper-0ae671ac9a8bbe22,U23_NH,,Unisolated N-unprotected indoline (interpreted),procedural_interpretation,depicted_configuration_transcribed,pending_independent_chemist_review,O=C(CCBr)N[C@H]1[C@H]2C=CC[C@@]13c1ccccc1N[C@H]3CC2,C18H21BrN2O,HSJGJEOXBUEDKM-FRJURHEUSA-N
paper-0ae671ac9a8bbe22,U23_imine,,Unisolated reductive-condensation imine (interpreted),procedural_interpretation,depicted_configuration_transcribed,pending_independent_chemist_review,O=C(CCBr)N[C@H]1[C@H]2C=CC[C@]13C(=Nc1ccccc13)CC2,C18H19BrN2O,NCJLDCGROPMBPA-IGNZVWTISA-N
paper-0ae671ac9a8bbe22,U24_CHO,,Dialdehyde equilibrium member (interpreted),procedural_interpretation,depicted_configuration_transcribed,pending_independent_chemist_review,O=CC[C@]12c3ccccc3N(C(=O)OCc3ccccc3)[C@H]1CC[C@H](C=O)[C@@H]2NC(=O)CCBr,C26H27BrN2O5,OPIQUBZXTYYREC-VWMGCSKSSA-N
paper-0ae671ac9a8bbe22,U24_hemi,,Hemiaminal equilibrium member (interpreted),procedural_interpretation,depicted_configuration_transcribed,pending_independent_chemist_review,O=C[C@@H]1CC[C@@H]2N(C(=O)OCc3ccccc3)c3ccccc3[C@@]23C[C@H](O)N(C(=O)CCBr)[C@@H]13,C26H27BrN2O5,KOXVHVQOCVQJDE-DGVLWEEZSA-N
paper-0ae671ac9a8bbe22,U26_H2,,"Hydrogenated, Cbz-deprotected hemiaminal (interpreted)",procedural_interpretation,source_unspecified_or_mixed,pending_independent_chemist_review,CC[C@]12CCC(=O)N3C(O)C[C@@]4(c5ccccc5N[C@H]4CC1)[C@@H]32,C19H24N2O2,HCIDYDPCOPAYBG-RMPXNZIMSA-N
paper-0ae671ac9a8bbe22,U26_LAH,,N-methyl vinyl intermediate (interpreted),procedural_interpretation,depicted_configuration_transcribed,pending_independent_chemist_review,C=C[C@]12CCCN3CC[C@@]4(c5ccccc5N(C)[C@H]4CC1)[C@@H]32,C20H26N2,XTWIDLKUMXIJME-MUGJNUQGSA-N
paper-0ae671ac9a8bbe22,U32_CHO,,Homologated aldehyde intermediate (interpreted),procedural_interpretation,source_unspecified_or_mixed,pending_independent_chemist_review,O=CC[C@]12CCC(=O)N3C(O)C[C@@]4(c5ccccc5N(C(=O)OCc5ccccc5)[C@H]4CC1)[C@@H]32,C27H28N2O5,XVOWZQZMNDATOM-HTMKEAHLSA-N
paper-0ae671ac9a8bbe22,U37_Se,,"Phenylselenide intermediate, unspecified new stereocenter (interpreted)",procedural_interpretation,source_unspecified_or_mixed,pending_independent_chemist_review,CC(C)(C)[Si](C)(C)OCC[C@@]12CC[C@@H]3N(C(=O)OCc4ccccc4)c4ccccc4[C@@]34CCN(C(=O)C([Se]c3ccccc3)C1)[C@@H]24,C39H48N2O4SeSi,PQTQJKPFEOWBSF-VHZMWRIVSA-N
paper-0bac8bc7088bc164,2,2,"(R)-2-(2,4-Dimethoxyphenyl)-3-(3-hydroxy-2-(3-methylbut-2-en-1-yl)phenoxy)propyl acetate",source_drawing_transcription,source_absolute_configuration_transcribed,pending_independent_chemist_review,COc1ccc([C@@H](COC(C)=O)COc2cccc(O)c2CC=C(C)C)c(OC)c1,C24H30O6,QWGHSZUUISPUPI-SFHVURJKSA-N
paper-0bac8bc7088bc164,3,3,"(S)-3-(2-(2,4-Dimethoxyphenyl)-3-hydroxypropoxy)-2-(3-methylbut-2-en-1-yl)phenol",source_drawing_transcription,source_absolute_configuration_transcribed,pending_independent_chemist_review,COc1ccc([C@@H](CO)COc2cccc(O)c2CC=C(C)C)c(OC)c1,C22H28O5,SRPPOCIBZCZHII-INIZCTEOSA-N
paper-0bac8bc7088bc164,4,4,"(R)-3-(2-(2,4-Dimethoxyphenyl)-3-iodopropoxy)-2-(3-methylbut-2-en-1-yl)phenol",source_drawing_transcription,source_absolute_configuration_transcribed,pending_independent_chemist_review,COc1ccc([C@@H](CI)COc2cccc(O)c2CC=C(C)C)c(OC)c1,C22H27IO4,VSVOGWURBCFNAK-INIZCTEOSA-N
paper-0bac8bc7088bc164,5,5,Source intermediate 5 (bracketed in Scheme 5),source_drawing_transcription,source_absolute_configuration_transcribed,pending_independent_chemist_review,COc1ccc([C@@H]2COc3c(ccc(O)c3CC=C(C)C)C2)c(OC)c1,C22H26O4,WBNTVZKYVFUMMG-INIZCTEOSA-N
paper-0bac8bc7088bc164,6,6,"(3R)-3-(2,4-Dimethoxyphenyl)-8,8-dimethyl-3,4,9,10-tetrahydro-2H,8H-pyrano[2,3-f]chromen-9-ol",source_drawing_transcription,diastereomeric_mixture_C9_unassigned,pending_independent_chemist_review,COc1ccc([C@@H]2COc3c(ccc4c3CC(O)C(C)(C)O4)C2)c(OC)c1,C22H26O5,CCHITJZMINXQSE-PVCZSOGJSA-N
paper-0bac8bc7088bc164,7,7,Source intermediate 7 (bracketed chloride in Scheme 5),source_drawing_transcription,C9_unassigned_source_bracket_intermediate,pending_independent_chemist_review,COc1ccc([C@@H]2COc3c(ccc4c3CC(Cl)C(C)(C)O4)C2)c(OC)c1,C22H25ClO4,BGTDUHGYQDJXEC-PVCZSOGJSA-N
paper-0bac8bc7088bc164,8,8,"(R)-3-(2,4-Dimethoxyphenyl)-8,8-dimethyl-3,4-dihydro-2H,8H-pyrano[2,3-f]chromene",source_drawing_transcription,source_absolute_configuration_transcribed,pending_independent_chemist_review,COc1ccc([C@@H]2COc3c(ccc4c3C=CC(C)(C)O4)C2)c(OC)c1,C22H24O4,MQSZHVFJSFLOMO-HNNXBMFYSA-N
paper-0bac8bc7088bc164,9,9,(R)-Glabridin,source_drawing_transcription,source_absolute_configuration_transcribed,pending_independent_chemist_review,CC1(C)C=Cc2c(ccc3c2OC[C@@H](c2ccc(O)cc2O)C3)O1,C20H20O4,LBQIJVLKGVZRIW-ZDUSSCGKSA-N
paper-0bac8bc7088bc164,a,a,"2-(3-Methylbut-2-en-1-yl)benzene-1,3-diol",source_drawing_transcription,achiral,pending_independent_chemist_review,CC(C)=CCc1c(O)cccc1O,C11H14O2,HSBIHISMDNUECF-UHFFFAOYSA-N
paper-0bac8bc7088bc164,a1,a1,Resorcinol,source_drawing_transcription,achiral,pending_independent_chemist_review,Oc1cccc(O)c1,C6H6O2,GHMLBKRAJCXXBS-UHFFFAOYSA-N
paper-0bac8bc7088bc164,a2,a2,"1,3-Bis((tetrahydro-2H-pyran-2-yl)oxy)benzene",source_drawing_transcription,THP_acetal_centers_unassigned,pending_independent_chemist_review,c1cc(OC2CCCCO2)cc(OC2CCCCO2)c1,C16H22O4,MYFFMTVFTIHNHD-UHFFFAOYSA-N
paper-0bac8bc7088bc164,a3,a3,"2,2'-((2-(3-Methylbut-2-en-1-yl)-1,3-phenylene)bis(oxy))bis(tetrahydro-2H-pyran)",source_drawing_transcription,THP_acetal_centers_unassigned,pending_independent_chemist_review,CC(C)=CCc1c(OC2CCCCO2)cccc1OC1CCCCO1,C21H30O4,GVLUJVBRVFGBOB-UHFFFAOYSA-N
paper-0bac8bc7088bc164,b,b,"(R)-2-(2,4-Dimethoxyphenyl)-3-hydroxypropyl acetate",source_drawing_transcription,source_absolute_configuration_transcribed,pending_independent_chemist_review,COc1ccc([C@H](CO)COC(C)=O)c(OC)c1,C13H18O5,ZGMMNLAKYXZUBK-SNVBAGLBSA-N
paper-0bac8bc7088bc164,b1,b1,"1,3-Dimethoxybenzene",source_drawing_transcription,achiral,pending_independent_chemist_review,COc1cccc(OC)c1,C8H10O2,DPZNOMCNRMUKPS-UHFFFAOYSA-N
paper-0bac8bc7088bc164,b2,b2,"1-Iodo-2,4-dimethoxybenzene",source_drawing_transcription,achiral,pending_independent_chemist_review,COc1ccc(I)c(OC)c1,C8H9IO2,ZDUYJCKEORTAQE-UHFFFAOYSA-N
paper-0bac8bc7088bc164,b3,b3,"Diethyl 2-(2,4-dimethoxyphenyl)malonate",source_drawing_transcription,achiral,pending_independent_chemist_review,CCOC(=O)C(C(=O)OCC)c1ccc(OC)cc1OC,C15H20O6,VDTISFREXVXWRP-UHFFFAOYSA-N
paper-0bac8bc7088bc164,b4,b4,"2-(2,4-Dimethoxyphenyl)propane-1,3-diol",source_drawing_transcription,achiral,pending_independent_chemist_review,COc1ccc(C(CO)CO)c(OC)c1,C11H16O4,AMMIHQNAXDLEIQ-UHFFFAOYSA-N
paper-0e05697c35b4bd20,27,27,SI compound 27,source_drawing_transcription,,pending_independent_chemist_review,COc1ccc(NN)cc1,C7H10N2O,PVRSIFAEUCUJPK-UHFFFAOYSA-N
paper-0e05697c35b4bd20,37,37,SI compound 37,source_drawing_transcription,"source (+)-37, 90% ee",pending_independent_chemist_review,COC(=O)[C@@]1(C)CCCC1=O,C8H12O3,TZHZMYGNHVTEFA-QMMMGPOBSA-N
paper-0e05697c35b4bd20,38,38,SI compound 38,source_drawing_transcription,,pending_independent_chemist_review,CC(C)(C)[Si](C)(C)OC1=CCC[C@]1(C)CO,C13H26O2Si,DAACQYXXNCWEAI-CYBMUJFWSA-N
paper-0e05697c35b4bd20,39,39,SI compound 39,source_drawing_transcription,,pending_independent_chemist_review,CC(C)(C)[Si](C)(C)OC1=CCC[C@]1(C)CO[Si](c1ccccc1)(c1ccccc1)C(C)(C)C,C29H44O2Si2,NARSREKAAKKGLR-GDLZYMKVSA-N
paper-0e05697c35b4bd20,4,4,SI compound 4,source_drawing_transcription,,pending_independent_chemist_review,COc1ccc2c(c1)[C@]13CCN(C)[C@@]1(N2)[C@@](C)(CO)CC3,C17H24N2O2,SOZFDJGIYZJIHU-IKGGRYGDSA-N
paper-0e05697c35b4bd20,41,41,SI compound 41,source_drawing_transcription,,pending_independent_chemist_review,CC(C)(C)[Si](C)(C)OC1=C(CC#N)CC[C@]1(C)CO[Si](c1ccccc1)(c1ccccc1)C(C)(C)C,C31H45NO2Si2,KOFABURWYWGAKK-WJOKGBTCSA-N
paper-0e05697c35b4bd20,42,42,SI compound 42,source_drawing_transcription,C3 wavy bond: unspecified ketone diastereomer; C3-prime drawn absolute configuration,pending_independent_chemist_review,CN(CCC1CC[C@](C)(CO[Si](c2ccccc2)(c2ccccc2)C(C)(C)C)C1=O)S(=O)(=O)c1ccc([N+](=O)[O-])cc1,C32H40N2O6SSi,YJMRBWPGIMBIPY-YNKGCYCKSA-N
paper-0e05697c35b4bd20,44,44,SI compound 44,source_drawing_transcription,source major diastereomer of 2.3:1 mixture,pending_independent_chemist_review,COc1ccc2c(c1)[C@@]1(CCN(C)S(=O)(=O)c3ccc([N+](=O)[O-])cc3)CC[C@](C)(CO[Si](c3ccccc3)(c3ccccc3)C(C)(C)C)C1=N2,C39H45N3O6SSi,OMIRBWSRGRECSF-RGULYWFUSA-N
paper-0e05697c35b4bd20,45,45,SI compound 45,source_drawing_transcription,"source major isolated aminal, >20:1 dr",pending_independent_chemist_review,COc1ccc2c(c1)[C@]13CCN(C)[C@@]1(N2)[C@@](C)(CO[Si](c1ccccc1)(c1ccccc1)C(C)(C)C)CC3,C33H42N2O2Si,ULJPDKBTGNLMBW-CEUYOYMZSA-N
paper-0e05697c35b4bd20,chloroacetonitrile,chloroacetonitrile,SI compound chloroacetonitrile,source_drawing_transcription,,pending_independent_chemist_review,N#CCCl,C2H2ClN,RENMDAKOXSCIGH-UHFFFAOYSA-N
paper-12c087bbcec8cc4c,1,1,,source_drawing_transcription,source-drawn stereochemistry retained,pending_independent_chemist_review,O=C(/C=C/c1ccc(O)c(O)c1)NCCCCNCCCNC(=O)CCc1ccc(O)c(O)c1,C25H33N3O6,XDDSOCJPDWQPIW-UXBLZVDNSA-N
paper-12c087bbcec8cc4c,10,10,,source_drawing_transcription,tetrahedral configuration unspecified in source,pending_independent_chemist_review,COC(=O)C(C)N(CCCCNC(=O)OC(C)(C)C)CCCNC(=O)CCc1ccc(OC)c(OC)c1,C27H45N3O7,JSWYGPSUJABDHF-UHFFFAOYSA-N
paper-12c087bbcec8cc4c,11,11,,source_drawing_transcription,tetrahedral configuration unspecified in source,pending_independent_chemist_review,COC(=O)C(C)N(CCCCN)CCCNC(=O)CCc1ccc(OC)c(OC)c1,C22H37N3O5,CDVSXGLRROTZPB-UHFFFAOYSA-N
paper-12c087bbcec8cc4c,12,12,,source_drawing_transcription,tetrahedral configuration unspecified in source,pending_independent_chemist_review,COC(=O)C(C)N(CCCCNC(=O)/C=C/c1ccc(OC)c(OC)c1)CCCNC(=O)CCc1ccc(OC)c(OC)c1,C33H47N3O8,ARCOSXGROLXYMD-FOWTUZBSSA-N
paper-12c087bbcec8cc4c,13,13,,source_drawing_transcription,tetrahedral configuration unspecified in source,pending_independent_chemist_review,COc1ccc(/C=C/C(=O)NCCCCN(CCCNC(=O)CCc2ccc(OC)c(OC)c2)C(C)C(=O)O)cc1OC,C32H45N3O8,XDWGLMULZBECHB-RVDMUPIBSA-N
paper-12c087bbcec8cc4c,2,2,,source_drawing_transcription,racemate explicitly reported,pending_independent_chemist_review,CC(C(=O)O)N(CCCCNC(=O)/C=C/c1ccc(O)c(O)c1)CCCNC(=O)CCc1ccc(O)c(O)c1,C28H37N3O8,BVJWXXRDELHSHN-YRNVUSSQSA-N
paper-12c087bbcec8cc4c,3,3,,source_drawing_transcription,source-drawn stereochemistry retained,pending_independent_chemist_review,CC(C)(C)OC(=O)NCCCCN,C9H20N2O2,ZFQWJXFJJZUVPI-UHFFFAOYSA-N
paper-12c087bbcec8cc4c,4,4,,source_drawing_transcription,source-drawn stereochemistry retained,pending_independent_chemist_review,CC(C)(C)OC(=O)NCCCCNCCC#N,C12H23N3O2,YHWSTQMDXGCLEA-UHFFFAOYSA-N
paper-12c087bbcec8cc4c,5,5,,source_drawing_transcription,source-drawn stereochemistry retained,pending_independent_chemist_review,CC(C)(C)OC(=O)NCCCCN(CCC#N)C(=O)OCc1ccccc1,C20H29N3O4,DJEJZKGEHXDMSN-UHFFFAOYSA-N
paper-12c087bbcec8cc4c,6,6,,source_drawing_transcription,source-drawn stereochemistry retained,pending_independent_chemist_review,COc1ccc(CCC(=O)NCCCN(CCCCNC(=O)OC(C)(C)C)C(=O)OCc2ccccc2)cc1OC,C31H45N3O7,WZTDIIMTIWTIFY-UHFFFAOYSA-N
paper-12c087bbcec8cc4c,7,7,,source_drawing_transcription,source-drawn stereochemistry retained,pending_independent_chemist_review,COc1ccc(CCC(=O)NCCCN(CCCCN)C(=O)OCc2ccccc2)cc1OC,C26H37N3O5,FOYZLCHDBJLXNH-UHFFFAOYSA-N
paper-12c087bbcec8cc4c,8,8,,source_drawing_transcription,source-drawn stereochemistry retained,pending_independent_chemist_review,COc1ccc(/C=C/C(=O)NCCCCN(CCCNC(=O)CCc2ccc(OC)c(OC)c2)C(=O)OCc2ccccc2)cc1OC,C37H47N3O8,KBAYDKMVCMOEAE-XDJHFCHBSA-N
paper-12c087bbcec8cc4c,9,9,,source_drawing_transcription,tetrahedral configuration unspecified in source,pending_independent_chemist_review,COC(=O)C(C)N(CCC#N)CCCCNC(=O)OC(C)(C)C,C16H29N3O4,ITIREYHUJXSLIS-UHFFFAOYSA-N
paper-12c087bbcec8cc4c,B,B,,source_drawing_transcription,source-drawn stereochemistry retained,pending_independent_chemist_review,COc1ccc(CCC(=O)ON2C(=O)CCC2=O)cc1OC,C15H17NO6,TYQYALDLFJXPBA-UHFFFAOYSA-N
paper-12c087bbcec8cc4c,C,C,,source_drawing_transcription,source-drawn stereochemistry retained,pending_independent_chemist_review,COc1ccc(/C=C/C(=O)ON2C(=O)CCC2=O)cc1OC,C15H15NO6,IQTAMSBUOWDMLM-XBXARRHUSA-N
paper-12c087bbcec8cc4c,CbzCl,,benzyl chloroformate,procedural_interpretation,source-drawn stereochemistry retained,pending_independent_chemist_review,O=C(Cl)OCc1ccccc1,C8H7ClO2,HSDAJNMJOMSNEV-UHFFFAOYSA-N
paper-12c087bbcec8cc4c,NHS,,N-hydroxysuccinimide,procedural_interpretation,source-drawn stereochemistry retained,pending_independent_chemist_review,O=C1CCC(=O)N1O,C4H5NO3,NQTADLQHYWFPDB-UHFFFAOYSA-N
paper-12c087bbcec8cc4c,acid-B,,,source_drawing_transcription,source-drawn stereochemistry retained,pending_independent_chemist_review,COc1ccc(CCC(=O)O)cc1OC,C11H14O4,LHHKQWQTBCTDQM-UHFFFAOYSA-N
paper-12c087bbcec8cc4c,acid-C,,,source_drawing_transcription,source-drawn stereochemistry retained,pending_independent_chemist_review,COc1ccc(/C=C/C(=O)O)cc1OC,C11H12O4,HJBWJAPEBGSQPR-GQCTYLIASA-N
paper-12c087bbcec8cc4c,acrylonitrile,,,source_drawing_transcription,source-drawn stereochemistry retained,pending_independent_chemist_review,C=CC#N,C3H3N,NLHHRLWOUZZQLW-UHFFFAOYSA-N
paper-12c087bbcec8cc4c,methyl-2-bromopropionate,,,source_drawing_transcription,tetrahedral configuration unspecified in source,pending_independent_chemist_review,COC(=O)C(C)Br,C4H7BrO2,ACEONLNNWKIPTM-UHFFFAOYSA-N
paper-13a38f0d3231b5ac,1,1,Yingzhaosu C,source_drawing_transcription,Individual stereoisomer identity; sample composition belongs to reaction records,pending_independent_chemist_review,Cc1ccc([C@@]2(C)CC[C@@H](C(C)(C)O)OO2)cc1,C15H22O3,FCQCSKGBKUYFSW-DZGCQCFKSA-N
paper-13a38f0d3231b5ac,2,2,epi-Yingzhaosu C,source_drawing_transcription,Individual stereoisomer identity; sample composition belongs to reaction records,pending_independent_chemist_review,Cc1ccc([C@@]2(C)CC[C@H](C(C)(C)O)OO2)cc1,C15H22O3,FCQCSKGBKUYFSW-UKRRQHHQSA-N
paper-13a38f0d3231b5ac,5R,5,(R)-6-methyl-2-(p-tolyl)hept-5-en-2-ol,source_drawing_transcription,Individual stereoisomer identity; sample composition belongs to reaction records,pending_independent_chemist_review,CC(C)=CCC[C@@](C)(O)c1ccc(C)cc1,C15H22O,WQIRCLDVWQIBLO-OAHLLOKOSA-N
paper-13a38f0d3231b5ac,5S,5,(S)-6-methyl-2-(p-tolyl)hept-5-en-2-ol,source_drawing_transcription,Individual stereoisomer identity; sample composition belongs to reaction records,pending_independent_chemist_review,CC(C)=CCC[C@](C)(O)c1ccc(C)cc1,C15H22O,WQIRCLDVWQIBLO-HNNXBMFYSA-N
paper-13a38f0d3231b5ac,6R,6,(R)-1-(2-hydroperoxy-6-methylhept-5-en-2-yl)-4-methylbenzene,source_drawing_transcription,Individual stereoisomer identity; sample composition belongs to reaction records,pending_independent_chemist_review,CC(C)=CCC[C@@](C)(OO)c1ccc(C)cc1,C15H22O2,BKMZGFQJMDYENG-OAHLLOKOSA-N
paper-13a38f0d3231b5ac,6S,6,(S)-1-(2-hydroperoxy-6-methylhept-5-en-2-yl)-4-methylbenzene,procedural_interpretation,Individual stereoisomer identity; sample composition belongs to reaction records,pending_independent_chemist_review,CC(C)=CCC[C@](C)(OO)c1ccc(C)cc1,C15H22O2,BKMZGFQJMDYENG-HNNXBMFYSA-N
paper-13a38f0d3231b5ac,7,7,"(3R,6S)-6-(2-hydroperoxypropan-2-yl)-3-methyl-3-(p-tolyl)-1,2-dioxane",source_drawing_transcription,Individual stereoisomer identity; sample composition belongs to reaction records,pending_independent_chemist_review,Cc1ccc([C@@]2(C)CC[C@@H](C(C)(C)OO)OO2)cc1,C15H22O4,KNCWDEQIPPNDSE-DZGCQCFKSA-N
paper-13a38f0d3231b5ac,8,8,"(3R,6R)-6-(2-hydroperoxypropan-2-yl)-3-methyl-3-(p-tolyl)-1,2-dioxane",source_drawing_transcription,Individual stereoisomer identity; sample composition belongs to reaction records,pending_independent_chemist_review,Cc1ccc([C@@]2(C)CC[C@H](C(C)(C)OO)OO2)cc1,C15H22O4,KNCWDEQIPPNDSE-UKRRQHHQSA-N
paper-13a38f0d3231b5ac,MeMgBr,,methylmagnesium bromide,procedural_interpretation,Individual stereoisomer identity; sample composition belongs to reaction records,pending_independent_chemist_review,[Br-].[CH3-].[Mg+2],CH3BrMg,NXPHGHWWQRMDIA-UHFFFAOYSA-M
paper-13a38f0d3231b5ac,acetophenone,,4-methylacetophenone,procedural_interpretation,Individual stereoisomer identity; sample composition belongs to reaction records,pending_independent_chemist_review,CC(=O)c1ccc(C)cc1,C9H10O,GNKZMNRKLCTJAY-UHFFFAOYSA-N
paper-13a38f0d3231b5ac,ent-1,ent-1,ent-Yingzhaosu C,source_drawing_transcription,Individual stereoisomer identity; sample composition belongs to reaction records,pending_independent_chemist_review,Cc1ccc([C@]2(C)CC[C@H](C(C)(C)O)OO2)cc1,C15H22O3,FCQCSKGBKUYFSW-HIFRSBDPSA-N
paper-13a38f0d3231b5ac,ent-2,ent-2,ent-epi-Yingzhaosu C,source_drawing_transcription,Individual stereoisomer identity; sample composition belongs to reaction records,pending_independent_chemist_review,Cc1ccc([C@]2(C)CC[C@@H](C(C)(C)O)OO2)cc1,C15H22O3,FCQCSKGBKUYFSW-ZFWWWQNUSA-N
paper-13a38f0d3231b5ac,ent-7,ent-7,"(3S,6R)-6-(2-hydroperoxypropan-2-yl)-3-methyl-3-(p-tolyl)-1,2-dioxane",source_drawing_transcription,Individual stereoisomer identity; sample composition belongs to reaction records,pending_independent_chemist_review,Cc1ccc([C@]2(C)CC[C@H](C(C)(C)OO)OO2)cc1,C15H22O4,KNCWDEQIPPNDSE-HIFRSBDPSA-N
paper-13a38f0d3231b5ac,ent-8,ent-8,"(3S,6S)-6-(2-hydroperoxypropan-2-yl)-3-methyl-3-(p-tolyl)-1,2-dioxane",source_drawing_transcription,Individual stereoisomer identity; sample composition belongs to reaction records,pending_independent_chemist_review,Cc1ccc([C@]2(C)CC[C@@H](C(C)(C)OO)OO2)cc1,C15H22O4,KNCWDEQIPPNDSE-ZFWWWQNUSA-N
paper-13a38f0d3231b5ac,ketone,,5-methyl-1-(p-tolyl)hex-4-en-1-one,procedural_interpretation,Individual stereoisomer identity; sample composition belongs to reaction records,pending_independent_chemist_review,CC(C)=CCCC(=O)c1ccc(C)cc1,C14H18O,YIHFEONJSLZLIP-UHFFFAOYSA-N
paper-13a38f0d3231b5ac,prenylMgBr,,(4-methylpent-3-en-1-yl)magnesium bromide,procedural_interpretation,Individual stereoisomer identity; sample composition belongs to reaction records,pending_independent_chemist_review,[Br-].[CH2-]CC=C(C)C.[Mg+2],C6H11BrMg,IRYUEWRDTIMXIC-UHFFFAOYSA-M
paper-16903c93b7961b97,(+)-1b,(+)-1b,SI compound (+)-1b,source_drawing_transcription,benzylic R inherited from L-adrenaline; C19 solid/hashed drawing; cation without counterion,pending_independent_chemist_review,CN1C(=O)N(C)[C@@]2(Oc3c(O)cc4c(c3C3=C2C(=O)c2c(CCN)c[nH]c2C3=O)[C@@H](O)C[N+]4(C)C)C1=O,C25H26N5O7+,YOXFPJITBOPKPN-CANCMXDXSA-O
paper-16903c93b7961b97,10,10,SI compound 10,source_drawing_transcription,racemic,pending_independent_chemist_review,CN(C)CCc1ccc(OCc2ccccc2)c2c1C1=C(C(=O)c3c(CCNC(=O)OC(C)(C)C)c[nH]c3C1=O)C1(O2)C(=O)N(C)C(=O)N1C,C37H41N5O8,GHSYEOHZFCDCGZ-UHFFFAOYSA-N
paper-16903c93b7961b97,10a,10a,SI compound 10a,source_drawing_transcription,racemic; observed alternative oxidation product,pending_independent_chemist_review,CN(C)CCc1ccc(O)c2c1C1=C(C(=O)c3c(CCNC(=O)OC(C)(C)C)c[nH]c3C1=O)C1(O2)C(=O)N(C)C(=O)N1C,C30H35N5O8,LAEKICUXQDIYHD-UHFFFAOYSA-N
paper-16903c93b7961b97,11,11,SI compound 11,source_drawing_transcription,,pending_independent_chemist_review,CC(C)(C)OC(=O)NCCc1c[nH]c2ccccc12,C15H20N2O2,UJUWQLXEMKUVGE-UHFFFAOYSA-N
paper-16903c93b7961b97,12,12,SI compound 12,source_drawing_transcription,drawn crude intermediate,pending_independent_chemist_review,CC(C)(C)OC(=O)NCCc1c(B2OC(C)(C)C(C)(C)O2)[nH]c2c(B3OC(C)(C)C(C)(C)O3)cccc12,C27H42B2N2O6,JNOWQLBEOOGWND-UHFFFAOYSA-N
paper-16903c93b7961b97,13,13,SI compound 13,source_drawing_transcription,,pending_independent_chemist_review,CC(C)(C)OC(=O)NCCc1c[nH]c2c(B3OC(C)(C)C(C)(C)O3)cccc12,C21H31BN2O4,BIWCHSRXBLSJPV-UHFFFAOYSA-N
paper-16903c93b7961b97,14,14,SI compound 14,source_drawing_transcription,,pending_independent_chemist_review,CN(C)CCc1ccc2c(c1)O[Si](C(C)(C)C)(C(C)(C)C)O2,C18H31NO2Si,AQIBFWINIOKFRL-UHFFFAOYSA-N
paper-16903c93b7961b97,15,15,SI compound 15,source_drawing_transcription,racemic; 15:S3 = 3:1 regioisomer mixture yield,pending_independent_chemist_review,CN(C)CCc1ccc(O[Si](O)(C(C)(C)C)C(C)(C)C)c(OC2C(=O)N(C)C(=O)N2C)c1,C23H39N3O5Si,NIFFBDFOAHSOIN-UHFFFAOYSA-N
paper-16903c93b7961b97,16,16,SI compound 16,source_drawing_transcription,,pending_independent_chemist_review,[BH3-][N+](C)(C)CCc1ccc(OCc2ccccc2)c(OC2C(=O)N(C)C(=O)N2C)c1,C22H30BN3O4,XLTYCVYVVMREJV-UHFFFAOYSA-N
paper-16903c93b7961b97,17,17,SI compound 17,source_drawing_transcription,,pending_independent_chemist_review,[BH3-][N+](C)(C)CCc1ccc(OCc2ccccc2)c(Oc2c(O[Si](C)(C)C(C)(C)C)n(C)c(=O)n2C)c1,C28H44BN3O4Si,FPVCPSHILLUDQT-UHFFFAOYSA-N
paper-16903c93b7961b97,18,18,SI compound 18,source_drawing_transcription,racemic; no absolute configuration assigned,pending_independent_chemist_review,[BH3-][N+](C)(C)CCc1ccc(OCc2ccccc2)c(OC2(C3=CC(=O)c4[nH]cc(CCNC(=O)OC(C)(C)C)c4C3=O)C(=O)N(C)C(=O)N2C)c1,C37H46BN5O8,OUERZIMZEVFPRT-UHFFFAOYSA-N
paper-16903c93b7961b97,19,19,SI compound 19,source_drawing_transcription,observed Claisen intermediate; relative configuration unspecified,pending_independent_chemist_review,CN(C)CCc1ccc(OCc2ccccc2)c(O)c1C1C(=O)c2[nH]cc(CCNC(=O)OC(C)(C)C)c2C(=O)C1=C1C(=O)N(C)C(=O)N1C,C37H43N5O8,RNXGNHRMFOUDQF-UHFFFAOYSA-N
paper-16903c93b7961b97,1a,1a,SI compound 1a,source_drawing_transcription,"racemate; cation representation, chloride/protonation equivalents not fixed",pending_independent_chemist_review,CN1C(=O)N(C)C2(Oc3c(O)cc4c(c3C3=C2C(=O)c2c(CCN)c[nH]c2C3=O)CC[N+]4(C)C)C1=O,C25H26N5O6+,UEKKREMMIOJMRO-UHFFFAOYSA-O
paper-16903c93b7961b97,1b,1b,SI compound 1b,source_drawing_transcription,racemic; source relative pair retained as unresolved stereo review,pending_independent_chemist_review,CN1C(=O)N(C)C2(Oc3c(O)cc4c(c3C3=C2C(=O)c2c(CCN)c[nH]c2C3=O)C(O)C[N+]4(C)C)C1=O,C25H26N5O7+,YOXFPJITBOPKPN-UHFFFAOYSA-O
paper-16903c93b7961b97,20a,20a,SI compound 20a,source_drawing_transcription,transient observed hydrogenation intermediate; no isolated yield,pending_independent_chemist_review,CN(C)CCc1ccc(OCc2ccccc2)c(O)c1-c1c(C2C(=O)N(C)C(=O)N2C)c(O)c2c(CCNC(=O)OC(C)(C)C)c[nH]c2c1O,C37H45N5O8,WSATWDURJRVNMP-UHFFFAOYSA-N
paper-16903c93b7961b97,20b,20b,SI compound 20b,source_drawing_transcription,transient observed hydrogenation intermediate; no isolated yield,pending_independent_chemist_review,CN(C)CCc1ccc(O)c(O)c1-c1c(C2C(=O)N(C)C(=O)N2C)c(O)c2c(CCNC(=O)OC(C)(C)C)c[nH]c2c1O,C30H39N5O8,NAIHPWLNADLMCG-UHFFFAOYSA-N
paper-16903c93b7961b97,21,21,SI compound 21,source_drawing_transcription,"racemic; permanently charged ammonium cation, counterion omitted",pending_independent_chemist_review,CN1C(=O)N(C)C2(Oc3c(O)cc4c(c3C3=C2C(=O)c2c(CCNC(=O)OC(C)(C)C)c[nH]c2C3=O)CC[N+]4(C)C)C1=O,C30H34N5O8+,NRVLHTHMHKPNJM-UHFFFAOYSA-O
paper-16903c93b7961b97,23,23,SI compound 23,source_drawing_transcription,,pending_independent_chemist_review,CC(C)(C)OC(=O)NCCc1c[nH]c2c1C(=O)C=C(Br)C2=O,C15H17BrN2O4,LPMQMSPFOLHGLB-UHFFFAOYSA-N
paper-16903c93b7961b97,24,24,SI compound 24,source_drawing_transcription,,pending_independent_chemist_review,CC(C)(C)OC(=O)NCCc1c[nH]c2c1C(=O)C(Br)=CC2=O,C15H17BrN2O4,DDACYPHLCWCFDL-UHFFFAOYSA-N
paper-16903c93b7961b97,25,25,SI compound 25,source_drawing_transcription,,pending_independent_chemist_review,CN(C)CCc1ccc(OCc2ccccc2)c(OC2(C3=CC(=O)c4c(CCNC(=O)OC(C)(C)C)c[nH]c4C3=O)C(=O)N(C)C(=O)N2C)c1,C37H43N5O8,DPSSSADJLLGQLH-UHFFFAOYSA-N
paper-16903c93b7961b97,26,26,SI compound 26,source_drawing_transcription,,pending_independent_chemist_review,CN(C)CCc1ccc(OCc2ccccc2)c2c1C1=C(C(=O)c3[nH]cc(CCNC(=O)OC(C)(C)C)c3C1=O)C1(O2)C(=O)N(C)C(=O)N1C,C37H41N5O8,YQWIUVZGSAIJQJ-UHFFFAOYSA-N
paper-16903c93b7961b97,27a,27a,SI compound 27a,source_drawing_transcription,racemate; cation without counterion,pending_independent_chemist_review,CN1C(=O)N(C)C2(Oc3c(O)cc4c(c3C3=C2C(=O)c2[nH]cc(CCN)c2C3=O)CC[N+]4(C)C)C1=O,C25H26N5O6+,XKZZRYYODFINEE-UHFFFAOYSA-O
paper-16903c93b7961b97,27b,27b,SI compound 27b,source_drawing_transcription,racemate; relative pair pending stereochemical transcription,pending_independent_chemist_review,CN1C(=O)N(C)C2(Oc3c(O)cc4c(c3C3=C2C(=O)c2[nH]cc(CCN)c2C3=O)C(O)C[N+]4(C)C)C1=O,C25H26N5O7+,WKHFTDBBKDOAPT-UHFFFAOYSA-O
paper-16903c93b7961b97,28,28,SI compound 28,source_drawing_transcription,L-adrenaline-derived benzylic R; acetal center where present not assigned,pending_independent_chemist_review,CN(C)C[C@H](O)c1ccc2c(c1)OC(c1ccccc1)O2,C17H19NO3,IHFRJGHKHOSYSV-MBIQTGHCSA-N
paper-16903c93b7961b97,29a,29a,SI compound 29a,source_drawing_transcription,L-adrenaline-derived benzylic R; acetal center where present not assigned,pending_independent_chemist_review,CN(C)C[C@H](O)c1ccc(OCc2ccccc2)c(O)c1,C17H21NO3,BYGFUYWRQURADE-INIZCTEOSA-N
paper-16903c93b7961b97,29b,29b,SI compound 29b,source_drawing_transcription,L-adrenaline-derived benzylic R; acetal center where present not assigned,pending_independent_chemist_review,CN(C)C[C@H](O)c1ccc(O)c(OCc2ccccc2)c1,C17H21NO3,DMHYFLXRKBXYQM-INIZCTEOSA-N
paper-16903c93b7961b97,"3,4-dihydroxybenzaldehyde","3,4-dihydroxybenzaldehyde","SI compound 3,4-dihydroxybenzaldehyde",source_drawing_transcription,,pending_independent_chemist_review,O=Cc1ccc(O)c(O)c1,C7H6O3,IBGBGRVKPALMCQ-UHFFFAOYSA-N
paper-16903c93b7961b97,30,30,SI compound 30,source_drawing_transcription,1:1 hydantoin epimers; benzylic center inherited from L-adrenaline,pending_independent_chemist_review,[BH3-][N+](C)(C)C[C@H](O[Si](CC)(CC)CC)c1ccc(OCc2ccccc2)c(OC2C(=O)N(C)C(=O)N2C)c1,C28H44BN3O5Si,HOPPTYCOBFBVDB-PVCWFJFTSA-N
paper-16903c93b7961b97,31,31,SI compound 31,source_drawing_transcription,inseparable 1:1 C19 epimers,pending_independent_chemist_review,CN(C)C[C@H](O)c1ccc(OCc2ccccc2)c(OC2(C3=CC(=O)c4[nH]cc(CCNC(=O)OC(C)(C)C)c4C3=O)C(=O)N(C)C(=O)N2C)c1,C37H43N5O9,QCNQYHJQTPLWKV-YTCZSSRZSA-N
paper-16903c93b7961b97,32,32,SI compound 32,source_drawing_transcription,C7 hemiacetal epimers unresolved (32 10:1; 33 2.5:1); 34/35 C7 source assignment pending,pending_independent_chemist_review,CN(C)C[C@@H]1OC2(O)C3=C(C(=O)c4c(CCNC(=O)OC(C)(C)C)c[nH]c42)[C@]2(Oc4c(OCc5ccccc5)ccc1c43)C(=O)N(C)C(=O)N2C,C37H41N5O9,PYOHMTBSFVRSFV-ZPTRZSKLSA-N
paper-16903c93b7961b97,33,33,SI compound 33,source_drawing_transcription,C7 hemiacetal epimers unresolved (32 10:1; 33 2.5:1); 34/35 C7 source assignment pending,pending_independent_chemist_review,CN(C)C[C@@H]1OC2(O)C3=C(C(=O)c4c(CCNC(=O)OC(C)(C)C)c[nH]c42)[C@@]2(Oc4c(OCc5ccccc5)ccc1c43)C(=O)N(C)C(=O)N2C,C37H41N5O9,PYOHMTBSFVRSFV-SVOKNJONSA-N
paper-16903c93b7961b97,34,34,SI compound 34,source_drawing_transcription,C7 absolute assignment pending; C19 source wedge and benzylic R encoded,pending_independent_chemist_review,CC[Si](CC)(CC)OC12O[C@@H](CN(C)C)c3ccc(OCc4ccccc4)c4c3C1=C(C(=O)c1c(CCNC(=O)OC(C)(C)C)c[nH]c12)[C@]1(O4)C(=O)N(C)C(=O)N1C,C43H55N5O9Si,WAGZGQXPQJZPHF-HFOLYEBKSA-N
paper-16903c93b7961b97,35,35,SI compound 35,source_drawing_transcription,C7 absolute assignment pending; C19 source wedge and benzylic R encoded,pending_independent_chemist_review,CC[Si](CC)(CC)OC12O[C@@H](CN(C)C)c3ccc(OCc4ccccc4)c4c3C1=C(C(=O)c1c(CCNC(=O)OC(C)(C)C)c[nH]c12)[C@@]1(O4)C(=O)N(C)C(=O)N1C,C43H55N5O9Si,WAGZGQXPQJZPHF-QUZWNWCESA-N
paper-16903c93b7961b97,36,36,SI compound 36,source_drawing_transcription,benzylic R inherited from L-adrenaline; C19 solid/hashed drawing; cation without counterion,pending_independent_chemist_review,CN1C(=O)N(C)[C@]2(Oc3c(O)cc4c(c3C3=C2C(=O)c2c(CCN)c[nH]c2C3=O)[C@@H](O)C[N+]4(C)C)C1=O,C25H26N5O7+,YOXFPJITBOPKPN-ZJWNCGCPSA-O
paper-16903c93b7961b97,4-hydroxyindole,4-hydroxyindole,SI compound 4-hydroxyindole,source_drawing_transcription,,pending_independent_chemist_review,Oc1cccc2[nH]ccc12,C8H7NO,NLMQHXUGJIAKTH-UHFFFAOYSA-N
paper-16903c93b7961b97,45,45,SI compound 45,source_drawing_transcription,racemic free-base connectivity; isolated HCl salt,pending_independent_chemist_review,CN(C)CCc1ccc(O)c2c1C1=C(C(=O)c3c(CCN)c[nH]c3C1=O)C1(O2)C(=O)N(C)C(=O)N1C,C25H27N5O6,NSFMETSGDOIBKD-UHFFFAOYSA-N
paper-16903c93b7961b97,5,5,SI compound 5,source_drawing_transcription,,pending_independent_chemist_review,CC(C)(C)OC(=O)NCCc1c[nH]c2c1C(=O)C=CC2=O,C15H18N2O4,RFBFQBXNMDNFAM-UHFFFAOYSA-N
paper-16903c93b7961b97,6,6,SI compound 6,source_drawing_transcription,,pending_independent_chemist_review,CN(C)CCc1ccc(OCc2ccccc2)c(O)c1,C17H21NO2,HOTXRTGDWXUDAY-UHFFFAOYSA-N
paper-16903c93b7961b97,7,7,SI compound 7,source_drawing_transcription,racemic; unspecified tetrahedral configuration,pending_independent_chemist_review,CN1C(=O)C(Cl)N(C)C1=O,C5H7ClN2O2,KGVQKAXBKAZGRX-UHFFFAOYSA-N
paper-16903c93b7961b97,8,8,SI compound 8,source_drawing_transcription,,pending_independent_chemist_review,CN(C)CCc1ccc(OCc2ccccc2)c(OC2C(=O)N(C)C(=O)N2C)c1,C22H27N3O4,LENQNEILHIBDEZ-UHFFFAOYSA-N
paper-16903c93b7961b97,9,9,SI compound 9,source_drawing_transcription,racemic,pending_independent_chemist_review,CN(C)CCc1ccc(OCc2ccccc2)c(OC2(C3=CC(=O)c4[nH]cc(CCNC(=O)OC(C)(C)C)c4C3=O)C(=O)N(C)C(=O)N2C)c1,C37H43N5O8,TVHCJAGLAGVLAI-UHFFFAOYSA-N
paper-16903c93b7961b97,L-adrenaline,L-adrenaline,SI compound L-adrenaline,source_drawing_transcription,L-adrenaline-derived benzylic R; acetal center where present not assigned,pending_independent_chemist_review,CNC[C@H](O)c1ccc(O)c(O)c1,C9H13NO3,UCTWMZQNUQWSLP-VIFPVBQESA-N
paper-16903c93b7961b97,S1,S1,SI compound S1,source_drawing_transcription,racemic; unspecified tetrahedral configuration,pending_independent_chemist_review,CN1C(=O)C(O)N(C)C1=O,C5H8N2O3,AFUWTBVQIHBTMS-UHFFFAOYSA-N
paper-16903c93b7961b97,S10,S10,SI compound S10,source_drawing_transcription,inseparable 1:1 C19 epimers,pending_independent_chemist_review,[BH3-][N+](C)(C)C[C@H](O[Si](CC)(CC)CC)c1ccc(OCc2ccccc2)c(OC2(C3=CC(=O)c4[nH]cc(CCNC(=O)OC(C)(C)C)c4C3=O)C(=O)N(C)C(=O)N2C)c1,C43H60BN5O9Si,HWBWNRJQXDALRH-SMRXGSKTSA-N
paper-16903c93b7961b97,S11,S11,SI compound S11,source_drawing_transcription,inseparable 1:1 C19 epimers,pending_independent_chemist_review,CC[Si](CC)(CC)O[C@@H](CN(C)C)c1ccc(OCc2ccccc2)c(OC2(C3=CC(=O)c4[nH]cc(CCNC(=O)OC(C)(C)C)c4C3=O)C(=O)N(C)C(=O)N2C)c1,C43H57N5O9Si,HKEVYFDAKFGBJA-SMRXGSKTSA-N
paper-16903c93b7961b97,S12,S12,SI compound S12,source_drawing_transcription,,pending_independent_chemist_review,O=[N+]([O-])CCc1c[nH]c2cccc(O)c12,C10H10N2O3,PUSUCGFCSOIWSY-UHFFFAOYSA-N
paper-16903c93b7961b97,S13,S13,SI compound S13,source_drawing_transcription,,pending_independent_chemist_review,CC(C)(C)OC(=O)NCCc1c[nH]c2cccc(O)c12,C15H20N2O3,DHMTZWHOTQBEBF-UHFFFAOYSA-N
paper-16903c93b7961b97,S14,S14,SI compound S14,source_drawing_transcription,,pending_independent_chemist_review,O=Cc1ccc(OCc2ccccc2)c(O)c1,C14H12O3,HUNGEAFDVLSPAM-UHFFFAOYSA-N
paper-16903c93b7961b97,S15,S15,SI compound S15,source_drawing_transcription,approximately 1:1 E/Z mixture; double bond geometry unspecified,pending_independent_chemist_review,COC=Cc1ccc(OCc2ccccc2)c(O)c1,C16H16O3,OGZAQKWGSXVKQX-UHFFFAOYSA-N
paper-16903c93b7961b97,S16,S16,SI compound S16,source_drawing_transcription,,pending_independent_chemist_review,O=CCc1ccc(OCc2ccccc2)c(O)c1,C15H14O3,POUQNESKKZYBKK-UHFFFAOYSA-N
paper-16903c93b7961b97,S17-bromo,S17-bromo,SI compound S17-bromo,source_drawing_transcription,,pending_independent_chemist_review,CC(C)(C)OC(=O)NCCc1c(Br)[nH]c2c1C(=O)C=CC2=O,C15H17BrN2O4,CCKXUSYNGRNNDL-UHFFFAOYSA-N
paper-16903c93b7961b97,S18,S18,SI compound S18,source_drawing_transcription,,pending_independent_chemist_review,CC(C)(C)OC(=O)NCCc1cn(C(=O)OC(C)(C)C)c2c1C(=O)C=CC2=O,C20H26N2O6,KINULTIVUCYCIE-UHFFFAOYSA-N
paper-16903c93b7961b97,S2,S2,SI compound S2,source_drawing_transcription,,pending_independent_chemist_review,CC(C)(C)[Si]1(C(C)(C)C)Oc2ccc(CCN)cc2O1,C16H27NO2Si,NBYZXEGHMTWZEH-UHFFFAOYSA-N
paper-16903c93b7961b97,S20,S20,SI compound S20,source_drawing_transcription,,pending_independent_chemist_review,CC(C)(C)OC(=O)NCCc1cn(C(=O)OC(C)(C)C)c2c1C(=O)C=C(Br)C2=O,C20H25BrN2O6,BQESYZRDDATGGV-UHFFFAOYSA-N
paper-16903c93b7961b97,S21,S21,SI compound S21,source_drawing_transcription,,pending_independent_chemist_review,CC(C)(C)OC(=O)NCCc1cn(C(=O)OC(C)(C)C)c2c1C(=O)C(Br)=CC2=O,C20H25BrN2O6,MUHVFAXQSGXYDA-UHFFFAOYSA-N
paper-16903c93b7961b97,S22,S22,SI compound S22,source_drawing_transcription,,pending_independent_chemist_review,CC(C)(C)OC(=O)NCCc1c[nH]c2cccc(O[Si](C)(C)C(C)(C)C)c12,C21H34N2O3Si,WXEZSVSSYIGWGY-UHFFFAOYSA-N
paper-16903c93b7961b97,S23,S23,SI compound S23,source_drawing_transcription,,pending_independent_chemist_review,CC(C)(C)OC(=O)NCCc1cn(C(=O)OC(C)(C)C)c2cccc(O[Si](C)(C)C(C)(C)C)c12,C26H42N2O5Si,WHMZAEOTEUMRCG-UHFFFAOYSA-N
paper-16903c93b7961b97,S24,S24,SI compound S24,source_drawing_transcription,,pending_independent_chemist_review,CC(C)(C)OC(=O)NCCc1cn(C(=O)OC(C)(C)C)c2cccc(O)c12,C20H28N2O5,QZXGZMJMWGQAJV-UHFFFAOYSA-N
paper-16903c93b7961b97,S25,S25,SI compound S25,source_drawing_transcription,,pending_independent_chemist_review,CC(C)(C)OC(=O)NCCc1cn(C(=O)OC(C)(C)C)c2ccc(Br)c(O)c12,C20H27BrN2O5,SQCABRJUASYUHS-UHFFFAOYSA-N
paper-16903c93b7961b97,S3,S3,SI compound S3,source_drawing_transcription,racemic regioisomer,pending_independent_chemist_review,CN(C)CCc1ccc(OC2C(=O)N(C)C(=O)N2C)c(O[Si](O)(C(C)(C)C)C(C)(C)C)c1,C23H39N3O5Si,LNARDDJSUNAFFY-UHFFFAOYSA-N
paper-16903c93b7961b97,S4,S4,SI compound S4,source_drawing_transcription,,pending_independent_chemist_review,[BH3-][N+](C)(C)CCc1ccc(O[Si](O)(C(C)(C)C)C(C)(C)C)c(OC2C(=O)N(C)C(=O)N2C)c1,C23H42BN3O5Si,ZEWRHHGYZUBEIZ-UHFFFAOYSA-N
paper-16903c93b7961b97,S5,S5,SI compound S5,source_drawing_transcription,,pending_independent_chemist_review,[BH3-][N+](C)(C)CCc1ccc(OCc2ccccc2)c(OC2(C3=CC(=O)c4c(CCNC(=O)OC(C)(C)C)c[nH]c4C3=O)C(=O)N(C)C(=O)N2C)c1,C37H46BN5O8,CQZPLENRSULRMH-UHFFFAOYSA-N
paper-16903c93b7961b97,S6,S6,SI compound S6,source_drawing_transcription,L-adrenaline-derived benzylic R; acetal center where present not assigned,pending_independent_chemist_review,CN(C[C@H](O)c1ccc(O)c(O)c1)C(=O)OC(C)(C)C,C14H21NO5,CUSSUCIHWIDRBL-LBPRGKRZSA-N
paper-16903c93b7961b97,S7,S7,SI compound S7,source_drawing_transcription,L-adrenaline-derived benzylic R; acetal center where present not assigned,pending_independent_chemist_review,CN(C[C@H](O)c1ccc2c(c1)OC(c1ccccc1)O2)C(=O)OC(C)(C)C,C21H25NO5,YZKLVIRIOGRXJV-UCFFOFKASA-N
paper-16903c93b7961b97,S8,S8,SI compound S8,source_drawing_transcription,1:1 hydantoin epimers; benzylic center inherited from L-adrenaline,pending_independent_chemist_review,CN(C)C[C@H](O)c1ccc(OCc2ccccc2)c(OC2C(=O)N(C)C(=O)N2C)c1,C22H27N3O5,SDZFUONMVYHGNW-PBVYKCSPSA-N
paper-16903c93b7961b97,S9,S9,SI compound S9,source_drawing_transcription,1:1 hydantoin epimers; benzylic center inherited from L-adrenaline,pending_independent_chemist_review,CC[Si](CC)(CC)O[C@@H](CN(C)C)c1ccc(OCc2ccccc2)c(OC2C(=O)N(C)C(=O)N2C)c1,C28H41N3O5Si,SWUSFVJPQWOODW-PVCWFJFTSA-N
paper-16903c93b7961b97,dimethylamine,dimethylamine,SI compound dimethylamine,source_drawing_transcription,,pending_independent_chemist_review,CNC,C2H7N,ROSDSFDQCJNGOL-UHFFFAOYSA-N
paper-16903c93b7961b97,dimethylurea,dimethylurea,SI compound dimethylurea,source_drawing_transcription,,pending_independent_chemist_review,CNC(=O)NC,C3H8N2O,MGJKQDOBUOMPEZ-UHFFFAOYSA-N
paper-16903c93b7961b97,dopamine,dopamine,SI compound dopamine,source_drawing_transcription,,pending_independent_chemist_review,NCCc1ccc(O)c(O)c1,C8H11NO2,VYFYYTLLBUKUHU-UHFFFAOYSA-N
paper-16903c93b7961b97,formaldehyde,formaldehyde,SI compound formaldehyde,source_drawing_transcription,,pending_independent_chemist_review,C=O,CH2O,WSFSSNUMVMOOMR-UHFFFAOYSA-N
paper-16903c93b7961b97,glyoxylic acid,glyoxylic acid,SI compound glyoxylic acid,source_drawing_transcription,,pending_independent_chemist_review,O=CC(=O)O,C2H2O3,HHLFWLYXYJOTON-UHFFFAOYSA-N
paper-16903c93b7961b97,nitroethylene,nitroethylene,SI compound nitroethylene,source_drawing_transcription,,pending_independent_chemist_review,C=C[N+](=O)[O-],C2H3NO2,RPMXALUWKZHYOV-UHFFFAOYSA-N
paper-17346d5cc784e311,1,1,Coerulescine,source_drawing_transcription,Native source stereobonds retained; absolute stereochemical assignment awaits independent review,pending_independent_chemist_review,CN1CC[C@]2(C1)C(=O)Nc1ccccc12,C12H14N2O,PNYGHERLKSFRMH-GFCCVEGCSA-N
paper-17346d5cc784e311,10,10,Scheme 2 compound 10,source_drawing_transcription,Native source stereobonds retained; absolute stereochemical assignment awaits independent review,pending_independent_chemist_review,COc1ccc(CN(C(=O)CC/C=N/[S@@](=O)C(C)(C)C)c2ccccc2I)cc1,C22H27IN2O3S,ZGNKUFROPCVKMX-DWRCWDDSSA-N
paper-17346d5cc784e311,11,11,Scheme 2 compound 11,source_drawing_transcription,Native source stereobonds retained; absolute stereochemical assignment awaits independent review,pending_independent_chemist_review,COc1ccc(CN(C(=O)CCCN[S@@](=O)C(C)(C)C)c2ccccc2I)cc1,C22H29IN2O3S,GFAZNZPRQBDOAC-LJAQVGFWSA-N
paper-17346d5cc784e311,12,12,Scheme 2 compound 12,source_drawing_transcription,Native source stereobonds retained; absolute stereochemical assignment awaits independent review,pending_independent_chemist_review,COc1ccc(CN(C(=O)CCCN(C)[S@@](=O)C(C)(C)C)c2ccccc2I)cc1,C23H31IN2O3S,XRPMUHRJZIBEHA-PMERELPUSA-N
paper-17346d5cc784e311,13,13,Scheme 2 compound 13,source_drawing_transcription,Native source stereobonds retained; absolute stereochemical assignment awaits independent review,pending_independent_chemist_review,COC(=O)[C@@]1(CCN(C)[S@@](=O)C(C)(C)C)C(=O)N(Cc2ccc(OC)cc2)c2ccccc21,C25H32N2O5S,HUNZQRCYSUAFIZ-HPMVVLTCSA-N
paper-17346d5cc784e311,14,14,Scheme 2 compound 14,source_drawing_transcription,Native source stereobonds retained; absolute stereochemical assignment awaits independent review,pending_independent_chemist_review,COc1ccc(CN2C(=O)[C@@]3(CCN(C)C3=O)c3ccccc32)cc1,C20H20N2O3,FLWUDPZUJSGBNR-FQEVSTJZSA-N
paper-17346d5cc784e311,15,15,Scheme 2 compound 15,source_drawing_transcription,Native source stereobonds retained; absolute stereochemical assignment awaits independent review,pending_independent_chemist_review,CN1CC[C@@]2(C(=O)Nc3ccccc32)C1=O,C12H12N2O2,SSPJANRCRGKOKW-GFCCVEGCSA-N
paper-2d6f8f626286ab28,10,10,SI compound 10,source_drawing_transcription,Racemic series; one representative enantiomer for source wedge-defined centers. Unresolved perspective-only stereocenters remain unspecified.,pending_independent_chemist_review,C=C1CC[C@]23CCN(C(=O)C(F)(F)F)[C@]12CCc1ccc(OC)c(OC)c13,C20H22F3NO3,KECJVDPVQWGZNO-RTBURBONSA-N
paper-2d6f8f626286ab28,11,11,SI compound 11,source_drawing_transcription,Racemic series; one representative enantiomer for source wedge-defined centers. Unresolved perspective-only stereocenters remain unspecified.,pending_independent_chemist_review,COc1ccc2c(c1OC)[C@]13CCC(=O)[C@@]1(CC2)N(C(=O)C(F)(F)F)CC3,C19H20F3NO4,HKYPNSVNRCSNJD-QZTJIDSGSA-N
paper-2d6f8f626286ab28,12,12,SI compound 12,source_drawing_transcription,Racemic series; one representative enantiomer for source wedge-defined centers. Unresolved perspective-only stereocenters remain unspecified.,pending_independent_chemist_review,COc1ccc2c(c1OC)[C@@]13CCN(C(=O)C(F)(F)F)[C@@]14CC2OOC4(O)CC3,C19H20F3NO6,WLDVICQYCWRBLU-YUMNGRQVSA-N
paper-2d6f8f626286ab28,13,13,SI compound 13,source_drawing_transcription,Racemic series; one representative enantiomer for source wedge-defined centers. Unresolved perspective-only stereocenters remain unspecified.,pending_independent_chemist_review,COc1ccc2c(c1OC)[C@]13CCC(=O)[C@@]1(CC2=O)N(C(=O)C(F)(F)F)CC3,C19H18F3NO5,UEXNRKRWCCXRKK-QZTJIDSGSA-N
paper-2d6f8f626286ab28,14,14,SI compound 14,source_drawing_transcription,Racemic series; one representative enantiomer for source wedge-defined centers. Unresolved perspective-only stereocenters remain unspecified.,pending_independent_chemist_review,COc1ccc2c(c1OC)[C@]13CCC(=O)[C@@]1(C=C2O[Si](C)(C)C(C)(C)C)N(C(=O)C(F)(F)F)CC3,C25H32F3NO5Si,KFOJAHCNDUTUGJ-DNQXCXABSA-N
paper-2d6f8f626286ab28,15,15,SI compound 15,source_drawing_transcription,Racemic series; one representative enantiomer for source wedge-defined centers. Unresolved perspective-only stereocenters remain unspecified.,pending_independent_chemist_review,COc1ccc2c(c1OC)[C@@]13CCN[C@]1(CC2=O)C(N)(C#N)CC3,C18H21N3O3,DYANRMRXVVKQLV-BLAYRMRBSA-N
paper-2d6f8f626286ab28,16,16,SI compound 16,source_drawing_transcription,Racemic series; one representative enantiomer for source wedge-defined centers. Unresolved perspective-only stereocenters remain unspecified.,pending_independent_chemist_review,COc1ccc2c(c1OC)[C@@]13CCN(C)[C@]1(CC2=O)C(N)(C#N)CC3,C19H23N3O3,VJYWAESUZJFDQO-KGNCLDLBSA-N
paper-2d6f8f626286ab28,17,17,SI compound 17,source_drawing_transcription,Racemic series; one representative enantiomer for source wedge-defined centers. Unresolved perspective-only stereocenters remain unspecified.,pending_independent_chemist_review,COc1ccc2c(c1OC)[C@@]13CCN(C)[C@]1(C[C@@H]2O)C(N)(C#N)CC3,C19H25N3O3,PZZVQGBOXNNKHU-QBUPFPBJSA-N
paper-2d6f8f626286ab28,18,18,SI compound 18,source_drawing_transcription,Racemic series; one representative enantiomer for source wedge-defined centers. Unresolved perspective-only stereocenters remain unspecified.,pending_independent_chemist_review,COc1ccc2c(c1OC)[C@@]13CCN(C)[C@@]14C[C@@H]2OC(=N)C4(N=[N+]=[N-])CC3,C19H23N5O3,RYHDNEJSTBANOS-QBUPFPBJSA-N
paper-2d6f8f626286ab28,2,2,SI compound 2,source_drawing_transcription,Racemic series; one representative enantiomer for source wedge-defined centers. Unresolved perspective-only stereocenters remain unspecified.,pending_independent_chemist_review,COc1ccc2c(c1OC)C1(CCN)CCC(CO)=C1CC2,C18H25NO3,JKAVETGLEMVRLD-UHFFFAOYSA-N
paper-2d6f8f626286ab28,5,5,SI compound 5,source_drawing_transcription,Racemic series; one representative enantiomer for source wedge-defined centers. Unresolved perspective-only stereocenters remain unspecified.,pending_independent_chemist_review,C=C1CC[C@]23CCN[C@]12CCc1ccc(OC)c(OC)c13,C18H23NO2,LMYBMMABVYUMIG-QZTJIDSGSA-N
paper-2d6f8f626286ab28,6,6,SI compound 6,source_drawing_transcription,Racemic series; one representative enantiomer for source wedge-defined centers. Unresolved perspective-only stereocenters remain unspecified.,pending_independent_chemist_review,COc1ccc2c(c1OC)C(CC#N)C(=O)CC2,C14H15NO3,LMRLJXLPHMZTKR-UHFFFAOYSA-N
paper-2d6f8f626286ab28,7,7,SI compound 7,source_drawing_transcription,Racemic series; one representative enantiomer for source wedge-defined centers. Unresolved perspective-only stereocenters remain unspecified.,pending_independent_chemist_review,CCOC(=O)C1([P+](c2ccccc2)(c2ccccc2)c2ccccc2)CC1.[Br-].[Cl-].[Li+],C24H24BrClLiO2P,WNKNKTNXYNIIDK-UHFFFAOYSA-L
paper-2d6f8f626286ab28,8,8,SI compound 8,source_drawing_transcription,Racemic series; one representative enantiomer for source wedge-defined centers. Unresolved perspective-only stereocenters remain unspecified.,pending_independent_chemist_review,CCOC(=O)C1=C2CCc3ccc(OC)c(OC)c3C2(CC#N)CC1,C20H23NO4,RTWGREPXDDJLOJ-UHFFFAOYSA-N
paper-2d6f8f626286ab28,9,9,SI compound 9,source_drawing_transcription,Racemic series; one representative enantiomer for source wedge-defined centers. Unresolved perspective-only stereocenters remain unspecified.,pending_independent_chemist_review,COc1ccc2c(c1OC)C1(CC[NH3+])CCC(COS(=O)(=O)O)=C1CC2.[Cl-],C18H26ClNO6S,SABYCWMSANZOGB-UHFFFAOYSA-N
paper-2d6f8f626286ab28,S1,S1,SI compound S1,source_drawing_transcription,Racemic series; one representative enantiomer for source wedge-defined centers. Unresolved perspective-only stereocenters remain unspecified.,pending_independent_chemist_review,COc1cccc(CC(=O)O)c1OC,C10H12O4,UZULEJNWMHZSGY-UHFFFAOYSA-N
paper-2d6f8f626286ab28,S10,S10,SI compound S10,source_drawing_transcription,Racemic series; one representative enantiomer for source wedge-defined centers. Unresolved perspective-only stereocenters remain unspecified.,pending_independent_chemist_review,COc1ccc2c(c1OC)[C@@]13CCN[C@]1(CC2)C(N)(C#N)CC3,C18H23N3O2,REIGKALRGXNGSS-BLAYRMRBSA-N
paper-2d6f8f626286ab28,S11,S11,SI compound S11,source_drawing_transcription,Racemic series; one representative enantiomer for source wedge-defined centers. Unresolved perspective-only stereocenters remain unspecified.,pending_independent_chemist_review,C=C1CC[C@]23CCN(C(=O)C(F)(F)F)[C@]12CC(=O)c1ccc(OC)c(OC)c13,C20H20F3NO4,XIIHRJOERCFHQU-RTBURBONSA-N
paper-2d6f8f626286ab28,S12,S12,SI compound S12,source_drawing_transcription,Racemic series; one representative enantiomer for source wedge-defined centers. Unresolved perspective-only stereocenters remain unspecified.,pending_independent_chemist_review,COc1ccc2c(c1OC)[C@]13CC=C(O[Si](C)(C)C(C)(C)C)[C@@]1(C=C2O[Si](C)(C)C(C)(C)C)N(C(=O)C(F)(F)F)CC3,C31H46F3NO5Si2,YWEVIEHKFNZNEU-LOYHVIPDSA-N
paper-2d6f8f626286ab28,S13,S13,SI compound S13,source_drawing_transcription,Racemic series; one representative enantiomer for source wedge-defined centers. Unresolved perspective-only stereocenters remain unspecified.,pending_independent_chemist_review,COc1ccc2c(c1OC)[C@@]13CCN[C@]1(C=C2O[Si](C)(C)C(C)(C)C)C(N)(C#N)CC3,C24H35N3O3Si,WTHXPWQYNPXKJS-BGTNVORWSA-N
paper-2d6f8f626286ab28,S14,S14,SI compound S14,source_drawing_transcription,Racemic series; one representative enantiomer for source wedge-defined centers. Unresolved perspective-only stereocenters remain unspecified.,pending_independent_chemist_review,COc1ccc2c(c1OC)[C@@]13CCN(C)[C@]1(C[C@H]2O)C(N)(C#N)CC3,C19H25N3O3,PZZVQGBOXNNKHU-QTSXTULJSA-N
paper-2d6f8f626286ab28,S15,S15,SI compound S15,source_drawing_transcription,Racemic series; one representative enantiomer for source wedge-defined centers. Unresolved perspective-only stereocenters remain unspecified.,pending_independent_chemist_review,COc1ccc2c(c1OC)[C@@]13CCN(C)[C@]1(C[C@@H]2O)C(C#N)(N=[N+]=[N-])CC3,C19H23N5O3,PEJCOEXUNYLVLX-QBUPFPBJSA-N
paper-2d6f8f626286ab28,S16,S16,SI compound S16,source_drawing_transcription,Racemic series; one representative enantiomer for source wedge-defined centers. Unresolved perspective-only stereocenters remain unspecified.,pending_independent_chemist_review,COc1ccc2c(c1OC)[C@@]13CCN(C)[C@@]14C[C@@H]2OC(=O)C4(N=[N+]=[N-])CC3,C19H22N4O4,JZQFGSKFZFVRJP-QBUPFPBJSA-N
paper-2d6f8f626286ab28,S2,S2,SI compound S2,source_drawing_transcription,Racemic series; one representative enantiomer for source wedge-defined centers. Unresolved perspective-only stereocenters remain unspecified.,pending_independent_chemist_review,COc1cccc(CC(=O)Cl)c1OC,C10H11ClO3,HIKNVMOFDJGHBX-UHFFFAOYSA-N
paper-2d6f8f626286ab28,S3,S3,SI compound S3,source_drawing_transcription,Racemic series; one representative enantiomer for source wedge-defined centers. Unresolved perspective-only stereocenters remain unspecified.,pending_independent_chemist_review,COc1ccc2c(c1OC)CC(=O)CC2,C12H14O3,PYXHLPPDGRBRRI-UHFFFAOYSA-N
paper-2d6f8f626286ab28,S4,S4,SI compound S4,source_drawing_transcription,Racemic series; one representative enantiomer for source wedge-defined centers. Unresolved perspective-only stereocenters remain unspecified.,pending_independent_chemist_review,COc1ccc2c(c1OC)C=C(N1CCCC1)CC2,C16H21NO2,LNPGIHYOXRPPLJ-UHFFFAOYSA-N
paper-2d6f8f626286ab28,S5,S5,SI compound S5,source_drawing_transcription,Racemic series; one representative enantiomer for source wedge-defined centers. Unresolved perspective-only stereocenters remain unspecified.,pending_independent_chemist_review,[Br-].c1ccc([P+](c2ccccc2)(c2ccccc2)C2CC2)cc1,C21H20BrP,XMPWFKHMCNRJCL-UHFFFAOYSA-M
paper-2d6f8f626286ab28,S6,S6,SI compound S6,source_drawing_transcription,Racemic series; one representative enantiomer for source wedge-defined centers. Unresolved perspective-only stereocenters remain unspecified.,pending_independent_chemist_review,[Br-].[Li+].c1ccc([P+](c2ccccc2)(c2ccccc2)[C-]2CC2)cc1,C21H19BrLiP,SINGHFXVFCRUGT-UHFFFAOYSA-M
paper-2d6f8f626286ab28,S7,S7,SI compound S7,source_drawing_transcription,Racemic series; one representative enantiomer for source wedge-defined centers. Unresolved perspective-only stereocenters remain unspecified.,pending_independent_chemist_review,COc1ccc2c(c1OC)C1(CC#N)CCC(CO)=C1CC2,C18H21NO3,AMLOIXZBCSNLQI-UHFFFAOYSA-N
paper-2d6f8f626286ab28,S8,S8,SI compound S8,source_drawing_transcription,Racemic series; one representative enantiomer for source wedge-defined centers. Unresolved perspective-only stereocenters remain unspecified.,pending_independent_chemist_review,COC(=O)C=CC1=C(C(=O)OC)[C@]23CCC(=O)[C@@]2(CC1)N(C(=O)C(F)(F)F)CC3,C19H20F3NO6,ZWTACHYABZWUPI-QZTJIDSGSA-N
paper-2d6f8f626286ab28,S9,S9,SI compound S9,source_drawing_transcription,Racemic series; one representative enantiomer for source wedge-defined centers. Unresolved perspective-only stereocenters remain unspecified.,pending_independent_chemist_review,COc1ccc2c(c1OC)[C@@]13CCN[C@]1(CC2)C(=O)CC3,C17H21NO3,PFDNEALBWHBDLM-IAGOWNOFSA-N
paper-2d6f8f626286ab28,bromoacetonitrile,bromoacetonitrile,SI compound bromoacetonitrile,source_drawing_transcription,Racemic series; one representative enantiomer for source wedge-defined centers. Unresolved perspective-only stereocenters remain unspecified.,pending_independent_chemist_review,N#CCBr,C2H2BrN,REXUYBKPWIPONM-UHFFFAOYSA-N
paper-2d6f8f626286ab28,ethyl-chloroformate,ethyl-chloroformate,SI compound ethyl-chloroformate,source_drawing_transcription,Racemic series; one representative enantiomer for source wedge-defined centers. Unresolved perspective-only stereocenters remain unspecified.,pending_independent_chemist_review,CCOC(=O)Cl,C3H5ClO2,RIFGWPKJUGCATF-UHFFFAOYSA-N
paper-2d6f8f626286ab28,ethylene,ethylene,SI compound ethylene,source_drawing_transcription,Racemic series; one representative enantiomer for source wedge-defined centers. Unresolved perspective-only stereocenters remain unspecified.,pending_independent_chemist_review,C=C,C2H4,VGGSQFUCUMXWEO-UHFFFAOYSA-N
paper-2d6f8f626286ab28,pyrrolidine,pyrrolidine,SI compound pyrrolidine,source_drawing_transcription,Racemic series; one representative enantiomer for source wedge-defined centers. Unresolved perspective-only stereocenters remain unspecified.,pending_independent_chemist_review,C1CCNC1,C4H9N,RWRDLPDLKQPQOW-UHFFFAOYSA-N
paper-2d6f8f626286ab28,stephadiamine,stephadiamine,SI compound stephadiamine,source_drawing_transcription,Racemic series; one representative enantiomer for source wedge-defined centers. Unresolved perspective-only stereocenters remain unspecified.,pending_independent_chemist_review,COc1ccc2c(c1OC)[C@@]13CCN(C)[C@@]14C[C@@H]2OC(=O)C4(N)CC3,C19H24N2O4,QGWBFBVNIRAHGF-QBUPFPBJSA-N
paper-2d9b2cb848bfbd04,(E)-1-bromohex-3-ene,(E)-1-bromohex-3-ene,SI compound (E)-1-bromohex-3-ene,source_drawing_transcription,,pending_independent_chemist_review,CC/C=C/CCBr,C6H11Br,HSNATJOWAYTBGM-ONEGZZNKSA-N
paper-2d9b2cb848bfbd04,10,10,SI compound 10,source_drawing_transcription,,pending_independent_chemist_review,CCOC(=O)CC(=O)O,C5H8O4,HGINADPHJQTSKN-UHFFFAOYSA-N
paper-2d9b2cb848bfbd04,11,11,SI compound 11,source_drawing_transcription,,pending_independent_chemist_review,CCOC(=O)C/C=C/CCO[Si](C)(C)C(C)(C)C,C14H28O3Si,PMMHVMOCBPZQFE-CMDGGOBGSA-N
paper-2d9b2cb848bfbd04,12,12,SI compound 12,source_drawing_transcription,,pending_independent_chemist_review,CC(C)(C)[Si](C)(C)OCC[C@H]1OC(=O)C[C@H]1O,C12H24O4Si,UKPCVTMZMMNTQH-NXEZZACHSA-N
paper-2d9b2cb848bfbd04,13,13,SI compound 13,source_drawing_transcription,,pending_independent_chemist_review,C[Si](C)(C)C#CC[P+](c1ccccc1)(c1ccccc1)c1ccccc1.[Br-],C24H26BrPSi,PBSHVEOONSKWJF-UHFFFAOYSA-M
paper-2d9b2cb848bfbd04,14a,14a,SI compound 14a,source_drawing_transcription,,pending_independent_chemist_review,CC(C)(C)[Si](C)(C)OCC[C@@H](O)[C@@H](C/C=C/C#C[Si](C)(C)C)O[Si](C)(C)C(C)(C)C,C24H50O3Si3,USIIVMUTLVFQTE-UQECUQMJSA-N
paper-2d9b2cb848bfbd04,14b,14b,SI compound 14b,source_drawing_transcription,,pending_independent_chemist_review,CC(C)(C)[Si](C)(C)OCC[C@@H](O)[C@@H](C/C=C\C#C[Si](C)(C)C)O[Si](C)(C)C(C)(C)C,C24H50O3Si3,USIIVMUTLVFQTE-IEHPJGJUSA-N
paper-2d9b2cb848bfbd04,15a,15a,SI compound 15a,source_drawing_transcription,,pending_independent_chemist_review,OCC[C@H]1O[C@@H](C=C=CBr)C[C@H]1O,C9H13BrO3,KALURHIKUIUAIF-JVIIWLHBSA-N
paper-2d9b2cb848bfbd04,15b,15b,SI compound 15b,source_drawing_transcription,,pending_independent_chemist_review,OCC[C@H]1O[C@@H](C=C=CBr)C[C@H]1O,C9H13BrO3,KALURHIKUIUAIF-JVIIWLHBSA-N
paper-2d9b2cb848bfbd04,16a,16a,SI compound 16a,source_drawing_transcription,,pending_independent_chemist_review,CC/C=C/C/C=C\C[C@H]1O[C@@H](C=C=CBr)C[C@H]1O,C15H21BrO2,QWTWEAZYEPBCGX-LLQSKPLNSA-N
paper-2d9b2cb848bfbd04,16b,16b,SI compound 16b,source_drawing_transcription,,pending_independent_chemist_review,CC/C=C/C/C=C\C[C@H]1O[C@@H](C=C=CBr)C[C@H]1O,C15H21BrO2,QWTWEAZYEPBCGX-LLQSKPLNSA-N
paper-2d9b2cb848bfbd04,17,17,SI compound 17,source_drawing_transcription,,pending_independent_chemist_review,CCOC(=O)/C=C/C[C@@H](O)[C@H](O)CCO[Si](C)(C)C(C)(C)C,C16H32O5Si,GJIYHEMNRNITBE-CJDRZLIDSA-N
paper-2d9b2cb848bfbd04,18,18,SI compound 18,source_drawing_transcription,,pending_independent_chemist_review,CC(C)(C)[Si](C)(C)OCC[C@@H](O)[C@H](O)C/C=C/CO,C14H30O4Si,PLNUFFDMZWQLFB-AMRKSYTLSA-N
paper-2d9b2cb848bfbd04,19,19,SI compound 19,source_drawing_transcription,,pending_independent_chemist_review,CC(=O)OC/C=C/C[C@@H](O)[C@H](O)CCO[Si](C)(C)C(C)(C)C,C16H32O5Si,BSLUEFUYIQEXKG-FHFZEBMASA-N
paper-2d9b2cb848bfbd04,20,20,SI compound 20,source_drawing_transcription,,pending_independent_chemist_review,C=C[C@@H]1C[C@@H](O)[C@@H](CCO[Si](C)(C)C(C)(C)C)O1,C14H28O3Si,LXQYGJYBALKTHB-JHJVBQTASA-N
paper-2d9b2cb848bfbd04,21,21,SI compound 21,source_drawing_transcription,,pending_independent_chemist_review,C=C[C@@H]1C[C@@H](O[Si](C)(C)C(C)(C)C)[C@@H](CCO[Si](C)(C)C(C)(C)C)O1,C20H42O3Si2,ATMSFJVAFIGLFS-KZNAEPCWSA-N
paper-2d9b2cb848bfbd04,22,22,SI compound 22,source_drawing_transcription,,pending_independent_chemist_review,C#CC(O)[C@@H]1C[C@@H](O[Si](C)(C)C(C)(C)C)[C@@H](CCO[Si](C)(C)C(C)(C)C)O1,C21H42O4Si2,FXNZEAHLIOZITE-XVLXNVKGSA-N
paper-2d9b2cb848bfbd04,22a,22a,SI compound 22a,source_drawing_transcription,,pending_independent_chemist_review,C#CC(O)[C@@H]1C[C@@H](O[Si](C)(C)C(C)(C)C)[C@@H](CCO[Si](C)(C)C(C)(C)C)O1,C21H42O4Si2,FXNZEAHLIOZITE-XVLXNVKGSA-N
paper-2d9b2cb848bfbd04,23,23,SI compound 23,source_drawing_transcription,,pending_independent_chemist_review,C#CC(OS(=O)(=O)c1c(C(C)C)cc(C(C)C)cc1C(C)C)[C@@H]1C[C@@H](O[Si](C)(C)C(C)(C)C)[C@@H](CCO[Si](C)(C)C(C)(C)C)O1,C36H64O6SSi2,DQJRRFSDLXRWSF-BTEQKYHPSA-N
paper-2d9b2cb848bfbd04,23a,23a,SI compound 23a,source_drawing_transcription,,pending_independent_chemist_review,C#CC(OS(=O)(=O)c1c(C(C)C)cc(C(C)C)cc1C(C)C)[C@@H]1C[C@@H](O[Si](C)(C)C(C)(C)C)[C@@H](CCO[Si](C)(C)C(C)(C)C)O1,C36H64O6SSi2,DQJRRFSDLXRWSF-BTEQKYHPSA-N
paper-2d9b2cb848bfbd04,24,24,SI compound 24,source_drawing_transcription,,pending_independent_chemist_review,CC(C)(C)[Si](C)(C)OCC[C@H]1O[C@H](C=C=CBr)C[C@H]1O[Si](C)(C)C(C)(C)C,C21H41BrO3Si2,GJUAVQSSBKEEEB-SPDAADNOSA-N
paper-2d9b2cb848bfbd04,24a,24a,SI compound 24a,source_drawing_transcription,,pending_independent_chemist_review,CC(C)(C)[Si](C)(C)OCC[C@H]1O[C@H](C=C=CBr)C[C@H]1O[Si](C)(C)C(C)(C)C,C21H41BrO3Si2,GJUAVQSSBKEEEB-SPDAADNOSA-N
paper-2d9b2cb848bfbd04,25,25,SI compound 25,source_drawing_transcription,,pending_independent_chemist_review,OCC[C@H]1O[C@H](C=C=CBr)C[C@H]1O,C9H13BrO3,KALURHIKUIUAIF-MCDRGPCTSA-N
paper-2d9b2cb848bfbd04,25a,25a,SI compound 25a,source_drawing_transcription,,pending_independent_chemist_review,OCC[C@H]1O[C@H](C=C=CBr)C[C@H]1O,C9H13BrO3,KALURHIKUIUAIF-MCDRGPCTSA-N
paper-2d9b2cb848bfbd04,26,26,SI compound 26,source_drawing_transcription,,pending_independent_chemist_review,C#CC(=O)[C@@H]1C[C@@H](O[Si](C)(C)C(C)(C)C)[C@@H](CCO[Si](C)(C)C(C)(C)C)O1,C21H40O4Si2,OQHLFUXOYSQWPM-CEXWTWQISA-N
paper-2d9b2cb848bfbd04,27a,27a,SI compound 27a,source_drawing_transcription,,pending_independent_chemist_review,CC/C=C/C/C=C\C[C@H]1O[C@H](C=C=CBr)C[C@H]1O,C15H21BrO2,QWTWEAZYEPBCGX-AYJORCKNSA-N
paper-2d9b2cb848bfbd04,27b,27b,SI compound 27b,source_drawing_transcription,,pending_independent_chemist_review,CC/C=C/C/C=C\C[C@H]1O[C@H](C=C=CBr)C[C@H]1O,C15H21BrO2,QWTWEAZYEPBCGX-AYJORCKNSA-N
paper-2d9b2cb848bfbd04,2a,2a,SI compound 2a,source_drawing_transcription,,pending_independent_chemist_review,CC/C=C/C/C=C\C[C@H]1O[C@@H](C=C=CBr)C[C@H]1OC(C)=O,C17H23BrO3,ADPYLPCYOQTHGO-QTVCKFLZSA-N
paper-2d9b2cb848bfbd04,2a',2a',SI compound 2a',source_drawing_transcription,,pending_independent_chemist_review,CC/C=C/C/C=C\C[C@H]1O[C@@H](C=C=CBr)C[C@H]1OC(C)=O,C17H23BrO3,ADPYLPCYOQTHGO-QTVCKFLZSA-N
paper-2d9b2cb848bfbd04,2b,2b,SI compound 2b,source_drawing_transcription,,pending_independent_chemist_review,CC/C=C/C/C=C\C[C@H]1O[C@H](C=C=CBr)C[C@H]1OC(C)=O,C17H23BrO3,ADPYLPCYOQTHGO-BLUDULSLSA-N
paper-2d9b2cb848bfbd04,2b',2b',SI compound 2b',source_drawing_transcription,,pending_independent_chemist_review,CC/C=C/C/C=C\C[C@H]1O[C@H](C=C=CBr)C[C@H]1OC(C)=O,C17H23BrO3,ADPYLPCYOQTHGO-BLUDULSLSA-N
paper-2d9b2cb848bfbd04,5a,5a,SI compound 5a,source_drawing_transcription,,pending_independent_chemist_review,CC(C)(C)[Si](C)(C)OCC[C@H]1O[C@@H](C=C=CBr)C[C@H]1O[Si](C)(C)C(C)(C)C,C21H41BrO3Si2,GJUAVQSSBKEEEB-QUCRTAKISA-N
paper-2d9b2cb848bfbd04,5a',5a',SI compound 5a',source_drawing_transcription,,pending_independent_chemist_review,CC(C)(C)[Si](C)(C)OCC[C@H]1O[C@@H](C=C=CBr)C[C@H]1O[Si](C)(C)C(C)(C)C,C21H41BrO3Si2,GJUAVQSSBKEEEB-QUCRTAKISA-N
paper-2d9b2cb848bfbd04,6a,6a,SI compound 6a,source_drawing_transcription,,pending_independent_chemist_review,C#C/C=C/C[C@@H](O[Si](C)(C)C(C)(C)C)[C@H](O)CCO[Si](C)(C)C(C)(C)C,C21H42O3Si2,OJSOKDSPMWFINZ-WKWPXIAWSA-N
paper-2d9b2cb848bfbd04,6b,6b,SI compound 6b,source_drawing_transcription,,pending_independent_chemist_review,C#C/C=C\C[C@@H](O[Si](C)(C)C(C)(C)C)[C@H](O)CCO[Si](C)(C)C(C)(C)C,C21H42O3Si2,OJSOKDSPMWFINZ-DWQWQOHNSA-N
paper-2d9b2cb848bfbd04,7,7,SI compound 7,source_drawing_transcription,,pending_independent_chemist_review,CC(C)(C)[Si](C)(C)OCC[C@H]1OC(=O)C[C@H]1O[Si](C)(C)C(C)(C)C,C18H38O4Si2,VQVKXWDZZHCHTL-HUUCEWRRSA-N
paper-2d9b2cb848bfbd04,8,8,SI compound 8,source_drawing_transcription,,pending_independent_chemist_review,OCCCCO,C4H10O2,WERYXYBDKMZEQL-UHFFFAOYSA-N
paper-2d9b2cb848bfbd04,9,9,SI compound 9,source_drawing_transcription,,pending_independent_chemist_review,CC(C)(C)[Si](C)(C)OCCCCO,C10H24O2Si,IJEMXJANZPVITP-UHFFFAOYSA-N
paper-2d9b2cb848bfbd04,ethyl triphenylphosphoranylidene acetate,ethyl triphenylphosphoranylidene acetate,SI compound ethyl triphenylphosphoranylidene acetate,source_drawing_transcription,,pending_independent_chemist_review,CCOC(=O)C=P(c1ccccc1)(c1ccccc1)c1ccccc1,C22H21O2P,IIHPVYJPDKJYOU-UHFFFAOYSA-N
paper-2d9b2cb848bfbd04,ethynylmagnesium bromide,ethynylmagnesium bromide,SI compound ethynylmagnesium bromide,source_drawing_transcription,,pending_independent_chemist_review,C#[C][Mg][Br],C2HBrMg,HUGJUYPSXULVQQ-UHFFFAOYSA-M
paper-2d9b2cb848bfbd04,hex-3-enyl phosphonium bromide,hex-3-enyl phosphonium bromide,SI compound hex-3-enyl phosphonium bromide,source_drawing_transcription,,pending_independent_chemist_review,CC/C=C/CC[P+](c1ccccc1)(c1ccccc1)c1ccccc1.[Br-],C24H26BrP,DALCFWNJGCNCBG-BJILWQEISA-M
paper-2d9b2cb848bfbd04,hex-3-enyl phosphonium iodide,hex-3-enyl phosphonium iodide,SI compound hex-3-enyl phosphonium iodide,source_drawing_transcription,,pending_independent_chemist_review,CC/C=C/CC[P+](c1ccccc1)(c1ccccc1)c1ccccc1.[I-],C24H26IP,FNJOBAFIDONZET-BJILWQEISA-M
paper-2d9b2cb848bfbd04,propargyl alcohol,propargyl alcohol,SI compound propargyl alcohol,source_drawing_transcription,,pending_independent_chemist_review,C#CCO,C3H4O,TVDSBUOJIPERQY-UHFFFAOYSA-N
paper-2ecc227214f2cf77,1,1,SI compound 1,source_drawing_transcription,,pending_independent_chemist_review,C/C1=C\[C@H](C)CCC(=O)/C(C)=C/[C@H](C)C[C@@H](C)CC[C@@H]([C@@H](C)C(=O)O)OC(=O)[C@@H](C)C1,C26H42O5,MKWDHXFCVJHRLY-LYTNLGRYSA-N
paper-2ecc227214f2cf77,10,10,SI compound 10,source_drawing_transcription,,pending_independent_chemist_review,O=C1N[C@H](Cc2ccccc2)CO1,C10H11NO2,OJOFMLDBXPDXLQ-SECBINFHSA-N
paper-2ecc227214f2cf77,11,11,SI compound 11,source_drawing_transcription,,pending_independent_chemist_review,CC(C)(C)[Si](OCCCC(=O)N1C(=O)OC[C@H]1Cc1ccccc1)(c1ccccc1)c1ccccc1,C30H35NO4Si,HOHFGFJGWPJPCW-RUZDIDTESA-N
paper-2ecc227214f2cf77,12,12,SI compound 12,source_drawing_transcription,,pending_independent_chemist_review,C[C@H](CCO[Si](c1ccccc1)(c1ccccc1)C(C)(C)C)C(=O)N1C(=O)OC[C@H]1Cc1ccccc1,C31H37NO4Si,SODDOAAPVILBNY-AOYPEHQESA-N
paper-2ecc227214f2cf77,13,13,SI compound 13,source_drawing_transcription,,pending_independent_chemist_review,C[C@@H](CO)CCO[Si](c1ccccc1)(c1ccccc1)C(C)(C)C,C21H30O2Si,NGFNRUSUXJKWMO-GOSISDBHSA-N
paper-2ecc227214f2cf77,14,14,SI compound 14,source_drawing_transcription,,pending_independent_chemist_review,C[C@@H](C=C(Br)Br)CCO[Si](c1ccccc1)(c1ccccc1)C(C)(C)C,C22H28Br2OSi,COXAFGXOKDCIEP-GOSISDBHSA-N
paper-2ecc227214f2cf77,15,15,SI compound 15,source_drawing_transcription,,pending_independent_chemist_review,CC#C[C@H](C)CCO[Si](c1ccccc1)(c1ccccc1)C(C)(C)C,C23H30OSi,TVVXQCLDWJHCJV-FQEVSTJZSA-N
paper-2ecc227214f2cf77,16,16,SI compound 16,source_drawing_transcription,,pending_independent_chemist_review,C/C(I)=C\[C@H](C)CCO[Si](c1ccccc1)(c1ccccc1)C(C)(C)C,C23H31IOSi,UXRVHPGUOFHKTC-LFVOPCPISA-N
paper-2ecc227214f2cf77,17,17,SI compound 17,source_drawing_transcription,,pending_independent_chemist_review,COC(=O)[C@@H](C)CI,C5H9IO2,MWNVYVRLCFKIRT-BYPYZUCNSA-N
paper-2ecc227214f2cf77,18,18,SI compound 18,source_drawing_transcription,,pending_independent_chemist_review,COC(=O)[C@@H](C)C/C(C)=C/[C@H](C)CCO[Si](c1ccccc1)(c1ccccc1)C(C)(C)C,C28H40O3Si,RDOJLVRAZXLELK-UKZJGZBHSA-N
paper-2ecc227214f2cf77,19,19,SI compound 19,source_drawing_transcription,,pending_independent_chemist_review,COC(=O)[C@@H](C)C/C(C)=C/[C@H](C)CCO,C12H22O3,HFTBKCKWISEEDE-LCIINNLCSA-N
paper-2ecc227214f2cf77,20,20,SI compound 20,source_drawing_transcription,,pending_independent_chemist_review,COC(=O)[C@@H](C)C/C(C)=C/[C@H](C)CCI,C12H21IO2,CWKYALJZJHXDIA-LCIINNLCSA-N
paper-2ecc227214f2cf77,21,21,SI compound 21,source_drawing_transcription,,pending_independent_chemist_review,CC(C)=CCC[C@H](C)CC=O,C10H18O,NEHNMFOYXAPHSD-JTQLQIEISA-N
paper-2ecc227214f2cf77,22,22,SI compound 22,source_drawing_transcription,,pending_independent_chemist_review,C=CC[C@@H](C)CCC=C(C)C,C11H20,WJBLCSOLILMHEZ-LLVKDONJSA-N
paper-2ecc227214f2cf77,23,23,SI compound 23,source_drawing_transcription,,pending_independent_chemist_review,CC(C)=CCC[C@H](C)CCCO,C11H22O,ASLRFNLVRSAYPF-NSHDSACASA-N
paper-2ecc227214f2cf77,24,24,SI compound 24,source_drawing_transcription,,pending_independent_chemist_review,CC(C)=CCC[C@H](C)CCCOCc1ccccc1,C18H28O,IDGDAMXSYCYOMG-KRWDZBQOSA-N
paper-2ecc227214f2cf77,25,25,SI compound 25,source_drawing_transcription,,pending_independent_chemist_review,C[C@@H](CCC=O)CCCOCc1ccccc1,C15H22O2,MNEBZXAYJVDKEH-AWEZNQCLSA-N
paper-2ecc227214f2cf77,26,26,SI compound 26,source_drawing_transcription,,pending_independent_chemist_review,CCC(=O)N1C(=O)OC[C@@H]1Cc1ccccc1,C13H15NO3,WHOBYFHKONUTMW-NSHDSACASA-N
paper-2ecc227214f2cf77,27,27,SI compound 27,source_drawing_transcription,,pending_independent_chemist_review,C[C@H](CCCOCc1ccccc1)CC[C@H](O)[C@@H](C)C(=O)N1C(=O)OC[C@@H]1Cc1ccccc1,C28H37NO5,YXQIADNKXQYSGY-PWGHIRGTSA-N
paper-2ecc227214f2cf77,28,28,SI compound 28,source_drawing_transcription,,pending_independent_chemist_review,CC[Si](CC)(CC)O[C@@H](CC[C@H](C)CCCOCc1ccccc1)[C@@H](C)CO[Si](c1ccccc1)(c1ccccc1)C(C)(C)C,C40H62O3Si2,JCXWSROOOWGDRG-VPFJVHJXSA-N
paper-2ecc227214f2cf77,29,29,SI compound 29,source_drawing_transcription,,pending_independent_chemist_review,CC[Si](CC)(CC)O[C@@H](CC[C@H](C)CCCO)[C@@H](C)CO[Si](c1ccccc1)(c1ccccc1)C(C)(C)C,C33H56O3Si2,RDAIDGFOKKCDNL-PRMIEGHPSA-N
paper-2ecc227214f2cf77,30,30,SI compound 30,source_drawing_transcription,,pending_independent_chemist_review,CC[Si](CC)(CC)O[C@@H](CC[C@H](C)CCC(=O)O)[C@@H](C)CO[Si](c1ccccc1)(c1ccccc1)C(C)(C)C,C33H54O4Si2,QVKLXEYYONXIKC-QYDYLWNGSA-N
paper-2ecc227214f2cf77,31,31,SI compound 31,source_drawing_transcription,,pending_independent_chemist_review,CC[Si](CC)(CC)O[C@@H](CC[C@H](C)CCC(=O)N1C(=O)OC[C@H]1Cc1ccccc1)[C@@H](C)CO[Si](c1ccccc1)(c1ccccc1)C(C)(C)C,C43H63NO5Si2,ZMJHJSWTBWFFJF-WGWVWGEFSA-N
paper-2ecc227214f2cf77,32,32,SI compound 32,source_drawing_transcription,,pending_independent_chemist_review,CC[Si](CC)(CC)O[C@@H](CC[C@H](C)C[C@@H](C)C(=O)N1C(=O)OC[C@H]1Cc1ccccc1)[C@@H](C)CO[Si](c1ccccc1)(c1ccccc1)C(C)(C)C,C44H65NO5Si2,JOUYFAJIENZYKP-XICOPCLCSA-N
paper-2ecc227214f2cf77,33,33,SI compound 33,source_drawing_transcription,,pending_independent_chemist_review,CC[Si](CC)(CC)O[C@@H](CC[C@H](C)C[C@@H](C)CO)[C@@H](C)CO[Si](c1ccccc1)(c1ccccc1)C(C)(C)C,C34H58O3Si2,IYHPTVBQRULOMA-MJOCGKAJSA-N
paper-2ecc227214f2cf77,34,34,SI compound 34,source_drawing_transcription,,pending_independent_chemist_review,CC[Si](CC)(CC)O[C@@H](CC[C@H](C)C[C@@H](C)/C=C(\C)C(=O)OC(C)(C)C)[C@@H](C)CO[Si](c1ccccc1)(c1ccccc1)C(C)(C)C,C41H68O4Si2,AREXPJWAWFBPPL-IXWUOQIASA-N
paper-2ecc227214f2cf77,35,35,SI compound 35,source_drawing_transcription,,pending_independent_chemist_review,C/C(=C\[C@H](C)C[C@@H](C)CC[C@H](O)[C@@H](C)CO[Si](c1ccccc1)(c1ccccc1)C(C)(C)C)C(=O)OC(C)(C)C,C35H54O4Si,KTTSRSXCAKSBPQ-GVEOKNEVSA-N
paper-2ecc227214f2cf77,36,36,SI compound 36,source_drawing_transcription,,pending_independent_chemist_review,C/C(=C\[C@H](C)CCI)C[C@H](C)C(=O)O[C@@H](CC[C@H](C)C[C@@H](C)/C=C(\C)C(=O)OC(C)(C)C)[C@@H](C)CO[Si](c1ccccc1)(c1ccccc1)C(C)(C)C,C46H71IO5Si,LYCUDLNPWYJYQT-DKPYTGEUSA-N
paper-2ecc227214f2cf77,37,37,SI compound 37,source_drawing_transcription,,pending_independent_chemist_review,C/C(=C\[C@H](C)CCI)C[C@H](C)C(=O)O[C@@H](CC[C@H](C)C[C@@H](C)/C=C(\C)C(=O)O)[C@@H](C)CO[Si](c1ccccc1)(c1ccccc1)C(C)(C)C,C42H63IO5Si,SVWADZJISUMUMW-IRRUUGQDSA-N
paper-2ecc227214f2cf77,38,38,SI compound 38,source_drawing_transcription,,pending_independent_chemist_review,Sc1ccccn1,C5H5NS,WHMDPDGBKYUEMW-UHFFFAOYSA-N
paper-2ecc227214f2cf77,39,39,SI compound 39,source_drawing_transcription,,pending_independent_chemist_review,C/C(=C\[C@H](C)CCI)C[C@H](C)C(=O)O[C@@H](CC[C@H](C)C[C@@H](C)/C=C(\C)C(=O)Sc1ccccn1)[C@@H](C)CO[Si](c1ccccc1)(c1ccccc1)C(C)(C)C,C47H66INO4SSi,BMBCGZJTXWQIRG-VFKXMWNRSA-N
paper-2ecc227214f2cf77,40,40,SI compound 40,source_drawing_transcription,,pending_independent_chemist_review,C/C1=C\[C@H](C)CCC(=O)/C(C)=C/[C@H](C)C[C@@H](C)CC[C@@H]([C@@H](C)CO[Si](c2ccccc2)(c2ccccc2)C(C)(C)C)OC(=O)[C@@H](C)C1,C42H62O4Si,XPEYQQCIABMFJG-XNEOIRRSSA-N
paper-2ecc227214f2cf77,41,41,SI compound 41,source_drawing_transcription,,pending_independent_chemist_review,C/C1=C\[C@H](C)CCC(=O)/C(C)=C/[C@H](C)C[C@@H](C)CC[C@@H]([C@@H](C)CO)OC(=O)[C@@H](C)C1,C26H44O4,NQUZKMGUOUKCGC-LQOJUCBESA-N
paper-2ecc227214f2cf77,44,44,SI compound 44,source_drawing_transcription,,pending_independent_chemist_review,CC[Si](CC)(CC)O[C@@H](CC[C@H](C)C[C@@H](C)/C=C(\C)C(=O)O)[C@@H](C)CO[Si](c1ccccc1)(c1ccccc1)C(C)(C)C,C37H60O4Si2,ZXQSPVAZWUCRPX-QTRVTTQDSA-N
paper-2ecc227214f2cf77,45,45,SI compound 45,source_drawing_transcription,,pending_independent_chemist_review,c1ccc(SSc2ccccn2)nc1,C10H8N2S2,HAXFWIACAGNFHA-UHFFFAOYSA-N
paper-2ecc227214f2cf77,46,46,SI compound 46,source_drawing_transcription,,pending_independent_chemist_review,CC[Si](CC)(CC)O[C@@H](CC[C@H](C)C[C@@H](C)/C=C(\C)C(=O)Sc1ccccn1)[C@@H](C)CO[Si](c1ccccc1)(c1ccccc1)C(C)(C)C,C42H63NO3SSi2,VJCUHJYPOHXGDC-WJSUUCSFSA-N
paper-2ecc227214f2cf77,47,47,SI compound 47,source_drawing_transcription,,pending_independent_chemist_review,CC[Si](CC)(CC)O[C@@H](CC[C@H](C)C[C@@H](C)/C=C(\C)C(=O)CC[C@@H](C)/C=C(\C)C[C@H](C)C(=O)OC)[C@@H](C)CO[Si](c1ccccc1)(c1ccccc1)C(C)(C)C,C49H80O5Si2,GRHBAYFFASFSAS-KCDQSONASA-N
paper-2ecc227214f2cf77,48,48,SI compound 48,source_drawing_transcription,,pending_independent_chemist_review,COC(=O)[C@@H](C)C/C(C)=C/[C@H](C)CCC(=O)/C(C)=C/[C@H](C)C[C@@H](C)CC[C@H](O)[C@@H](C)CO[Si](c1ccccc1)(c1ccccc1)C(C)(C)C,C43H66O5Si,DHPXIQYZLBMVHL-AZXFETOFSA-N
paper-2ecc227214f2cf77,49,49,SI compound 49,source_drawing_transcription,,pending_independent_chemist_review,C/C(=C\[C@H](C)CCC(=O)/C(C)=C/[C@H](C)C[C@@H](C)CC[C@H](O)[C@@H](C)CO[Si](c1ccccc1)(c1ccccc1)C(C)(C)C)C[C@H](C)C(=O)O,C42H64O5Si,HOMCZDOOYOLWOA-GJYHTOJMSA-N
paper-2ecc227214f2cf77,6,6,SI compound 6,source_drawing_transcription,,pending_independent_chemist_review,C/C(=C\[C@H](C)CCI)C[C@H](C)C(=O)O,C11H19IO2,PNKAFEOBJUXPQK-IHFVLYLFSA-N
paper-2ecc227214f2cf77,8,8,SI compound 8,source_drawing_transcription,,pending_independent_chemist_review,CC(C)(C)[Si](OCCCCO)(c1ccccc1)c1ccccc1,C20H28O2Si,WGBBKMOBGARXLF-UHFFFAOYSA-N
paper-2ecc227214f2cf77,9,9,SI compound 9,source_drawing_transcription,,pending_independent_chemist_review,CC(C)(C)[Si](OCCCC(=O)O)(c1ccccc1)c1ccccc1,C20H26O3Si,ILQZWTPGNNRAEJ-UHFFFAOYSA-N
paper-30d3cf1b14fd5066,1,1,SI compound 1,source_drawing_transcription,,pending_independent_chemist_review,CCC[C@H](C(=O)c1cc(CC(C)C)c(O)c(C)c1O)[C@H]1C[C@@H](O)C[C@@](O)([C@H](C)O)O1,C23H36O7,LRIYIGLJWWAWOF-ODPIZIPWSA-N
paper-30d3cf1b14fd5066,12,12,SI compound 12,source_drawing_transcription,source cited Evans auxiliary; absolute auxiliary stereochemistry pending review,pending_independent_chemist_review,CCCCC(=O)N1C(=O)OCC1Cc1ccccc1,C15H19NO3,BQLGXGCFEVCOFV-UHFFFAOYSA-N
paper-30d3cf1b14fd5066,13,13,SI compound 13,source_drawing_transcription,source aldol stereochemistry and auxiliary pending atom-level assignment; C2 mixed,pending_independent_chemist_review,C=C(C[C@H](CC(O)C(CCC)C(=O)N1C(=O)OCC1Cc1ccccc1)O[Si](CC)(CC)CC)C(C)O[Si](CC)(CC)CC,C35H61NO6Si2,JQYXLXHJOZHTFW-LRQFSDCOSA-N
paper-30d3cf1b14fd5066,14a,14a,SI compound 14a,source_drawing_transcription,aldol C7/C8 assignments pending source-coordinate review,pending_independent_chemist_review,C=C(C[C@H](CC(O)C(CCC)COC(=O)c1ccccc1)O[Si](CC)(CC)CC)[C@@H](C)O[Si](CC)(CC)CC,C32H58O5Si2,CZBLZLJZWSNQJV-RYDVVNKQSA-N
paper-30d3cf1b14fd5066,14b,14b,SI compound 14b,source_drawing_transcription,aldol C7/C8 assignments pending source-coordinate review,pending_independent_chemist_review,C=C(C[C@H](CC(O)C(CCC)COC(=O)c1ccccc1)O[Si](CC)(CC)CC)[C@H](C)O[Si](CC)(CC)CC,C32H58O5Si2,CZBLZLJZWSNQJV-OQHYNPAYSA-N
paper-30d3cf1b14fd5066,15a,15a,SI compound 15a,source_drawing_transcription,,pending_independent_chemist_review,CCCC(COC(=O)c1ccccc1)C1C[C@H](O)CC(O)([C@@H](C)O)O1,C19H28O6,GDZCMYZGVXBIRT-WNOCNNANSA-N
paper-30d3cf1b14fd5066,15a-bis-R-MTPA,15a-bis-R-MTPA,SI compound 15a-bis-R-MTPA,source_drawing_transcription,source paired Mosher ester; inherits pending scaffold stereochemistry where applicable,pending_independent_chemist_review,CCCC(COC(=O)c1ccccc1)C1C[C@H](OC(=O)[C@](OC)(c2ccccc2)C(F)(F)F)CC(O)([C@@H](C)OC(=O)[C@](OC)(c2ccccc2)C(F)(F)F)O1,C39H42F6O10,APFQSISABRULIO-HOEDWCDYSA-N
paper-30d3cf1b14fd5066,15a-bis-S-MTPA,15a-bis-S-MTPA,SI compound 15a-bis-S-MTPA,source_drawing_transcription,source paired Mosher ester; inherits pending scaffold stereochemistry where applicable,pending_independent_chemist_review,CCCC(COC(=O)c1ccccc1)C1C[C@H](OC(=O)[C@@](OC)(c2ccccc2)C(F)(F)F)CC(O)([C@@H](C)OC(=O)[C@@](OC)(c2ccccc2)C(F)(F)F)O1,C39H42F6O10,APFQSISABRULIO-KPXUBEISSA-N
paper-30d3cf1b14fd5066,15b,15b,SI compound 15b,source_drawing_transcription,,pending_independent_chemist_review,CCCC(COC(=O)c1ccccc1)C1C[C@H](O)CC(O)([C@H](C)O)O1,C19H28O6,GDZCMYZGVXBIRT-RMOKWXTOSA-N
paper-30d3cf1b14fd5066,15b-bis-R-MTPA,15b-bis-R-MTPA,SI compound 15b-bis-R-MTPA,source_drawing_transcription,source paired Mosher ester; inherits pending scaffold stereochemistry where applicable,pending_independent_chemist_review,CCCC(COC(=O)c1ccccc1)C1C[C@H](OC(=O)[C@](OC)(c2ccccc2)C(F)(F)F)CC(O)([C@H](C)OC(=O)[C@](OC)(c2ccccc2)C(F)(F)F)O1,C39H42F6O10,APFQSISABRULIO-VPAHWXRDSA-N
paper-30d3cf1b14fd5066,15b-bis-S-MTPA,15b-bis-S-MTPA,SI compound 15b-bis-S-MTPA,source_drawing_transcription,source paired Mosher ester; inherits pending scaffold stereochemistry where applicable,pending_independent_chemist_review,CCCC(COC(=O)c1ccccc1)C1C[C@H](OC(=O)[C@@](OC)(c2ccccc2)C(F)(F)F)CC(O)([C@H](C)OC(=O)[C@@](OC)(c2ccccc2)C(F)(F)F)O1,C39H42F6O10,APFQSISABRULIO-FZKMMVHHSA-N
paper-30d3cf1b14fd5066,2,2,SI compound 2,source_drawing_transcription,,pending_independent_chemist_review,COc1ccc(COCCC=O)cc1,C11H14O3,GRLZQMWIFNOFIM-UHFFFAOYSA-N
paper-30d3cf1b14fd5066,24,24,SI compound 24,source_drawing_transcription,,pending_independent_chemist_review,C=C(C[C@@H](CC(OCOCc1ccccc1)C(C=O)CCC)OCOCc1ccccc1)[C@H](C)OCOCc1ccccc1,C37H48O7,NIMUAGBBCWGLRG-PHJVLASRSA-N
paper-30d3cf1b14fd5066,26,26,SI compound 26,source_drawing_transcription,,pending_independent_chemist_review,Cc1c(OCc2ccccc2)c(Br)cc(CC(C)C)c1OCc1ccccc1,C25H27BrO2,DYRBNSFIHCXKOG-UHFFFAOYSA-N
paper-30d3cf1b14fd5066,27,27,SI compound 27,source_drawing_transcription,,pending_independent_chemist_review,Cc1c(O)cccc1O,C7H8O2,ZTMADXFOCUXMJE-UHFFFAOYSA-N
paper-30d3cf1b14fd5066,28,28,SI compound 28,source_drawing_transcription,,pending_independent_chemist_review,Cc1c(O)ccc(CC(C)C)c1O,C11H16O2,INJPOJCWCNCQFY-UHFFFAOYSA-N
paper-30d3cf1b14fd5066,29,29,SI compound 29,source_drawing_transcription,,pending_independent_chemist_review,Cc1c(OCc2ccccc2)ccc(CC(C)C)c1OCc1ccccc1,C25H28O2,AMRBKQSXSBENRW-UHFFFAOYSA-N
paper-30d3cf1b14fd5066,3,3,SI compound 3,source_drawing_transcription,,pending_independent_chemist_review,CC[Si](CC)(CC)O[C@H](CC=O)CCOCc1ccc(OC)cc1,C19H32O4Si,YHNWCNJLIHRQEO-LJQANCHMSA-N
paper-30d3cf1b14fd5066,30,30,SI compound 30,source_drawing_transcription,C2 wavy mixture,pending_independent_chemist_review,C=C(C[C@H](O)CCOCc1ccc(OC)cc1)C(C)O,C16H24O4,IFARPSPFMMUMBL-AWKYBWMHSA-N
paper-30d3cf1b14fd5066,32,32,SI compound 32,source_drawing_transcription,,pending_independent_chemist_review,C=C(C[C@H](O)CCOCc1ccc(OC)cc1)[C@H](C)O,C16H24O4,IFARPSPFMMUMBL-DZGCQCFKSA-N
paper-30d3cf1b14fd5066,32-bis-R-MTPA,32-bis-R-MTPA,SI compound 32-bis-R-MTPA,source_drawing_transcription,source paired Mosher ester; inherits pending scaffold stereochemistry where applicable,pending_independent_chemist_review,C=C(C[C@@H](CCOCc1ccc(OC)cc1)OC(=O)[C@](OC)(c1ccccc1)C(F)(F)F)[C@H](C)OC(=O)[C@](OC)(c1ccccc1)C(F)(F)F,C36H38F6O8,AGUOOMZYLRCELV-GZSDWJHTSA-N
paper-30d3cf1b14fd5066,32-bis-S-MTPA,32-bis-S-MTPA,SI compound 32-bis-S-MTPA,source_drawing_transcription,source paired Mosher ester; inherits pending scaffold stereochemistry where applicable,pending_independent_chemist_review,C=C(C[C@@H](CCOCc1ccc(OC)cc1)OC(=O)[C@@](OC)(c1ccccc1)C(F)(F)F)[C@H](C)OC(=O)[C@@](OC)(c1ccccc1)C(F)(F)F,C36H38F6O8,AGUOOMZYLRCELV-XLEBWIGRSA-N
paper-30d3cf1b14fd5066,33,33,SI compound 33,source_drawing_transcription,,pending_independent_chemist_review,C=C(C[C@H](O)CCOCc1ccc(OC)cc1)[C@@H](C)OC(C)=O,C18H26O5,HNMSKVUTBKZNMC-RHSMWYFYSA-N
paper-30d3cf1b14fd5066,34,34,SI compound 34,source_drawing_transcription,,pending_independent_chemist_review,C=C(C[C@@H](CC=O)OCOCc1ccccc1)[C@H](C)OCOCc1ccccc1,C24H30O5,LDOOJBDGBGQGLL-XUZZJYLKSA-N
paper-30d3cf1b14fd5066,35,35,SI compound 35,source_drawing_transcription,aldol C7/C8 and auxiliary assignments pending source-coordinate review,pending_independent_chemist_review,C=C(C[C@@H](CC(O)C(CCC)C(=O)N1C(=O)OCC1Cc1ccccc1)OCOCc1ccccc1)[C@H](C)OCOCc1ccccc1,C39H49NO8,ZAPAUMHCBCASQP-AAVBOTCDSA-N
paper-30d3cf1b14fd5066,36,36,SI compound 36,source_drawing_transcription,,pending_independent_chemist_review,C=C(C[C@@H](CC(OCOCc1ccccc1)C(CCC)C(=O)N1C(=O)OCC1Cc1ccccc1)OCOCc1ccccc1)[C@H](C)OCOCc1ccccc1,C47H57NO9,PCPANTQNCZUWGX-CYQORKSNSA-N
paper-30d3cf1b14fd5066,37,37,SI compound 37,source_drawing_transcription,,pending_independent_chemist_review,C=C(C[C@@H](CC(OCOCc1ccccc1)C(CO)CCC)OCOCc1ccccc1)[C@H](C)OCOCc1ccccc1,C37H50O7,AATRBCRWSMWUMF-PHJVLASRSA-N
paper-30d3cf1b14fd5066,38,38,SI compound 38,source_drawing_transcription,,pending_independent_chemist_review,Cc1c(OCc2ccccc2)c(CC(C)C)cc(B(O)O)c1OCc1ccccc1,C25H29BO4,PJSFGVFNYIVGCJ-UHFFFAOYSA-N
paper-30d3cf1b14fd5066,40,40,SI compound 40,source_drawing_transcription,,pending_independent_chemist_review,CCCCC(=O)N(C)S(=O)(=O)c1ccc(C)cc1,C13H19NO3S,DDITXGOROOHKBP-UHFFFAOYSA-N
paper-30d3cf1b14fd5066,41,41,SI compound 41,source_drawing_transcription,,pending_independent_chemist_review,CCCCC(=O)c1cc(CC(C)C)c(OCc2ccccc2)c(C)c1OCc1ccccc1,C30H36O3,VYVKLXWYNQUPOM-UHFFFAOYSA-N
paper-30d3cf1b14fd5066,42,42,SI compound 42,source_drawing_transcription,,pending_independent_chemist_review,Cc1ccc(B(O)O)cc1,C7H9BO2,BIWQNIMLAISTBV-UHFFFAOYSA-N
paper-30d3cf1b14fd5066,44,44,SI compound 44,source_drawing_transcription,,pending_independent_chemist_review,CCCC(CCC)C(=O)c1ccc(C)cc1,C15H22O,DIMIBGCMICYNSQ-UHFFFAOYSA-N
paper-30d3cf1b14fd5066,46,46,SI compound 46,source_drawing_transcription,,pending_independent_chemist_review,CCCCC(=O)c1cc(CC(C)C)c(OC(=O)OCc2ccccc2)c(C)c1OC(=O)OCc1ccccc1,C32H36O7,LDNMJGJZOUNMQY-UHFFFAOYSA-N
paper-30d3cf1b14fd5066,47,47,SI compound 47,source_drawing_transcription,,pending_independent_chemist_review,C=C(C[C@@H](CC=O)OCc1ccccc1)[C@H](C)OCc1ccccc1,C22H26O3,AXFUZZOWDFOCTH-SIKLNZKXSA-N
paper-30d3cf1b14fd5066,48a,48a,SI compound 48a,source_drawing_transcription,source aldol isomer a; C7/C8 pending until final absolute assignment,pending_independent_chemist_review,C=C(C[C@@H](CC(O)C(CCC)C(=O)c1cc(CC(C)C)c(OC(=O)OCc2ccccc2)c(C)c1OC(=O)OCc1ccccc1)OCc1ccccc1)[C@H](C)OCc1ccccc1,C54H62O10,JUFJAXNZFPODRX-CHXAXXKZSA-N
paper-30d3cf1b14fd5066,48b,48b,SI compound 48b,source_drawing_transcription,source aldol isomer b; C7/C8 pending until final absolute assignment,pending_independent_chemist_review,C=C(C[C@@H](CC(O)C(CCC)C(=O)c1cc(CC(C)C)c(OC(=O)OCc2ccccc2)c(C)c1OC(=O)OCc1ccccc1)OCc1ccccc1)[C@H](C)OCc1ccccc1,C54H62O10,JUFJAXNZFPODRX-CHXAXXKZSA-N
paper-30d3cf1b14fd5066,49a,49a,SI compound 49a,source_drawing_transcription,,pending_independent_chemist_review,CCC[C@H](C(=O)c1cc(CC(C)C)c(OC(=O)OCc2ccccc2)c(C)c1OC(=O)OCc1ccccc1)[C@H]1C[C@@H](OCc2ccccc2)C[C@@](O)([C@H](C)OCc2ccccc2)O1,C53H60O11,GHDNZDUHKMJKCB-IOAPZSFISA-N
paper-30d3cf1b14fd5066,49b,49b,SI compound 49b,source_drawing_transcription,,pending_independent_chemist_review,CCC[C@@H](C(=O)c1cc(CC(C)C)c(OC(=O)OCc2ccccc2)c(C)c1OC(=O)OCc1ccccc1)[C@@H]1C[C@@H](OCc2ccccc2)C[C@@](O)([C@H](C)OCc2ccccc2)O1,C53H60O11,GHDNZDUHKMJKCB-FKSCQKOVSA-N
paper-30d3cf1b14fd5066,5,5,SI compound 5,source_drawing_transcription,"C3 alcohol wavy, unresolved diastereomer mixture",pending_independent_chemist_review,C=C(C)C(O)C[C@H](CCOCc1ccc(OC)cc1)O[Si](CC)(CC)CC,C22H38O4Si,JJVJXJJMDXFRQI-HMTLIYDFSA-N
paper-30d3cf1b14fd5066,6,6,SI compound 6,source_drawing_transcription,C2/C3 wavy diol mixture,pending_independent_chemist_review,CC[Si](CC)(CC)O[C@@H](CCOCc1ccc(OC)cc1)CC(O)C(C)O,C21H38O5Si,CVEAIFBNSIBGTC-SGDIKTSBSA-N
paper-30d3cf1b14fd5066,7,7,SI compound 7,source_drawing_transcription,C2 wavy mixture,pending_independent_chemist_review,CC[Si](CC)(CC)OC(C)C(=O)C[C@H](CCOCc1ccc(OC)cc1)O[Si](CC)(CC)CC,C27H50O5Si2,RZZYOYIYNQYIDE-NASUQTAISA-N
paper-30d3cf1b14fd5066,8,8,SI compound 8,source_drawing_transcription,,pending_independent_chemist_review,C=C(C[C@H](CCO)O[Si](CC)(CC)CC)C(C)O[Si](CC)(CC)CC,C20H44O3Si2,DLLFKSZTKLAXED-ANYOKISRSA-N
paper-30d3cf1b14fd5066,9,9,SI compound 9,source_drawing_transcription,,pending_independent_chemist_review,C=C(C[C@H](CC=O)O[Si](CC)(CC)CC)C(C)O[Si](CC)(CC)CC,C20H42O3Si2,HSILWXPNMGOENE-ANYOKISRSA-N
paper-30d3cf1b14fd5066,S1,S1,SI compound S1,source_drawing_transcription,,pending_independent_chemist_review,COc1ccc(B(O)O)c(OC)c1,C8H11BO4,SQTUYFKNCCBFRR-UHFFFAOYSA-N
paper-30d3cf1b14fd5066,S10,S10,SI compound S10,source_drawing_transcription,,pending_independent_chemist_review,C=CC[C@H](CCOCc1ccc(OC)cc1)O[Si](CC)(CC)CC,C20H34O3Si,HJYPJPRHFVBPOM-HXUWFJFHSA-N
paper-30d3cf1b14fd5066,S11,S11,SI compound S11,source_drawing_transcription,E enoate,pending_independent_chemist_review,CCOC(=O)/C=C/CCOCc1ccc(OC)cc1,C15H20O4,GDMFOGXUWZZXNV-GQCTYLIASA-N
paper-30d3cf1b14fd5066,S12,S12,SI compound S12,source_drawing_transcription,,pending_independent_chemist_review,COc1ccc(COCC/C=C/CO)cc1,C13H18O3,NOHLGEAQGGTUSR-NSCUHMNNSA-N
paper-30d3cf1b14fd5066,S13,S13,SI compound S13,source_drawing_transcription,source trans epoxide; epoxide center assignments await review,pending_independent_chemist_review,COc1ccc(COCCC2OC2CO)cc1,C13H18O4,XPJHGEBHCKYKMS-UHFFFAOYSA-N
paper-30d3cf1b14fd5066,S14,S14,SI compound S14,source_drawing_transcription,,pending_independent_chemist_review,COc1ccc(COCC[C@@H](O)CCO)cc1,C13H20O4,JXRQEWOTWNPOMP-LBPRGKRZSA-N
paper-30d3cf1b14fd5066,S15,S15,SI compound S15,source_drawing_transcription,,pending_independent_chemist_review,COc1ccc(COCC[C@@H](O)CCOC(=O)C(C)(C)C)cc1,C18H28O5,ORNXUNOXHIEDSJ-OAHLLOKOSA-N
paper-30d3cf1b14fd5066,S16,S16,SI compound S16,source_drawing_transcription,,pending_independent_chemist_review,CC[Si](CC)(CC)O[C@H](CCOCc1ccc(OC)cc1)CCOC(=O)C(C)(C)C,C24H42O5Si,CVSJMPUAVJBIDG-JOCHJYFZSA-N
paper-30d3cf1b14fd5066,S17,S17,SI compound S17,source_drawing_transcription,,pending_independent_chemist_review,CC[Si](CC)(CC)O[C@@H](CCO)CCOCc1ccc(OC)cc1,C19H34O4Si,FWUUMQULRGWAIJ-IBGZPJMESA-N
paper-30d3cf1b14fd5066,S18,S18,SI compound S18,source_drawing_transcription,C2/C3 wavy mixture,pending_independent_chemist_review,CC[Si](CC)(CC)OC(C)C(O)C[C@H](CCOCc1ccc(OC)cc1)O[Si](CC)(CC)CC,C27H52O5Si2,CZDXURDUAJNILZ-YJPOWDFOSA-N
paper-30d3cf1b14fd5066,S19,S19,SI compound S19,source_drawing_transcription,,pending_independent_chemist_review,C=C(C[C@H](CCOCc1ccc(OC)cc1)O[Si](CC)(CC)CC)C(C)O[Si](CC)(CC)CC,C28H52O4Si2,ATNFRYZPSUOPSQ-NMXAJACMSA-N
paper-30d3cf1b14fd5066,S20,S20,SI compound S20,source_drawing_transcription,source aldol stereochemistry pending; C2 mixed,pending_independent_chemist_review,C=C(C[C@H](CC(O)C(CO)CCC)O[Si](CC)(CC)CC)C(C)O[Si](CC)(CC)CC,C25H54O4Si2,LXEOIBBCLIYEBZ-MKYCMJFRSA-N
paper-30d3cf1b14fd5066,S21a,S21a,SI compound S21a,source_drawing_transcription,pyran hemiacetal and aldol stereochemistry pending source-coordinate review,pending_independent_chemist_review,CCCC(COC(=O)c1ccccc1)C1C[C@H](O[Si](CC)(CC)CC)CC(O)([C@@H](C)O[Si](CC)(CC)CC)O1,C31H56O6Si2,FSUUYXLTQCARIS-VMSBMYFHSA-N
paper-30d3cf1b14fd5066,S21b,S21b,SI compound S21b,source_drawing_transcription,pyran hemiacetal and aldol stereochemistry pending source-coordinate review,pending_independent_chemist_review,CCCC(COC(=O)c1ccccc1)C1C[C@H](O[Si](CC)(CC)CC)CC(O)([C@H](C)O[Si](CC)(CC)CC)O1,C31H56O6Si2,FSUUYXLTQCARIS-DKQQZZLZSA-N
paper-30d3cf1b14fd5066,S22,S22,SI compound S22,source_drawing_transcription,,pending_independent_chemist_review,Cc1c(O)ccc(C(=O)C(C)C)c1O,C11H14O3,MOXVIEFGGDXGTQ-UHFFFAOYSA-N
paper-30d3cf1b14fd5066,S23,S23,SI compound S23,source_drawing_transcription,,pending_independent_chemist_review,C=C(C[C@@H](CCOCc1ccc(OC)cc1)O[Si](CC)(CC)CC)C(C)O[Si](CC)(CC)CC,C28H52O4Si2,ATNFRYZPSUOPSQ-MPSNESSQSA-N
paper-30d3cf1b14fd5066,S24,S24,SI compound S24,source_drawing_transcription,,pending_independent_chemist_review,C=C(C[C@@H](CCOCc1ccc(OC)cc1)OCOCc1ccccc1)[C@H](C)OCOCc1ccccc1,C32H40O6,WUWQPRBXMJXJEZ-QVWWMRLHSA-N
paper-30d3cf1b14fd5066,S25,S25,SI compound S25,source_drawing_transcription,,pending_independent_chemist_review,C=C(C[C@@H](CCO)OCOCc1ccccc1)[C@H](C)OCOCc1ccccc1,C24H32O5,PZAKPKCBSCJGOR-XUZZJYLKSA-N
paper-30d3cf1b14fd5066,S26,S26,SI compound S26,source_drawing_transcription,,pending_independent_chemist_review,Cc1c(OCc2ccccc2)c(CC(C)C)cc(B2OC(C)(C)C(C)(C)O2)c1OCc1ccccc1,C31H39BO4,BUGVIKIOEVRLFE-UHFFFAOYSA-N
paper-30d3cf1b14fd5066,S27,S27,SI compound S27,source_drawing_transcription,,pending_independent_chemist_review,CCCCC(=O)c1cc(CC(C)C)c(O)c(C)c1O,C16H24O3,RBDRHAKUNIQQFA-UHFFFAOYSA-N
paper-30d3cf1b14fd5066,S28,S28,SI compound S28,source_drawing_transcription,,pending_independent_chemist_review,C=C(C[C@@H](CCOCc1ccc(OC)cc1)OCc1ccccc1)[C@H](C)OCc1ccccc1,C30H36O4,MOSCVUHHJTZFBV-SETSBSEESA-N
paper-30d3cf1b14fd5066,S29,S29,SI compound S29,source_drawing_transcription,,pending_independent_chemist_review,C=C(C[C@@H](CCO)OCc1ccccc1)[C@H](C)OCc1ccccc1,C22H28O3,MCUGCDWHDUSGDN-SIKLNZKXSA-N
paper-30d3cf1b14fd5066,S2a,S2a,SI compound S2a,source_drawing_transcription,,pending_independent_chemist_review,Cc1ccc(S(=O)(=O)N(Cc2c(F)c(F)c(F)c(F)c2F)C(=O)c2ccccc2)cc1,C21H14F5NO3S,USGPAMFPFBKRKL-UHFFFAOYSA-N
paper-30d3cf1b14fd5066,S2b,S2b,SI compound S2b,source_drawing_transcription,,pending_independent_chemist_review,Cc1ccc(S(=O)(=O)N(CC(=O)OC(C)(C)C)C(=O)c2ccccc2)cc1,C20H23NO5S,AWZRPYVUJDNDJZ-UHFFFAOYSA-N
paper-30d3cf1b14fd5066,S2c,S2c,SI compound S2c,source_drawing_transcription,,pending_independent_chemist_review,Cc1ccc(S(=O)(=O)N(Cc2ccccc2)C(=O)c2ccccc2)cc1,C21H19NO3S,OFBKQOAFIPMQLJ-UHFFFAOYSA-N
paper-30d3cf1b14fd5066,S2d,S2d,SI compound S2d,source_drawing_transcription,,pending_independent_chemist_review,COc1ccc(CN(C(=O)c2ccccc2)S(=O)(=O)c2ccc(C)cc2)cc1,C22H21NO4S,OLOYPPZJIZEEHW-UHFFFAOYSA-N
paper-30d3cf1b14fd5066,S2e,S2e,SI compound S2e,source_drawing_transcription,,pending_independent_chemist_review,Cc1ccc(S(=O)(=O)N(CC#N)C(=O)c2ccccc2)cc1,C16H14N2O3S,FEMFWZWFWGVVJH-UHFFFAOYSA-N
paper-30d3cf1b14fd5066,S3a,S3a,SI compound S3a,source_drawing_transcription,,pending_independent_chemist_review,COc1ccc(CCC(=O)N(Cc2c(F)c(F)c(F)c(F)c2F)S(=O)(=O)c2ccc(C)cc2)cc1,C24H20F5NO4S,VHFSREVUQMHZAV-UHFFFAOYSA-N
paper-30d3cf1b14fd5066,S3b,S3b,SI compound S3b,source_drawing_transcription,,pending_independent_chemist_review,COc1ccc(CCC(=O)N(C)S(=O)(=O)c2ccc(C)cc2)cc1,C18H21NO4S,YYZUXJYTFPRZOM-UHFFFAOYSA-N
paper-30d3cf1b14fd5066,S5,S5,SI compound S5,source_drawing_transcription,,pending_independent_chemist_review,CCCC(CCC)C(=O)N(C)S(=O)(=O)c1ccc(C)cc1,C16H25NO3S,VALPGGVHNBMIDR-UHFFFAOYSA-N
paper-30d3cf1b14fd5066,S6a,S6a,SI compound S6a,source_drawing_transcription,,pending_independent_chemist_review,Cc1ccc(C(=O)c2ccccc2)cc1,C14H12O,WXPWZZHELZEVPO-UHFFFAOYSA-N
paper-30d3cf1b14fd5066,S6b,S6b,SI compound S6b,source_drawing_transcription,,pending_independent_chemist_review,COc1ccc(C(=O)c2ccccc2)c(OC)c1,C15H14O3,WWVXYKPKRAMYDP-UHFFFAOYSA-N
paper-30d3cf1b14fd5066,S6c,S6c,SI compound S6c,source_drawing_transcription,,pending_independent_chemist_review,COc1ccc(CCC(=O)c2ccc(OC)cc2OC)cc1,C18H20O4,RLXIJVAQVDODQY-UHFFFAOYSA-N
paper-30d3cf1b14fd5066,S7,S7,SI compound S7,source_drawing_transcription,,pending_independent_chemist_review,OCCCO,C3H8O2,YPFDHNVEDLHUCE-UHFFFAOYSA-N
paper-30d3cf1b14fd5066,S8,S8,SI compound S8,source_drawing_transcription,,pending_independent_chemist_review,COc1ccc(COCCCO)cc1,C11H16O3,BGEHPNIXVMWYJD-UHFFFAOYSA-N
paper-30d3cf1b14fd5066,S9,S9,SI compound S9,source_drawing_transcription,,pending_independent_chemist_review,C=CC[C@@H](O)CCOCc1ccc(OC)cc1,C14H20O3,WPQXCBHWBKRBLH-CYBMUJFWSA-N
paper-30d3cf1b14fd5066,allyl-Grignard,allyl-Grignard,SI compound allyl-Grignard,source_drawing_transcription,organic magnesium bromide moiety; bromide counterion omitted,pending_independent_chemist_review,C=C[CH2][Mg+],C3H5Mg+,MSTDEXRNHWHVCP-UHFFFAOYSA-N
paper-30d3cf1b14fd5066,ent-12,ent-12,SI compound ent-12,source_drawing_transcription,opposite source Evans auxiliary; absolute auxiliary stereochemistry pending review,pending_independent_chemist_review,CCCCC(=O)N1C(=O)OCC1Cc1ccccc1,C15H19NO3,BQLGXGCFEVCOFV-UHFFFAOYSA-N
paper-30d3cf1b14fd5066,ent-3,ent-3,SI compound ent-3,source_drawing_transcription,,pending_independent_chemist_review,CC[Si](CC)(CC)O[C@@H](CC=O)CCOCc1ccc(OC)cc1,C19H32O4Si,YHNWCNJLIHRQEO-IBGZPJMESA-N
paper-30d3cf1b14fd5066,ent-5,ent-5,SI compound ent-5,source_drawing_transcription,"C3 alcohol wavy, unresolved diastereomer mixture",pending_independent_chemist_review,C=C(C)C(O)C[C@@H](CCOCc1ccc(OC)cc1)O[Si](CC)(CC)CC,C22H38O4Si,JJVJXJJMDXFRQI-ZMFCMNQTSA-N
paper-30d3cf1b14fd5066,ent-6,ent-6,SI compound ent-6,source_drawing_transcription,C2/C3 wavy diol mixture,pending_independent_chemist_review,CC[Si](CC)(CC)O[C@H](CCOCc1ccc(OC)cc1)CC(O)C(C)O,C21H38O5Si,CVEAIFBNSIBGTC-TWMPVWRBSA-N
paper-30d3cf1b14fd5066,ent-7,ent-7,SI compound ent-7,source_drawing_transcription,C2 wavy mixture,pending_independent_chemist_review,CC[Si](CC)(CC)OC(C)C(=O)C[C@@H](CCOCc1ccc(OC)cc1)O[Si](CC)(CC)CC,C27H50O5Si2,RZZYOYIYNQYIDE-ANWICMFUSA-N
paper-30d3cf1b14fd5066,ent-S18,ent-S18,SI compound ent-S18,source_drawing_transcription,C2/C3 wavy mixture,pending_independent_chemist_review,CC[Si](CC)(CC)OC(C)C(O)C[C@@H](CCOCc1ccc(OC)cc1)O[Si](CC)(CC)CC,C27H52O5Si2,CZDXURDUAJNILZ-VJZLMVMKSA-N
paper-30d3cf1b14fd5066,isobutyryl-chloride,isobutyryl-chloride,SI compound isobutyryl-chloride,source_drawing_transcription,,pending_independent_chemist_review,CC(C)C(=O)Cl,C4H7ClO,DGMOBVGABMBZSB-UHFFFAOYSA-N
paper-30d3cf1b14fd5066,isopropenyl-bromide,isopropenyl-bromide,SI compound isopropenyl-bromide,source_drawing_transcription,,pending_independent_chemist_review,C=C(C)Br,C3H5Br,PHMRPWPDDRGGGF-UHFFFAOYSA-N
paper-30d3cf1b14fd5066,phosphonoacetate,phosphonoacetate,SI compound phosphonoacetate,source_drawing_transcription,,pending_independent_chemist_review,CCOC(=O)CP(=O)(OCC)OCC,C8H17O5P,GGUBFICZYGKNTD-UHFFFAOYSA-N
paper-30f79134d51e3020,10,10,Source compound 10,source_drawing_transcription,Source alkene geometry retained; no tetrahedral configuration inferred,pending_independent_chemist_review,CC(C)(C)OC(=O)N(CC=O)CCc1cn(C(=O)OC(C)(C)C)c2ccccc12,C22H30N2O5,ANKCCORSYNXTTB-UHFFFAOYSA-N
paper-30f79134d51e3020,11,11,Source compound 11,source_drawing_transcription,Source alkene geometry retained; no tetrahedral configuration inferred,pending_independent_chemist_review,CCOC(=O)/C=C/CN(CCc1cn(C(=O)OC(C)(C)C)c2ccccc12)C(=O)OC(C)(C)C,C26H36N2O6,PCUTYUWBNNKUQD-SDNWHVSQSA-N
paper-30f79134d51e3020,13,13,methyl (E)-4-bromobut-2-enoate,source_drawing_transcription,Source alkene geometry retained; no tetrahedral configuration inferred,pending_independent_chemist_review,COC(=O)/C=C/CBr,C5H7BrO2,RWIKCBHOVNDESJ-NSCUHMNNSA-N
paper-30f79134d51e3020,14,14,Source compound 14,source_drawing_transcription,Source alkene geometry retained; no tetrahedral configuration inferred,pending_independent_chemist_review,COC(=O)/C=C/CN(CCc1cn(C(=O)OC(C)(C)C)c2ccccc12)C(=O)OC(C)(C)C,C25H34N2O6,WKSXBNZIWONOKE-JLHYYAGUSA-N
paper-30f79134d51e3020,15,15,Source compound 15,source_drawing_transcription,Source alkene geometry retained; no tetrahedral configuration inferred,pending_independent_chemist_review,COC(=O)/C=C/CNCCc1c[nH]c2ccccc12,C15H18N2O2,KDOMURYVEZYHGF-QPJJXVBHSA-N
paper-30f79134d51e3020,16a,16a,Source compound 16a,source_drawing_transcription,Explicit racemate; canonical SMILES is a representative enantiomer of the source relative drawing; enhanced AND-group CXSMILES retained,pending_independent_chemist_review,C=C[C@@H](CN(CCc1cn(C(=O)OC(C)(C)C)c2ccccc12)C(=O)OC(C)(C)C)[C@@H](CC1OCCO1)C(=O)O,C30H42N2O8,UFXBHIAXMPFEGN-NZQKXSOJSA-N
paper-30f79134d51e3020,16b,16b,Source compound 16b,source_drawing_transcription,Explicit racemate; canonical SMILES is a representative enantiomer of the source relative drawing; enhanced AND-group CXSMILES retained,pending_independent_chemist_review,C=C[C@@H](CN(CCc1cn(C(=O)OC(C)(C)C)c2ccccc12)C(=O)OC(C)(C)C)[C@H](CC1OCCO1)C(=O)O,C30H42N2O8,UFXBHIAXMPFEGN-REWPJTCUSA-N
paper-30f79134d51e3020,17a,17a,Source compound 17a,source_drawing_transcription,Explicit racemate; canonical SMILES is a representative enantiomer of the source relative drawing; enhanced AND-group CXSMILES retained,pending_independent_chemist_review,C=C[C@H]1CN2CCc3c([nH]c4ccccc34)[C@@H]2C[C@H]1CC(=O)OC,C20H24N2O2,UDCODBRHOZKIFW-DEYYWGMASA-N
paper-30f79134d51e3020,17a-prime,17a',Source compound 17a-prime,source_drawing_transcription,Explicit racemate; canonical SMILES is a representative enantiomer of the source relative drawing; enhanced AND-group CXSMILES retained,pending_independent_chemist_review,C=C[C@H]1CN2CCc3c([nH]c4ccccc34)[C@H]2C[C@H]1CC(=O)OC,C20H24N2O2,UDCODBRHOZKIFW-SUNYJGFJSA-N
paper-30f79134d51e3020,17b,17b,Source compound 17b,source_drawing_transcription,Explicit racemate; canonical SMILES is a representative enantiomer of the source relative drawing; enhanced AND-group CXSMILES retained,pending_independent_chemist_review,C=C[C@H]1CN2CCc3c([nH]c4ccccc34)[C@H]2C[C@@H]1CC(=O)OC,C20H24N2O2,UDCODBRHOZKIFW-PMUMKWKESA-N
paper-30f79134d51e3020,17b-prime,17b',Source compound 17b-prime,source_drawing_transcription,Explicit racemate; canonical SMILES is a representative enantiomer of the source relative drawing; enhanced AND-group CXSMILES retained,pending_independent_chemist_review,C=C[C@H]1CN2CCc3c([nH]c4ccccc34)[C@@H]2C[C@@H]1CC(=O)OC,C20H24N2O2,UDCODBRHOZKIFW-IYOUNJFTSA-N
paper-30f79134d51e3020,3a,3a,Source compound 3a,source_drawing_transcription,Explicit racemate; canonical SMILES is a representative enantiomer of the source relative drawing; enhanced AND-group CXSMILES retained,pending_independent_chemist_review,C=C[C@@H](CN(CCc1cn(C(=O)OC(C)(C)C)c2ccccc12)C(=O)OC(C)(C)C)[C@H](CC(=O)OC)CC1OCCO1,C32H46N2O8,SZNWMNBTCQFDMT-LADGPHEKSA-N
paper-30f79134d51e3020,3b,3b,Source compound 3b,source_drawing_transcription,Explicit racemate; canonical SMILES is a representative enantiomer of the source relative drawing; enhanced AND-group CXSMILES retained,pending_independent_chemist_review,C=C[C@@H](CN(CCc1cn(C(=O)OC(C)(C)C)c2ccccc12)C(=O)OC(C)(C)C)[C@@H](CC(=O)OC)CC1OCCO1,C32H46N2O8,SZNWMNBTCQFDMT-UPVQGACJSA-N
paper-30f79134d51e3020,4,4,Source compound 4,source_drawing_transcription,Source alkene geometry retained; no tetrahedral configuration inferred,pending_independent_chemist_review,CC(C)(C)OC(=O)N(C/C=C/COC(=O)CCC1OCCO1)CCc1cn(C(=O)OC(C)(C)C)c2ccccc12,C30H42N2O8,PZGJTVUSJZMYLG-MDZDMXLPSA-N
paper-30f79134d51e3020,5,5,Source compound 5,source_drawing_transcription,Source alkene geometry retained; no tetrahedral configuration inferred,pending_independent_chemist_review,O=C(O)CCC1OCCO1,C6H10O4,OMRKVBGGCFPFQR-UHFFFAOYSA-N
paper-30f79134d51e3020,6,6,Source compound 6,source_drawing_transcription,Source alkene geometry retained; no tetrahedral configuration inferred,pending_independent_chemist_review,CC(C)(C)OC(=O)N(C/C=C/CO)CCc1cn(C(=O)OC(C)(C)C)c2ccccc12,C24H34N2O5,ARZWOSNEQKNJKV-MDZDMXLPSA-N
paper-30f79134d51e3020,7,7,Source compound 7,source_drawing_transcription,Source alkene geometry retained; no tetrahedral configuration inferred,pending_independent_chemist_review,COC(=O)CN(CCc1cn(C(=O)OC(C)(C)C)c2ccccc12)C(=O)OC(C)(C)C,C23H32N2O6,RLYXJRQFYOBETL-UHFFFAOYSA-N
paper-30f79134d51e3020,8a,8a,tryptamine,source_drawing_transcription,Source alkene geometry retained; no tetrahedral configuration inferred,pending_independent_chemist_review,NCCc1c[nH]c2ccccc12,C10H12N2,APJYDQYYACXCRM-UHFFFAOYSA-N
paper-30f79134d51e3020,9,9,Source compound 9,source_drawing_transcription,Source alkene geometry retained; no tetrahedral configuration inferred,pending_independent_chemist_review,COC(=O)CNCCc1c[nH]c2ccccc12,C13H16N2O2,GWFKNEDCGIIHKS-UHFFFAOYSA-N
paper-30f79134d51e3020,Boc2O,,di-tert-butyl dicarbonate,source_drawing_transcription,Source alkene geometry retained; no tetrahedral configuration inferred,pending_independent_chemist_review,CC(C)(C)OC(=O)OC(=O)OC(C)(C)C,C10H18O5,DYHSDKLCOJIUFX-UHFFFAOYSA-N
paper-30f79134d51e3020,I,I,rac-Corynantheol,source_drawing_transcription,Explicit racemate; canonical SMILES is a representative enantiomer of the source relative drawing; enhanced AND-group CXSMILES retained,pending_independent_chemist_review,C=C[C@H]1CN2CCc3c([nH]c4ccccc34)[C@@H]2C[C@@H]1CCO,C19H24N2O,IILQILGCNGUUHT-DEYYWGMASA-N
paper-30f79134d51e3020,II,II,rac-Isocorynantheol,source_drawing_transcription,Explicit racemate; canonical SMILES is a representative enantiomer of the source relative drawing; enhanced AND-group CXSMILES retained,pending_independent_chemist_review,C=C[C@H]1CN2CCc3c([nH]c4ccccc34)[C@H]2C[C@@H]1CCO,C19H24N2O,IILQILGCNGUUHT-SUNYJGFJSA-N
paper-30f79134d51e3020,III,III,rac-Dihydrocorynantheol,source_drawing_transcription,Explicit racemate; canonical SMILES is a representative enantiomer of the source relative drawing; enhanced AND-group CXSMILES retained,pending_independent_chemist_review,CC[C@H]1CN2CCc3c([nH]c4ccccc34)[C@@H]2C[C@@H]1CCO,C19H26N2O,KBMIVGVAJKVWBU-DEYYWGMASA-N
paper-30f79134d51e3020,IV,IV,rac-15-epi-Corynantheol,source_drawing_transcription,Explicit racemate; canonical SMILES is a representative enantiomer of the source relative drawing; enhanced AND-group CXSMILES retained,pending_independent_chemist_review,C=C[C@H]1CN2CCc3c([nH]c4ccccc34)[C@@H]2C[C@H]1CCO,C19H24N2O,IILQILGCNGUUHT-IYOUNJFTSA-N
paper-30f79134d51e3020,V,V,rac-3-epi-Corynantheidol,source_drawing_transcription,Explicit racemate; canonical SMILES is a representative enantiomer of the source relative drawing; enhanced AND-group CXSMILES retained,pending_independent_chemist_review,CC[C@H]1CN2CCc3c([nH]c4ccccc34)[C@@H]2C[C@H]1CCO,C19H26N2O,KBMIVGVAJKVWBU-IYOUNJFTSA-N
paper-30f79134d51e3020,diazomethane,,diazomethane,source_drawing_transcription,Source alkene geometry retained; no tetrahedral configuration inferred,pending_independent_chemist_review,C=[N+]=[N-],CH2N2,YXHKONLOYHBTNS-UHFFFAOYSA-N
paper-30f79134d51e3020,wittig-ylide,,ethyl (triphenylphosphoranylidene)acetate,source_drawing_transcription,Source alkene geometry retained; no tetrahedral configuration inferred,pending_independent_chemist_review,CCOC(=O)C=P(c1ccccc1)(c1ccccc1)c1ccccc1,C22H21O2P,IIHPVYJPDKJYOU-UHFFFAOYSA-N
paper-327998a67c12eca6,5c,5c,coniferyl alcohol,source_drawing_transcription,source alkene geometry retained,pending_independent_chemist_review,COc1cc(/C=C/CO)ccc1O,C10H12O3,JMFRWRFFLBVWSI-NSCUHMNNSA-N
paper-327998a67c12eca6,6a,6a,"(Z)-hex-3-ene-2,5-dione",source_drawing_transcription,source alkene geometry retained,pending_independent_chemist_review,CC(=O)/C=C\C(C)=O,C6H8O2,OTSKZNVDZOOHRX-ARJAWSKDSA-N
paper-327998a67c12eca6,7c,7c,catunaregin,source_drawing_transcription,Relative stereochemistry reported by NOESY; ee and absolute configuration unassigned,pending_independent_chemist_review,COc1cc([C@H]2O[C@]3(C)O[C@@]4(C)C[C@@H]3[C@@H]2CO4)ccc1O,C16H20O5,WPHOQMWSFQDPPY-KCGURWGYSA-N
paper-327998a67c12eca6,8c,8c,epicatunaregin,source_drawing_transcription,Relative stereochemistry reported by NOESY; ee and absolute configuration unassigned,pending_independent_chemist_review,COc1cc([C@@H]2O[C@]3(C)O[C@@]4(C)C[C@@H]3[C@@H]2CO4)ccc1O,C16H20O5,WPHOQMWSFQDPPY-DCIASYOESA-N
paper-327998a67c12eca6,dimethylfuran,,"2,5-dimethylfuran",procedural_interpretation,achiral,pending_independent_chemist_review,Cc1ccc(C)o1,C6H8O,GSNUFIFRDBKVIE-UHFFFAOYSA-N
paper-33bf034f0faef47b,1,1,SI compound 1,source_drawing_transcription,,pending_independent_chemist_review,C=C(CCOCc1ccc(OC)cc1)C(=O)O,C13H16O4,YTXCERUNPLEHQM-UHFFFAOYSA-N
paper-33bf034f0faef47b,1-PosB,1-PosB,SI compound 1-PosB,source_drawing_transcription,,pending_independent_chemist_review,C=C(C(=O)O[C@@H]1O[C@H](CO)[C@@H](O)[C@H](O)[C@H]1O)[C@H](O)CO,C11H18O9,KVRQQFBSAHPTAB-ATLLRHMBSA-N
paper-33bf034f0faef47b,10,10,SI compound 10,source_drawing_transcription,,pending_independent_chemist_review,C=C(C(=O)O[C@@H]1O[C@H](CO)[C@@H](O[Si](C)(C)C)[C@H](O[Si](C)(C)C)[C@H]1O[Si](C)(C)C)[C@@H](COCc1ccc(OC)cc1)O[Si](C)(C)C(C)(C)C,C34H64O10Si4,YIHNDCRXMIWBAS-POXUNYOWSA-N
paper-33bf034f0faef47b,11,11,SI compound 11,source_drawing_transcription,,pending_independent_chemist_review,C=C(CCOCc1ccc(OC)cc1)C(=O)OC[C@H]1O[C@@H](OC(=O)C(=C)[C@@H](COCc2ccc(OC)cc2)O[Si](C)(C)C(C)(C)C)[C@H](O[Si](C)(C)C)[C@@H](O[Si](C)(C)C)[C@@H]1O[Si](C)(C)C,C47H78O13Si4,VFSUHRZVXBWTIN-FFJXSZDPSA-N
paper-33bf034f0faef47b,12,12,SI compound 12,source_drawing_transcription,,pending_independent_chemist_review,C=C(C(=O)OC[C@H]1O[C@@H](OC(=O)C(=C)[C@@H](COCc2ccc(OC)cc2)O[Si](C)(C)C(C)(C)C)[C@H](O[Si](C)(C)C)[C@@H](O[Si](C)(C)C)[C@@H]1O[Si](C)(C)C)[C@@H](COCc1ccc(OC)cc1)O[Si](C)(C)C(C)(C)C,C53H92O14Si5,PAQNBTNYRJWJIW-UOLWVIHZSA-N
paper-33bf034f0faef47b,2,2,SI compound 2,source_drawing_transcription,,pending_independent_chemist_review,C=C(CCOCc1ccc(OC)cc1)C(=O)O[C@@H]1O[C@H](CO)[C@@H](O)[C@H](O)[C@H]1O,C19H26O9,KVIKGACWDQSRIU-ILYVXUQDSA-N
paper-33bf034f0faef47b,3,3,SI compound 3,source_drawing_transcription,,pending_independent_chemist_review,C=C(CCOCc1ccc(OC)cc1)C(=O)O[C@@H]1O[C@H](CO[Si](C)(C)C)[C@@H](O[Si](C)(C)C)[C@H](O[Si](C)(C)C)[C@H]1O[Si](C)(C)C,C31H58O9Si4,NPCZPAAKHZYSGW-KBMGTAGUSA-N
paper-33bf034f0faef47b,4,4,SI compound 4,source_drawing_transcription,,pending_independent_chemist_review,C=C(CCOCc1ccc(OC)cc1)C(=O)O[C@@H]1O[C@H](CO)[C@@H](O[Si](C)(C)C)[C@H](O[Si](C)(C)C)[C@H]1O[Si](C)(C)C,C28H50O9Si3,KRGHZWMKUOKZOM-CBNWRBMVSA-N
paper-33bf034f0faef47b,5,5,SI compound 5,source_drawing_transcription,,pending_independent_chemist_review,C=C(CCOCc1ccc(OC)cc1)C(=O)OC[C@H]1O[C@@H](OC(=O)C(=C)CCOCc2ccc(OC)cc2)[C@H](O[Si](C)(C)C)[C@@H](O[Si](C)(C)C)[C@@H]1O[Si](C)(C)C,C41H64O12Si3,HMVWEGWUQYIGLF-DJDILAQZSA-N
paper-33bf034f0faef47b,6,6,SI compound 6,source_drawing_transcription,,pending_independent_chemist_review,C=C(C(=O)O)[C@@H](COCc1ccc(OC)cc1)O[Si](C)(C)C(C)(C)C,C19H30O5Si,ZFAOAMYEHCPZQK-QGZVFWFLSA-N
paper-33bf034f0faef47b,7,7,SI compound 7,source_drawing_transcription,,pending_independent_chemist_review,C=C(CCOCc1ccc(OC)cc1)C(=O)O[C@@H]1O[C@H](COC(=O)C(=C)[C@@H](COCc2ccc(OC)cc2)O[Si](C)(C)C(C)(C)C)[C@@H](O[Si](C)(C)C)[C@H](O[Si](C)(C)C)[C@H]1O[Si](C)(C)C,C47H78O13Si4,QOGVSJNEYWMUTI-FFJXSZDPSA-N
paper-33bf034f0faef47b,8,8,SI compound 8,source_drawing_transcription,,pending_independent_chemist_review,C=C(C(=O)O[C@@H]1O[C@H](CO)[C@@H](O)[C@H](O)[C@H]1O)[C@@H](COCc1ccc(OC)cc1)O[Si](C)(C)C(C)(C)C,C25H40O10Si,GAQRORJANQSMLN-HDFUESJRSA-N
paper-33bf034f0faef47b,9,9,SI compound 9,source_drawing_transcription,,pending_independent_chemist_review,C=C(C(=O)O[C@@H]1O[C@H](CO[Si](C)(C)C)[C@@H](O[Si](C)(C)C)[C@H](O[Si](C)(C)C)[C@H]1O[Si](C)(C)C)[C@@H](COCc1ccc(OC)cc1)O[Si](C)(C)C(C)(C)C,C37H72O10Si5,HHWQASSTWYSVLF-MWLYIGDASA-N
paper-33bf034f0faef47b,D-glucose,D-glucose,SI compound D-glucose,source_drawing_transcription,"Starting glucose anomer wavy; D stereochemistry retained, no fixed alpha/beta identity.",pending_independent_chemist_review,OC[C@H]1OC(O)[C@H](O)[C@@H](O)[C@@H]1O,C6H12O6,WQZGKKKJIJFFOK-GASJEMHNSA-N
paper-33bf034f0faef47b,PosD,PosD,SI compound PosD,source_drawing_transcription,,pending_independent_chemist_review,C=C(CCO)C(=O)OC[C@H]1O[C@@H](OC(=O)C(=C)CCO)[C@H](O)[C@@H](O)[C@@H]1O,C16H24O10,UBSJVYXTGNLZHC-VBTGVMJWSA-N
paper-33bf034f0faef47b,PosF,PosF,SI compound PosF,source_drawing_transcription,,pending_independent_chemist_review,C=C(CCO)C(=O)O[C@@H]1O[C@H](COC(=O)C(=C)[C@H](O)CO)[C@@H](O)[C@H](O)[C@H]1O,C16H24O11,IZSSLGQVLPHINU-SESNJUDKSA-N
paper-33bf034f0faef47b,diOH-PosD,diOH-PosD,SI compound diOH-PosD,source_drawing_transcription,,pending_independent_chemist_review,C=C(C(=O)OC[C@H]1O[C@@H](OC(=O)C(=C)[C@H](O)CO)[C@H](O)[C@@H](O)[C@@H]1O)[C@H](O)CO,C16H24O12,NXRMAHJMADEWPP-JXQOWDSWSA-N
paper-33bf034f0faef47b,isoPosF,isoPosF,SI compound isoPosF,source_drawing_transcription,,pending_independent_chemist_review,C=C(CCO)C(=O)OC[C@H]1O[C@@H](OC(=O)C(=C)[C@H](O)CO)[C@H](O)[C@@H](O)[C@@H]1O,C16H24O11,BVXJWJZNRLILJN-SESNJUDKSA-N
paper-3d207c0789378667,1,1,hyperprzewone A,source_drawing_transcription,tautomeric_mixture,pending_independent_chemist_review,CC(C)=CCC1(CC=C(C)C)C(=O)C(C(=O)CC(C)C)=C(O)C2=C1OC(C)(C)C=C2,C26H36O4,PTMNPSISWNOXFX-UHFFFAOYSA-N
paper-3d207c0789378667,10,10,SI compound 10,source_drawing_transcription,,pending_independent_chemist_review,CC(C)=CCC/C(C)=C/Cc1c(O)cc(O)c(C(=O)CC(C)C)c1O,C21H30O4,KVICTUDUJSJNSA-OQLLNIDSSA-N
paper-3d207c0789378667,11,11,SI compound 11,source_drawing_transcription,,pending_independent_chemist_review,CC(C)=CCC1(CC=C(C)C)C(=O)C(C(=O)CC(C)C)=C(O)C(CC=C(C)C)(CC=C(C)C)C1=O,C31H46O4,OBRDSNFLKZSQPF-UHFFFAOYSA-N
paper-3d207c0789378667,12,12,"2,4,6-trihydroxyacetophenone",source_drawing_transcription,,pending_independent_chemist_review,CC(=O)c1c(O)cc(O)cc1O,C8H8O4,XLEYFDVVXLMULC-UHFFFAOYSA-N
paper-3d207c0789378667,13,13,SI compound 13,source_drawing_transcription,,pending_independent_chemist_review,CC(=O)C1=C(O)C(CC=C(C)C)=C(O)C(CC=C(C)C)(CC=C(C)C)C1=O,C23H32O4,OFVIRHKTSPGAQP-UHFFFAOYSA-N
paper-3d207c0789378667,14,14,SI compound 14,source_drawing_transcription,,pending_independent_chemist_review,CC(=O)C1=C(O)C2=C(OC(C)(C)C=C2)C(CC=C(C)C)(CC=C(C)C)C1=O,C23H30O4,TVBCLIAMEFREHU-UHFFFAOYSA-N
paper-3d207c0789378667,2,2,hyperprzewone B,source_drawing_transcription,tautomeric_mixture_sidechain_unassigned,pending_independent_chemist_review,CCC(C)C(=O)C1=C(O)C2=C(OC(C)(C)C=C2)C(CC=C(C)C)(CC=C(C)C)C1=O,C26H36O4,BWVPERQXXAFLBC-UHFFFAOYSA-N
paper-3d207c0789378667,3,3,phloroglucinol,source_drawing_transcription,,pending_independent_chemist_review,Oc1cc(O)cc(O)c1,C6H6O3,QCDYQQDYXPDABM-UHFFFAOYSA-N
paper-3d207c0789378667,4a,4a,SI compound 4a,source_drawing_transcription,,pending_independent_chemist_review,CC(C)CC(=O)c1c(O)cc(O)cc1O,C11H14O4,VSDWHZGJGWMIRN-UHFFFAOYSA-N
paper-3d207c0789378667,4b,4b,SI compound 4b,source_drawing_transcription,,pending_independent_chemist_review,CCC(C)C(=O)c1c(O)cc(O)cc1O,C11H14O4,ASABIRFQGVWRDC-UHFFFAOYSA-N
paper-3d207c0789378667,5a,5a,SI compound 5a,source_drawing_transcription,,pending_independent_chemist_review,CC(C)=CCc1c(O)cc(O)c(C(=O)CC(C)C)c1O,C16H22O4,LWLGKGHHVBVDKB-UHFFFAOYSA-N
paper-3d207c0789378667,5b,5b,SI compound 5b,source_drawing_transcription,,pending_independent_chemist_review,CCC(C)C(=O)c1c(O)cc(O)c(CC=C(C)C)c1O,C16H22O4,KYHKDOKSARWIDI-UHFFFAOYSA-N
paper-3d207c0789378667,6a,6a,SI compound 6a,source_drawing_transcription,source_enol_tautomer,pending_independent_chemist_review,CC(C)=CCC1=C(O)C(CC=C(C)C)(CC=C(C)C)C(=O)C(C(=O)CC(C)C)=C1O,C26H38O4,LSDULPZJLTZEFD-UHFFFAOYSA-N
paper-3d207c0789378667,6b,6b,SI compound 6b,source_drawing_transcription,source_enol_tautomer,pending_independent_chemist_review,CCC(C)C(=O)C1=C(O)C(CC=C(C)C)=C(O)C(CC=C(C)C)(CC=C(C)C)C1=O,C26H38O4,QXPOWGXRDUFAQW-UHFFFAOYSA-N
paper-3d207c0789378667,7a,7a,SI compound 7a,source_drawing_transcription,,pending_independent_chemist_review,CC(C)CC(=O)c1c(O)cc(O)c2c1OC(C)(C)CC2,C16H22O4,FLJHUERCIDVTBK-UHFFFAOYSA-N
paper-3d207c0789378667,7b,7b,SI compound 7b,source_drawing_transcription,,pending_independent_chemist_review,CC(C)CC(=O)c1c(O)cc2c(c1O)CCC(C)(C)O2,C16H22O4,KOBORWZXTMLFMO-UHFFFAOYSA-N
paper-3d207c0789378667,8,8,SI compound 8,source_drawing_transcription,,pending_independent_chemist_review,CC(C)=CCC1(CC=C(C)C)C(=O)C(C(=O)CC(C)C)=C2OC(C)(C)CCC2=C1O,C26H38O4,UVEZWHHXGPQFAO-UHFFFAOYSA-N
paper-3d207c0789378667,9,9,SI compound 9,source_drawing_transcription,,pending_independent_chemist_review,CC(C)=CCc1c(O)c(CC=C(C)C)c(O)c(C(=O)CC(C)C)c1O,C21H30O4,NQYBQBZOHCACCR-UHFFFAOYSA-N
paper-3d207c0789378667,acyl-a,acyl-a,SI compound acyl-a,source_drawing_transcription,as_drawn,pending_independent_chemist_review,CC(C)CC(=O)Cl,C5H9ClO,ISULZYQDGYXDFW-UHFFFAOYSA-N
paper-3d207c0789378667,acyl-b,acyl-b,SI compound acyl-b,source_drawing_transcription,unspecified_sidechain_configuration,pending_independent_chemist_review,CCC(C)C(=O)Cl,C5H9ClO,XRPVXVRWIDOORM-UHFFFAOYSA-N
paper-3d207c0789378667,geranyl-Br,geranyl-Br,SI compound geranyl-Br,source_drawing_transcription,as_drawn,pending_independent_chemist_review,CC(C)=CCC/C(C)=C/CBr,C10H17Br,JSCUZAYKVZXKQE-JXMROGBWSA-N
paper-3d207c0789378667,prenyl-Br,prenyl-Br,SI compound prenyl-Br,source_drawing_transcription,as_drawn,pending_independent_chemist_review,CC(C)=CCBr,C5H9Br,LOYZVRIHVZEDMW-UHFFFAOYSA-N
paper-3e14822739da3f53,1,1,Compound 1,source_drawing_transcription,,pending_independent_chemist_review,O=Cc1ccc(O)c(O)c1,C7H6O3,IBGBGRVKPALMCQ-UHFFFAOYSA-N
paper-3e14822739da3f53,2,2,Compound 2,source_drawing_transcription,,pending_independent_chemist_review,CCOCOc1ccc(C=O)cc1OCOCC,C13H18O5,WTEDJPYISCQBLI-UHFFFAOYSA-N
paper-3e14822739da3f53,3,3,Compound 3,source_drawing_transcription,,pending_independent_chemist_review,COc1cc(O)ccc1C(C)=O,C9H10O3,XPHIPEXPAGCEBM-UHFFFAOYSA-N
paper-3e14822739da3f53,4,4,Compound 4,source_drawing_transcription,,pending_independent_chemist_review,CCOCOc1ccc(/C=C/C(=O)c2ccc(O)cc2OC)cc1OCOCC,C22H26O7,AEARBEYLJJXSBL-UXBLZVDNSA-N
paper-3e14822739da3f53,4a-unnumbered,4a-unnumbered,Compound 4a-unnumbered,source_drawing_transcription,,pending_independent_chemist_review,CCOCOc1cc(/C=C/C(=O)c2ccc(O)cc2OC)ccc1OC,C20H22O6,YXEHPVBRNGJWMZ-WEVVVXLNSA-N
paper-3e14822739da3f53,5,5,Compound 5,source_drawing_transcription,,pending_independent_chemist_review,CCOCOc1ccc(CCCc2ccc(O)cc2OC)cc1OCOCC,C22H30O6,OWBUSXQPKCKIOA-UHFFFAOYSA-N
paper-3e14822739da3f53,5a,5a,Compound 5a,source_drawing_transcription,,pending_independent_chemist_review,CCOCOc1cc(CCCc2ccc(O)cc2OC)ccc1OC,C20H26O5,ADHPHXJEFDVMBO-UHFFFAOYSA-N
paper-3e14822739da3f53,7,7,Compound 7,source_drawing_transcription,explicit_racemate,pending_independent_chemist_review,COC1=CC(=O)C=CC12CCCc1cc(O)c(O)cc12,C16H16O4,HWIIFRWDRSHUMH-UHFFFAOYSA-N
paper-3e14822739da3f53,7-minus,7-minus,Compound 7-minus,source_drawing_transcription,Source ECD-assigned HPLC fraction,pending_independent_chemist_review,COC1=CC(=O)C=C[C@]12CCCc1cc(O)c(O)cc12,C16H16O4,HWIIFRWDRSHUMH-INIZCTEOSA-N
paper-3e14822739da3f53,7-plus,7-plus,Compound 7-plus,source_drawing_transcription,Source ECD-assigned HPLC fraction,pending_independent_chemist_review,COC1=CC(=O)C=C[C@@]12CCCc1cc(O)c(O)cc12,C16H16O4,HWIIFRWDRSHUMH-MRXNPFEDSA-N
paper-3e14822739da3f53,8,8,Compound 8,source_drawing_transcription,explicit_racemate,pending_independent_chemist_review,COC1=CC(=O)C=CC12CCCc1cc(OC)c(O)cc12,C17H18O4,GVISGTRGZJYULU-UHFFFAOYSA-N
paper-3e14822739da3f53,8-minus,8-minus,Compound 8-minus,source_drawing_transcription,Source ECD-assigned HPLC fraction,pending_independent_chemist_review,COC1=CC(=O)C=C[C@]12CCCc1cc(OC)c(O)cc12,C17H18O4,GVISGTRGZJYULU-KRWDZBQOSA-N
paper-3e14822739da3f53,8-plus,8-plus,Compound 8-plus,source_drawing_transcription,Source ECD-assigned HPLC fraction,pending_independent_chemist_review,COC1=CC(=O)C=C[C@@]12CCCc1cc(OC)c(O)cc12,C17H18O4,GVISGTRGZJYULU-QGZVFWFLSA-N
paper-4535edb11a27941f,1,1,Compound 1,source_drawing_transcription,,pending_independent_chemist_review,Cc1ncccc1O,C6H7NO,AQSRRZGQRFFFGS-UHFFFAOYSA-N
paper-4535edb11a27941f,2,2,Compound 2,source_drawing_transcription,,pending_independent_chemist_review,Cc1nc(Br)cc(Br)c1O,C6H5Br2NO,NRZJXHGQGKQDDF-UHFFFAOYSA-N
paper-4535edb11a27941f,3,3,Compound 3,source_drawing_transcription,,pending_independent_chemist_review,COc1c(Br)cc(Br)nc1C,C7H7Br2NO,PTQCCOVCZIPOQN-UHFFFAOYSA-N
paper-4535edb11a27941f,4,4,Compound 4,source_drawing_transcription,,pending_independent_chemist_review,COc1c(OCc2ccccc2)cc(Br)nc1C,C14H14BrNO2,XSSWFPFWLLJLEV-UHFFFAOYSA-N
paper-4535edb11a27941f,5a,5a,Compound 5a,source_drawing_transcription,,pending_independent_chemist_review,CCCCCCCCCCCCc1cc(OCc2ccccc2)c(OC)c(C)n1,C26H39NO2,QZPVFMWTNBXCRQ-UHFFFAOYSA-N
paper-4535edb11a27941f,5a-prime,5a-prime,Compound 5a-prime,source_drawing_transcription,Drawn olefin geometry retained; source screening product.,pending_independent_chemist_review,CCCCCCCCCC/C=C/c1cc(OCc2ccccc2)c(OC)c(C)n1,C26H37NO2,MZCWNROINHFIME-KNTRCKAVSA-N
paper-4535edb11a27941f,5b,5b,Compound 5b,source_drawing_transcription,,pending_independent_chemist_review,COc1c(OCc2ccccc2)cc(C(C)c2ccccc2)nc1C,C22H23NO2,HNRWPZGMCVJJAX-UHFFFAOYSA-N
paper-4535edb11a27941f,5c,5c,Compound 5c,source_drawing_transcription,,pending_independent_chemist_review,COc1c(OCc2ccccc2)cc(CCCc2ccccc2)nc1C,C23H25NO2,PROXNVSGURHOSY-UHFFFAOYSA-N
paper-4535edb11a27941f,5d,5d,Compound 5d,source_drawing_transcription,,pending_independent_chemist_review,COc1c(OCc2ccccc2)cc(-c2ccc3c(c2)OCO3)nc1C,C21H19NO4,VQFIQQFMKLDKIQ-UHFFFAOYSA-N
paper-4535edb11a27941f,5e,5e,Compound 5e,source_drawing_transcription,,pending_independent_chemist_review,COc1c(OCc2ccccc2)cc(-c2cccs2)nc1C,C18H17NO2S,XJZRMTMDUUFGKQ-UHFFFAOYSA-N
paper-4535edb11a27941f,5f,5f,Compound 5f,source_drawing_transcription,,pending_independent_chemist_review,COc1c(OCc2ccccc2)cc(-c2ccco2)nc1C,C18H17NO3,BXXQDVQELMEVNB-UHFFFAOYSA-N
paper-4535edb11a27941f,5g,5g,Compound 5g,source_drawing_transcription,,pending_independent_chemist_review,COc1ccc(-c2cc(OCc3ccccc3)c(OC)c(C)n2)cc1OC,C22H23NO4,PXERKHQCTRCUEN-UHFFFAOYSA-N
paper-4535edb11a27941f,5h,5h,Compound 5h,source_drawing_transcription,,pending_independent_chemist_review,COc1cc(OC)cc(-c2cc(OCc3ccccc3)c(OC)c(C)n2)c1,C22H23NO4,RTVCNOHTBUFAHZ-UHFFFAOYSA-N
paper-4535edb11a27941f,5i,5i,Compound 5i,source_drawing_transcription,,pending_independent_chemist_review,COc1c(OCc2ccccc2)cc(-c2ccc(Cl)cc2)nc1C,C20H18ClNO2,GQROPEPCDZVBLZ-UHFFFAOYSA-N
paper-4535edb11a27941f,5j,5j,Compound 5j,source_drawing_transcription,,pending_independent_chemist_review,COc1c(OCc2ccccc2)cc(C2CC2)nc1C,C17H19NO2,JOVOABXMGBQPOB-UHFFFAOYSA-N
paper-4535edb11a27941f,5k,5k,Compound 5k,source_drawing_transcription,,pending_independent_chemist_review,COc1ccc(Cl)c(-c2cc(OCc3ccccc3)c(OC)c(C)n2)c1,C21H20ClNO3,QMCIREGDOZOVFY-UHFFFAOYSA-N
paper-4535edb11a27941f,5l,5l,Compound 5l,source_drawing_transcription,,pending_independent_chemist_review,COc1c(OCc2ccccc2)cc(-c2cc(F)c(F)c(F)c2)nc1C,C20H16F3NO2,MMELWTLDAWKYHQ-UHFFFAOYSA-N
paper-4535edb11a27941f,6a,6a,Compound 6a,source_drawing_transcription,No absolute stereochemistry assigned; keto tautomer drawn in Figures 2-4 retained.,pending_independent_chemist_review,CCCCCCCCCCCCc1cc(=O)c(OC)c(C)[nH]1,C19H33NO2,ZYYZWEVQDXOZRN-UHFFFAOYSA-N
paper-4535edb11a27941f,6b,6b,Compound 6b,source_drawing_transcription,No absolute stereochemistry assigned; keto tautomer drawn in Figures 2-4 retained.,pending_independent_chemist_review,COc1c(C)[nH]c(C(C)c2ccccc2)cc1=O,C15H17NO2,ALVCTJCRGOURIP-UHFFFAOYSA-N
paper-4535edb11a27941f,6c,6c,Compound 6c,source_drawing_transcription,No absolute stereochemistry assigned; keto tautomer drawn in Figures 2-4 retained.,pending_independent_chemist_review,COc1c(C)[nH]c(CCCc2ccccc2)cc1=O,C16H19NO2,QLSIQSWHWYNGCT-UHFFFAOYSA-N
paper-4535edb11a27941f,6d,6d,Compound 6d,source_drawing_transcription,No absolute stereochemistry assigned; keto tautomer drawn in Figures 2-4 retained.,pending_independent_chemist_review,COc1c(C)[nH]c(-c2ccc3c(c2)OCO3)cc1=O,C14H13NO4,SOLMOQNKRNWYNQ-UHFFFAOYSA-N
paper-4535edb11a27941f,6e,6e,Compound 6e,source_drawing_transcription,No absolute stereochemistry assigned; keto tautomer drawn in Figures 2-4 retained.,pending_independent_chemist_review,COc1c(C)[nH]c(-c2cccs2)cc1=O,C11H11NO2S,DSLCFAKUKBVLGO-UHFFFAOYSA-N
paper-4535edb11a27941f,6f,6f,Compound 6f,source_drawing_transcription,No absolute stereochemistry assigned; keto tautomer drawn in Figures 2-4 retained.,pending_independent_chemist_review,COc1c(C)[nH]c(-c2ccco2)cc1=O,C11H11NO3,SZNTZIBNPHLEAL-UHFFFAOYSA-N
paper-4535edb11a27941f,6g,6g,Compound 6g,source_drawing_transcription,No absolute stereochemistry assigned; keto tautomer drawn in Figures 2-4 retained.,pending_independent_chemist_review,COc1ccc(-c2cc(=O)c(OC)c(C)[nH]2)cc1OC,C15H17NO4,PFFDDAMNFAYQJM-UHFFFAOYSA-N
paper-4535edb11a27941f,6h,6h,Compound 6h,source_drawing_transcription,No absolute stereochemistry assigned; keto tautomer drawn in Figures 2-4 retained.,pending_independent_chemist_review,COc1cc(OC)cc(-c2cc(=O)c(OC)c(C)[nH]2)c1,C15H17NO4,ZOENDVBIQIWCTF-UHFFFAOYSA-N
paper-4535edb11a27941f,6i,6i,Compound 6i,source_drawing_transcription,No absolute stereochemistry assigned; keto tautomer drawn in Figures 2-4 retained.,pending_independent_chemist_review,COc1c(C)[nH]c(-c2ccc(Cl)cc2)cc1=O,C13H12ClNO2,JXGSNBMOBBDFDF-UHFFFAOYSA-N
paper-4535edb11a27941f,6j,6j,Compound 6j,source_drawing_transcription,No absolute stereochemistry assigned; keto tautomer drawn in Figures 2-4 retained.,pending_independent_chemist_review,COc1c(C)[nH]c(C2CC2)cc1=O,C10H13NO2,GQWVABLIDOSWGV-UHFFFAOYSA-N
paper-4535edb11a27941f,6k,6k,Compound 6k,source_drawing_transcription,No absolute stereochemistry assigned; keto tautomer drawn in Figures 2-4 retained.,pending_independent_chemist_review,COc1ccc(Cl)c(-c2cc(=O)c(OC)c(C)[nH]2)c1,C14H14ClNO3,QACMGBXQUKQKIF-UHFFFAOYSA-N
paper-4535edb11a27941f,6l,6l,Compound 6l,source_drawing_transcription,No absolute stereochemistry assigned; keto tautomer drawn in Figures 2-4 retained.,pending_independent_chemist_review,COc1c(C)[nH]c(-c2cc(F)c(F)c(F)c2)cc1=O,C13H10F3NO2,XLGJMWBTFOWDSD-UHFFFAOYSA-N
paper-4535edb11a27941f,benzyl-alcohol,benzyl-alcohol,Compound benzyl-alcohol,source_drawing_transcription,,pending_independent_chemist_review,OCc1ccccc1,C7H8O,WVDDGKGOMKODPV-UHFFFAOYSA-N
paper-4535edb11a27941f,coupling-partner-a,coupling-partner-a,Compound coupling-partner-a,source_drawing_transcription,,pending_independent_chemist_review,C=CCCCCCCCCCC,C12H24,CRSBERNSMYQZNG-UHFFFAOYSA-N
paper-4535edb11a27941f,coupling-partner-b,coupling-partner-b,Compound coupling-partner-b,source_drawing_transcription,,pending_independent_chemist_review,C=Cc1ccccc1,C8H8,PPBRXRYQALVLMV-UHFFFAOYSA-N
paper-4535edb11a27941f,coupling-partner-c,coupling-partner-c,Compound coupling-partner-c,source_drawing_transcription,,pending_independent_chemist_review,C=CCc1ccccc1,C9H10,HJWLCRVIBGQPNF-UHFFFAOYSA-N
paper-4535edb11a27941f,coupling-partner-d,coupling-partner-d,Compound coupling-partner-d,source_drawing_transcription,,pending_independent_chemist_review,OB(O)c1ccc2c(c1)OCO2,C7H7BO4,CMHPUBKZZPSUIQ-UHFFFAOYSA-N
paper-4535edb11a27941f,coupling-partner-e,coupling-partner-e,Compound coupling-partner-e,source_drawing_transcription,,pending_independent_chemist_review,OB(O)c1cccs1,C4H5BO2S,ARYHTUPFQTUBBG-UHFFFAOYSA-N
paper-4535edb11a27941f,coupling-partner-f,coupling-partner-f,Compound coupling-partner-f,source_drawing_transcription,,pending_independent_chemist_review,OB(O)c1ccco1,C4H5BO3,PZJSZBJLOWMDRG-UHFFFAOYSA-N
paper-4535edb11a27941f,coupling-partner-g,coupling-partner-g,Compound coupling-partner-g,source_drawing_transcription,,pending_independent_chemist_review,COc1ccc(B(O)O)cc1OC,C8H11BO4,RCVDPBFUMYUKPB-UHFFFAOYSA-N
paper-4535edb11a27941f,coupling-partner-h,coupling-partner-h,Compound coupling-partner-h,source_drawing_transcription,,pending_independent_chemist_review,COc1cc(OC)cc(B(O)O)c1,C8H11BO4,XUIURRYWQBBCCK-UHFFFAOYSA-N
paper-4535edb11a27941f,coupling-partner-i,coupling-partner-i,Compound coupling-partner-i,source_drawing_transcription,,pending_independent_chemist_review,OB(O)c1ccc(Cl)cc1,C6H6BClO2,CAYQIZIAYYNFCS-UHFFFAOYSA-N
paper-4535edb11a27941f,coupling-partner-j,coupling-partner-j,Compound coupling-partner-j,source_drawing_transcription,,pending_independent_chemist_review,OB(O)C1CC1,C3H7BO2,WLVKDFJTYKELLQ-UHFFFAOYSA-N
paper-4535edb11a27941f,coupling-partner-k,coupling-partner-k,Compound coupling-partner-k,source_drawing_transcription,,pending_independent_chemist_review,COc1ccc(Cl)c(B(O)O)c1,C7H8BClO3,REFXAANPQCJZRY-UHFFFAOYSA-N
paper-4535edb11a27941f,coupling-partner-l,coupling-partner-l,Compound coupling-partner-l,source_drawing_transcription,,pending_independent_chemist_review,OB(O)c1cc(F)c(F)c(F)c1,C6H4BF3O2,UHDDEIOYXFXNNJ-UHFFFAOYSA-N
paper-4535edb11a27941f,iodomethane,iodomethane,Compound iodomethane,source_drawing_transcription,,pending_independent_chemist_review,CI,CH3I,INQOMBQAUSQDDS-UHFFFAOYSA-N
paper-4cc43638c809d619,1,1,(+)-Acaulone B,source_drawing_transcription,,pending_independent_chemist_review,CC1=CC(=O)C[C@@H]2C(=O)O[C@@H](C)[C@H](O)/C=C/C(=O)O[C@@H](C)CCC(=O)[C@@H]12,C19H24O7,XNLJWOTZIXOLJQ-KVHQKDPHSA-N
paper-4cc43638c809d619,4,4,Protected 10-keto-acaudiol A,source_drawing_transcription,,pending_independent_chemist_review,C[C@@H]1OC(=O)/C=C/C(=O)CC[C@H](C)OC(=O)/C=C/[C@H]1OCc1ccccc1,C21H24O6,AYOVFGYQYZBACV-LBNWYBQJSA-N
paper-4cc43638c809d619,6,6,Protected acaulone B,source_drawing_transcription,,pending_independent_chemist_review,CC1=CC(=O)C[C@@H]2C(=O)O[C@@H](C)[C@H](OCc3ccccc3)/C=C/C(=O)O[C@@H](C)CCC(=O)[C@@H]12,C26H30O7,LBKYNZMKWVDRBU-HLGNZREWSA-N
paper-4cc43638c809d619,7,7,4-Methoxy-6-methyl-2H-pyran-2-one,source_drawing_transcription,,pending_independent_chemist_review,COc1cc(C)oc(=O)c1,C7H8O3,MTZAUZNQAMNFME-UHFFFAOYSA-N
paper-4cc43638c809d619,8,8,Bis-silyloxy diene,source_drawing_transcription,E_Z_mixture_unresolved,pending_independent_chemist_review,C=C(C=C(C)O[Si](C)(C)C)O[Si](C)(C)C,C11H24O2Si2,HVOHENMYTHWXRH-UHFFFAOYSA-N
paper-4cc43638c809d619,9,9,Protected regioisomer of acaulone B,source_drawing_transcription,C8_C9_unspecified_in_source,pending_independent_chemist_review,CC1=CC(=O)CC2C(=O)CC[C@H](C)OC(=O)/C=C/[C@@H](OCc3ccccc3)[C@H](C)OC(=O)C12,C26H30O7,ZGEKKVCXXHVBEV-NRBYPYJWSA-N
paper-4cc43638c809d619,acetylacetone,acetylacetone,SI compound acetylacetone,source_drawing_transcription,,pending_independent_chemist_review,CC(=O)CC(C)=O,C5H8O2,YRKCREAYFQTBPV-UHFFFAOYSA-N
paper-53d2449f553459cc,(R)-21,(R)-21,SI compound (R)-21,source_drawing_transcription,,pending_independent_chemist_review,C=C[C@H](O)CCCOCc1ccccc1,C13H18O2,HMPNYJBASMRXRZ-ZDUSSCGKSA-N
paper-53d2449f553459cc,(R)-22,(R)-22,SI compound (R)-22,source_drawing_transcription,,pending_independent_chemist_review,O=C(/C=C/[C@H](O)CCCOCc1ccccc1)CCCOCc1ccccc1,C24H30O4,ZPGDUNLQTDYYCA-POICXBNUSA-N
paper-53d2449f553459cc,(R)-23a,(R)-23a,SI compound (R)-23a,source_drawing_transcription,,pending_independent_chemist_review,CC(C)(C)[Si](O[C@@H](/C=C/C(=O)CCCOCc1ccccc1)CCCOCc1ccccc1)(c1ccccc1)c1ccccc1,C40H48O4Si,SWQMIYKWEGMVNT-PUCCYYLSSA-N
paper-53d2449f553459cc,(S)-21,(S)-21,SI compound (S)-21,source_drawing_transcription,,pending_independent_chemist_review,C=C[C@@H](O)CCCOCc1ccccc1,C13H18O2,HMPNYJBASMRXRZ-CYBMUJFWSA-N
paper-53d2449f553459cc,1,1,SI compound 1,source_drawing_transcription,,pending_independent_chemist_review,COC1=C(C)C(=O)O/C1=C1\O[C@@]23CCCN4CCC[C@@H](O2)[C@H]4[C@H]3[C@@H]1C,C19H25NO5,LXAQGNNSRKLTLE-GNFKBLLDSA-N
paper-53d2449f553459cc,11,11,SI compound 11,source_drawing_transcription,,pending_independent_chemist_review,C[C@@H]1C(=O)O[C@@]23CCCN4CCC[C@@H](O2)[C@H]4[C@@H]13,C13H19NO3,NZKVEHYEBCHMPJ-FTEPDLOASA-N
paper-53d2449f553459cc,20,20,SI compound 20,source_drawing_transcription,,pending_independent_chemist_review,C=CC(=O)CCCOCc1ccccc1,C13H16O2,NDQCHLPLSLWKMF-UHFFFAOYSA-N
paper-53d2449f553459cc,21,21,SI compound 21,source_drawing_transcription,,pending_independent_chemist_review,C=CC(O)CCCOCc1ccccc1,C13H18O2,HMPNYJBASMRXRZ-UHFFFAOYSA-N
paper-53d2449f553459cc,22,22,SI compound 22,source_drawing_transcription,,pending_independent_chemist_review,O=C(/C=C/C(O)CCCOCc1ccccc1)CCCOCc1ccccc1,C24H30O4,ZPGDUNLQTDYYCA-FOCLMDBBSA-N
paper-53d2449f553459cc,23-table3,23-table3,SI compound 23-table3,source_drawing_transcription,,pending_independent_chemist_review,CC(C)(C)[Si](C)(C)OCCCC(=O)/C=C/C(CCCO[Si](C)(C)C(C)(C)C)OCc1ccccc1,C29H52O4Si2,XQXTUAWNQDHBJR-QZQOTICOSA-N
paper-53d2449f553459cc,23-table4,23-table4,SI compound 23-table4,source_drawing_transcription,,pending_independent_chemist_review,COCOC(/C=C/C(=O)CCCO[Si](C)(C)C(C)(C)C)CCCO[Si](C)(C)C(C)(C)C,C24H50O5Si2,MKAQQCDOISODGD-WUKNDPDISA-N
paper-53d2449f553459cc,23-table7,23-table7,SI compound 23-table7,source_drawing_transcription,,pending_independent_chemist_review,CC(C)(C)[Si](C)(C)OC(/C=C/C(=O)CCCOCc1ccccc1)CCCOCc1ccccc1,C30H44O4Si,QUCVOQTZWGHDML-QZQOTICOSA-N
paper-53d2449f553459cc,23-table8,23-table8,SI compound 23-table8,source_drawing_transcription,,pending_independent_chemist_review,CC(C)[Si](OC(/C=C/C(=O)CCCOCc1ccccc1)CCCOCc1ccccc1)(C(C)C)C(C)C,C33H50O4Si,XBRUKQZHADPRQI-QURGRASLSA-N
paper-53d2449f553459cc,23a,23a,SI compound 23a,source_drawing_transcription,,pending_independent_chemist_review,CC(C)(C)[Si](OC(/C=C/C(=O)CCCOCc1ccccc1)CCCOCc1ccccc1)(c1ccccc1)c1ccccc1,C40H48O4Si,SWQMIYKWEGMVNT-ZQHSETAFSA-N
paper-53d2449f553459cc,23b,23b,SI compound 23b,source_drawing_transcription,,pending_independent_chemist_review,COCOC(/C=C/C(=O)CCCOCc1ccccc1)CCCOCc1ccccc1,C26H34O5,PACTXWWHTSUZLA-WUKNDPDISA-N
paper-53d2449f553459cc,24-table3,24-table3,SI compound 24-table3,source_drawing_transcription,,pending_independent_chemist_review,CC(C)(C)[Si](C)(C)OCCCC(=O)[C@H]1O[C@H]1[C@@H](CCCO[Si](C)(C)C(C)(C)C)OCc1ccccc1,C29H52O5Si2,QSXRLUNJIWMROP-PFBJBMPXSA-N
paper-53d2449f553459cc,24-table4,24-table4,SI compound 24-table4,source_drawing_transcription,,pending_independent_chemist_review,COCO[C@H](CCCO[Si](C)(C)C(C)(C)C)[C@@H]1O[C@@H]1C(=O)CCCO[Si](C)(C)C(C)(C)C,C24H50O6Si2,HSHPNZOTBCGPKM-VSKRKVRLSA-N
paper-53d2449f553459cc,24-table7,24-table7,SI compound 24-table7,source_drawing_transcription,,pending_independent_chemist_review,CC(C)(C)[Si](C)(C)O[C@H](CCCOCc1ccccc1)[C@@H]1O[C@@H]1C(=O)CCCOCc1ccccc1,C30H44O5Si,JBWODSWALQHLLF-NLDZOOGBSA-N
paper-53d2449f553459cc,24-table8,24-table8,SI compound 24-table8,source_drawing_transcription,,pending_independent_chemist_review,CC(C)[Si](O[C@H](CCCOCc1ccccc1)[C@@H]1O[C@@H]1C(=O)CCCOCc1ccccc1)(C(C)C)C(C)C,C33H50O5Si,DSVDNKBZEOXKKT-SLGZMBILSA-N
paper-53d2449f553459cc,24a,24a,SI compound 24a,source_drawing_transcription,,pending_independent_chemist_review,CC(C)(C)[Si](O[C@H](CCCOCc1ccccc1)[C@@H]1O[C@@H]1C(=O)CCCOCc1ccccc1)(c1ccccc1)c1ccccc1,C40H48O5Si,RCRXIHPGZFUNQZ-PHAUOLPESA-N
paper-53d2449f553459cc,24b,24b,SI compound 24b,source_drawing_transcription,,pending_independent_chemist_review,COCO[C@H](CCCOCc1ccccc1)[C@@H]1O[C@@H]1C(=O)CCCOCc1ccccc1,C26H34O6,IDZPINDIWJNCMB-CYXNTTPDSA-N
paper-53d2449f553459cc,25a,25a,SI compound 25a,source_drawing_transcription,,pending_independent_chemist_review,CC(C)(C)[Si](O[C@H](CCCOCc1ccccc1)[C@@H](O)[C@@H]1C[C@]1(O)CCCOCc1ccccc1)(c1ccccc1)c1ccccc1,C41H52O5Si,XZMXMBWMJHBGGF-AUFQORHASA-N
paper-53d2449f553459cc,25b,25b,SI compound 25b,source_drawing_transcription,,pending_independent_chemist_review,COCO[C@H](CCCOCc1ccccc1)[C@@H](O)[C@@H]1C[C@]1(O)CCCOCc1ccccc1,C27H38O6,CLEMEFRWFRGKET-YYGZZXRFSA-N
paper-53d2449f553459cc,26,26,SI compound 26,source_drawing_transcription,,pending_independent_chemist_review,O[C@H]([C@H](O)CCCOCc1ccccc1)[C@@H]1C[C@]1(O)CCCOCc1ccccc1,C25H34O5,GDEHJKZOOPCQBN-FQUZAXHOSA-N
paper-53d2449f553459cc,28,28,SI compound 28,source_drawing_transcription,,pending_independent_chemist_review,O=C1C[C@@H]2[C@H](O1)[C@@H](CCCOCc1ccccc1)O[C@]2(O)CCCOCc1ccccc1,C26H32O6,TZJSRYCSFKMVRB-VHCQPULKSA-N
paper-53d2449f553459cc,29,29,SI compound 29,source_drawing_transcription,,pending_independent_chemist_review,O=C1C[C@@H]2[C@H](O)[C@@H](CCCOCc3ccccc3)O[C@]2(CCCOCc2ccccc2)O1,C26H32O6,CQAUFYINEZYHMP-VHCQPULKSA-N
paper-53d2449f553459cc,30,30,SI compound 30,source_drawing_transcription,,pending_independent_chemist_review,CS(=O)(=O)O[C@H]1[C@H]2CC(=O)O[C@@]2(CCCOCc2ccccc2)O[C@@H]1CCCOCc1ccccc1,C27H34O8S,AQVJIULOPKZPOH-QAPZTRRTSA-N
paper-53d2449f553459cc,31,31,SI compound 31,source_drawing_transcription,,pending_independent_chemist_review,[N-]=[N+]=N[C@@H]1[C@H]2CC(=O)O[C@@]2(CCCOCc2ccccc2)O[C@@H]1CCCOCc1ccccc1,C26H31N3O5,RITGTLJPOUFEEQ-OQUNMALSSA-N
paper-53d2449f553459cc,32,32,SI compound 32,source_drawing_transcription,,pending_independent_chemist_review,C[C@@H]1C(=O)O[C@@]2(CCCOCc3ccccc3)O[C@H](CCCOCc3ccccc3)[C@H](N=[N+]=[N-])[C@@H]12,C27H33N3O5,LUVNIYUVZJALAK-XXKHLWARSA-N
paper-53d2449f553459cc,33,33,SI compound 33,source_drawing_transcription,,pending_independent_chemist_review,C[C@@H]1C(=O)O[C@@]2(CCCOCc3ccccc3)O[C@H](CCCOCc3ccccc3)[C@H](NC(=O)OC(C)(C)C)[C@@H]12,C32H43NO7,KCIFSGKYVHSBCM-HCOXTYEYSA-N
paper-53d2449f553459cc,34,34,SI compound 34,source_drawing_transcription,,pending_independent_chemist_review,C[C@@H]1C(=O)O[C@@]2(CCCO)O[C@H](CCCO)[C@H](N)[C@@H]12,C13H23NO5,DOPIRTKCLHMNLF-FTEPDLOASA-N
paper-53d2449f553459cc,35,35,SI compound 35,source_drawing_transcription,,pending_independent_chemist_review,C[C@@H]1C(O)O[C@@]23CCCN4CCC[C@@H](O2)[C@H]4[C@@H]13,C13H21NO3,VDRJQACDQJDBHL-YDLKCSPOSA-N
paper-53d2449f553459cc,36,36,SI compound 36,source_drawing_transcription,,pending_independent_chemist_review,CCOP(=O)(OCC)C1OC(=O)C(C)=C1OC,C10H17O6P,PNVFTIFCUIWQEC-UHFFFAOYSA-N
paper-53d2449f553459cc,37a,37a,SI compound 37a,source_drawing_transcription,,pending_independent_chemist_review,COC1=C(C)C(=O)O[C@H]1[C@H]1O[C@@]23CCCN4CCC[C@@H](O2)[C@H]4[C@H]3[C@@H]1C,C19H27NO5,FQRQOZMUTHFTNX-CPZWVQLRSA-N
paper-53d2449f553459cc,37b,37b,SI compound 37b,source_drawing_transcription,,pending_independent_chemist_review,COC1=C(C)C(=O)O[C@@H]1[C@H]1O[C@@]23CCCN4CCC[C@@H](O2)[C@H]4[C@H]3[C@@H]1C,C19H27NO5,FQRQOZMUTHFTNX-DOYXVSKYSA-N
paper-53d2449f553459cc,37c,37c,SI compound 37c,source_drawing_transcription,,pending_independent_chemist_review,COC1=C(C)C(=O)OC1[C@@H]1O[C@@]23CCCN4CCC[C@@H](O2)[C@H]4[C@H]3[C@@H]1C,C19H27NO5,FQRQOZMUTHFTNX-SVAUZZHHSA-N
paper-53d2449f553459cc,38,38,SI compound 38,source_drawing_transcription,,pending_independent_chemist_review,COC1=C(C)C(=O)OC1(Br)[C@H]1O[C@@]23CCCN4CCC[C@@H](O2)[C@H]4[C@H]3[C@@H]1C,C19H26BrNO5,VFUBMKJXGGZRLW-BKTIIVMGSA-N
paper-53d2449f553459cc,S1,S1,SI compound S1,source_drawing_transcription,,pending_independent_chemist_review,CC(C)(C)[Si](O[C@H](CCCOCc1ccccc1)[C@H]1O[C@H]1C(=O)CCCOCc1ccccc1)(c1ccccc1)c1ccccc1,C40H48O5Si,RCRXIHPGZFUNQZ-LIVPZPDMSA-N
paper-53d2449f553459cc,S2,S2,SI compound S2,source_drawing_transcription,,pending_independent_chemist_review,CC(C)(C)[Si](O[C@H](CCCOCc1ccccc1)[C@H](O)[C@H]1C[C@@]1(O)CCCOCc1ccccc1)(c1ccccc1)c1ccccc1,C41H52O5Si,XZMXMBWMJHBGGF-PPSXCBGMSA-N
paper-53d2449f553459cc,S3,S3,SI compound S3,source_drawing_transcription,,pending_independent_chemist_review,Cc1ccc(S(=O)(=O)OCCC[C@H]2O[C@]3(CCCOS(=O)(=O)c4ccc(C)cc4)OC(=O)[C@@H](C)[C@@H]3[C@H]2NC(=O)OC(C)(C)C)cc1,C32H43NO11S2,DGBLKRCCFMEHSA-HCOXTYEYSA-N
paper-53d2449f553459cc,S4,S4,SI compound S4,source_drawing_transcription,,pending_independent_chemist_review,Cc1ccc(S(=O)(=O)OCCC[C@H]2O[C@]3(CCCOS(=O)(=O)c4ccc(C)cc4)OC(=O)[C@@H](C)[C@@H]3[C@H]2[NH3+])cc1,C27H36NO9S2+,JZFLFUGRSBPYKC-XXKHLWARSA-O
paper-53d2449f553459cc,S5,S5,SI compound S5,source_drawing_transcription,,pending_independent_chemist_review,COC1=C(C)C(=O)O/C1=C1/O[C@@]23CCCN4CCC[C@@H](O2)[C@H]4[C@H]3[C@@H]1C,C19H25NO5,LXAQGNNSRKLTLE-PPBHGVCISA-N
paper-53d2449f553459cc,enantioenriched-24a,enantioenriched-24a,SI compound enantioenriched-24a,source_drawing_transcription,,pending_independent_chemist_review,CC(C)(C)[Si](O[C@H](CCCOCc1ccccc1)[C@@H]1O[C@@H]1C(=O)CCCOCc1ccccc1)(c1ccccc1)c1ccccc1,C40H48O5Si,RCRXIHPGZFUNQZ-PHAUOLPESA-N
paper-561d3429850cabb7,1,1,SI compound 1,source_drawing_transcription,,pending_independent_chemist_review,C=C1[C@@H]2CC[C@H]3[C@]4(C)CCC[C@@](C)(C(=O)O)[C@H]4CC[C@]3(C2)[C@H]1O,C20H30O3,GVGJRXSJJHLPGZ-DZAVYMGKSA-N
paper-561d3429850cabb7,11,11,SI compound 11,source_drawing_transcription,,pending_independent_chemist_review,C=C1C[C@@]23CC[C@@H]4[C@](C)(C(=O)OC)C(=O)CC[C@@]4(C)[C@@H]2C[C@@H](OC(C)=O)[C@@H]1C3,C23H32O5,PDIXMQYCNFFOKH-MFCBHKICSA-N
paper-561d3429850cabb7,12,12,SI compound 12,source_drawing_transcription,,pending_independent_chemist_review,C=C1C[C@@]2(CC/C=C(\C)CCC(=O)C(C)C(=O)OC)C=C[C@@H](OC(C)=O)[C@@H]1C2,C23H32O5,QUMFGBQHRSYATR-BDDXPWHMSA-N
paper-561d3429850cabb7,13,13,SI compound 13,source_drawing_transcription,,pending_independent_chemist_review,C=C1C[C@@]2(CCI)C=C[C@@H](OCOC)[C@@H]1C2,C13H19IO2,NJHMGXKCYHKVMC-UPJWGTAASA-N
paper-561d3429850cabb7,13',13',SI compound 13',source_drawing_transcription,,pending_independent_chemist_review,C=C1C[C@@]2(CCB3OC(C)(C)C(C)(C)O3)C=C[C@@H](OCOC)[C@@H]1C2,C19H31BO4,CPMJZHDFVUHCSK-MDZRGWNJSA-N
paper-561d3429850cabb7,14,14,SI compound 14,source_drawing_transcription,,pending_independent_chemist_review,COC(=O)C(C)C(=O)CC/C(C)=C/I,C10H15IO3,CTMAFYGNLLWSHT-VOTSOKGWSA-N
paper-561d3429850cabb7,15,15,SI compound 15,source_drawing_transcription,,pending_independent_chemist_review,C=C1C[C@@]2(CCO[Si](c3ccccc3)(c3ccccc3)C(C)(C)C)C=CC(=O)[C@@H]1C2,C27H32O2Si,AUPBEDGSHSGUTK-SQHAQQRYSA-N
paper-561d3429850cabb7,16,16,SI compound 16,source_drawing_transcription,,pending_independent_chemist_review,C=C1C[C@@]2(CCO[Si](c3ccccc3)(c3ccccc3)C(C)(C)C)C=C[C@@H](OCOC)[C@@H]1C2,C29H38O3Si,ZQNIDIQAFJLSKC-QQJNOOCOSA-N
paper-561d3429850cabb7,17,17,SI compound 17,source_drawing_transcription,,pending_independent_chemist_review,C#CCCCO,C5H8O,CRWVOXFUXPYTRK-UHFFFAOYSA-N
paper-561d3429850cabb7,18,18,SI compound 18,source_drawing_transcription,,pending_independent_chemist_review,C/C(=C\I)CCC=O,C6H9IO,SQYRPTWWCHQCHA-AATRIKPKSA-N
paper-561d3429850cabb7,19,19,SI compound 19,source_drawing_transcription,,pending_independent_chemist_review,C=C1C[C@@]2(CC/C=C(\C)CCC(=O)C(C)C(=O)OC)C=C[C@@H](OCOC)[C@@H]1C2,C23H34O5,UGYBDZVOHNKQEX-RWKOVQHGSA-N
paper-561d3429850cabb7,20,20,SI compound 20,source_drawing_transcription,,pending_independent_chemist_review,C=C1C[C@@]23CC[C@H]4[C@@](C)(CCC[C@@]4(C)C(=O)OC)[C@@H]2C[C@@H](OC(C)=O)[C@@H]1C3,C23H34O4,VBXAAPVFPVKVFO-NWNPLBDXSA-N
paper-561d3429850cabb7,21,21,SI compound 21,source_drawing_transcription,,pending_independent_chemist_review,C=C1C[C@@]23CC[C@H]4[C@@](C)(CCC[C@@]4(C)C(=O)OC)[C@@H]2C[C@@H](O)[C@@H]1C3,C21H32O3,LUNFPDFYIVVHLQ-NHGFTMMOSA-N
paper-561d3429850cabb7,23,23,SI compound 23,source_drawing_transcription,,pending_independent_chemist_review,C=C1C[C@@]23CC[C@H]4[C@@](C)(CCC[C@@]4(C)C(=O)OC)[C@@H]2CC(=O)[C@@H]1C3,C21H30O3,DQIOBYSAYAVZMU-ZNWUBMMZSA-N
paper-561d3429850cabb7,24,24,SI compound 24,source_drawing_transcription,,pending_independent_chemist_review,COC(=O)[C@]1(C)CCC[C@@]2(C)[C@@H]3C[C@@H](OC(C)=O)[C@@H]4C[C@@]3(CC[C@@H]21)C[C@]4(O)CO,C23H36O6,ARZKFSSBTPNCBP-STPRYWCXSA-N
paper-561d3429850cabb7,25,25,SI compound 25,source_drawing_transcription,,pending_independent_chemist_review,C=C1[C@H]2C[C@@]3(CC[C@H]4[C@@](C)(CCC[C@@]4(C)C(=O)OC)[C@@H]3C[C@H]2OC(C)=O)[C@H]1O,C23H34O5,QGHOZMNYEZNJJA-FHPNRFDVSA-N
paper-561d3429850cabb7,26,26,SI compound 26,source_drawing_transcription,,pending_independent_chemist_review,C[C@@H]1[C@H]2C[C@@]3(CC[C@H]4[C@@](C)(CCC[C@@]4(C)C(=O)O)[C@@H]3C[C@H]2O)[C@H]1O,C20H32O4,YLOKMFJRZJTTNR-IRHXZUAYSA-N
paper-561d3429850cabb7,27,27,SI compound 27,source_drawing_transcription,,pending_independent_chemist_review,COC(=O)[C@]1(C)C(=O)CC[C@@]2(C)[C@@H]3C[C@@H](OC(C)=O)[C@@H]4C[C@]3(C=C4C)CC[C@H]12,C23H32O5,QKIRGVDFQVCDAG-MFCBHKICSA-N
paper-561d3429850cabb7,28,28,SI compound 28,source_drawing_transcription,,pending_independent_chemist_review,COC(=O)[C@]1(C)C(O)CC[C@@]2(C)[C@@H]3C[C@@H](O)[C@@H]4C[C@@]3(CC[C@@H]21)C1OC14C,C21H32O5,ITZGENQFFBNMGX-AIYGVXPXSA-N
paper-561d3429850cabb7,29,29,SI compound 29,source_drawing_transcription,,pending_independent_chemist_review,COC(=O)[C@]1(C)C(OC(=S)n2ccnc2)CC[C@@]2(C)[C@@H]3C[C@@H](OC(=S)n4ccnc4)[C@@H]4C[C@@]3(CC[C@@H]21)C1OC14C,C29H36N4O5S2,VUGDDAKRMOCVDK-JQQJUGPJSA-N
paper-561d3429850cabb7,30,30,SI compound 30,source_drawing_transcription,,pending_independent_chemist_review,COC(=O)[C@]1(C)CCC[C@@]2(C)[C@@H]3CC[C@@H]4C[C@@]3(CC[C@@H]21)C1OC14C,C21H32O3,PFHFFBXCOLMJKE-ZTQUEZPXSA-N
paper-561d3429850cabb7,31,31,SI compound 31,source_drawing_transcription,,pending_independent_chemist_review,C=C1C(O)[C@@]23CC[C@H]4[C@@](C)(CCC[C@@]4(C)C(=O)OC)[C@@H]2CC[C@@H]1C3,C21H32O3,YTLCFXIFEIWKEL-AMGYEJRRSA-N
paper-561d3429850cabb7,32,32,SI compound 32,source_drawing_transcription,,pending_independent_chemist_review,C=C1C(=O)[C@@]23CC[C@H]4[C@@](C)(CCC[C@@]4(C)C(=O)OC)[C@@H]2CC[C@@H]1C3,C21H30O3,VGIYQTCUAQAPCL-KLSAVCNVSA-N
paper-561d3429850cabb7,4,4,SI compound 4,source_drawing_transcription,,pending_independent_chemist_review,CC12OC1[C@@]13CC[C@H]4[C@@](C)(CCC[C@@]4(C)C(=O)O)[C@@H]1CC[C@@H]2C3,C20H30O3,REINKLWVLCQOIC-FZGIKCEQSA-N
paper-561d3429850cabb7,5,5,SI compound 5,source_drawing_transcription,,pending_independent_chemist_review,C[C@@]12CCC[C@@](C)(C(=O)O)[C@H]1CC[C@@]13C[C@@H](CC[C@H]12)[C@@](O)(CO)C3=O,C20H30O5,TWZRJVCEACBXME-UGWOXWFMSA-N
paper-561d3429850cabb7,6,6,SI compound 6,source_drawing_transcription,,pending_independent_chemist_review,COC(=O)[C@]1(C)CCC[C@@]2(C)[C@@H]3CC[C@@H]4C[C@@]3(CC[C@@H]21)C(=O)[C@]4(O)CO,C21H32O5,YBCSDOGMTZMEND-XPZYIXMRSA-N
paper-561d3429850cabb7,7,7,SI compound 7,source_drawing_transcription,,pending_independent_chemist_review,C[C@H]1C(=O)[C@@]23CC[C@H]4[C@@](C)(CCC[C@@]4(C)C(=O)O)[C@@H]2C[C@@H](O)[C@@H]1C3,C20H30O4,FQNSRVJKMAXRQC-JZDDWXORSA-N
paper-561d3429850cabb7,8,8,SI compound 8,source_drawing_transcription,,pending_independent_chemist_review,C[C@@]12CCC[C@@](C)(C(=O)O)[C@H]1CC[C@@]13C[C@@H]([C@H](O)C[C@H]12)[C@@](O)(CO)C3,C20H32O5,OWXJDVZQILVDQX-PTGICQKXSA-N
paper-561d3429850cabb7,9,9,SI compound 9,source_drawing_transcription,,pending_independent_chemist_review,C=C1C[C@@]23CC[C@H]4[C@@](C)(CCC[C@@]4(C)C(=O)OC)[C@@H]2C[C@H](OC(C)=O)[C@@H]1C3,C23H34O4,VBXAAPVFPVKVFO-WJPQBGAJSA-N
paper-561d3429850cabb7,S1,S1,SI compound S1,source_drawing_transcription,,pending_independent_chemist_review,COC(=O)CC/C(C)=C/I,C7H11IO2,VKOFSNGURUTXHC-AATRIKPKSA-N
paper-561d3429850cabb7,S10,S10,SI compound S10,source_drawing_transcription,,pending_independent_chemist_review,C=CC[C@@]1(CCO[Si](c2ccccc2)(c2ccccc2)C(C)(C)C)CCC(OCC)=CC1=O,C29H38O3Si,AVXZEZLCSUQCBF-LJAQVGFWSA-N
paper-561d3429850cabb7,S11,S11,SI compound S11,source_drawing_transcription,,pending_independent_chemist_review,C=CC[C@]1(CCO[Si](c2ccccc2)(c2ccccc2)C(C)(C)C)C=CC(=O)CC1,C27H34O2Si,NXCAOBPNGRKAFE-MHZLTWQESA-N
paper-561d3429850cabb7,S12,S12,SI compound S12,source_drawing_transcription,,pending_independent_chemist_review,C#CCCO,C4H6O,OTJZCIYGRUNXTP-UHFFFAOYSA-N
paper-561d3429850cabb7,S13,S13,SI compound S13,source_drawing_transcription,,pending_independent_chemist_review,C/C(=C\I)CCO,C5H9IO,SDIDNVVHRWFXCW-SNAWJCMRSA-N
paper-561d3429850cabb7,S14,S14,SI compound S14,source_drawing_transcription,,pending_independent_chemist_review,C/C(=C\I)CCCO,C6H11IO,WVKBYAHIICCCCA-AATRIKPKSA-N
paper-561d3429850cabb7,S15,S15,SI compound S15,source_drawing_transcription,,pending_independent_chemist_review,C/C(=C\I)CCOS(C)(=O)=O,C6H11IO3S,RATFUXVBQSDWJL-AATRIKPKSA-N
paper-561d3429850cabb7,S16,S16,SI compound S16,source_drawing_transcription,,pending_independent_chemist_review,C/C(=C\I)CCC(=O)O,C6H9IO2,FKUVNNWDOQKRNL-SNAWJCMRSA-N
paper-561d3429850cabb7,S17,S17,SI compound S17,source_drawing_transcription,,pending_independent_chemist_review,C=C1C[C@@]2(CCO[Si](c3ccccc3)(c3ccccc3)C(C)(C)C)C=C[C@@H](O)[C@@H]1C2,C27H34O2Si,IWBIVVGBKFTGMC-SLQPCKNISA-N
paper-561d3429850cabb7,S18,S18,SI compound S18,source_drawing_transcription,,pending_independent_chemist_review,C=C1C[C@@]2(CCO)C=C[C@@H](OCOC)[C@@H]1C2,C13H20O3,CGTQUQJTOFRFPM-UPJWGTAASA-N
paper-561d3429850cabb7,S19,S19,SI compound S19,source_drawing_transcription,,pending_independent_chemist_review,COC(=O)C(C)C(O)CC/C(C)=C/I,C10H17IO3,FNZDDUDITIXQIH-VOTSOKGWSA-N
paper-561d3429850cabb7,S2,S2,SI compound S2,source_drawing_transcription,,pending_independent_chemist_review,C/C(=C\I)CCC#N,C6H8IN,OCJRLBDAVBEEMK-AATRIKPKSA-N
paper-561d3429850cabb7,S20,S20,SI compound S20,source_drawing_transcription,,pending_independent_chemist_review,C=C1C[C@@]2(CC/C=C(\C)CCC(=O)C(C)C(=O)OC)C=C[C@@H](O)[C@@H]1C2,C21H30O4,CJUNOOLUEPZJKI-BGHUTIOSSA-N
paper-561d3429850cabb7,S21,S21,SI compound S21,source_drawing_transcription,,pending_independent_chemist_review,C=C1C[C@@]23CC[C@H]4[C@@](C)(CCC(O)[C@@]4(C)C(=O)OC)[C@@H]2C[C@@H](OC(C)=O)[C@@H]1C3,C23H34O5,HZZHLMNHSWRNEX-QYXVEZCHSA-N
paper-561d3429850cabb7,S22,S22,SI compound S22,source_drawing_transcription,,pending_independent_chemist_review,C=C1C[C@@]23CC[C@H]4[C@@](C)(CCC(OC(=S)n5ccnc5)[C@@]4(C)C(=O)OC)[C@@H]2C[C@@H](OC(C)=O)[C@@H]1C3,C27H36N2O5S,YUXNXJFPDGKFRC-XSWQUICJSA-N
paper-561d3429850cabb7,S23,S23,SI compound S23,source_drawing_transcription,,pending_independent_chemist_review,C=C1C[C@@]23CC[C@H]4[C@@](C)(CCC[C@@]4(C)C(=O)OC)[C@@H]2CC(O)[C@@H]1C3,C21H32O3,LUNFPDFYIVVHLQ-POPZQTFWSA-N
paper-561d3429850cabb7,S24,S24,SI compound S24,source_drawing_transcription,,pending_independent_chemist_review,COC(=O)[C@]1(C)CCC[C@@]2(C)[C@@H]3C[C@@H](OC(C)=O)[C@@H]4C[C@@]3(CC[C@@H]21)[C@@H](O)[C@@H]4C,C23H36O5,LYGNMFHJRHKTRW-DNWSBYKLSA-N
paper-561d3429850cabb7,S25,S25,SI compound S25,source_drawing_transcription,,pending_independent_chemist_review,COC(=O)[C@]1(C)C(O)CC[C@@]2(C)[C@@H]3C[C@@H](O)[C@@H]4C[C@]3(C=C4C)CC[C@@H]21,C21H32O4,IVZMUADHPRYCGH-YYLOFUMASA-N
paper-561d3429850cabb7,S3,S3,SI compound S3,source_drawing_transcription,,pending_independent_chemist_review,C=C1C[C@@]2(CC/C=C(\C)CCC(=O)OC)C=C[C@@H](OCOC)[C@@H]1C2,C20H30O4,DNDKSDJEDNNYKH-IJVDTJINSA-N
paper-561d3429850cabb7,S4,S4,SI compound S4,source_drawing_transcription,,pending_independent_chemist_review,C=C1C[C@@]2(CC/C=C(\C)CCC#N)C=C[C@@H](OCOC)[C@@H]1C2,C19H27NO2,CNCRCSOZOGSOJY-DDYZIIQUSA-N
paper-561d3429850cabb7,S5,S5,SI compound S5,source_drawing_transcription,,pending_independent_chemist_review,CCOC1=CC(=O)CCC1,C8H12O2,JWCFJPLIRVYENQ-UHFFFAOYSA-N
paper-561d3429850cabb7,S6,S6,SI compound S6,source_drawing_transcription,,pending_independent_chemist_review,C=CCOC(=O)Cl,C4H5ClO2,CAEWJEXPFKNBQL-UHFFFAOYSA-N
paper-561d3429850cabb7,S7,S7,SI compound S7,source_drawing_transcription,,pending_independent_chemist_review,CC(C)(C)[Si](OCCI)(c1ccccc1)c1ccccc1,C18H23IOSi,XRGRXPFJGNTEAB-UHFFFAOYSA-N
paper-561d3429850cabb7,S8,S8,SI compound S8,source_drawing_transcription,,pending_independent_chemist_review,C=CCOC(=O)C1(CCO[Si](c2ccccc2)(c2ccccc2)C(C)(C)C)CCC(OCC)=CC1=O,C30H38O5Si,RHHCLHDCJKEIAJ-UHFFFAOYSA-N
paper-561d3429850cabb7,methyl propionate,methyl propionate,SI compound methyl propionate,source_drawing_transcription,,pending_independent_chemist_review,CCC(=O)OC,C4H8O2,RJUFJBKOKNCXHH-UHFFFAOYSA-N
paper-59ea1b0b856fb5d7,14,14,SI compound 14,source_drawing_transcription,,pending_independent_chemist_review,CC(=O)CC[C@]1(C)CC2(CCC1=O)OCCO2,C13H20O4,ZLTKXKITVMKKRF-GFCCVEGCSA-N
paper-59ea1b0b856fb5d7,14-Wittig,14-Wittig,SI compound 14-Wittig,source_drawing_transcription,,pending_independent_chemist_review,C=C(C)CC[C@]1(C)CC2(CCC1=O)OCCO2,C14H22O3,ZLFQSFCOOYDNKQ-CYBMUJFWSA-N
paper-59ea1b0b856fb5d7,15,15,SI compound 15,source_drawing_transcription,,pending_independent_chemist_review,C=C(C)CC[C@]1(C)CC2(CC=C1OS(=O)(=O)C(F)(F)F)OCCO2,C15H21F3O5S,YBBDAUXTUOLEQY-CYBMUJFWSA-N
paper-59ea1b0b856fb5d7,16,16,SI compound 16,source_drawing_transcription,,pending_independent_chemist_review,COC(=O)C[C@@]1(C)CC[C@]2(C)CC3(CC=C12)OCCO3,C16H24O4,YGUXJKNECBCCRL-HUUCEWRRSA-N
paper-59ea1b0b856fb5d7,17,17,SI compound 17,source_drawing_transcription,,pending_independent_chemist_review,COC(=O)C[C@@]1(C)CC[C@]2(C)CC(=O)C=C[C@@H]21,C14H20O3,FWKOPZYMKFLJPC-IACUBPJLSA-N
paper-59ea1b0b856fb5d7,17-epi-26,17-epi-26,SI compound 17-epi-26,source_drawing_transcription,,pending_independent_chemist_review,COc1ccc(COC/C(C)=C/C(O)C[C@@]2(C)CC[C@]3(C)C=C4[C@@H](C)CC[C@@]45[C@@H](C)CC[C@H]5[C@H]23)cc1,C33H48O3,ZWJOMAWJAGTTAK-YRZGVXHGSA-N
paper-59ea1b0b856fb5d7,17-epi-30,17-epi-30,SI compound 17-epi-30,source_drawing_transcription,,pending_independent_chemist_review,COc1ccc(COC/C(C)=C\[C@@H](O)C[C@@]2(C)CC[C@]3(C)C=C4[C@@H](C)CC[C@@]45[C@@H](C)CC[C@H]5[C@H]23)cc1,C33H48O3,ZWJOMAWJAGTTAK-PCGPFRCGSA-N
paper-59ea1b0b856fb5d7,18,18,SI compound 18,source_drawing_transcription,,pending_independent_chemist_review,COC(=O)C[C@@]1(C)CC[C@]2(C)CC(=O)C(I)=C[C@H]12,C14H19IO3,IXPXPVGJVAIMKR-IACUBPJLSA-N
paper-59ea1b0b856fb5d7,19,19,SI compound 19,source_drawing_transcription,,pending_independent_chemist_review,COC(=O)C[C@@]1(C)CC[C@]2(C)CC(=O)C(CCC#C[Si](C)(C)C)=C[C@H]12,C21H32O3Si,CRKSTLWIVIBSGY-CEWLAPEOSA-N
paper-59ea1b0b856fb5d7,20,20,SI compound 20,source_drawing_transcription,,pending_independent_chemist_review,C[Si](C)(C)C#CC[CH2][Mg][Br],C7H13BrMgSi,RHPSJEJFLLXQHL-UHFFFAOYSA-M
paper-59ea1b0b856fb5d7,21,21,SI compound 21,source_drawing_transcription,,pending_independent_chemist_review,COC(=O)C[C@@]1(C)CC[C@]2(C)CC(O[Si](C)(C)C)=C(CCC#C[Si](C)(C)C)[C@@H](CCC#C[Si](C)(C)C)[C@H]12,C31H54O3Si3,NYZPTMFKNKDSSI-HMAILUFVSA-N
paper-59ea1b0b856fb5d7,22,22,SI compound 22,source_drawing_transcription,,pending_independent_chemist_review,C#CCC[C@]12C(=C)CC[C@H]1[C@@H]1[C@@](C)(CC(=O)OC)CC[C@]1(C)CC2=O,C22H30O3,VYNABLXYBRSUEI-JDNQWYDXSA-N
paper-59ea1b0b856fb5d7,23,23,SI compound 23,source_drawing_transcription,,pending_independent_chemist_review,C=C1CC[C@H]2[C@@H]3[C@@](C)(CC(=O)OC)CC[C@]3(C)C[C@]3(O)C(=C)CC[C@]123,C22H32O3,IJKHYYKXBBXGSB-BMISZURJSA-N
paper-59ea1b0b856fb5d7,24,24,SI compound 24,source_drawing_transcription,,pending_independent_chemist_review,COC(=O)C[C@@]1(C)CC[C@]2(C)C[C@]3(O)[C@@H](C)CC[C@@]34[C@@H](C)CC[C@H]4[C@H]12,C22H36O3,UQHMUALVRCAZQB-WYRYKVNWSA-N
paper-59ea1b0b856fb5d7,25,25,SI compound 25,source_drawing_transcription,,pending_independent_chemist_review,C[C@H]1CC[C@@]23C1=C[C@@]1(C)CC[C@](C)(CC=O)[C@H]1[C@@H]2CC[C@@H]3C,C21H32O,HMRWPECGOIPEHP-SBXZOHCASA-N
paper-59ea1b0b856fb5d7,26,26,SI compound 26,source_drawing_transcription,,pending_independent_chemist_review,COc1ccc(COC/C(C)=C/C(O)C[C@@]2(C)CC[C@]3(C)C=C4[C@@H](C)CC[C@@]45[C@@H](C)CC[C@H]5[C@H]23)cc1,C33H48O3,ZWJOMAWJAGTTAK-YRZGVXHGSA-N
paper-59ea1b0b856fb5d7,27,27,SI compound 27,source_drawing_transcription,,pending_independent_chemist_review,COc1ccc(COC/C(C)=C/I)cc1,C12H15IO2,KGQILGPNJKKTJL-JXMROGBWSA-N
paper-59ea1b0b856fb5d7,29,29,SI compound 29,source_drawing_transcription,,pending_independent_chemist_review,COc1ccc(COC/C(C)=C\I)cc1,C12H15IO2,KGQILGPNJKKTJL-YFHOEESVSA-N
paper-59ea1b0b856fb5d7,30,30,SI compound 30,source_drawing_transcription,,pending_independent_chemist_review,COc1ccc(COC/C(C)=C\[C@H](O)C[C@@]2(C)CC[C@]3(C)C=C4[C@@H](C)CC[C@@]45[C@@H](C)CC[C@H]5[C@H]23)cc1,C33H48O3,ZWJOMAWJAGTTAK-TWOJNZHESA-N
paper-59ea1b0b856fb5d7,31,31,SI compound 31,source_drawing_transcription,,pending_independent_chemist_review,COc1ccc(COC[C@](C)(O)[C@H](O)[C@H](O)C[C@@]2(C)CC[C@]3(C)C=C4[C@@H](C)CC[C@@]45[C@@H](C)CC[C@H]5[C@H]23)cc1,C33H50O5,JGHKAZYMIGCQHW-LULHLXPLSA-N
paper-59ea1b0b856fb5d7,32,32,SI compound 32,source_drawing_transcription,,pending_independent_chemist_review,CC(=O)OC[C@](C)(O)[C@H](OC(C)=O)[C@@H](C[C@@]1(C)CC[C@]2(C)C=C3[C@@H](C)CC[C@@]34[C@@H](C)CC[C@H]4[C@H]12)OC(C)=O,C31H48O7,IJZVAEIPZYDKKS-PYXODBRNSA-N
paper-59ea1b0b856fb5d7,6a,6a,SI compound 6a,source_drawing_transcription,,pending_independent_chemist_review,C[C@H]1CC[C@@]23C1=C[C@@]1(C)CC[C@](C)(C[C@@H](O)[C@@H](O)[C@@](C)(O)CO)[C@H]1[C@@H]2CC[C@@H]3C,C25H42O4,PTEFDUPVJURSMS-WUAKPEESSA-N
paper-59ea1b0b856fb5d7,original-polyol-1,original-polyol-1,SI compound original-polyol-1,source_drawing_transcription,,pending_independent_chemist_review,C[C@H]1CC[C@@]23C1=C[C@@]1(C)CC[C@](C)(CC(O)C(O)C(C)(O)CO)[C@H]1[C@@H]2CC[C@@H]3C,C25H42O4,PTEFDUPVJURSMS-GMVWAGKESA-N
paper-59ea1b0b856fb5d7,original-polyol-2,original-polyol-2,SI compound original-polyol-2,source_drawing_transcription,,pending_independent_chemist_review,C[C@H]1CC[C@@]23C1=C[C@@]1(C)CC[C@](C)(CC(O)C(O)C(C)(O)CO)[C@H]1[C@@H]2CC[C@@H]3C,C25H42O4,PTEFDUPVJURSMS-GMVWAGKESA-N
paper-59ea1b0b856fb5d7,original-polyol-3,original-polyol-3,SI compound original-polyol-3,source_drawing_transcription,,pending_independent_chemist_review,C[C@H]1CC[C@@]23C1=C[C@@]1(C)CC[C@](C)(CC(O)C(O)C(C)(O)CO)[C@H]1[C@@H]2CC[C@@H]3C,C25H42O4,PTEFDUPVJURSMS-GMVWAGKESA-N
paper-59ea1b0b856fb5d7,original-polyol-4,original-polyol-4,SI compound original-polyol-4,source_drawing_transcription,,pending_independent_chemist_review,C[C@H]1CC[C@@]23C1=C[C@@]1(C)CC[C@](C)(CC(O)C(O)C(C)(O)CO)[C@H]1[C@@H]2CC[C@@H]3C,C25H42O4,PTEFDUPVJURSMS-GMVWAGKESA-N
paper-5adb96be45d961bc,1,1,Compound 1,source_drawing_transcription,,pending_independent_chemist_review,C/C=C/CCCC[C@@]1(O)[C@H](C)C(=O)N2CCC[C@@]21CO,C16H27NO3,XEJNHBMJNYJKBH-UBPNVYNFSA-N
paper-5adb96be45d961bc,10,10,Compound 10,source_drawing_transcription,Unspecified/racemic precursor as drawn,pending_independent_chemist_review,COC(=O)C1CCCN1C(=O)OC(C)(C)C,C11H19NO4,WVDGSSCWFMSRHN-UHFFFAOYSA-N
paper-5adb96be45d961bc,11,11,Compound 11,source_drawing_transcription,Source C8 absolute configuration S retained,pending_independent_chemist_review,CON(C)C(=O)[C@@]1(COCc2ccccc2)CCCN1C(=O)OC(C)(C)C,C20H30N2O5,MVVIXDCDHDDCKU-FQEVSTJZSA-N
paper-5adb96be45d961bc,12,12,Compound 12,source_drawing_transcription,explicit_racemate,pending_independent_chemist_review,C/C=C/CCCCC1(O)C(C)(C(=O)OC)C(=O)N2CCCC21COCc1ccccc1,C25H35NO5,DEQZDJAUGNIYFX-SNAWJCMRSA-N
paper-5adb96be45d961bc,13a,13a,Compound 13a,source_drawing_transcription,,pending_independent_chemist_review,C/C=C/CCCC[C@@]1(O)[C@H](C)C(=O)N2CCC[C@@]21COCc1ccccc1,C23H33NO3,PXWTXDFXFAKNOB-PCFLQAKTSA-N
paper-5adb96be45d961bc,13b-mixture,13b-mixture,Compound 13b-mixture,source_drawing_transcription,Source C2 wavy stereobond; mixture not expanded into invented resolved isomers.,pending_independent_chemist_review,C/C=C/CCCC[C@]1(O)C(C)C(=O)N2CCC[C@@]21COCc1ccccc1,C23H33NO3,PXWTXDFXFAKNOB-NODORSSJSA-N
paper-5adb96be45d961bc,6a,6a,Compound 6a,source_drawing_transcription,"Source diastereomeric mixture, dr 1.8:1; relative assignments unspecified",pending_independent_chemist_review,C/C=C/CCCCC(=O)C1(COCc2ccccc2)CCCN1C(=O)C(C)C(=O)OC,C25H35NO5,NHORNBVWSBTKKD-SNAWJCMRSA-N
paper-5adb96be45d961bc,6b,6b,Compound 6b,source_drawing_transcription,Source C8 absolute configuration S retained,pending_independent_chemist_review,C/C=C/CCCCC(=O)[C@@]1(COCc2ccccc2)CCCN1C(=O)CC,C23H33NO3,BSNRZTARVVVTPN-OJZQOFKYSA-N
paper-5adb96be45d961bc,7,7,Compound 7,source_drawing_transcription,Source C8 absolute configuration S retained,pending_independent_chemist_review,C/C=C/CCCCC(=O)[C@@]1(COCc2ccccc2)CCCN1C(=O)OC(C)(C)C,C25H37NO4,HDJPAENRUSFIBJ-JOXKVKLASA-N
paper-5adb96be45d961bc,8,8,Compound 8,source_drawing_transcription,Source C8 absolute configuration S retained,pending_independent_chemist_review,COC(=O)[C@@]1(COCc2ccccc2)CCCN1C(=O)OC(C)(C)C,C19H27NO5,SPSYNSKRLCSAMM-IBGZPJMESA-N
paper-5adb96be45d961bc,BOMCl,BOMCl,Compound BOMCl,source_drawing_transcription,,pending_independent_chemist_review,ClCOCc1ccccc1,C8H9ClO,LADPCMZCENPFGV-UHFFFAOYSA-N
paper-5adb96be45d961bc,alkenyl-Grignard,alkenyl-Grignard,Compound alkenyl-Grignard,source_drawing_transcription,,pending_independent_chemist_review,C/C=C/CCC[CH2][Mg][Br],C7H13BrMg,JCFNWLDCKWOZPQ-SLNOCBGISA-M
paper-5adb96be45d961bc,malonyl-chloride,malonyl-chloride,Compound malonyl-chloride,source_drawing_transcription,,pending_independent_chemist_review,COC(=O)C(C)C(=O)Cl,C5H7ClO3,OWRCJIZVGNZKDU-UHFFFAOYSA-N
paper-5adb96be45d961bc,propionyl-chloride,propionyl-chloride,Compound propionyl-chloride,source_drawing_transcription,,pending_independent_chemist_review,CCC(=O)Cl,C3H5ClO,RZWZRACFZGVKFM-UHFFFAOYSA-N
paper-5adb96be45d961bc,rac-11,rac-11,Compound rac-11,source_drawing_transcription,explicit_racemate,pending_independent_chemist_review,CON(C)C(=O)C1(COCc2ccccc2)CCCN1C(=O)OC(C)(C)C,C20H30N2O5,MVVIXDCDHDDCKU-UHFFFAOYSA-N
paper-5adb96be45d961bc,rac-7,rac-7,Compound rac-7,source_drawing_transcription,explicit_racemate,pending_independent_chemist_review,C/C=C/CCCCC(=O)C1(COCc2ccccc2)CCCN1C(=O)OC(C)(C)C,C25H37NO4,HDJPAENRUSFIBJ-AATRIKPKSA-N
paper-5adb96be45d961bc,rac-8,rac-8,Compound rac-8,source_drawing_transcription,explicit_racemate,pending_independent_chemist_review,COC(=O)C1(COCc2ccccc2)CCCN1C(=O)OC(C)(C)C,C19H27NO5,SPSYNSKRLCSAMM-UHFFFAOYSA-N
paper-5adb96be45d961bc,weinreb-amine,weinreb-amine,Compound weinreb-amine,source_drawing_transcription,,pending_independent_chemist_review,CNOC,C2H7NO,KRKPYFLIYNGWTE-UHFFFAOYSA-N
paper-5c1b0ced6dd085a6,16,16,"methyl 9-hydroxy-9-((1R,2S,4R,5R,6R)-2-hydroxy-4-((S)-1-hydroxypropyl)bicyclo[3.1.0]hexan-6-yl)nonanoate",source_drawing_transcription,C9_alcohol_unspecified,pending_independent_chemist_review,CC[C@H](O)[C@@H]1C[C@H](O)[C@H]2[C@H](C(O)CCCCCCCC(=O)OC)[C@@H]12,C19H34O5,KCOJKFVWOOMJMC-JCZVOMAMSA-N
paper-5c1b0ced6dd085a6,16R-13,16R-13,"methyl (Z)-10-((1R,2S,3R,5S)-3-((R)-1-hydroxypropyl)-6-oxabicyclo[3.1.0]hexan-2-yl)dec-9-enoate",source_drawing_transcription,,pending_independent_chemist_review,CC[C@@H](O)[C@@H]1C[C@@H]2O[C@@H]2[C@H]1/C=C\CCCCCCCC(=O)OC,C19H32O4,MGPSQYBTCCJEJI-FEMYFHSUSA-N
paper-5c1b0ced6dd085a6,16R-15,16R-15,"methyl (Z)-10-((1S,2R,3R,5R)-2,3-dihydroxy-5-((R)-1-hydroxypropyl)cyclopentyl)dec-9-enoate",source_drawing_transcription,,pending_independent_chemist_review,CC[C@@H](O)[C@@H]1C[C@@H](O)[C@H](O)[C@H]1/C=C\CCCCCCCC(=O)OC,C19H34O5,IIXNHLPMJXJIEG-QDEYNZTISA-N
paper-5c1b0ced6dd085a6,16R-4,16R-4,"(Z)-10-((1R,2S,3R,5S)-3-((R)-1-hydroxypropyl)-6-oxabicyclo[3.1.0]hexan-2-yl)dec-9-enoic acid",source_drawing_transcription,,pending_independent_chemist_review,CC[C@@H](O)[C@@H]1C[C@@H]2O[C@@H]2[C@H]1/C=C\CCCCCCCC(=O)O,C18H30O4,UMHMXTXOIVYKOO-RAETWKFMSA-N
paper-5c1b0ced6dd085a6,16R-5,16R-5,"(Z)-10-((1S,2R,3R,5R)-2,3-dihydroxy-5-((R)-1-hydroxypropyl)cyclopentyl)dec-9-enoic acid",source_drawing_transcription,,pending_independent_chemist_review,CC[C@@H](O)[C@@H]1C[C@@H](O)[C@H](O)[C@H]1/C=C\CCCCCCCC(=O)O,C18H32O5,QFAVOSCGUOCENL-GZGPLGJMSA-N
paper-5c1b0ced6dd085a6,16S-13,16S-13,"methyl (Z)-10-((1R,2S,3R,5S)-3-((S)-1-hydroxypropyl)-6-oxabicyclo[3.1.0]hexan-2-yl)dec-9-enoate",source_drawing_transcription,,pending_independent_chemist_review,CC[C@H](O)[C@@H]1C[C@@H]2O[C@@H]2[C@H]1/C=C\CCCCCCCC(=O)OC,C19H32O4,MGPSQYBTCCJEJI-OHCHMHIRSA-N
paper-5c1b0ced6dd085a6,16S-15,16S-15,"methyl (Z)-10-((1S,2R,3R,5R)-2,3-dihydroxy-5-((S)-1-hydroxypropyl)cyclopentyl)dec-9-enoate",source_drawing_transcription,,pending_independent_chemist_review,CC[C@H](O)[C@@H]1C[C@@H](O)[C@H](O)[C@H]1/C=C\CCCCCCCC(=O)OC,C19H34O5,IIXNHLPMJXJIEG-UIZJUTPVSA-N
paper-5c1b0ced6dd085a6,16S-4,16S-4,"(Z)-10-((1R,2S,3R,5S)-3-((S)-1-hydroxypropyl)-6-oxabicyclo[3.1.0]hexan-2-yl)dec-9-enoic acid",source_drawing_transcription,,pending_independent_chemist_review,CC[C@H](O)[C@@H]1C[C@@H]2O[C@@H]2[C@H]1/C=C\CCCCCCCC(=O)O,C18H30O4,UMHMXTXOIVYKOO-RLHIQTTISA-N
paper-5c1b0ced6dd085a6,16S-5,16S-5,"(Z)-10-((1S,2R,3R,5R)-2,3-dihydroxy-5-((S)-1-hydroxypropyl)cyclopentyl)dec-9-enoic acid",source_drawing_transcription,,pending_independent_chemist_review,CC[C@H](O)[C@@H]1C[C@@H](O)[C@H](O)[C@H]1/C=C\CCCCCCCC(=O)O,C18H32O5,QFAVOSCGUOCENL-FNIQTPRVSA-N
paper-5ffc2379ff4366f0,1,1,SI compound 1,source_drawing_transcription,,pending_independent_chemist_review,CC(C)(C)[Si](C)(C)OCCCO,C9H22O2Si,NETUFVYVNJNFMU-UHFFFAOYSA-N
paper-5ffc2379ff4366f0,10,10,SI compound 10,source_drawing_transcription,,pending_independent_chemist_review,CCOC(=O)C[C@@H](OCc1ccc(OC)cc1)[C@@H](C)C(C)=O,C17H24O5,KUZPVWNHSYJNNL-BLLLJJGKSA-N
paper-5ffc2379ff4366f0,11,11,SI compound 11,source_drawing_transcription,,pending_independent_chemist_review,C=CC[C@H](C)[C@@H](O)CC(=O)[C@H](C)[C@@H](CC(=O)OCC)OCc1ccc(OC)cc1,C23H34O6,JKVLFCKUZRDTRW-MBXLBGHASA-N
paper-5ffc2379ff4366f0,12,12,SI compound 12,source_drawing_transcription,,pending_independent_chemist_review,C=CC[C@H](C)[C@@H]1C[C@H]([C@H](C)[C@H](O)CC(=O)OCC)OC(C)(C)O1,C18H32O5,GIINCCNGTRQDFB-CQJMVSDSSA-N
paper-5ffc2379ff4366f0,13,13,SI compound 13,source_drawing_transcription,,pending_independent_chemist_review,CO[C@@H](CCC[C@H](C[C@H](O)[C@H](C)[C@@H](/C=C(\C)CC/C=C/B1OC(C)(C)C(C)(C)O1)O[Si](C)(C)C(C)(C)C)O[Si](C)(C)C(C)(C)C)CCO[Si](C)(C)C(C)(C)C,C44H91BO7Si3,UFSXJWZLYVTGGL-INYNHKQCSA-N
paper-5ffc2379ff4366f0,2,2,SI compound 2,source_drawing_transcription,,pending_independent_chemist_review,C=CC[C@H](O)CCO[Si](C)(C)C(C)(C)C,C12H26O2Si,YPXHYWAGAHVDOR-NSHDSACASA-N
paper-5ffc2379ff4366f0,3,3,SI compound 3,source_drawing_transcription,,pending_independent_chemist_review,CC(C)=CCC/C(C)=C/CO,C10H18O,GLZPCOQZEFWAFX-JXMROGBWSA-N
paper-5ffc2379ff4366f0,4,4,SI compound 4,source_drawing_transcription,,pending_independent_chemist_review,C=C[C@H](C)[C@H](O)/C=C(\C)CCC=C(C)C,C14H24O,FWLJFNBXCYVEGM-YVAPMFQZSA-N
paper-5ffc2379ff4366f0,5,5,SI compound 5,source_drawing_transcription,,pending_independent_chemist_review,CC(C)=CCC[C@H](C)CCO,C10H20O,QMVPMAAFGQKVCJ-JTQLQIEISA-N
paper-5ffc2379ff4366f0,6,6,SI compound 6,source_drawing_transcription,,pending_independent_chemist_review,COC(=O)CC[C@H](C)CCO,C8H16O3,BJHNZHKILZCDSS-ZETCQYMHSA-N
paper-5ffc2379ff4366f0,7,7,SI compound 7,source_drawing_transcription,,pending_independent_chemist_review,C=CC[C@H](O)C[C@@H](C)CCC(=O)OC,C11H20O3,RKDRKVMCDACRAB-UWVGGRQHSA-N
paper-5ffc2379ff4366f0,8,8,SI compound 8,source_drawing_transcription,,pending_independent_chemist_review,CCOC(=O)CCO,C5H10O3,UKDLORMZNPQILV-UHFFFAOYSA-N
paper-5ffc2379ff4366f0,9,9,SI compound 9,source_drawing_transcription,,pending_independent_chemist_review,C=C[C@H](C)[C@H](O)CC(=O)OCC,C9H16O3,AXNCRYARRWEFLU-JGVFFNPUSA-N
paper-5ffc2379ff4366f0,A,A,SI compound A,source_drawing_transcription,,pending_independent_chemist_review,CO[C@@H](CCCC=O)CCO[Si](C)(C)C(C)(C)C,C14H30O3Si,NNLDNOGPPCVCMR-ZDUSSCGKSA-N
paper-5ffc2379ff4366f0,AB,AB,SI compound AB,source_drawing_transcription,,pending_independent_chemist_review,CO[C@@H](CCC[C@@H](O)C[C@H](O)[C@H](C)[C@@H](/C=C(\C)CCC=C(C)C)O[Si](C)(C)C(C)(C)C)CCO[Si](C)(C)C(C)(C)C,C34H70O5Si2,DLAYTUJHYZRMIM-CRLYACGASA-N
paper-5ffc2379ff4366f0,ABC,ABC,SI compound ABC,source_drawing_transcription,,pending_independent_chemist_review,COC(=O)CC[C@H](C)C[C@H](C/C=C/C=C/CC/C(C)=C/[C@@H](O[Si](C)(C)C(C)(C)C)[C@@H](C)[C@@H](O)C[C@@H](CCC[C@@H](C/C=C\I)OC)O[Si](C)(C)C(C)(C)C)O[Si](C)(C)C(C)(C)C,C50H97IO7Si3,HKGOMWRKAWVRIS-JLKUARJMSA-N
paper-5ffc2379ff4366f0,ABCD,ABCD,SI compound ABCD,source_drawing_transcription,,pending_independent_chemist_review,COC(=O)CC[C@H](C)C[C@H](C/C=C/C=C/CC/C(C)=C/[C@@H](O[Si](C)(C)C(C)(C)C)[C@@H](C)[C@@H]1C[C@H](O[Si](C)(C)C(C)(C)C)CCC[C@H](OC)C/C=C\C=C\C[C@H](C)[C@@H]2C[C@@H](OC(C)(C)O2)[C@H](C)[C@H](O[Si](C)(C)C(C)(C)C)CC(=O)O1)O[Si](C)(C)C(C)(C)C,C72H136O11Si4,SUBNLEXXRFPBSH-CVBRURNHSA-N
paper-5ffc2379ff4366f0,B,B,SI compound B,source_drawing_transcription,,pending_independent_chemist_review,CC(=O)[C@H](C)[C@@H](/C=C(\C)CCC=C(C)C)O[Si](C)(C)C(C)(C)C,C20H38O2Si,KMPLBZLQNFYHPC-WRXLRJJBSA-N
paper-5ffc2379ff4366f0,C,C,SI compound C,source_drawing_transcription,,pending_independent_chemist_review,COC(=O)CC[C@H](C)C[C@H](C/C=C/I)O[Si](C)(C)C(C)(C)C,C17H33IO3Si,DXHQHLUFYNWSHT-BWSMEOODSA-N
paper-5ffc2379ff4366f0,D,D,SI compound D,source_drawing_transcription,,pending_independent_chemist_review,C[C@@H]([C@H]1C[C@@H]([C@@H](C)C/C=C/B2OC(C)(C)C(C)(C)O2)OC(C)(C)O1)[C@@H](CC(=O)O)O[Si](C)(C)C(C)(C)C,C28H53BO7Si,IVUYLHVCQGZOPF-DZULYWITSA-N
paper-5ffc2379ff4366f0,S-2-methyl-4-pentenal,S-2-methyl-4-pentenal,SI compound S-2-methyl-4-pentenal,source_drawing_transcription,,pending_independent_chemist_review,C=CC[C@H](C)C=O,C6H10O,RCQKLWAPRHHRNN-LURJTMIESA-N
paper-5ffc2379ff4366f0,acetonide-22-ring,acetonide-22-ring,SI compound acetonide-22-ring,source_drawing_transcription,,pending_independent_chemist_review,COC(=O)CC[C@H](C)C[C@@H](O)C/C=C/C=C/CC/C(C)=C/[C@@H](O)[C@@H](C)[C@@H]1C[C@H](O)CCC[C@H](OC)C/C=C\C=C\C[C@H](C)[C@@H]2C[C@@H](OC(C)(C)O2)[C@H](C)[C@H](O)CC(=O)O1,C48H80O11,XVHNVHLGRXHPOH-DZJCCECDSA-N
paper-5ffc2379ff4366f0,acetonide-24-ring,acetonide-24-ring,SI compound acetonide-24-ring,source_drawing_transcription,,pending_independent_chemist_review,COC(=O)CC[C@H](C)C[C@@H](O)C/C=C/C=C/CC/C(C)=C/[C@H]1OC(=O)C[C@@H](O)[C@@H](C)[C@H]2C[C@H](OC(C)(C)O2)[C@@H](C)C/C=C/C=C\C[C@@H](OC)CCC[C@@H](O)C[C@H](O)[C@@H]1C,C48H80O11,PWESZDZPRCYPNB-YPHMDQAYSA-N
paper-5ffc2379ff4366f0,iso-gladiolin-Me,iso-gladiolin-Me,SI compound iso-gladiolin-Me,source_drawing_transcription,,pending_independent_chemist_review,COC(=O)CC[C@H](C)C[C@@H](O)C/C=C/C=C/CC/C(C)=C/[C@H]1OC(=O)C[C@@H](O)[C@@H](C)[C@H](O)C[C@H](O)[C@@H](C)C/C=C/C=C\C[C@@H](OC)CCC[C@@H](O)C[C@H](O)[C@@H]1C,C45H76O11,OGQKEGWHHIXUEM-ZMVDQMBJSA-N
paper-64cf72c50cdd94d5,1,1,,source_drawing_transcription,source-drawn configuration; sample purity not inferred,pending_independent_chemist_review,CC1(C)C=Cc2c(ccc3c2OC[C@H](c2ccc(O)cc2O)C3)O1,C20H20O4,LBQIJVLKGVZRIW-CYBMUJFWSA-N
paper-64cf72c50cdd94d5,10,10,,source_drawing_transcription,source-drawn configuration; sample purity not inferred,pending_independent_chemist_review,CCOC(=O)C(C(=O)OCC)c1ccc(OCOC)cc1OCOC,C17H24O8,CPQLDKHQFMAGOS-UHFFFAOYSA-N
paper-64cf72c50cdd94d5,11,11,,source_drawing_transcription,source-drawn configuration; sample purity not inferred,pending_independent_chemist_review,COCOc1ccc([C@H](COC(C)=O)COc2c(I)ccc3c2C=CC(C)(C)O3)c(OCOC)c1,C26H31IO8,JETKUCBIVMYRDD-GOSISDBHSA-N
paper-64cf72c50cdd94d5,12,12,,source_drawing_transcription,source-drawn configuration; sample purity not inferred,pending_independent_chemist_review,COCOc1ccc([C@H](CO)COc2c(I)ccc3c2C=CC(C)(C)O3)c(OCOC)c1,C24H29IO7,VKCYDOCQQNDDNS-MRXNPFEDSA-N
paper-64cf72c50cdd94d5,13a,13a,,source_drawing_transcription,source-drawn configuration; sample purity not inferred,pending_independent_chemist_review,COCOc1ccc([C@H]2COc3c(ccc4c3C=CC(C)(C)O4)[C@H]2O)c(OCOC)c1,C24H28O7,XLPWACLCEIIGGY-DENIHFKCSA-N
paper-64cf72c50cdd94d5,13ap,13a',,source_drawing_transcription,source-drawn configuration; sample purity not inferred,pending_independent_chemist_review,COCOc1ccc([C@H]2COc3c(ccc4c3C=CC(C)(C)O4)[C@@H]2O)c(OCOC)c1,C24H28O7,XLPWACLCEIIGGY-KNQAVFIVSA-N
paper-64cf72c50cdd94d5,14,14,,source_drawing_transcription,source-drawn stereoisomer in TBDMS branch; enantiomeric purity unverified and endpoint partially racemized,pending_independent_chemist_review,COCOc1ccc([C@H](CO)CO[Si](C)(C)C(C)(C)C)c(OCOC)c1,C19H34O6Si,RSXOSKHVQHPTNI-OAHLLOKOSA-N
paper-64cf72c50cdd94d5,15,15,,source_drawing_transcription,source-drawn stereoisomer in TBDMS branch; enantiomeric purity unverified and endpoint partially racemized,pending_independent_chemist_review,COCOc1ccc([C@H](COc2c(I)ccc3c2C=CC(C)(C)O3)CO[Si](C)(C)C(C)(C)C)c(OCOC)c1,C30H43IO7Si,WLGUWDRKFTVMRX-OAQYLSRUSA-N
paper-64cf72c50cdd94d5,16,16,,source_drawing_transcription,source-drawn stereoisomer in TBDMS branch; enantiomeric purity unverified and endpoint partially racemized,pending_independent_chemist_review,COCOc1ccc([C@@H](CO)COc2c(I)ccc3c2C=CC(C)(C)O3)c(OCOC)c1,C24H29IO7,VKCYDOCQQNDDNS-INIZCTEOSA-N
paper-64cf72c50cdd94d5,17a,17a,,source_drawing_transcription,source-drawn stereoisomer in TBDMS branch; enantiomeric purity unverified and endpoint partially racemized,pending_independent_chemist_review,COCOc1ccc([C@@H]2COc3c(ccc4c3C=CC(C)(C)O4)[C@@H]2O)c(OCOC)c1,C24H28O7,XLPWACLCEIIGGY-UGKGYDQZSA-N
paper-64cf72c50cdd94d5,17ap,17a',,source_drawing_transcription,source-drawn stereoisomer in TBDMS branch; enantiomeric purity unverified and endpoint partially racemized,pending_independent_chemist_review,COCOc1ccc([C@@H]2COc3c(ccc4c3C=CC(C)(C)O4)[C@H]2O)c(OCOC)c1,C24H28O7,XLPWACLCEIIGGY-SIKLNZKXSA-N
paper-64cf72c50cdd94d5,18,18,,source_drawing_transcription,partial racemization reported; drawn major enantiomer only; ee not reported,pending_independent_chemist_review,CC1(C)C=Cc2c(ccc3c2OC[C@@H](c2ccc(O)cc2O)C3)O1,C20H20O4,LBQIJVLKGVZRIW-ZDUSSCGKSA-N
paper-64cf72c50cdd94d5,19,19,,source_drawing_transcription,source-drawn configuration; sample purity not inferred,pending_independent_chemist_review,COCOc1ccc([C@@H](COCOCC[Si](C)(C)C)COC(C)=O)c(OCOC)c1,C21H36O8Si,HTBQVIDVWPYNIJ-SFHVURJKSA-N
paper-64cf72c50cdd94d5,2,2,,source_drawing_transcription,source-drawn configuration; sample purity not inferred,pending_independent_chemist_review,CC1(C)C=Cc2c(ccc3c2OC[C@@H](c2ccc(O)cc2O)C3)O1,C20H20O4,LBQIJVLKGVZRIW-ZDUSSCGKSA-N
paper-64cf72c50cdd94d5,20,20,,source_drawing_transcription,source-drawn configuration; sample purity not inferred,pending_independent_chemist_review,COCOc1ccc([C@H](CO)COCOCC[Si](C)(C)C)c(OCOC)c1,C19H34O7Si,DKBVOXPVMHWTTG-MRXNPFEDSA-N
paper-64cf72c50cdd94d5,21,21,,source_drawing_transcription,source-drawn configuration; sample purity not inferred,pending_independent_chemist_review,COCOc1ccc([C@@H](COCOCC[Si](C)(C)C)COc2c(I)ccc3c2C=CC(C)(C)O3)c(OCOC)c1,C30H43IO8Si,PVSPDUFSYGALCK-QFIPXVFZSA-N
paper-64cf72c50cdd94d5,22,22,,source_drawing_transcription,source-drawn configuration; sample purity not inferred,pending_independent_chemist_review,COCOc1ccc([C@@H](CO)COc2c(I)ccc3c2C=CC(C)(C)O3)c(OCOC)c1,C24H29IO7,VKCYDOCQQNDDNS-INIZCTEOSA-N
paper-64cf72c50cdd94d5,23a,23a,,source_drawing_transcription,source-drawn configuration; sample purity not inferred,pending_independent_chemist_review,COCOc1ccc([C@@H]2COc3c(ccc4c3C=CC(C)(C)O4)[C@@H]2O)c(OCOC)c1,C24H28O7,XLPWACLCEIIGGY-UGKGYDQZSA-N
paper-64cf72c50cdd94d5,23ap,23a',,source_drawing_transcription,source-drawn configuration; sample purity not inferred,pending_independent_chemist_review,COCOc1ccc([C@@H]2COc3c(ccc4c3C=CC(C)(C)O4)[C@H]2O)c(OCOC)c1,C24H28O7,XLPWACLCEIIGGY-SIKLNZKXSA-N
paper-64cf72c50cdd94d5,3,3,,source_drawing_transcription,source-drawn configuration; sample purity not inferred,pending_independent_chemist_review,COCOc1ccc([C@H](C=O)COc2c(I)ccc3c2C=CC(C)(C)O3)c(OCOC)c1,C24H27IO7,BEPBUMKKJQUQMK-MRXNPFEDSA-N
paper-64cf72c50cdd94d5,4,4,,source_drawing_transcription,source-drawn configuration; sample purity not inferred,pending_independent_chemist_review,COCOc1ccc([C@@H](C=O)COc2c(I)ccc3c2C=CC(C)(C)O3)c(OCOC)c1,C24H27IO7,BEPBUMKKJQUQMK-INIZCTEOSA-N
paper-64cf72c50cdd94d5,5,5,,source_drawing_transcription,source-drawn configuration; sample purity not inferred,pending_independent_chemist_review,COCOc1ccc(C(CO)CO)c(OCOC)c1,C13H20O6,OKNFDWOMEVUYML-UHFFFAOYSA-N
paper-64cf72c50cdd94d5,6,6,,source_drawing_transcription,source-drawn configuration; sample purity not inferred,pending_independent_chemist_review,COCOc1ccc([C@@H](CO)COC(C)=O)c(OCOC)c1,C15H22O7,OCUGNPBWNQAITL-LBPRGKRZSA-N
paper-64cf72c50cdd94d5,8,8,,source_drawing_transcription,source-drawn configuration; sample purity not inferred,pending_independent_chemist_review,Oc1cccc(O)c1,C6H6O2,GHMLBKRAJCXXBS-UHFFFAOYSA-N
paper-64cf72c50cdd94d5,9,9,,source_drawing_transcription,source-drawn configuration; sample purity not inferred,pending_independent_chemist_review,COCOc1ccc(I)c(OCOC)c1,C10H13IO4,LKYCPUKBGLTPIH-UHFFFAOYSA-N
paper-64cf72c50cdd94d5,acetone,,,source_drawing_transcription,source-drawn configuration; sample purity not inferred,pending_independent_chemist_review,CC(C)=O,C3H6O,CSCPPACGZOOCGX-UHFFFAOYSA-N
paper-64cf72c50cdd94d5,diethyl-malonate,,diethyl malonate,procedural_interpretation,source-drawn configuration; sample purity not inferred,pending_independent_chemist_review,CCOC(=O)CC(=O)OCC,C7H12O4,IYXGSMUGOJNHAZ-UHFFFAOYSA-N
paper-64cf72c50cdd94d5,rac-6,rac-6,,source_drawing_transcription,racemate explicitly reported; tetrahedral stereo unassigned,pending_independent_chemist_review,COCOc1ccc(C(CO)COC(C)=O)c(OCOC)c1,C15H22O7,OCUGNPBWNQAITL-UHFFFAOYSA-N
paper-64cf72c50cdd94d5,s1,s1,,source_drawing_transcription,source-drawn configuration; sample purity not inferred,pending_independent_chemist_review,CC(=O)c1c(O)cccc1O,C8H8O3,YPTJKHVBDCRKNF-UHFFFAOYSA-N
paper-64cf72c50cdd94d5,s2,s2,,source_drawing_transcription,source-drawn configuration; sample purity not inferred,pending_independent_chemist_review,CC1(C)CC(=O)c2c(O)cccc2O1,C11H12O3,POORELMNAOVPQN-UHFFFAOYSA-N
paper-64cf72c50cdd94d5,s3,s3,,source_drawing_transcription,source-drawn configuration; sample purity not inferred,pending_independent_chemist_review,CC1(C)C=Cc2c(O)cccc2O1,C11H12O2,SHBLUYDDXWADNS-UHFFFAOYSA-N
paper-64cf72c50cdd94d5,s4,s4,,source_drawing_transcription,source-drawn configuration; sample purity not inferred,pending_independent_chemist_review,COCOc1cccc2c1C=CC(C)(C)O2,C13H16O3,ZKJUDNUGKFAVKM-UHFFFAOYSA-N
paper-64cf72c50cdd94d5,s4-I,,,source_drawing_transcription,source-drawn configuration; sample purity not inferred,pending_independent_chemist_review,COCOc1c(I)ccc2c1C=CC(C)(C)O2,C13H15IO3,VEQIFIPOSZXCSS-UHFFFAOYSA-N
paper-64cf72c50cdd94d5,s5,s5,,source_drawing_transcription,source-drawn configuration; sample purity not inferred,pending_independent_chemist_review,CC1(C)C=Cc2c(ccc(I)c2O)O1,C11H11IO2,MZNPTSXDYNDKSY-UHFFFAOYSA-N
paper-64cf72c50cdd94d5,vinyl-acetate,,vinyl acetate,procedural_interpretation,source-drawn configuration; sample purity not inferred,pending_independent_chemist_review,C=COC(C)=O,C4H6O2,XTXRWKRVRITETP-UHFFFAOYSA-N
paper-65486c490d434d36,1,1,SI compound 1,source_drawing_transcription,,pending_independent_chemist_review,CCCC[C@H]1CC[C@@H]2CCCC[C@]23CC[C@@H](CO)N13,C17H31NO,BGBFXHCJNCIRRA-QAETUUGQSA-N
paper-65486c490d434d36,1-HCl,1-HCl,SI compound 1-HCl,source_drawing_transcription,,pending_independent_chemist_review,CCCC[C@H]1CC[C@@H]2CCCC[C@]23CC[C@@H](CO)[NH+]13.[Cl-],C17H32ClNO,HMMNRQAEMWLYEZ-SITLLQIKSA-N
paper-65486c490d434d36,2,2,SI compound 2,source_drawing_transcription,,pending_independent_chemist_review,CCCC[C@H]1CC[C@@H]2CCCC[C@]23CC[C@@H](O)CN13,C17H31NO,WRRCOCSUBHVKHF-NXOAAHMSSA-N
paper-65486c490d434d36,2-HCl,2-HCl,SI compound 2-HCl,source_drawing_transcription,,pending_independent_chemist_review,CCCC[C@H]1CC[C@@H]2CCCC[C@]23CC[C@@H](O)C[NH+]13.[Cl-],C17H32ClNO,PIKXQIIEYNNOAX-CIAYFLBZSA-N
paper-65486c490d434d36,5,5,SI compound 5,source_drawing_transcription,,pending_independent_chemist_review,CCCCC(=O)/C=C/[C@@H]1CCCC[C@@]12CC[C@@H](COCc1ccccc1)N2S(=O)(=O)c1ccc(C)cc1,C31H41NO4S,HLCKYKFYWYIZAM-GDBBQCDBSA-N
paper-65486c490d434d36,6,6,SI compound 6,source_drawing_transcription,,pending_independent_chemist_review,CCCC[C@@H](O)/C=C/[C@@H]1CCCC[C@@]12CC[C@@H](COCc1ccccc1)N2S(=O)(=O)c1ccc(C)cc1,C31H43NO4S,BLNCALMBWCKTTQ-ZBFHKYMCSA-N
paper-65486c490d434d36,7,7,SI compound 7,source_drawing_transcription,,pending_independent_chemist_review,CCCC[C@@H](O)CC[C@@H]1CCCC[C@@]12CC[C@@H](COCc1ccccc1)N2S(=O)(=O)c1ccc(C)cc1,C31H45NO4S,MEPRMWKELWSLNP-SPCXWRMWSA-N
paper-65486c490d434d36,8,8,SI compound 8,source_drawing_transcription,,pending_independent_chemist_review,CCCC[C@@H](O)CC[C@@H]1CCCC[C@@]12CC[C@@H](COCc1ccccc1)N2,C24H39NO2,CNQMLQAPZWWYEY-CJRSTVEYSA-N
paper-65486c490d434d36,9,9,SI compound 9,source_drawing_transcription,,pending_independent_chemist_review,CCCC[C@H]1CC[C@@H]2CCCC[C@]23CC[C@@H](COCc2ccccc2)N13,C24H37NO,LXWMWAVBNDIDCN-ZJZGAYNASA-N
paper-6a63c9306e309ac6,1,1,SI compound 1,source_drawing_transcription,Source absolute scaffold; PubChem9886081 reference-assisted atom matching cross-checked against article drawings,pending_independent_chemist_review,C=C[C@]1(C)C[C@@H](OC(=O)CO)[C@]2(C)[C@H](C)CC[C@]3(CCC(=O)[C@H]32)[C@@H](C)[C@@H]1O,C22H34O5,ZRZNJUXESFHSIO-BKUNHTPHSA-N
paper-6a63c9306e309ac6,10,10,SI compound 10,source_drawing_transcription,Source absolute scaffold; PubChem9886081 reference-assisted atom matching cross-checked against article drawings,pending_independent_chemist_review,CC(C)=C1CC[C@@H](C)CC1=O,C10H16O,NZGWDASTMWDZIW-MRVPVSSYSA-N
paper-6a63c9306e309ac6,11,11,SI compound 11,source_drawing_transcription,source major member of 5:1 C5 mixture,pending_independent_chemist_review,CCOC(=O)[C@@]1(C)C(=O)C(=C(C)C)CC[C@H]1C,C14H22O3,COVSFOARUQAXAF-QMTHXVAHSA-N
paper-6a63c9306e309ac6,13,13,SI compound 13,source_drawing_transcription,source diol; C3 and C4 perspective stereocenters pending independent review,pending_independent_chemist_review,C=C(C)[C@]12CCC(O)C1(O)[C@](C)(CO[Si](C)(C)C(C)(C)C)[C@H](C)CC2,C21H40O3Si,MXZLYWONKIKPPI-FBKSWBLFSA-N
paper-6a63c9306e309ac6,14,14,SI compound 14,source_drawing_transcription,source alpha-hydroxyketone; C4 perspective stereocenter pending,pending_independent_chemist_review,C=C(C)[C@]12CCC(=O)C1(O)[C@](C)(CO[Si](C)(C)C(C)(C)C)[C@H](C)CC2,C21H38O3Si,FLAIIWCPLMREIM-ZEDDUWKQSA-N
paper-6a63c9306e309ac6,15,15,SI compound 15,source_drawing_transcription,source major of2:1 C10 diastereomeric mixture,pending_independent_chemist_review,C[C@@H]1CC[C@@]2([C@@H](C)CO)CCC(=O)[C@H]2[C@]1(C)CO[Si](C)(C)C(C)(C)C,C21H40O3Si,DBKPTPZTQNHUGX-CDZAGZGOSA-N
paper-6a63c9306e309ac6,16,16,SI compound 16,source_drawing_transcription,Source absolute scaffold; PubChem9886081 reference-assisted atom matching cross-checked against article drawings,pending_independent_chemist_review,CC(=O)OC[C@H](C)[C@]12CCC(=O)[C@H]1[C@](C)(CO[Si](C)(C)C(C)(C)C)[C@H](C)CC2,C23H42O4Si,DAOOZWQOEZHMNK-LCHGUAGMSA-N
paper-6a63c9306e309ac6,17,17,SI compound 17,source_drawing_transcription,Source absolute scaffold; PubChem9886081 reference-assisted atom matching cross-checked against article drawings,pending_independent_chemist_review,CC(=O)OC[C@H](C)[C@]12CCC(=O)[C@H]1[C@](C)(C=O)[C@H](C)CC2,C17H26O4,DWKLZKUDANEGAX-FXSNYSBCSA-N
paper-6a63c9306e309ac6,18,18,SI compound 18,source_drawing_transcription,source major10:1 C14 diastereomer,pending_independent_chemist_review,C=C(C)C[C@@H](O)[C@]1(C)[C@H](C)CC[C@@]2([C@@H](C)COC(C)=O)CCC(=O)[C@H]21,C21H34O4,LERPZYGLDZWMQO-GLWNWQENSA-N
paper-6a63c9306e309ac6,19,19,SI compound 19,source_drawing_transcription,Source absolute scaffold; PubChem9886081 reference-assisted atom matching cross-checked against article drawings,pending_independent_chemist_review,C=C(C)C[C@@H](O)[C@]1(C)[C@H](C)CC[C@@]2([C@@H](C)CO)CCC(=O)[C@H]21,C19H32O3,DHZQLLQSEOJNPE-AFOVWBNFSA-N
paper-6a63c9306e309ac6,2,2,SI compound 2,source_drawing_transcription,Source absolute scaffold; PubChem9886081 reference-assisted atom matching cross-checked against article drawings,pending_independent_chemist_review,C=C[C@]1(C)C[C@@H](O)[C@]2(C)[C@H](C)CC[C@]3(CCC(=O)[C@H]32)[C@@H](C)[C@@H]1O,C20H32O3,OBUUFWIMEGVAQS-JAFVRLMVSA-N
paper-6a63c9306e309ac6,20,20,SI compound 20,source_drawing_transcription,Source absolute scaffold; PubChem9886081 reference-assisted atom matching cross-checked against article drawings,pending_independent_chemist_review,CC(=O)OC/C=C(\C)C[C@@H](O)[C@]1(C)[C@H](C)CC[C@@]2([C@@H](C)CO)CCC(=O)[C@H]21,C22H36O5,OSSZXEFCWRDSAC-RTZUMEPHSA-N
paper-6a63c9306e309ac6,21,21,SI compound 21,source_drawing_transcription,Source absolute scaffold; PubChem9886081 reference-assisted atom matching cross-checked against article drawings,pending_independent_chemist_review,CC(=O)OC/C=C(\C)C[C@@H](O)[C@]1(C)[C@H](C)CC[C@@]2([C@@H](C)C=O)CCC(=O)[C@H]21,C22H34O5,JCSMTZBDYORILL-RTZUMEPHSA-N
paper-6a63c9306e309ac6,22,22,SI compound 22,source_drawing_transcription,Source absolute scaffold; PubChem9886081 reference-assisted atom matching cross-checked against article drawings,pending_independent_chemist_review,C/C(=C\CO)C[C@@H](O)[C@]1(C)[C@H](C)CC[C@@]2([C@@H](C)C=O)CCC(=O)[C@H]21,C20H32O4,JFVFDIUALVVNIZ-KXAISDELSA-N
paper-6a63c9306e309ac6,23,23,SI compound 23,source_drawing_transcription,12-epimer of mutilin,pending_independent_chemist_review,C=C[C@@]1(C)C[C@@H](O)[C@]2(C)[C@H](C)CC[C@]3(CCC(=O)[C@H]32)[C@@H](C)[C@@H]1O,C20H32O3,OBUUFWIMEGVAQS-UAVIKHFKSA-N
paper-6a63c9306e309ac6,24,24,SI compound 24,source_drawing_transcription,Source absolute scaffold; PubChem9886081 reference-assisted atom matching cross-checked against article drawings,pending_independent_chemist_review,C=C[C@]1(C)C[C@@H](O)[C@]2(C)[C@H](C)CC[C@]3(CCC(=O)[C@H]32)[C@@H](C)[C@@H]1OC(=O)C(F)(F)F,C22H31F3O4,BXNAORAKTLHABH-PAACMEMZSA-N
paper-6a63c9306e309ac6,5,5,SI compound 5,source_drawing_transcription,source-drawn unstable in-situ allyl chloride; not isolated,pending_independent_chemist_review,C/C(=C\CCl)C[C@@H](O)[C@]1(C)[C@H](C)CC[C@@]2([C@@H](C)C=O)CCC(=O)[C@H]21,C20H31ClO3,SVUMDDSPIZFWIZ-KXAISDELSA-N
paper-6a63c9306e309ac6,7,7,SI compound 7,source_drawing_transcription,Source absolute scaffold; PubChem9886081 reference-assisted atom matching cross-checked against article drawings,pending_independent_chemist_review,C=C(C)[C@]12CCC(=O)[C@H]1[C@](C)(CO[Si](C)(C)C(C)(C)C)[C@H](C)CC2,C21H38O2Si,YUHXPTWASPHPKO-PLWAMTLXSA-N
paper-6a63c9306e309ac6,8,8,SI compound 8,source_drawing_transcription,Source absolute scaffold; PubChem9886081 reference-assisted atom matching cross-checked against article drawings,pending_independent_chemist_review,C=C(C)[C@@]1(CCC(=O)OC)CC[C@@H](C)[C@@](C)(CO[Si](C)(C)C(C)(C)C)C1=O,C22H40O4Si,RPSJIEQUFSZKEU-YHYVQYDKSA-N
paper-6a63c9306e309ac6,9a,9a,SI compound 9a,source_drawing_transcription,Source absolute scaffold; PubChem9886081 reference-assisted atom matching cross-checked against article drawings,pending_independent_chemist_review,C=C(C)[C@@H]1CC[C@@H](C)[C@@](C)(CO[Si](C)(C)C(C)(C)C)C1=O,C18H34O2Si,MRSCEGHGOWUPQE-RVKKMQEKSA-N
paper-6a63c9306e309ac6,9b,9b,SI compound 9b,source_drawing_transcription,Source absolute scaffold; PubChem9886081 reference-assisted atom matching cross-checked against article drawings,pending_independent_chemist_review,CC(C)=C1CC[C@@H](C)[C@@](C)(CO[Si](C)(C)C(C)(C)C)C1=O,C18H34O2Si,NRXWBJGOJUKFDY-RDTXWAMCSA-N
paper-6a63c9306e309ac6,C10-epi-15,C10-epi-15,SI compound C10-epi-15,source_drawing_transcription,"source C10 mixture; minor represented by specified epimer, no individual yield",pending_independent_chemist_review,C[C@@H]1CC[C@@]2([C@H](C)CO)CCC(=O)[C@H]2[C@]1(C)CO[Si](C)(C)C(C)(C)C,C21H40O3Si,DBKPTPZTQNHUGX-VSHGRSIOSA-N
paper-6a63c9306e309ac6,C10-epi-6,C10-epi-6,SI compound C10-epi-6,source_drawing_transcription,Source absolute scaffold; PubChem9886081 reference-assisted atom matching cross-checked against article drawings,pending_independent_chemist_review,C[C@@H]1CC[C@@]2([C@H](C)CBr)CCC(=O)[C@H]2[C@]1(C)C=O,C15H23BrO2,GKMZAPUJFVKKAT-NXRJPMIISA-N
paper-6a63c9306e309ac6,C5-epi-11,C5-epi-11,SI compound C5-epi-11,source_drawing_transcription,source explicitly identified C5 epimer in combined mixture,pending_independent_chemist_review,CCOC(=O)[C@]1(C)C(=O)C(=C(C)C)CC[C@H]1C,C14H22O3,COVSFOARUQAXAF-YGRLFVJLSA-N
paper-6a63c9306e309ac6,Mander reagent,Mander reagent,SI compound Mander reagent,source_drawing_transcription,,pending_independent_chemist_review,CCOC(=O)C#N,C4H5NO2,MSMGXWFHBSCQFB-UHFFFAOYSA-N
paper-6a63c9306e309ac6,S1,S1,SI compound S1,source_drawing_transcription,opposite C9 facial selectivity from 8; major of3:1 mixture,pending_independent_chemist_review,C=C(C)[C@]1(CCC(=O)OC)CC[C@@H](C)[C@@](C)(C(=O)OCC)C1=O,C18H28O5,GQMGNXRYWDUOGO-FSPWUOQZSA-N
paper-6a63c9306e309ac6,cis-diacetoxybutene,cis-diacetoxybutene,SI compound cis-diacetoxybutene,source_drawing_transcription,,pending_independent_chemist_review,CC(=O)OC/C=C\COC(C)=O,C8H12O4,VZUAUHWZIKOMFC-ARJAWSKDSA-N
paper-6a63c9306e309ac6,methallyl bromide,methallyl bromide,SI compound methallyl bromide,source_drawing_transcription,,pending_independent_chemist_review,C=C(C)CBr,C4H7Br,USEGQJLHQSTGHW-UHFFFAOYSA-N
paper-6a63c9306e309ac6,methyl acrylate,methyl acrylate,SI compound methyl acrylate,source_drawing_transcription,,pending_independent_chemist_review,C=CC(=O)OC,C4H6O2,BAPJBEWLBFYGME-UHFFFAOYSA-N
paper-6a63c9306e309ac6,trifluoroacetoxyacetic acid,trifluoroacetoxyacetic acid,SI compound trifluoroacetoxyacetic acid,source_drawing_transcription,,pending_independent_chemist_review,O=C(O)COC(=O)C(F)(F)F,C4H3F3O4,MZWLBROQKLHRJK-UHFFFAOYSA-N
paper-6f84dc000b1334a0,10,10,SI compound 10,source_drawing_transcription,C11_diastereomeric_mixture,pending_independent_chemist_review,C=CCC[C@@H](C[C@@H](O)CC#CC(C[C@H]1COC(C)(C)O1)O[Si](C)(C)C(C)(C)C)OCc1ccc(OC)cc1,C31H50O6Si,OHBBNNZBOGWDJR-PUXDUVCNSA-N
paper-6f84dc000b1334a0,11,11,SI compound 11,source_drawing_transcription,C11_diastereomeric_mixture,pending_independent_chemist_review,C=CCC[C@@H](C[C@H](CC#CC(C[C@H]1COC(C)(C)O1)O[Si](C)(C)C(C)(C)C)OCc1ccc(OC)cc1)OCc1ccc(OC)cc1,C39H58O7Si,UZTWMIUMCULPLB-ZYVNIORKSA-N
paper-6f84dc000b1334a0,12,12,SI compound 12,source_drawing_transcription,,pending_independent_chemist_review,C=CCC[C@@H](C[C@H](CC#CC(=O)C[C@H]1COC(C)(C)O1)OCc1ccc(OC)cc1)OCc1ccc(OC)cc1,C33H42O7,NDOAACPCJYXGBQ-CPCREDONSA-N
paper-6f84dc000b1334a0,13-mixture,13-mixture,SI compound 13-mixture,source_drawing_transcription,Unisolated_C11_epimeric_mixture_before_oxidation,pending_independent_chemist_review,C=CCC[C@@H](C[C@H](CC#CC(O)C[C@H]1COC(C)(C)O1)OCc1ccc(OC)cc1)OCc1ccc(OC)cc1,C33H44O7,KDACPRHWJUDXRR-GKHAXVSHSA-N
paper-6f84dc000b1334a0,13a,13a,SI compound 13a,source_drawing_transcription,,pending_independent_chemist_review,C=CCC[C@@H](C[C@H](CC#C[C@H](O)C[C@H]1COC(C)(C)O1)OCc1ccc(OC)cc1)OCc1ccc(OC)cc1,C33H44O7,KDACPRHWJUDXRR-QJANCWQKSA-N
paper-6f84dc000b1334a0,13b,13b,SI compound 13b,source_drawing_transcription,,pending_independent_chemist_review,C=CCC[C@@H](C[C@H](CC#C[C@@H](O)C[C@H]1COC(C)(C)O1)OCc1ccc(OC)cc1)OCc1ccc(OC)cc1,C33H44O7,KDACPRHWJUDXRR-QVEYCFQASA-N
paper-6f84dc000b1334a0,14a,14a,SI compound 14a,source_drawing_transcription,,pending_independent_chemist_review,C=CCC[C@@H](C[C@H](C/C=C/[C@H](O)C[C@H]1COC(C)(C)O1)OCc1ccc(OC)cc1)OCc1ccc(OC)cc1,C33H46O7,BXYXLHUAZVYIRD-CLTDXYJWSA-N
paper-6f84dc000b1334a0,14b,14b,SI compound 14b,source_drawing_transcription,,pending_independent_chemist_review,C=CCC[C@@H](C[C@H](C/C=C/[C@@H](O)C[C@H]1COC(C)(C)O1)OCc1ccc(OC)cc1)OCc1ccc(OC)cc1,C33H46O7,BXYXLHUAZVYIRD-XOCGYGEQSA-N
paper-6f84dc000b1334a0,15a,15a,SI compound 15a,source_drawing_transcription,,pending_independent_chemist_review,C=CCC[C@@H](C[C@H](C/C=C/[C@@H](C[C@H]1COC(C)(C)O1)OCc1ccc(OC)cc1)OCc1ccc(OC)cc1)OCc1ccc(OC)cc1,C41H54O8,YFATVRVZGGESEL-RRIOJLPSSA-N
paper-6f84dc000b1334a0,15b,15b,SI compound 15b,source_drawing_transcription,,pending_independent_chemist_review,C=CCC[C@@H](C[C@H](C/C=C/[C@H](C[C@H]1COC(C)(C)O1)OCc1ccc(OC)cc1)OCc1ccc(OC)cc1)OCc1ccc(OC)cc1,C41H54O8,YFATVRVZGGESEL-LMQQNKNCSA-N
paper-6f84dc000b1334a0,16a,16a,SI compound 16a,source_drawing_transcription,,pending_independent_chemist_review,COc1ccc(CO[C@@H](C/C=C/[C@@H](C[C@H]2COC(C)(C)O2)OCc2ccc(OC)cc2)C[C@H](CC/C=C/c2ccccc2)OCc2ccc(OC)cc2)cc1,C47H58O8,NBHMAJHMDSRMRC-VWJIGIBKSA-N
paper-6f84dc000b1334a0,16b,16b,SI compound 16b,source_drawing_transcription,,pending_independent_chemist_review,COc1ccc(CO[C@@H](C/C=C/[C@H](C[C@H]2COC(C)(C)O2)OCc2ccc(OC)cc2)C[C@H](CC/C=C/c2ccccc2)OCc2ccc(OC)cc2)cc1,C47H58O8,NBHMAJHMDSRMRC-MDITZMPSSA-N
paper-6f84dc000b1334a0,17a,17a,SI compound 17a,source_drawing_transcription,,pending_independent_chemist_review,COc1ccc(CO[C@@H](C/C=C/[C@@H](C[C@H](O)CO)OCc2ccc(OC)cc2)C[C@H](CC/C=C/c2ccccc2)OCc2ccc(OC)cc2)cc1,C44H54O8,FHJLOZBVMGNFKL-RRCNKTDWSA-N
paper-6f84dc000b1334a0,17b,17b,SI compound 17b,source_drawing_transcription,,pending_independent_chemist_review,COc1ccc(CO[C@@H](C/C=C/[C@H](C[C@H](O)CO)OCc2ccc(OC)cc2)C[C@H](CC/C=C/c2ccccc2)OCc2ccc(OC)cc2)cc1,C44H54O8,FHJLOZBVMGNFKL-RQTSCZMQSA-N
paper-6f84dc000b1334a0,18a,18a,SI compound 18a,source_drawing_transcription,,pending_independent_chemist_review,COC(=O)C#CC[C@@H](O)C[C@H](/C=C/C[C@@H](C[C@H](CC/C=C/c1ccccc1)OCc1ccc(OC)cc1)OCc1ccc(OC)cc1)OCc1ccc(OC)cc1,C48H56O9,PKXAYFQUHXZEFY-ASMUSTRESA-N
paper-6f84dc000b1334a0,18b,18b,SI compound 18b,source_drawing_transcription,,pending_independent_chemist_review,COC(=O)C#CC[C@@H](O)C[C@@H](/C=C/C[C@@H](C[C@H](CC/C=C/c1ccccc1)OCc1ccc(OC)cc1)OCc1ccc(OC)cc1)OCc1ccc(OC)cc1,C48H56O9,PKXAYFQUHXZEFY-XFEJEHKBSA-N
paper-6f84dc000b1334a0,19a,19a,SI compound 19a,source_drawing_transcription,,pending_independent_chemist_review,COC(=O)/C=C\C[C@@H](O)C[C@H](/C=C/C[C@@H](C[C@H](CC/C=C/c1ccccc1)OCc1ccc(OC)cc1)OCc1ccc(OC)cc1)OCc1ccc(OC)cc1,C48H58O9,VBHWJSKRPIMVQT-WROZLSJLSA-N
paper-6f84dc000b1334a0,19b,19b,SI compound 19b,source_drawing_transcription,,pending_independent_chemist_review,COC(=O)/C=C\C[C@@H](O)C[C@@H](/C=C/C[C@@H](C[C@H](CC/C=C/c1ccccc1)OCc1ccc(OC)cc1)OCc1ccc(OC)cc1)OCc1ccc(OC)cc1,C48H58O9,VBHWJSKRPIMVQT-PQZUEBFZSA-N
paper-6f84dc000b1334a0,1a,1a,Triplinone F,source_drawing_transcription,,pending_independent_chemist_review,O=C1C=CC[C@H](C[C@@H](O)/C=C/C[C@H](O)C[C@@H](O)CC/C=C/c2ccccc2)O1,C23H30O5,HAWZSMCQZFREJU-YQDGXVNZSA-N
paper-6f84dc000b1334a0,1b,1b,11-epi-Triplinone F,source_drawing_transcription,,pending_independent_chemist_review,O=C1C=CC[C@H](C[C@H](O)/C=C/C[C@H](O)C[C@@H](O)CC/C=C/c2ccccc2)O1,C23H30O5,HAWZSMCQZFREJU-JVKHWLJASA-N
paper-6f84dc000b1334a0,20a,20a,SI compound 20a,source_drawing_transcription,,pending_independent_chemist_review,COc1ccc(CO[C@@H](C/C=C/[C@@H](C[C@H]2CC=CC(=O)O2)OCc2ccc(OC)cc2)C[C@H](CC/C=C/c2ccccc2)OCc2ccc(OC)cc2)cc1,C47H54O8,CGLNUPJMIYAJLQ-MXWIAYPXSA-N
paper-6f84dc000b1334a0,20b,20b,SI compound 20b,source_drawing_transcription,,pending_independent_chemist_review,COc1ccc(CO[C@@H](C/C=C/[C@H](C[C@H]2CC=CC(=O)O2)OCc2ccc(OC)cc2)C[C@H](CC/C=C/c2ccccc2)OCc2ccc(OC)cc2)cc1,C47H54O8,CGLNUPJMIYAJLQ-NVSHXCPLSA-N
paper-6f84dc000b1334a0,2a,2a,SI compound 2a,source_drawing_transcription,,pending_independent_chemist_review,COc1ccc(CO[C@@H](C/C=C/[C@@H](C[C@H]2CO2)OCc2ccc(OC)cc2)C[C@H](CC/C=C/c2ccccc2)OCc2ccc(OC)cc2)cc1,C44H52O7,YLYNKZZSYNXGBF-WULACZOFSA-N
paper-6f84dc000b1334a0,2b,2b,SI compound 2b,source_drawing_transcription,,pending_independent_chemist_review,COc1ccc(CO[C@@H](C/C=C/[C@H](C[C@H]2CO2)OCc2ccc(OC)cc2)C[C@H](CC/C=C/c2ccccc2)OCc2ccc(OC)cc2)cc1,C44H52O7,YLYNKZZSYNXGBF-CJOSMJFUSA-N
paper-6f84dc000b1334a0,3,3,SI compound 3,source_drawing_transcription,,pending_independent_chemist_review,C=CCC[C@@H](C[C@@H]1CO1)OCc1ccc(OC)cc1,C16H22O3,RMNQOWHGEPMDEK-JKSUJKDBSA-N
paper-6f84dc000b1334a0,4,4,SI compound 4,source_drawing_transcription,C11_diastereomeric_mixture,pending_independent_chemist_review,C#CC(C[C@H]1COC(C)(C)O1)O[Si](C)(C)C(C)(C)C,C15H28O3Si,JFQLWZDGRWBVAI-ABLWVSNPSA-N
paper-6f84dc000b1334a0,6a,6a,SI compound 6a,source_drawing_transcription,,pending_independent_chemist_review,C=CCC[C@H](O)C[C@@H]1COC(C)(C)O1,C11H20O3,YYWBMXOPPJANSO-VHSXEESVSA-N
paper-6f84dc000b1334a0,6b,6b,SI compound 6b,source_drawing_transcription,,pending_independent_chemist_review,C=CCC[C@@H](O)C[C@@H]1COC(C)(C)O1,C11H20O3,YYWBMXOPPJANSO-NXEZZACHSA-N
paper-6f84dc000b1334a0,7a,7a,SI compound 7a,source_drawing_transcription,,pending_independent_chemist_review,C=CCC[C@@H](C[C@@H]1COC(C)(C)O1)OCc1ccc(OC)cc1,C19H28O4,FXTIURHQJBAAHL-ZWKOTPCHSA-N
paper-6f84dc000b1334a0,7b,7b,SI compound 7b,source_drawing_transcription,,pending_independent_chemist_review,C=CCC[C@H](C[C@@H]1COC(C)(C)O1)OCc1ccc(OC)cc1,C19H28O4,FXTIURHQJBAAHL-QZTJIDSGSA-N
paper-6f84dc000b1334a0,8a,8a,SI compound 8a,source_drawing_transcription,,pending_independent_chemist_review,C=CCC[C@@H](C[C@@H](O)CO)OCc1ccc(OC)cc1,C16H24O4,SYCKKSUYWAYMRO-ZBFHGGJFSA-N
paper-6f84dc000b1334a0,8b,8b,SI compound 8b,source_drawing_transcription,,pending_independent_chemist_review,C=CCC[C@H](C[C@@H](O)CO)OCc1ccc(OC)cc1,C16H24O4,SYCKKSUYWAYMRO-GDBMZVCRSA-N
paper-6f84dc000b1334a0,9a,9a,SI compound 9a,source_drawing_transcription,New_benzylidene_acetal_center_pending_drawing_review,pending_independent_chemist_review,C=CCC[C@H]1C[C@H](CO)OC(c2ccc(OC)cc2)O1,C16H22O4,SSULBSWNCYUJQI-QMRHZFGWSA-N
paper-6f84dc000b1334a0,9b,9b,SI compound 9b,source_drawing_transcription,New_benzylidene_acetal_center_pending_drawing_review,pending_independent_chemist_review,C=CCC[C@@H]1C[C@H](CO)OC(c2ccc(OC)cc2)O1,C16H22O4,SSULBSWNCYUJQI-YGFGXBMJSA-N
paper-6f84dc000b1334a0,D-malic-acid,D-malic-acid,SI compound D-malic-acid,source_drawing_transcription,,pending_independent_chemist_review,O=C(O)C[C@@H](O)C(=O)O,C4H6O5,BJEPYKJPYRNKOW-UWTATZPHSA-N
paper-6f84dc000b1334a0,L-malic-acid,L-malic-acid,SI compound L-malic-acid,source_drawing_transcription,,pending_independent_chemist_review,O=C(O)C[C@H](O)C(=O)O,C4H6O5,BJEPYKJPYRNKOW-REOHCLBHSA-N
paper-6f84dc000b1334a0,R-21,R-21,SI compound R-21,source_drawing_transcription,,pending_independent_chemist_review,OCC[C@@H](O)CO,C4H10O3,ARXKVVRQIIOZGF-SCSAIBSYSA-N
paper-6f84dc000b1334a0,R-22,R-22,SI compound R-22,source_drawing_transcription,,pending_independent_chemist_review,CC1(C)OC[C@@H](CCO)O1,C7H14O3,YYEZYENJAMOWHW-ZCFIWIBFSA-N
paper-6f84dc000b1334a0,R-5,R-5,SI compound R-5,source_drawing_transcription,,pending_independent_chemist_review,CC1(C)OC[C@@H](CC=O)O1,C7H12O3,BASUVKNKERZYGZ-ZCFIWIBFSA-N
paper-6f84dc000b1334a0,S-21,S-21,SI compound S-21,source_drawing_transcription,,pending_independent_chemist_review,OCC[C@H](O)CO,C4H10O3,ARXKVVRQIIOZGF-BYPYZUCNSA-N
paper-6f84dc000b1334a0,S-22,S-22,SI compound S-22,source_drawing_transcription,,pending_independent_chemist_review,CC1(C)OC[C@H](CCO)O1,C7H14O3,YYEZYENJAMOWHW-LURJTMIESA-N
paper-6f84dc000b1334a0,S-5,S-5,SI compound S-5,source_drawing_transcription,,pending_independent_chemist_review,CC1(C)OC[C@H](CC=O)O1,C7H12O3,BASUVKNKERZYGZ-LURJTMIESA-N
paper-6f84dc000b1334a0,butenyl-MgBr,butenyl-MgBr,SI compound butenyl-MgBr,source_drawing_transcription,,pending_independent_chemist_review,C=CC[CH2][Mg][Br],C4H7BrMg,SMLLHQBZPPSOSR-UHFFFAOYSA-M
paper-6f84dc000b1334a0,ethynyl-MgBr,ethynyl-MgBr,SI compound ethynyl-MgBr,source_drawing_transcription,,pending_independent_chemist_review,C#[C][Mg][Br],C2HBrMg,HUGJUYPSXULVQQ-UHFFFAOYSA-M
paper-6f84dc000b1334a0,methyl-propiolate,methyl-propiolate,SI compound methyl-propiolate,source_drawing_transcription,,pending_independent_chemist_review,C#CC(=O)OC,C4H4O2,IMAKHNTVDGLIRY-UHFFFAOYSA-N
paper-6f84dc000b1334a0,styrene,styrene,SI compound styrene,source_drawing_transcription,,pending_independent_chemist_review,C=Cc1ccccc1,C8H8,PPBRXRYQALVLMV-UHFFFAOYSA-N
paper-6fb246fd524d3d54,(R)-25,(R)-25,SI compound (R)-25,source_drawing_transcription,,pending_independent_chemist_review,C#C[S@@](=O)c1ccc(C)cc1,C9H8OS,UUBXCGJXEGMPMI-LLVKDONJSA-N
paper-6fb246fd524d3d54,(S)-25,(S)-25,SI compound (S)-25,source_drawing_transcription,source named S sulfoxide; cited preparation boundary,pending_independent_chemist_review,C#C[S@](=O)c1ccc(C)cc1,C9H8OS,UUBXCGJXEGMPMI-NSHDSACASA-N
paper-6fb246fd524d3d54,1,1,SI compound 1,source_drawing_transcription,,pending_independent_chemist_review,CC[C@@]12C=N[C@@H]3C[C@H]1[C@@H]1C(=O)O[C@@H]2C[C@]12C3=Nc1ccccc12,C19H18N2O2,ANZKLFVHUCHUGO-SPAKBIBVSA-N
paper-6fb246fd524d3d54,17,17,SI compound 17,source_drawing_transcription,,pending_independent_chemist_review,C[C@@H](O)c1cccnc1,C7H9NO,QMDUEBURHKSKDG-ZCFIWIBFSA-N
paper-6fb246fd524d3d54,18,18,SI compound 18,source_drawing_transcription,,pending_independent_chemist_review,CC(C)(C)OC(=O)n1cc(CC(=O)O)c2ccccc21,C15H17NO4,VRZTWLIBIMXVMR-UHFFFAOYSA-N
paper-6fb246fd524d3d54,19,19,SI compound 19,source_drawing_transcription,,pending_independent_chemist_review,C[C@@H](OC(=O)Cc1cn(C(=O)OC(C)(C)C)c2ccccc12)c1cccnc1,C22H24N2O4,YLCOELKKWFMVQF-OAHLLOKOSA-N
paper-6fb246fd524d3d54,2,2,SI compound 2,source_drawing_transcription,,pending_independent_chemist_review,CC[C@@]12CN(C)[C@@H]3C[C@H]1[C@@H]1C(=O)O[C@@H]2C[C@]12C3=Nc1ccccc12,C20H22N2O2,NVLJZILKWSAOLE-FWDCVCQHSA-N
paper-6fb246fd524d3d54,20,20,SI compound 20,source_drawing_transcription,"drawn crude 1,2-dihydropyridine",pending_independent_chemist_review,C[C@@H](OC(=O)Cc1cn(C(=O)OC(C)(C)C)c2ccccc12)C1=CC=CN(C(=O)OCc2ccccc2)C1,C30H32N2O6,FSDZCYSICAIBHY-OAQYLSRUSA-N
paper-6fb246fd524d3d54,21,21,SI compound 21,source_drawing_transcription,source wedge pair; ethylidene E/Z source-defined but serialization review pending,pending_independent_chemist_review,C/C=C1\CN(C(=O)OCc2ccccc2)C=C[C@@H]1[C@@H](C(=O)O)c1cn(C(=O)OC(C)(C)C)c2ccccc12,C30H32N2O6,NGMRIMBECYNHCY-VATUVMRXSA-N
paper-6fb246fd524d3d54,22,22,SI compound 22,source_drawing_transcription,source projected cage configuration; independent review pending,pending_independent_chemist_review,C/C=C1\CN(C(=O)OCc2ccccc2)[C@@H]2C[C@H]1[C@H](C(=O)O)c1c2[nH]c2ccccc12,C25H24N2O4,WXNRRRBBELBWBU-KQEAGLQLSA-N
paper-6fb246fd524d3d54,23,23,SI compound 23,source_drawing_transcription,source projected cage configuration; independent review pending,pending_independent_chemist_review,C/C=C1\CN(C(=O)OCc2ccccc2)[C@@H]2C[C@H]1[C@H](CO)c1c2[nH]c2ccccc12,C25H26N2O3,VOUSBKWQMZISIP-XIOJLPNGSA-N
paper-6fb246fd524d3d54,24,24,SI compound 24,source_drawing_transcription,source cage wedges; sulfoxide stereochemistry pending,pending_independent_chemist_review,C/C=C1\CN(C(=O)OCc2ccccc2)[C@@H]2C[C@H]1[C@H](CO/C=C/S(=O)c1ccc(C)cc1)c1c2[nH]c2ccccc12,C34H34N2O4S,CGUOLBOWBYJEFD-DKXSARCDSA-N
paper-6fb246fd524d3d54,24-S-epimer,24-S-epimer,SI compound 24-S-epimer,source_drawing_transcription,R-25 derived sulfur epimer; sulfur absolute descriptor awaiting transcription,pending_independent_chemist_review,C/C=C1\CN(C(=O)OCc2ccccc2)[C@@H]2C[C@H]1[C@H](CO/C=C/S(=O)c1ccc(C)cc1)c1c2[nH]c2ccccc12,C34H34N2O4S,CGUOLBOWBYJEFD-DKXSARCDSA-N
paper-6fb246fd524d3d54,26,26,SI compound 26,source_drawing_transcription,source cage wedges; sulfoxide stereochemistry pending,pending_independent_chemist_review,CC[C@@]12CN(C(=O)OCc3ccccc3)[C@@H]3C[C@H]1[C@H](CO[C@@H]2CS(=O)c1ccc(C)cc1)c1c3[nH]c2ccccc12,C34H36N2O4S,LSFHAIUOEUIZIG-ZJGIAWMHSA-N
paper-6fb246fd524d3d54,26-S-epimer,26-S-epimer,SI compound 26-S-epimer,source_drawing_transcription,"same C5 configuration as26, opposite sulfur configuration; sulfur absolute descriptor pending",pending_independent_chemist_review,CC[C@@]12CN(C(=O)OCc3ccccc3)[C@@H]3C[C@H]1[C@H](CO[C@@H]2CS(=O)c1ccc(C)cc1)c1c3[nH]c2ccccc12,C34H36N2O4S,LSFHAIUOEUIZIG-ZJGIAWMHSA-N
paper-6fb246fd524d3d54,27,27,SI compound 27,source_drawing_transcription,source projected cage configuration; independent review pending,pending_independent_chemist_review,CC[C@@]12CN(C(=O)OCc3ccccc3)[C@@H]3C[C@H]1[C@H](CO[C@@H]2CO)c1c3[nH]c2ccccc12,C27H30N2O4,RUIKCONIPKJRKJ-OQCCKMSPSA-N
paper-6fb246fd524d3d54,28,28,SI compound 28,source_drawing_transcription,source projected cage configuration; independent review pending,pending_independent_chemist_review,CC[C@@]12CN(C(=O)OCc3ccccc3)[C@@H]3C[C@H]1[C@H](CO[C@@H]2COS(=O)(=O)c1ccc(C)cc1)c1c3[nH]c2ccccc12,C34H36N2O6S,MZLFXMUNCOEQSJ-VYCYYLMGSA-N
paper-6fb246fd524d3d54,29,29,SI compound 29,source_drawing_transcription,source projected cage configuration; independent review pending,pending_independent_chemist_review,CC[C@@]12CN(C(=O)OCc3ccccc3)[C@@H]3C[C@H]1[C@@H]1CO[C@@H]2C[C@]12C3=Nc1ccccc12,C27H28N2O3,WNRPUAIMGOXWOV-NALJGNRHSA-N
paper-6fb246fd524d3d54,3,3,SI compound 3,source_drawing_transcription,,pending_independent_chemist_review,CC[C@@]12CN(C)[C@@H]3C[C@H]1[C@@H]1C(=O)O[C@@H]2C[C@@]12c1ccccc1N[C@@H]32,C20H24N2O2,MTXIMHOPKMWUDO-YGFFHHMWSA-N
paper-6fb246fd524d3d54,30,30,SI compound 30,source_drawing_transcription,source projected cage configuration; independent review pending,pending_independent_chemist_review,CC[C@@]12CN(C(=O)OCc3ccccc3)[C@@H]3C[C@H]1[C@@H]1C(=O)O[C@@H]2C[C@]12C3=Nc1ccccc12,C27H26N2O4,HCLAAFLBFMFQAN-PDEGQAFISA-N
paper-6fb246fd524d3d54,31,31,SI compound 31,source_drawing_transcription,,pending_independent_chemist_review,CC[C@@]12CN[C@@H]3C[C@H]1[C@@H]1C(=O)O[C@@H]2C[C@]12C3=Nc1ccccc12,C19H20N2O2,BGPADVFDVQHVLV-SPAKBIBVSA-N
paper-6fb246fd524d3d54,4,4,SI compound 4,source_drawing_transcription,,pending_independent_chemist_review,CC[C@@]12C=N[C@@H]3C[C@H]1[C@@H]1C(=O)O[C@@H]2C[C@@]12c1ccccc1N[C@@H]32,C19H20N2O2,FNVYWTFCSRBBTR-XUUKDSBCSA-N
paper-6ff9a985e64e1b0e,1,1,Compound 1,source_drawing_transcription,Unspecified stereocenters retained for source mixtures; assigned E olefins retained where stated.,pending_independent_chemist_review,O=C1C(=Cc2ccc(O)cc2)C2=Nc3ccccc3C2=C1C1=C2C(=Nc3ccccc32)C(=Cc2ccc(O)cc2)C1=O,C36H20N2O4,CGZKSPLDUIRCIO-UHFFFAOYSA-N
paper-6ff9a985e64e1b0e,10,10,Compound 10,source_drawing_transcription,Unspecified stereocenters retained for source mixtures; assigned E olefins retained where stated.,pending_independent_chemist_review,CC(C)[Si](Oc1ccc(CCC(=O)CC2(O[Si](C)(C)C)C(=O)N(C(=O)OC(C)(C)C)c3ccccc32)cc1)(C(C)C)C(C)C,C35H53NO6Si2,HOZZIQLSYQCGAR-UHFFFAOYSA-N
paper-6ff9a985e64e1b0e,11,11,Compound 11,source_drawing_transcription,Unspecified stereocenters retained for source mixtures; assigned E olefins retained where stated.,pending_independent_chemist_review,CC(C)[Si](Oc1ccc(C/C=C(/CC2(O[Si](C)(C)C)C(=O)N(C(=O)OC(C)(C)C)c3ccccc32)O[Si](C)(C)C(C)(C)C)cc1)(C(C)C)C(C)C,C41H67NO6Si3,ZXKLRFZZEFPCMP-YLHCSOALSA-N
paper-6ff9a985e64e1b0e,12,12,Compound 12,source_drawing_transcription,Unspecified stereocenters retained for source mixtures; assigned E olefins retained where stated.,pending_independent_chemist_review,CC(C)[Si](Oc1ccc(CC2C(=O)C(C3C(=O)C(Cc4ccc(O[Si](C(C)C)(C(C)C)C(C)C)cc4)c4c3c3ccccc3n4C(=O)OC(C)(C)C)c3c2n(C(=O)OC(C)(C)C)c2ccccc32)cc1)(C(C)C)C(C)C,C64H84N2O8Si2,OEXRATQOWARRCA-UHFFFAOYSA-N
paper-6ff9a985e64e1b0e,13,13,Compound 13,source_drawing_transcription,Unspecified stereocenters retained for source mixtures; assigned E olefins retained where stated.,pending_independent_chemist_review,CC(C)[Si](Oc1ccc(CC2C(=O)C(C3C(=O)C(Cc4ccc(O[Si](C(C)C)(C(C)C)C(C)C)cc4)c4[nH]c5ccccc5c43)c3c2[nH]c2ccccc32)cc1)(C(C)C)C(C)C,C54H68N2O4Si2,VLBYCKWFRSDJBV-UHFFFAOYSA-N
paper-6ff9a985e64e1b0e,14,14,Compound 14,source_drawing_transcription,Unspecified stereocenters retained for source mixtures; assigned E olefins retained where stated.,pending_independent_chemist_review,CC(C)[Si](Oc1ccc(CC2C(=O)C(C3C(=O)C(Cc4ccc(O[Si](C(C)C)(C(C)C)C(C)C)cc4)c4c3c3ccccc3n4C(=O)OC(C)(C)C)c3c2[nH]c2ccccc32)cc1)(C(C)C)C(C)C,C59H76N2O6Si2,LEAGQDOZPYKBML-UHFFFAOYSA-N
paper-6ff9a985e64e1b0e,15,15,Compound 15,source_drawing_transcription,Unspecified stereocenters retained for source mixtures; assigned E olefins retained where stated.,pending_independent_chemist_review,CC(C)[Si](Oc1ccc(C=C2C(=O)C(C3C(=O)C(=Cc4ccc(O[Si](C(C)C)(C(C)C)C(C)C)cc4)c4[nH]c5ccccc5c43)c3c2[nH]c2ccccc32)cc1)(C(C)C)C(C)C,C54H64N2O4Si2,FVYVQJPMAHLAKB-UHFFFAOYSA-N
paper-6ff9a985e64e1b0e,16,16,Compound 16,source_drawing_transcription,Unspecified stereocenters retained for source mixtures; assigned E olefins retained where stated.,pending_independent_chemist_review,CC(C)[Si](Oc1ccc(C=C2C(=O)C(C3=C4C(=Nc5ccccc54)C(=Cc4ccc(O[Si](C(C)C)(C(C)C)C(C)C)cc4)C3=O)=C3C2=Nc2ccccc23)cc1)(C(C)C)C(C)C,C54H60N2O4Si2,WITPUOBFEMBJJF-UHFFFAOYSA-N
paper-6ff9a985e64e1b0e,17,17,Compound 17,source_drawing_transcription,Unspecified stereocenters retained for source mixtures; assigned E olefins retained where stated.,pending_independent_chemist_review,CC(C)[Si](Oc1ccc(C=C2C(=O)C(=C3C(=O)C(=Cc4ccc(O[Si](C(C)C)(C(C)C)C(C)C)cc4)c4[nH]c5ccccc5c43)c3c2[nH]c2ccccc32)cc1)(C(C)C)C(C)C,C54H62N2O4Si2,XHUORAIVJBQGOT-UHFFFAOYSA-N
paper-6ff9a985e64e1b0e,2,2,Compound 2,source_drawing_transcription,Unspecified stereocenters retained for source mixtures; assigned E olefins retained where stated.,pending_independent_chemist_review,O=C1C(=Cc2ccc(O)cc2)c2[nH]c3ccccc3c2C1=C1C(=O)C(=Cc2ccc(O)cc2)c2[nH]c3ccccc3c21,C36H22N2O4,NEDXNMGIWUVMCL-UHFFFAOYSA-N
paper-6ff9a985e64e1b0e,4,4,Compound 4,source_drawing_transcription,Unspecified stereocenters retained for source mixtures; assigned E olefins retained where stated.,pending_independent_chemist_review,CC(C)[Si](Oc1ccc(CC2C(=O)Cc3c2n(C(=O)OC(C)(C)C)c2ccccc32)cc1)(C(C)C)C(C)C,C32H43NO4Si,DFUSFGHLIWWGSC-UHFFFAOYSA-N
paper-6ff9a985e64e1b0e,6,6,Compound 6,source_drawing_transcription,Unspecified stereocenters retained for source mixtures; assigned E olefins retained where stated.,pending_independent_chemist_review,CC(C)[Si](Oc1ccc(C/C=C(/CC2(O[Si](C)(C)C)c3ccccc3N(C(=O)OC(C)(C)C)C2O)O[Si](C)(C)C(C)(C)C)cc1)(C(C)C)C(C)C,C41H69NO6Si3,PLZNTYNWFMBNDA-YLHCSOALSA-N
paper-6ff9a985e64e1b0e,7,7,Compound 7,source_drawing_transcription,Unspecified stereocenters retained for source mixtures; assigned E olefins retained where stated.,pending_independent_chemist_review,O=C1Nc2ccccc2C1=O,C8H5NO2,JXDYKVIHCLTXOP-UHFFFAOYSA-N
paper-6ff9a985e64e1b0e,8,8,Compound 8,source_drawing_transcription,Unspecified stereocenters retained for source mixtures; assigned E olefins retained where stated.,pending_independent_chemist_review,CC(=O)CCc1ccc(O[Si](C(C)C)(C(C)C)C(C)C)cc1,C19H32O2Si,OTEYMEUUWUHTNJ-UHFFFAOYSA-N
paper-6ff9a985e64e1b0e,9,9,Compound 9,source_drawing_transcription,Unspecified stereocenters retained for source mixtures; assigned E olefins retained where stated.,pending_independent_chemist_review,CC(C)[Si](Oc1ccc(CCC(=O)CC2(O)C(=O)Nc3ccccc32)cc1)(C(C)C)C(C)C,C27H37NO4Si,WADZEZFJVOVOPV-UHFFFAOYSA-N
paper-6ff9a985e64e1b0e,S1,S1,Compound S1,source_drawing_transcription,Unspecified stereocenters retained for source mixtures; assigned E olefins retained where stated.,pending_independent_chemist_review,CC(C)[Si](Oc1ccc(CCC(=O)CC2(O[Si](C)(C)C)C(=O)Nc3ccccc32)cc1)(C(C)C)C(C)C,C30H45NO4Si2,IAYTWLBIWYOGPH-UHFFFAOYSA-N
paper-715f9106f76c8961,1,1,SI compound 1,source_drawing_transcription,No stereochemistry inferred; sulfur stereochemistry is not encoded. Perspective S=O drawing marks require independent stereochemical review.,pending_independent_chemist_review,O=C(O)c1ccc2c(n1)C(=O)C1=C(C2=O)S(=O)(=O)CCN1,C12H8N2O6S,HNRNJVWZIQOLOL-UHFFFAOYSA-N
paper-715f9106f76c8961,10,10,SI compound 10,source_drawing_transcription,No stereochemistry inferred; sulfur stereochemistry is not encoded. Perspective S=O drawing marks require independent stereochemical review.,pending_independent_chemist_review,Cc1ccc2c(n1)C(=O)C1=C(C2=O)S(=O)(=O)CCN1,C12H10N2O4S,IZEQPDNVEAYFOO-UHFFFAOYSA-N
paper-715f9106f76c8961,11,11,SI compound 11,source_drawing_transcription,No stereochemistry inferred; sulfur stereochemistry is not encoded. Perspective S=O drawing marks require independent stereochemical review.,pending_independent_chemist_review,O=C(O)c1ccc2c(n1)C(=O)C1=C(SCCN1)C2=O,C12H8N2O4S,APHMXTWTXZWZEU-UHFFFAOYSA-N
paper-715f9106f76c8961,12,12,SI compound 12,source_drawing_transcription,No stereochemistry inferred; sulfur stereochemistry is not encoded. Perspective S=O drawing marks require independent stereochemical review.,pending_independent_chemist_review,O=C(O)c1ccc2c(n1)C(=O)C1=C(C2=O)S(=O)CCN1,C12H8N2O5S,CDYKMCDFNDTRIH-UHFFFAOYSA-N
paper-715f9106f76c8961,13,13,SI compound 13,source_drawing_transcription,No stereochemistry inferred; sulfur stereochemistry is not encoded. Perspective S=O drawing marks require independent stereochemical review.,pending_independent_chemist_review,O=C(O)c1ccc2c(n1)C(=O)C1=C(C2=O)S(=O)(=O)C=CN1,C12H6N2O6S,QDMFUYYCINGUQS-UHFFFAOYSA-N
paper-715f9106f76c8961,14,14,SI compound 14,source_drawing_transcription,No stereochemistry inferred; sulfur stereochemistry is not encoded. Perspective S=O drawing marks require independent stereochemical review.,pending_independent_chemist_review,Cc1ccc2c(n1)C(=O)C1=C(NCCS1=O)C2=O,C12H10N2O3S,PYVHLMDEYXOOKH-UHFFFAOYSA-N
paper-715f9106f76c8961,15,15,SI compound 15,source_drawing_transcription,No stereochemistry inferred; sulfur stereochemistry is not encoded. Perspective S=O drawing marks require independent stereochemical review.,pending_independent_chemist_review,Cc1ccc2c(n1)C(=O)C1=C(NCCS1(=O)=O)C2=O,C12H10N2O4S,VYIQSRPUYNNSGU-UHFFFAOYSA-N
paper-715f9106f76c8961,16,16,SI compound 16,source_drawing_transcription,No stereochemistry inferred; sulfur stereochemistry is not encoded. Perspective S=O drawing marks require independent stereochemical review.,pending_independent_chemist_review,Cc1ccc2c(n1)C(=O)C1=C(NC=CS1(=O)=O)C2=O,C12H8N2O4S,QDIKSDBHYUYKHU-UHFFFAOYSA-N
paper-715f9106f76c8961,17,17,SI compound 17,source_drawing_transcription,No stereochemistry inferred; sulfur stereochemistry is not encoded. Perspective S=O drawing marks require independent stereochemical review.,pending_independent_chemist_review,O=C(O)c1ccc2c(n1)C(=O)C1=C(NCCS1)C2=O,C12H8N2O4S,ILJBOAWXKSDGOZ-UHFFFAOYSA-N
paper-715f9106f76c8961,18,18,SI compound 18,source_drawing_transcription,No stereochemistry inferred; sulfur stereochemistry is not encoded. Perspective S=O drawing marks require independent stereochemical review.,pending_independent_chemist_review,O=C(O)c1ccc2c(n1)C(=O)C1=C(NCCS1=O)C2=O,C12H8N2O5S,VAYRAXCAPONKOU-UHFFFAOYSA-N
paper-715f9106f76c8961,19,19,SI compound 19,source_drawing_transcription,No stereochemistry inferred; sulfur stereochemistry is not encoded. Perspective S=O drawing marks require independent stereochemical review.,pending_independent_chemist_review,O=C(O)c1ccc2c(n1)C(=O)C1=C(NCCS1(=O)=O)C2=O,C12H8N2O6S,AEHWZAHHARQAOH-UHFFFAOYSA-N
paper-715f9106f76c8961,2,2,SI compound 2,source_drawing_transcription,No stereochemistry inferred; sulfur stereochemistry is not encoded. Perspective S=O drawing marks require independent stereochemical review.,pending_independent_chemist_review,O=C(O)c1ccc2c(n1)C(=O)C1=C(NC=CS1(=O)=O)C2=O,C12H6N2O6S,GDXFAPJBCPQOTL-UHFFFAOYSA-N
paper-715f9106f76c8961,2-chloroethylamine,2-chloroethylamine,SI compound 2-chloroethylamine,source_drawing_transcription,No stereochemistry inferred; sulfur stereochemistry is not encoded. Perspective S=O drawing marks require independent stereochemical review.,pending_independent_chemist_review,NCCCl,C2H6ClN,VKPPFDPXZWFDFA-UHFFFAOYSA-N
paper-715f9106f76c8961,3,3,SI compound 3,source_drawing_transcription,No stereochemistry inferred; sulfur stereochemistry is not encoded. Perspective S=O drawing marks require independent stereochemical review.,pending_independent_chemist_review,Cc1ccc2c(n1)C(=O)C(NCCCl)=C(Cl)C2=O,C12H10Cl2N2O2,CIOJHJSDQCIVMX-UHFFFAOYSA-N
paper-715f9106f76c8961,4,4,SI compound 4,source_drawing_transcription,No stereochemistry inferred; sulfur stereochemistry is not encoded. Perspective S=O drawing marks require independent stereochemical review.,pending_independent_chemist_review,Cc1ccc2c(n1)C(=O)C(Cl)=C(NCCCl)C2=O,C12H10Cl2N2O2,RVGIQYQXEIEVBZ-UHFFFAOYSA-N
paper-715f9106f76c8961,5,5,SI compound 5,source_drawing_transcription,No stereochemistry inferred; sulfur stereochemistry is not encoded. Perspective S=O drawing marks require independent stereochemical review.,pending_independent_chemist_review,Cc1ccc2c(n1)C(=O)C(Cl)=C(Cl)C2=O,C10H5Cl2NO2,BCGVBGNZFXXWMK-UHFFFAOYSA-N
paper-715f9106f76c8961,6,6,SI compound 6,source_drawing_transcription,No stereochemistry inferred; sulfur stereochemistry is not encoded. Perspective S=O drawing marks require independent stereochemical review.,pending_independent_chemist_review,Cc1ccc2cccc(O)c2n1,C10H9NO,NBYLBWHHTUWMER-UHFFFAOYSA-N
paper-715f9106f76c8961,7,7,SI compound 7,source_drawing_transcription,No stereochemistry inferred; sulfur stereochemistry is not encoded. Perspective S=O drawing marks require independent stereochemical review.,pending_independent_chemist_review,Cc1ccc2c(n1)C(=O)C1=C(SCCN1)C2=O,C12H10N2O2S,UNBCDQHJZXAMRP-UHFFFAOYSA-N
paper-715f9106f76c8961,8,8,SI compound 8,source_drawing_transcription,No stereochemistry inferred; sulfur stereochemistry is not encoded. Perspective S=O drawing marks require independent stereochemical review.,pending_independent_chemist_review,Cc1ccc2c(n1)C(=O)C1=C(NCCS1)C2=O,C12H10N2O2S,KPOFPXQCCCJQKL-UHFFFAOYSA-N
paper-715f9106f76c8961,9,9,SI compound 9,source_drawing_transcription,No stereochemistry inferred; sulfur stereochemistry is not encoded. Perspective S=O drawing marks require independent stereochemical review.,pending_independent_chemist_review,Cc1ccc2c(n1)C(=O)C1=C(C2=O)S(=O)CCN1,C12H10N2O3S,SCGCCWRWVJEUNQ-UHFFFAOYSA-N
paper-74e49e9e3bf2071e,1,1,SI compound 1,source_drawing_transcription,,pending_independent_chemist_review,O=C1N[C@@H](Cc2ccccc2)C(=O)N2O[C@H]3Nc4ccccc4[C@]3(O)C[C@@H]12,C20H19N3O4,FDOLIMSWIVRVGO-XAMWDVODSA-N
paper-74e49e9e3bf2071e,13,13,SI compound 13,source_drawing_transcription,,pending_independent_chemist_review,CC(C)(C)[Si](C)(C)OC/C=C/c1cn(S(=O)(=O)c2ccccc2[N+](=O)[O-])c2ccccc12,C23H28N2O5SSi,PZTJCCQCPMDFPH-ZHACJKMWSA-N
paper-74e49e9e3bf2071e,15,15,SI compound 15,source_drawing_transcription,,pending_independent_chemist_review,CC(C)(C)OC(=O)N[C@@H](Cc1ccccc1)C(=O)N1O[C@@H]2C(=C[C@H]1CO[Si](C)(C)C(C)(C)C)c1ccccc1N2S(=O)(=O)c1ccccc1[N+](=O)[O-],C37H46N4O9SSi,SNWQIBRCDUSUKH-XIPHOTFASA-N
paper-74e49e9e3bf2071e,16,16,SI compound 16,source_drawing_transcription,,pending_independent_chemist_review,CC(C)(C)OC(=O)N[C@@H](Cc1ccccc1)C(=O)N1O[C@H]2N(S(=O)(=O)c3ccccc3[N+](=O)[O-])c3ccccc3[C@@]2(O)C[C@H]1CO[Si](C)(C)C(C)(C)C,C37H48N4O10SSi,QJMYCHBVLJNASC-KZDWJWSISA-N
paper-74e49e9e3bf2071e,17,17,SI compound 17,source_drawing_transcription,,pending_independent_chemist_review,O=Cc1cn(S(=O)(=O)c2ccccc2[N+](=O)[O-])c2ccccc12,C15H10N2O5S,QSJYZMQSNUOUQO-UHFFFAOYSA-N
paper-74e49e9e3bf2071e,18,18,SI compound 18,source_drawing_transcription,,pending_independent_chemist_review,CCOC(=O)/C=C/c1cn(S(=O)(=O)c2ccccc2[N+](=O)[O-])c2ccccc12,C19H16N2O6S,FBOSWNMHUSBOAJ-VAWYXSNFSA-N
paper-74e49e9e3bf2071e,19,19,SI compound 19,source_drawing_transcription,,pending_independent_chemist_review,CC(C)(C)OC(=O)N[C@@H](Cc1ccccc1)C(=O)NO,C14H20N2O4,BMGZBGPCAZSXRM-NSHDSACASA-N
paper-74e49e9e3bf2071e,20,20,SI compound 20,source_drawing_transcription,,pending_independent_chemist_review,[Cl-].[NH3+][C@@H](Cc1ccccc1)C(=O)N1O[C@H]2N(S(=O)(=O)c3ccccc3[N+](=O)[O-])c3ccccc3[C@]2(O)C[C@H]1C(=O)O,C26H25ClN4O9S,OYUZFIJZFGXWRH-ZDJWGVJFSA-N
paper-74e49e9e3bf2071e,21,21,SI compound 21,source_drawing_transcription,,pending_independent_chemist_review,O=C1N[C@@H](Cc2ccccc2)C(=O)N2O[C@H]3N(S(=O)(=O)c4ccccc4[N+](=O)[O-])c4ccccc4[C@@]3(O)C[C@@H]12,C26H22N4O8S,FIGKNNYJLZFPMD-XXDHBLQXSA-N
paper-74e49e9e3bf2071e,phosphonoacetate,phosphonoacetate,SI compound phosphonoacetate,source_drawing_transcription,,pending_independent_chemist_review,CCOC(=O)CP(=O)(OCC)OCC,C8H17O5P,GGUBFICZYGKNTD-UHFFFAOYSA-N
paper-7536ef37e89afbbd,1,1,SI compound 1,source_drawing_transcription,,pending_independent_chemist_review,CCCCCCCCCCCCCCCCCCCCCC(=O)OCC(COC(=O)CCCCCCCCCCCCCCCCCCCCC)OC(=O)/C=C/c1ccc(O)c(OC)c1,C57H100O8,HQKOKDBCUSEPCE-LIIAXHHNSA-N
paper-7536ef37e89afbbd,10a,10a,SI compound 10a,source_drawing_transcription,epoxide center unspecified,pending_independent_chemist_review,CCCCCCCCCCCCCCCCCCCCCC(=O)OCC1CO1,C25H48O3,PGXFPHPLDLNGQY-UHFFFAOYSA-N
paper-7536ef37e89afbbd,10b,10b,SI compound 10b,source_drawing_transcription,epoxide center unspecified,pending_independent_chemist_review,CCCCCCCCCCCCCCCC(=O)OCC1CO1,C19H36O3,KYVUJPJYTYQNGJ-UHFFFAOYSA-N
paper-7536ef37e89afbbd,10c,10c,SI compound 10c,source_drawing_transcription,epoxide center unspecified,pending_independent_chemist_review,CCCCCCCC/C=C\CCCCCCCC(=O)OCC1CO1,C21H38O3,VWYIWOYBERNXLX-KTKRTIGZSA-N
paper-7536ef37e89afbbd,11,11,SI compound 11,source_drawing_transcription,unspecified glycidol epoxide stereocenter,pending_independent_chemist_review,OCC1CO1,C3H6O2,CTKINSOISVBQLD-UHFFFAOYSA-N
paper-7536ef37e89afbbd,12,12,SI compound 12,source_drawing_transcription,,pending_independent_chemist_review,CCCCCCCCCCCCCCCCCCCCCC(=O)OCC(COC(=O)CCCCCCCCCCCCCCCCCCCCC)OC(=O)/C=C/c1ccc(OC(C)=O)c(OC)c1,C59H102O9,OXZXPCFIAIXWBF-RWPCACJLSA-N
paper-7536ef37e89afbbd,14,14,SI compound 14,source_drawing_transcription,,pending_independent_chemist_review,CCCCCCCCCCCCCCCCCCCCCC(=O)OCC(COC(=O)CCCCCCCCCCCCCCCCCCCCC)OC(=O)/C=C/c1ccc(OC(C)=O)c(OC(C)=O)c1,C60H102O10,KSMZVVGGKLEAHK-RWPCACJLSA-N
paper-7536ef37e89afbbd,15,15,SI compound 15,source_drawing_transcription,,pending_independent_chemist_review,CCCCCCCCCCCCCCCCCCCCCC(=O)OCC(COC(=O)CCCCCCCCCCCCCCCCCCCCC)OC(=O)/C=C/c1ccccc1,C56H98O6,ADAUNILZMNOIES-DSIMXMMZSA-N
paper-7536ef37e89afbbd,16,16,SI compound 16,source_drawing_transcription,,pending_independent_chemist_review,CCCCCCCCCCCCCCCC(=O)OCC(COC(=O)CCCCCCCCCCCCCCC)OC(=O)/C=C/c1ccc(OC(C)=O)c(OC)c1,C47H78O9,CIHZCBNHXZXNPO-JMUUFCRMSA-N
paper-7536ef37e89afbbd,18,18,SI compound 18,source_drawing_transcription,,pending_independent_chemist_review,CCCCCCCCCCCCCCCC(=O)OCC(COC(=O)CCCCCCCCCCCCCCC)OC(=O)/C=C/c1ccc(OC(C)=O)c(OC(C)=O)c1,C48H78O10,XRSVEZBLZLNMSP-JMUUFCRMSA-N
paper-7536ef37e89afbbd,19,19,SI compound 19,source_drawing_transcription,,pending_independent_chemist_review,CCCCCCCCCCCCCCCC(=O)OCC(COC(=O)CCCCCCCCCCCCCCC)OC(=O)/C=C/c1ccc(O)c(O)c1,C44H74O8,ZLOWFSBXUZVNCO-NWBJSICCSA-N
paper-7536ef37e89afbbd,20,20,SI compound 20,source_drawing_transcription,,pending_independent_chemist_review,CCCCCCCCCCCCCCCC(=O)OCC(COC(=O)CCCCCCCCCCCCCCC)OC(=O)/C=C/c1ccccc1,C44H74O6,REVGPBYUXBSHEL-BSRQYYOTSA-N
paper-7536ef37e89afbbd,21,21,SI compound 21,source_drawing_transcription,,pending_independent_chemist_review,CCCCCCCC/C=C\CCCCCCCC(=O)OCC(COC(=O)CCCCCCC/C=C\CCCCCCCC)OC(=O)/C=C/c1ccc(OC(C)=O)c(OC)c1,C51H82O9,DOBCEFFSKXGSAR-DFMCXAOMSA-N
paper-7536ef37e89afbbd,22,22,SI compound 22,source_drawing_transcription,,pending_independent_chemist_review,CCCCCCCC/C=C\CCCCCCCC(=O)OCC(COC(=O)CCCCCCC/C=C\CCCCCCCC)OC(=O)/C=C/c1ccc(OC(C)=O)c(OC(C)=O)c1,C52H82O10,ZLZFTQQBKAOBJS-DFMCXAOMSA-N
paper-7536ef37e89afbbd,23,23,SI compound 23,source_drawing_transcription,,pending_independent_chemist_review,CCCCCCCC/C=C\CCCCCCCC(=O)OCC(COC(=O)CCCCCCC/C=C\CCCCCCCC)OC(=O)/C=C/c1ccccc1,C48H78O6,JPUBMIXCANTMAA-RLCUEWIXSA-N
paper-7536ef37e89afbbd,7a,7a,SI compound 7a,source_drawing_transcription,,pending_independent_chemist_review,CCCCCCCCCCCCCCCCCCCCCC(=O)OCC(O)COC(=O)CCCCCCCCCCCCCCCCCCCCC,C47H92O5,GYNODFLZPXTEPN-UHFFFAOYSA-N
paper-7536ef37e89afbbd,7a',7a',SI compound 7a',source_drawing_transcription,"1,2-regioisomer; absolute stereochemistry unassigned",pending_independent_chemist_review,CCCCCCCCCCCCCCCCCCCCCC(=O)OCC(CO)OC(=O)CCCCCCCCCCCCCCCCCCCCC,C47H92O5,GNWCZBXSKIIURR-UHFFFAOYSA-N
paper-7536ef37e89afbbd,7b,7b,SI compound 7b,source_drawing_transcription,,pending_independent_chemist_review,CCCCCCCCCCCCCCCC(=O)OCC(O)COC(=O)CCCCCCCCCCCCCCC,C35H68O5,GFAZGHREJPXDMH-UHFFFAOYSA-N
paper-7536ef37e89afbbd,7b',7b',SI compound 7b',source_drawing_transcription,"1,2-regioisomer; absolute stereochemistry unassigned",pending_independent_chemist_review,CCCCCCCCCCCCCCCC(=O)OCC(CO)OC(=O)CCCCCCCCCCCCCCC,C35H68O5,JEJLGIQLPYYGEE-UHFFFAOYSA-N
paper-7536ef37e89afbbd,7c,7c,SI compound 7c,source_drawing_transcription,,pending_independent_chemist_review,CCCCCCCC/C=C\CCCCCCCC(=O)OCC(O)COC(=O)CCCCCCC/C=C\CCCCCCCC,C39H72O5,DRAWQKGUORNASA-CLFAGFIQSA-N
paper-7536ef37e89afbbd,7c',7c',SI compound 7c',source_drawing_transcription,"1,2-regioisomer; absolute stereochemistry unassigned",pending_independent_chemist_review,CCCCCCCC/C=C\CCCCCCCC(=O)OCC(CO)OC(=O)CCCCCCC/C=C\CCCCCCCC,C39H72O5,AFSHUZFNMVJNKX-CLFAGFIQSA-N
paper-7536ef37e89afbbd,8a,8a,SI compound 8a,source_drawing_transcription,,pending_independent_chemist_review,COc1cc(/C=C/C(=O)O)ccc1OC(C)=O,C12H12O5,IHKNVZISLLDMOR-GQCTYLIASA-N
paper-7536ef37e89afbbd,8b,8b,SI compound 8b,source_drawing_transcription,,pending_independent_chemist_review,CC(=O)Oc1ccc(/C=C/C(=O)O)cc1OC(C)=O,C13H12O6,ZDIYGBWFISUTHI-GQCTYLIASA-N
paper-7536ef37e89afbbd,8c,8c,SI compound 8c,source_drawing_transcription,,pending_independent_chemist_review,O=C(O)/C=C/c1ccccc1,C9H8O2,WBYWAXJHAXSJNI-VOTSOKGWSA-N
paper-7536ef37e89afbbd,9a,9a,SI compound 9a,source_drawing_transcription,,pending_independent_chemist_review,CCCCCCCCCCCCCCCCCCCCCC(=O)O,C22H44O2,UKMSUNONTOPOIO-UHFFFAOYSA-N
paper-7536ef37e89afbbd,9b,9b,SI compound 9b,source_drawing_transcription,,pending_independent_chemist_review,CCCCCCCCCCCCCCCC(=O)O,C16H32O2,IPCSVZSSVZVIGE-UHFFFAOYSA-N
paper-7536ef37e89afbbd,9c,9c,SI compound 9c,source_drawing_transcription,,pending_independent_chemist_review,CCCCCCCC/C=C\CCCCCCCC(=O)O,C18H34O2,ZQPPMHVWECSIRJ-KTKRTIGZSA-N
paper-77c5a5f42c45c029,1,1,PM100618,source_drawing_transcription,,pending_independent_chemist_review,CO/N=C/C=C/c1nc(/C=C(\C)C/C(C)=C(C)/C=C(\C)C[C@H](O)CC(=O)N[C@@H](CCCNC(N)=O)C(=O)O)co1,C28H41N5O7,HOHCGPQGBSMTTR-XNADKFMNSA-N
paper-77c5a5f42c45c029,10,10,Compound 10,source_drawing_transcription,,pending_independent_chemist_review,CO/N=C/C=C/c1nc(CO)co1,C8H10N2O3,DOQISOISAAJWOG-DSXPNFDZSA-N
paper-77c5a5f42c45c029,11,11,Compound 11,source_drawing_transcription,,pending_independent_chemist_review,CO/N=C/C=C/c1nc(CI)co1,C8H9IN2O2,GKFOGWWXYDFXHV-KHVHPYDTSA-N
paper-77c5a5f42c45c029,12,12,Compound 12,source_drawing_transcription,,pending_independent_chemist_review,CCCC[P+](CCCC)(CCCC)Cc1coc(/C=C/C=N/OC)n1.[I-],C20H36IN2O2P,RXKRZOGNSVEQGW-FJXUKPBJSA-M
paper-77c5a5f42c45c029,13,13,Compound 13,source_drawing_transcription,,pending_independent_chemist_review,C/C(=C\I)CCO,C5H9IO,SDIDNVVHRWFXCW-SNAWJCMRSA-N
paper-77c5a5f42c45c029,14,14,Compound 14,source_drawing_transcription,,pending_independent_chemist_review,C/C(=C\I)CCO[Si](c1ccccc1)(c1ccccc1)C(C)(C)C,C21H27IOSi,WMCLIIIEEOGITJ-ISLYRVAYSA-N
paper-77c5a5f42c45c029,15,15,Compound 15,source_drawing_transcription,,pending_independent_chemist_review,C/C(=C\B(O)O)CCO[Si](c1ccccc1)(c1ccccc1)C(C)(C)C,C21H29BO3Si,ZGQYADODYUUOPH-ISLYRVAYSA-N
paper-77c5a5f42c45c029,16,16,Compound 16,source_drawing_transcription,,pending_independent_chemist_review,CCOC(=O)/C(C)=C(C)/C=C(\C)CCO[Si](c1ccccc1)(c1ccccc1)C(C)(C)C,C28H38O3Si,RKSFOQUSESWBOO-RLPYSRNMSA-N
paper-77c5a5f42c45c029,17,17,Compound 17,source_drawing_transcription,,pending_independent_chemist_review,CCOC(=O)C/C(C)=C(C)/C=C(\C)CCO[Si](c1ccccc1)(c1ccccc1)C(C)(C)C,C29H40O3Si,NZOIGSQYDALWCM-PSBCSISTSA-N
paper-77c5a5f42c45c029,18,18,Compound 18,source_drawing_transcription,,pending_independent_chemist_review,CON(C)C(=O)C/C(C)=C(C)/C=C(\C)CCO[Si](c1ccccc1)(c1ccccc1)C(C)(C)C,C29H41NO3Si,BWWQCRAWKOHUDA-PSBCSISTSA-N
paper-77c5a5f42c45c029,19,19,Compound 19,source_drawing_transcription,,pending_independent_chemist_review,CC(=O)C/C(C)=C(C)/C=C(\C)CCO[Si](c1ccccc1)(c1ccccc1)C(C)(C)C,C28H38O2Si,MBBKPMNTRPFBNP-BQAVYGMZSA-N
paper-77c5a5f42c45c029,2,2,PM110049,source_drawing_transcription,,pending_independent_chemist_review,CO/N=C/C=C/c1nc(/C=C(\C)C/C(C)=C(C)/C=C(\C)C[C@H](O)CC(=O)O)co1,C22H30N2O5,JFDNIBAKWWOIHQ-CAQLDRBQSA-N
paper-77c5a5f42c45c029,20,20,Compound 20,source_drawing_transcription,E_Z_mixture_at_new_Wittig_double_bond,pending_independent_chemist_review,CO/N=C/C=C/c1nc(C=C(C)C/C(C)=C(C)/C=C(\C)CCO[Si](c2ccccc2)(c2ccccc2)C(C)(C)C)co1,C36H46N2O3Si,MNXZOCXCRMHXIS-YDGATCOHSA-N
paper-77c5a5f42c45c029,21,21,Compound 21,source_drawing_transcription,,pending_independent_chemist_review,CO/N=C/C=C/c1nc(/C=C(\C)C/C(C)=C(C)/C=C(\C)CCO)co1,C20H28N2O3,RDJKCYMCSCERHU-MCSVXHGLSA-N
paper-77c5a5f42c45c029,22,22,Compound 22,source_drawing_transcription,,pending_independent_chemist_review,CO/N=C/C=C/c1nc(/C=C(\C)C/C(C)=C(C)/C=C(\C)CC=O)co1,C20H26N2O3,WUHJTVDSMARQLS-MCSVXHGLSA-N
paper-77c5a5f42c45c029,23,23,Compound 23,source_drawing_transcription,,pending_independent_chemist_review,CO/N=C/C=C/c1nc(/C=C(\C)C/C(C)=C(C)/C=C(\C)C[C@H](O)CC(=O)N2C(=S)SC[C@@H]2C(C)C)co1,C28H39N3O4S2,DHDCYQWWGJKPBI-ZKJRFMBFSA-N
paper-77c5a5f42c45c029,4,4,Compound 4,source_drawing_transcription,unspecified_lactol_equilibrium,pending_independent_chemist_review,O=C1C=CC(O)O1,C4H4O3,DUAZKLYNTLDKQK-UHFFFAOYSA-N
paper-77c5a5f42c45c029,5,5,Compound 5,source_drawing_transcription,,pending_independent_chemist_review,CO/N=C/C=C\C(=O)O,C5H7NO3,ZTERRTOOXOMPOW-MGLVMYNNSA-N
paper-77c5a5f42c45c029,6,6,Compound 6,source_drawing_transcription,,pending_independent_chemist_review,CO/N=C/C=C/C(=O)OC,C6H9NO3,YPEFSJDWCOTFFX-BDWKERMESA-N
paper-77c5a5f42c45c029,7,7,Compound 7,source_drawing_transcription,,pending_independent_chemist_review,CO/N=C/C=C/C(=O)O,C5H7NO3,ZTERRTOOXOMPOW-WJPDYIDTSA-N
paper-77c5a5f42c45c029,8,8,Compound 8,source_drawing_transcription,,pending_independent_chemist_review,CO/N=C/C=C/C(=O)N[C@@H](CO)C(=O)OC,C9H14N2O5,JIGLNAIHIZXNMO-JQCZYUFPSA-N
paper-77c5a5f42c45c029,9,9,Compound 9,source_drawing_transcription,,pending_independent_chemist_review,CO/N=C/C=C/c1nc(C(=O)OC)co1,C9H10N2O4,BELZKBJWNGDEPM-COBAKMAKSA-N
paper-77c5a5f42c45c029,L-citrulline,L-citrulline,Compound L-citrulline,source_drawing_transcription,,pending_independent_chemist_review,NC(=O)NCCC[C@H](N)C(=O)O,C6H13N3O3,RHGKLRLOHDJJDR-BYPYZUCNSA-N
paper-77c5a5f42c45c029,Z-21,Z-21,Compound Z-21,source_drawing_transcription,,pending_independent_chemist_review,CO/N=C/C=C/c1nc(/C=C(/C)C/C(C)=C(C)/C=C(\C)CCO)co1,C20H28N2O3,RDJKCYMCSCERHU-JEPKBIHWSA-N
paper-77c5a5f42c45c029,acetyl-auxiliary,acetyl-auxiliary,Compound acetyl-auxiliary,source_drawing_transcription,,pending_independent_chemist_review,CC(=O)N1C(=S)SC[C@@H]1C(C)C,C8H13NOS2,CYDMQPSVCPSMSG-SSDOTTSWSA-N
paper-77c5a5f42c45c029,allenoate,allenoate,Compound allenoate,source_drawing_transcription,,pending_independent_chemist_review,C=C=C(C)C(=O)OCC,C7H10O2,QFTBEYHBIFWGHJ-UHFFFAOYSA-N
paper-77c5a5f42c45c029,serine-methyl-ester,serine-methyl-ester,Compound serine-methyl-ester,source_drawing_transcription,,pending_independent_chemist_review,COC(=O)[C@@H](N)CO,C4H9NO3,ANSUDRATXSJBLY-VKHMYHEASA-N
paper-77cc3e5bcb3be4ba,1,1,(+)-Ineleganolide,source_drawing_transcription,source-drawn stereochemistry; independent review pending,pending_independent_chemist_review,C=C(C)[C@H]1CC(=O)[C@@H]2[C@@H](C1)[C@H]1C(=O)O[C@H]3C[C@@]4(C)O[C@@H]2C(=O)[C@H]4[C@@H]13,C19H22O5,PYPSGVNKYAOLQT-OAMKTQOZSA-N
paper-77cc3e5bcb3be4ba,10,10,source compound 10,source_drawing_transcription,source-drawn stereochemistry; independent review pending,pending_independent_chemist_review,C[C@@]12C[C@@H]3OC(=O)[C@H]4[C@@H]3[C@@H]1C(=CO2)C1C(=O)CCC[C@H]14,C16H18O4,QOXSIOKZKWIPMF-VBDSUOKCSA-N
paper-77cc3e5bcb3be4ba,11,11,source compound 11,source_drawing_transcription,source-drawn stereochemistry; independent review pending,pending_independent_chemist_review,C[C@@]12C[C@@H]3OC(=O)[C@H]4[C@@H]3[C@@H]1C(=C1C(=O)CCC[C@H]14)CO2,C16H18O4,MZJHPGZEUNCXFI-QOBRERRDSA-N
paper-77cc3e5bcb3be4ba,12,12,source compound 12,source_drawing_transcription,source-drawn stereochemistry; independent review pending,pending_independent_chemist_review,C[C@]1(C[C@H]2C=CC(=O)O2)C=C(C2=CCCCC2)CO1,C16H20O3,KWIUQXDKFCJQOI-GDBMZVCRSA-N
paper-77cc3e5bcb3be4ba,13,13,source compound 13,source_drawing_transcription,source-drawn stereochemistry; independent review pending,pending_independent_chemist_review,C=C[C@@H](O)C[C@@]1(C)C=C(C2=CCCCC2)CO1,C15H22O2,WLHQQXVUUUHMQC-HUUCEWRRSA-N
paper-77cc3e5bcb3be4ba,14,14,source compound 14,source_drawing_transcription,source-drawn stereochemistry; independent review pending,pending_independent_chemist_review,C=C[C@H](C[C@@]1(C)CC(=O)CO1)O[Si](C)(C)C(C)(C)C,C15H28O3Si,BRVUISBRFZCAQH-UKRRQHHQSA-N
paper-77cc3e5bcb3be4ba,15,15,source compound 15,source_drawing_transcription,source-drawn stereochemistry; independent review pending,pending_independent_chemist_review,C=C[C@@H](O)CC(C)=O,C6H10O2,RJULJIFWGXGSCK-ZCFIWIBFSA-N
paper-77cc3e5bcb3be4ba,17,17,source compound 17,source_drawing_transcription,source-drawn stereochemistry; independent review pending,pending_independent_chemist_review,C#CC[C@](C)(O)C[C@@H](C=C)O[Si](C)(C)C(C)(C)C,C15H28O2Si,MJBYIFYOEBIMBC-HIFRSBDPSA-N
paper-77cc3e5bcb3be4ba,18,18,source compound 18,source_drawing_transcription,source-drawn stereochemistry; independent review pending,pending_independent_chemist_review,[O-][n+]1cc(Cl)cc(Cl)c1,C5H3Cl2NO,RODXBOIDZPQDBH-UHFFFAOYSA-N
paper-77cc3e5bcb3be4ba,19,19,source compound 19,source_drawing_transcription,source-drawn stereochemistry; independent review pending,pending_independent_chemist_review,C=C[C@H](C[C@@]1(C)C=C(OS(=O)(=O)C(F)(F)F)CO1)O[Si](C)(C)C(C)(C)C,C16H27F3O5SSi,RPNNGCMDCSMGPO-DOMZBBRYSA-N
paper-77cc3e5bcb3be4ba,20,20,source compound 20,source_drawing_transcription,source-drawn stereochemistry; independent review pending,pending_independent_chemist_review,CC1(C)OB(C2=CCCCC2)OC1(C)C,C12H21BO2,QNZFUMVTUFOLRT-UHFFFAOYSA-N
paper-77cc3e5bcb3be4ba,21,21,source compound 21,source_drawing_transcription,source-drawn stereochemistry; independent review pending,pending_independent_chemist_review,C=CC(=O)O,C3H4O2,NIXOWILDQLNWCW-UHFFFAOYSA-N
paper-77cc3e5bcb3be4ba,22,22,source compound 22,source_drawing_transcription,source-drawn stereochemistry; independent review pending,pending_independent_chemist_review,C=CC(=O)O[C@H](C=C)C[C@@]1(C)C=C(C2=CCCCC2)CO1,C18H24O3,ZMRBNZNFRLZIBS-SJLPKXTDSA-N
paper-77cc3e5bcb3be4ba,23,23,source compound 23,source_drawing_transcription,source-drawn stereochemistry; independent review pending,pending_independent_chemist_review,C[C@@]12C[C@@H]3OC(=O)[C@H]4[C@@H]3[C@@H]1C(=C1CCCC[C@H]14)CO2,C16H20O3,DWMLVCISDHBCLZ-PJOFYZRYSA-N
paper-77cc3e5bcb3be4ba,27,27,source compound 27,source_drawing_transcription,source-drawn stereochemistry; independent review pending,pending_independent_chemist_review,C[C@@]12C[C@@H]3OC(=O)[C@H]4[C@@H]3[C@@H]1C(=C1C(=O)CCC[C@H]14)[C@@H](O)O2,C16H18O5,YPTZFTYNQUMMPM-BZGHYAOSSA-N
paper-77cc3e5bcb3be4ba,28,28,source compound 28,source_drawing_transcription,source-drawn stereochemistry; independent review pending,pending_independent_chemist_review,CC(C)(C)[Si](C)(C)O[C@H]1O[C@]2(C)C[C@@H]3OC(=O)[C@H]4[C@@H]3[C@@H]2C1=C1C(=O)CCC[C@H]14,C22H32O5Si,ZZTGUKSVLWZTPS-FOLIKGHCSA-N
paper-77cc3e5bcb3be4ba,29,29,source compound 29,source_drawing_transcription,source-drawn stereochemistry; independent review pending,pending_independent_chemist_review,C[C@@]12C[C@@H]3OC(=O)[C@H]4[C@@H]3[C@@H]1[C@H](C1C(=O)CCC[C@H]14)[C@@H](O)O2,C16H20O5,SLXIUGJSUIIACD-FXAVXPBCSA-N
paper-77cc3e5bcb3be4ba,30,30,source compound 30,source_drawing_transcription,source-drawn stereochemistry; independent review pending,pending_independent_chemist_review,C[C@@]12C[C@@H]3OC(=O)[C@H]4[C@@H]3[C@@H]1[C@]1(O[C@H]1O2)C1C(=O)CCC[C@H]14,C16H18O5,MRFHKBKVWYHDCL-BSDOBQSOSA-N
paper-77cc3e5bcb3be4ba,31,31,source compound 31,source_drawing_transcription,source-drawn stereochemistry; independent review pending,pending_independent_chemist_review,C[C@]12C[C@@H]3OC(=O)[C@@H]4[C@@H]5CCCC(=O)[C@H]5[C@H](O1)C(=O)[C@H]2[C@@H]43,C16H18O5,AUHIVNQOHKGPGK-GWCCHUPJSA-N
paper-77cc3e5bcb3be4ba,32,32,source compound 32,source_drawing_transcription,source-drawn stereochemistry; independent review pending,pending_independent_chemist_review,C[C@]12C[C@@H]3OC(=O)[C@@H]4[C@@H]5CC=CC(=O)[C@H]5[C@H](O1)C(=O)[C@H]2[C@@H]43,C16H16O5,XOXPNIGGXBWVTA-GWCCHUPJSA-N
paper-77cc3e5bcb3be4ba,S1,S1,source compound S1,source_drawing_transcription,source-drawn stereochemistry; independent review pending,pending_independent_chemist_review,N[C@@H](CO)Cc1ccccc1,C9H13NO,STVVMTBJNDTZBF-SECBINFHSA-N
paper-77cc3e5bcb3be4ba,S2,S2,source compound S2,source_drawing_transcription,source-drawn stereochemistry; independent review pending,pending_independent_chemist_review,S=C1N[C@H](Cc2ccccc2)CS1,C10H11NS2,SLDUGQISGRPGAW-SECBINFHSA-N
paper-77cc3e5bcb3be4ba,S3,S3,source compound S3,source_drawing_transcription,source-drawn stereochemistry; independent review pending,pending_independent_chemist_review,CC(=O)N1C(=S)SC[C@H]1Cc1ccccc1,C12H13NOS2,SHIOICUNOVAZNH-LLVKDONJSA-N
paper-77cc3e5bcb3be4ba,S4,S4,source compound S4,source_drawing_transcription,source-drawn stereochemistry; independent review pending,pending_independent_chemist_review,C=CC=O,C3H4O,HGINCPLSRVDWNT-UHFFFAOYSA-N
paper-77cc3e5bcb3be4ba,S5,S5,source compound S5,source_drawing_transcription,source-drawn stereochemistry; independent review pending,pending_independent_chemist_review,C=C[C@@H](O)CC(=O)N1C(=S)SC[C@H]1Cc1ccccc1,C15H17NO2S2,ZDRXMXDZHDOUPU-CHWSQXEVSA-N
paper-77cc3e5bcb3be4ba,S6,S6,source compound S6,source_drawing_transcription,source-drawn stereochemistry; independent review pending,pending_independent_chemist_review,C=C[C@@H](O)CC(=O)N(C)OC,C7H13NO3,ANXFSUMTOLDKQW-ZCFIWIBFSA-N
paper-77cc3e5bcb3be4ba,boronate-final,,isopropenyl pinacol boronate,source_drawing_transcription,source-drawn stereochemistry; independent review pending,pending_independent_chemist_review,C=C(C)B1OC(C)(C)C(C)(C)O1,C9H17BO2,SVSUYEJKNSMKKW-UHFFFAOYSA-N
paper-77fd7065d0ee2310,10,10,Compound 10,source_drawing_transcription,,pending_independent_chemist_review,CC(=O)c1cc(Br)c(O)c(Br)c1,C8H6Br2O2,ZNWPTJSBHHIXLJ-UHFFFAOYSA-N
paper-77fd7065d0ee2310,11a,11a,Compound 11a,source_drawing_transcription,,pending_independent_chemist_review,COc1ccc(C=O)cc1Br,C8H7BrO2,QMPNFQLVIGPNEI-UHFFFAOYSA-N
paper-77fd7065d0ee2310,11b,11b,Compound 11b,source_drawing_transcription,,pending_independent_chemist_review,COc1c(Br)cc(C=O)cc1Br,C8H6Br2O2,CAGHJINSPMGDKT-UHFFFAOYSA-N
paper-77fd7065d0ee2310,12a,12a,Compound 12a,source_drawing_transcription,,pending_independent_chemist_review,COc1ccc(/C=C/C(=O)c2cc(Br)c(O)c(Br)c2)cc1Br,C16H11Br3O3,AIOLLQADYZVVLV-DUXPYHPUSA-N
paper-77fd7065d0ee2310,12b,12b,Compound 12b,source_drawing_transcription,,pending_independent_chemist_review,COc1c(Br)cc(/C=C/C(=O)c2cc(Br)c(O)c(Br)c2)cc1Br,C16H10Br4O3,DUPNNLMNGPQMHV-NSCUHMNNSA-N
paper-77fd7065d0ee2310,13a,13a,Compound 13a,source_drawing_transcription,Source epoxide drawing has no explicit tetrahedral assignment; not inferred from mechanism.,pending_independent_chemist_review,COc1ccc(C2OC2C(=O)c2cc(Br)c(O)c(Br)c2)cc1Br,C16H11Br3O4,YFDKMZYCENZWAS-UHFFFAOYSA-N
paper-77fd7065d0ee2310,13b,13b,Compound 13b,source_drawing_transcription,Source epoxide drawing has no explicit tetrahedral assignment; not inferred from mechanism.,pending_independent_chemist_review,COc1c(Br)cc(C2OC2C(=O)c2cc(Br)c(O)c(Br)c2)cc1Br,C16H10Br4O4,PLLZLTILGMWTEH-UHFFFAOYSA-N
paper-77fd7065d0ee2310,14a,14a,Compound 14a,source_drawing_transcription,,pending_independent_chemist_review,COc1ccc(CCC(=O)c2cc(Br)c(O)c(Br)c2)cc1Br,C16H13Br3O3,TYYHJNNYCFZNQX-UHFFFAOYSA-N
paper-77fd7065d0ee2310,14b,14b,Compound 14b,source_drawing_transcription,,pending_independent_chemist_review,COc1c(Br)cc(CCC(=O)c2cc(Br)c(O)c(Br)c2)cc1Br,C16H12Br4O3,UVEKKQINNVWNRL-UHFFFAOYSA-N
paper-77fd7065d0ee2310,15a,15a,Compound 15a,source_drawing_transcription,,pending_independent_chemist_review,COc1ccc(CCCc2ccc(Br)c(O)c2Br)cc1Br,C16H15Br3O2,YZBMNJNVDMIKNG-UHFFFAOYSA-N
paper-77fd7065d0ee2310,15b,15b,Compound 15b,source_drawing_transcription,,pending_independent_chemist_review,COc1c(Br)cc(CCCc2ccc(Br)c(O)c2Br)cc1Br,C16H14Br4O2,VYJWBNXCEXMNKO-UHFFFAOYSA-N
paper-77fd7065d0ee2310,1a,1a,Compound 1a,source_drawing_transcription,HPLC-isolated source-assigned enantiomer,pending_independent_chemist_review,COc1ccc(C[C@H](O)C(=O)c2cc(Br)c(O)c(Br)c2)cc1Br,C16H13Br3O4,YUBVXSGRPWZEAH-ZDUSSCGKSA-N
paper-77fd7065d0ee2310,1a-mixture,1a / ent-1a,Compound 1a-mixture,source_drawing_transcription,Reported enantiomeric mixture,pending_independent_chemist_review,COc1ccc(CC(O)C(=O)c2cc(Br)c(O)c(Br)c2)cc1Br,C16H13Br3O4,YUBVXSGRPWZEAH-UHFFFAOYSA-N
paper-77fd7065d0ee2310,1b,1b,Compound 1b,source_drawing_transcription,HPLC-isolated source-assigned enantiomer,pending_independent_chemist_review,COc1c(Br)cc(C[C@H](O)C(=O)c2cc(Br)c(O)c(Br)c2)cc1Br,C16H12Br4O4,BDHLYOOBKOGZBG-ZDUSSCGKSA-N
paper-77fd7065d0ee2310,1b-mixture,1b / ent-1b,Compound 1b-mixture,source_drawing_transcription,Reported enantiomeric mixture,pending_independent_chemist_review,COc1c(Br)cc(CC(O)C(=O)c2cc(Br)c(O)c(Br)c2)cc1Br,C16H12Br4O4,BDHLYOOBKOGZBG-UHFFFAOYSA-N
paper-77fd7065d0ee2310,ent-1a,ent-1a,Compound ent-1a,source_drawing_transcription,HPLC-isolated source-assigned enantiomer,pending_independent_chemist_review,COc1ccc(C[C@@H](O)C(=O)c2cc(Br)c(O)c(Br)c2)cc1Br,C16H13Br3O4,YUBVXSGRPWZEAH-CYBMUJFWSA-N
paper-77fd7065d0ee2310,ent-1b,ent-1b,Compound ent-1b,source_drawing_transcription,HPLC-isolated source-assigned enantiomer,pending_independent_chemist_review,COc1c(Br)cc(C[C@@H](O)C(=O)c2cc(Br)c(O)c(Br)c2)cc1Br,C16H12Br4O4,BDHLYOOBKOGZBG-CYBMUJFWSA-N
paper-7cb3eccb7d7bacf1,10,10,"(3aS,4S,6R,7R,7aS)-7-(allyloxy)-6-methoxy-4-methyltetrahydro-4H-[1,3]dioxolo[4,5-c]pyran-2-one",source_drawing_transcription,,pending_independent_chemist_review,C=CCO[C@H]1[C@H](OC)O[C@@H](C)[C@@H]2OC(=O)O[C@@H]21,C11H16O6,NMDRMLCCLXQHKD-RXKWGBCNSA-N
paper-7cb3eccb7d7bacf1,11,11,"(3aS,4S,7R,7aS)-7-(allyloxy)-6-hydroxy-4-methyltetrahydro-4H-[1,3]dioxolo[4,5-c]pyran-2-one",source_drawing_transcription,anomeric_mixture_40_60,pending_independent_chemist_review,C=CCO[C@H]1C(O)O[C@@H](C)[C@@H]2OC(=O)O[C@@H]21,C10H14O6,GTXMGPRHCQPHCG-WAJPZODZSA-N
paper-7cb3eccb7d7bacf1,12,12,"ethyl (S,Z)-4-(allyloxy)-4-((4S,5R)-5-((R)-1-hydroxyethyl)-2-oxo-1,3-dioxolan-4-yl)but-2-enoate",source_drawing_transcription,,pending_independent_chemist_review,C=CCO[C@@H](/C=C\C(=O)OCC)[C@@H]1OC(=O)O[C@@H]1[C@@H](C)O,C14H20O7,BMHCUPZGTOPNFC-BXQZYYJYSA-N
paper-7cb3eccb7d7bacf1,14,14,"methyl 2-((3R,4R,5S)-3-(allyloxy)-4-hydroxy-5-((S)-1-hydroxyethyl)tetrahydrofuran-2-yl)acetate",source_drawing_transcription,diastereomeric_mixture_at_unspecified_C2,pending_independent_chemist_review,C=CCO[C@H]1C(CC(=O)OC)O[C@@H]([C@H](C)O)[C@@H]1O,C12H20O6,XTVKUAZJXNOFAW-YMOSASCTSA-N
paper-7cb3eccb7d7bacf1,15,15,"(5S,6S)-5-(allyloxy)-6-((1R,2R)-1,2-dihydroxypropyl)-5,6-dihydro-2H-pyran-2-one",source_drawing_transcription,,pending_independent_chemist_review,C=CCO[C@H]1C=CC(=O)O[C@H]1[C@H](O)[C@@H](C)O,C11H16O5,GHTQOLJSBOXIEA-JZSSXWJLSA-N
paper-7cb3eccb7d7bacf1,16,16,"(1S,3S,4S,5R,9S)-9-(allyloxy)-3-methyl-7-oxo-2,6-dioxabicyclo[3.3.1]nonan-4-yl acetate",source_drawing_transcription,,pending_independent_chemist_review,C=CCO[C@@H]1[C@H]2OC(=O)C[C@@H]1O[C@@H](C)[C@@H]2OC(C)=O,C13H18O6,FXJCWSRLGKVTNI-VSIANMAQSA-N
paper-7cb3eccb7d7bacf1,2,2,"(1S,3S,4S,5R,9S)-9-hydroxy-3-methyl-7-oxo-2,6-dioxabicyclo[3.3.1]nonan-4-yl acetate",source_drawing_transcription,,pending_independent_chemist_review,CC(=O)O[C@@H]1[C@@H]2OC(=O)C[C@H](O[C@H]1C)[C@@H]2O,C10H14O6,IYYGYDUPFWYXQG-HJSLSHARSA-N
paper-7cb3eccb7d7bacf1,8,8,methyl 3-O-(4-toluenesulfonyl)-alpha-L-rhamnopyranoside,source_drawing_transcription,,pending_independent_chemist_review,CO[C@@H]1O[C@@H](C)[C@H](O)[C@@H](OS(=O)(=O)c2ccc(C)cc2)[C@H]1O,C14H20O7S,PTJLVFLIEPWSCT-DDNMXHNFSA-N
paper-7cb3eccb7d7bacf1,9,9,"(3aS,4S,6R,7R,7aR)-7-hydroxy-6-methoxy-4-methyltetrahydro-4H-[1,3]dioxolo[4,5-c]pyran-2-one",source_drawing_transcription,,pending_independent_chemist_review,CO[C@@H]1O[C@@H](C)[C@@H]2OC(=O)O[C@@H]2[C@H]1O,C8H12O6,SZWSQJPSPYYXTG-PJEQPVAWSA-N
paper-7cb3eccb7d7bacf1,CO2,CO2,Compound CO2,source_drawing_transcription,,pending_independent_chemist_review,O=C=O,CO2,CURLTUGMZLYLDI-UHFFFAOYSA-N
paper-7cb3eccb7d7bacf1,allyl-methyl-carbonate,allyl-methyl-carbonate,Compound allyl-methyl-carbonate,source_drawing_transcription,,pending_independent_chemist_review,C=CCOC(=O)OC,C5H8O3,YHLVIDQQTOMBGN-UHFFFAOYSA-N
paper-7cb3eccb7d7bacf1,start,start,methyl alpha-L-rhamnopyranoside,source_drawing_transcription,,pending_independent_chemist_review,CO[C@@H]1O[C@@H](C)[C@H](O)[C@@H](O)[C@H]1O,C7H14O5,OHWCAVRRXKJCRB-PAMBMQIZSA-N
paper-7cb3eccb7d7bacf1,wittig-reagent,wittig-reagent,Compound wittig-reagent,source_drawing_transcription,,pending_independent_chemist_review,CCOC(=O)C=P(c1ccccc1)(c1ccccc1)c1ccccc1,C22H21O2P,IIHPVYJPDKJYOU-UHFFFAOYSA-N
paper-7feec71cd6acc726,2,2,(±)-conidiogenone B,source_drawing_transcription,racemic_representative_relative_configuration,pending_independent_chemist_review,C[C@H]1C=CC(=O)[C@]2(C)CC[C@H]3[C@@H]4C(C)(C)CC[C@]4(C)C[C@@]132,C20H30O,VXFNKFSIMARUMG-KQEADHDNSA-N
paper-7feec71cd6acc726,29,29,SI compound 29,source_drawing_transcription,racemic_representative_relative_configuration,pending_independent_chemist_review,C=C1CC[C@H]2[C@@H]3C(C)(C)CC[C@]3(C)C[C@]12[C@@H](C)[C@@H](O)CC#N,C20H31NO,YAOXDCSNQHBDQE-FKAIMOKRSA-N
paper-7feec71cd6acc726,30,30,SI compound 30,source_drawing_transcription,racemic_representative_relative_configuration,pending_independent_chemist_review,C=C1CC[C@H]2[C@@H]3C(C)(C)CC[C@]3(C)C[C@]12[C@@H](C)C(=O)OC,C19H30O2,PDXLWEVYANJLFV-ZWHCBUBPSA-N
paper-7feec71cd6acc726,32,32,SI compound 32,source_drawing_transcription,racemic_representative_relative_configuration,pending_independent_chemist_review,CC1(C)CC[C@]2(C)CC3=C(CO)CC[C@H]3[C@H]12,C15H24O,DLFJIFHZWFCXJI-UXIGCNINSA-N
paper-7feec71cd6acc726,33,33,SI compound 33,source_drawing_transcription,racemic_representative_relative_configuration,pending_independent_chemist_review,CC1(C)CC[C@]2(C)CC(=O)C[C@H]12,C11H18O,BYBQDPBXNGMTFY-MWLCHTKSSA-N
paper-7feec71cd6acc726,35,35,SI compound 35,source_drawing_transcription,,pending_independent_chemist_review,COC1=CC(=O)CC1,C6H8O2,DTWCFCILAJVNPE-UHFFFAOYSA-N
paper-7feec71cd6acc726,36,36,SI compound 36,source_drawing_transcription,,pending_independent_chemist_review,CC(C)=CCBr,C5H9Br,LOYZVRIHVZEDMW-UHFFFAOYSA-N
paper-7feec71cd6acc726,38,38,SI compound 38,source_drawing_transcription,racemic_representative_relative_configuration,pending_independent_chemist_review,COC1=CC(=O)[C@](C)(CC=C(C)C)C1,C12H18O2,NZAFDZKWHBCWRL-GFCCVEGCSA-N
paper-7feec71cd6acc726,39,39,SI compound 39,source_drawing_transcription,racemic_representative_relative_configuration,pending_independent_chemist_review,CC(C)=CC[C@@]1(C)C=CC(=O)C1,C11H16O,BEXZJZBKUNLFDF-NSHDSACASA-N
paper-7feec71cd6acc726,40,40,SI compound 40,source_drawing_transcription,racemic_representative_relative_configuration,pending_independent_chemist_review,C=CC[C@@H]1C(=O)C[C@@]2(C)CCC(C)(C)[C@@H]12,C14H22O,BAEBOSNQMDWXTF-MPKXVKKWSA-N
paper-7feec71cd6acc726,41,41,SI compound 41,source_drawing_transcription,racemic_representative_relative_configuration,pending_independent_chemist_review,CC1(C)CC[C@]2(C)CC(=O)[C@@H](C/C=C/C=O)[C@H]12,C15H22O2,KBRSFQCHLMUKQF-IKQBLONZSA-N
paper-7feec71cd6acc726,42,42,SI compound 42,source_drawing_transcription,racemic_representative_relative_configuration,pending_independent_chemist_review,CC1(C)CC[C@]2(C)CC(=O)[C@@H](CCCC=O)[C@H]12,C15H24O2,XJYDZVPPAXIJGG-UXIGCNINSA-N
paper-7feec71cd6acc726,43,43,SI compound 43,source_drawing_transcription,,pending_independent_chemist_review,CCOC(=O)C1([P+](c2ccccc2)(c2ccccc2)c2ccccc2)CC1.F[B-](F)(F)F,C24H24BF4O2P,RGJYRMUGSAFITK-UHFFFAOYSA-N
paper-7feec71cd6acc726,44,44,SI compound 44,source_drawing_transcription,racemic_representative_relative_configuration,pending_independent_chemist_review,CCOC(=O)C(CC[C@@H]1C(=O)C[C@@]2(C)CCC(C)(C)[C@@H]12)=P(c1ccccc1)(c1ccccc1)c1ccccc1,C35H41O3P,VWODJDVLQOIXOP-VOKAMYBESA-N
paper-7feec71cd6acc726,45,45,SI compound 45,source_drawing_transcription,racemic_representative_relative_configuration,pending_independent_chemist_review,CCOC(=O)C1=C2C[C@@]3(C)CCC(C)(C)[C@H]3[C@@H]2CC1,C17H26O2,PHWIAJUQZJNIKY-JDSLSITLSA-N
paper-7feec71cd6acc726,46,46,SI compound 46,source_drawing_transcription,racemic_representative_relative_configuration,pending_independent_chemist_review,CC(C)(C)OC(=O)C1=C2C[C@@]3(C)CCC(C)(C)[C@H]3[C@@H]2CC1,C19H30O2,TUZFVYPPGZPCIA-KPAZRMRSSA-N
paper-7feec71cd6acc726,MeI,MeI,SI compound MeI,source_drawing_transcription,,pending_independent_chemist_review,CI,CH3I,INQOMBQAUSQDDS-UHFFFAOYSA-N
paper-7feec71cd6acc726,NaOtBu,NaOtBu,SI compound NaOtBu,source_drawing_transcription,,pending_independent_chemist_review,CC(C)(C)[O-].[Na+],C4H9NaO,MFRIHAYPQRLWNB-UHFFFAOYSA-N
paper-7feec71cd6acc726,acetonitrile,acetonitrile,SI compound acetonitrile,source_drawing_transcription,,pending_independent_chemist_review,CC#N,C2H3N,WEVYAHXRMPXWCK-UHFFFAOYSA-N
paper-7feec71cd6acc726,acrolein,acrolein,SI compound acrolein,source_drawing_transcription,,pending_independent_chemist_review,C=CC=O,C3H4O,HGINCPLSRVDWNT-UHFFFAOYSA-N
paper-7feec71cd6acc726,allyl-Br,allyl-Br,SI compound allyl-Br,source_drawing_transcription,,pending_independent_chemist_review,C=CCBr,C3H5Br,BHELZAPQIKSEDF-UHFFFAOYSA-N
paper-7feec71cd6acc726,trimethyl-orthopropionate,trimethyl-orthopropionate,SI compound trimethyl-orthopropionate,source_drawing_transcription,,pending_independent_chemist_review,CCC(OC)(OC)OC,C6H14O3,ZGMNAIODRDOMEK-UHFFFAOYSA-N
paper-80b3004a95a413da,1,1,(+)-Panduratin I,source_drawing_transcription,Source-drawn major configuration; sample ee/dr retained where measured and not inferred downstream,pending_independent_chemist_review,COC(=O)[C@H]1CC=C(C)[C@H](CC=C(C)C)[C@@H]1c1ccccc1,C20H26O2,JNDRXTWHKAHQRQ-FHWLQOOXSA-N
paper-80b3004a95a413da,10,10,Source diene 10,source_drawing_transcription,Source-drawn major configuration; sample ee/dr retained where measured and not inferred downstream,pending_independent_chemist_review,C=C/C(C)=C/CCOC(C)=O,C9H14O2,DCWGGXJSSRLTKT-SOFGYWHQSA-N
paper-80b3004a95a413da,11,11,Source compound 11,source_drawing_transcription,Source-drawn major configuration; sample ee/dr retained where measured and not inferred downstream,pending_independent_chemist_review,COc1ccc(C(=O)[C@H]2CC=C(C)[C@H](CCOC(C)=O)[C@@H]2c2ccc(OC(C)(C)C)cc2)cc1,C29H36O5,HLGOCHNHYNSGRI-QKDODKLFSA-N
paper-80b3004a95a413da,12,12,Source compound 12,source_drawing_transcription,Source-drawn major configuration; sample ee/dr retained where measured and not inferred downstream,pending_independent_chemist_review,COc1ccc(C(=O)[C@H]2CC=C(C)[C@H](CCOC(C)=O)[C@@H]2c2ccc(O)cc2)cc1,C25H28O5,KRDPBRCAMKWNOM-HJOGWXRNSA-N
paper-80b3004a95a413da,13,13,Source compound 13,source_drawing_transcription,Source-drawn major configuration; sample ee/dr retained where measured and not inferred downstream,pending_independent_chemist_review,COc1ccc(C(=O)[C@H]2CC=C(C)[C@H](CCOC(C)=O)[C@@H]2c2ccc(OS(=O)(=O)C(F)(F)F)cc2)cc1,C26H27F3O7S,HNZNTEQAFNOMAK-HJOGWXRNSA-N
paper-80b3004a95a413da,14,14,Source compound 14,source_drawing_transcription,Source-drawn major configuration; sample ee/dr retained where measured and not inferred downstream,pending_independent_chemist_review,COc1ccc(C(=O)[C@H]2CC=C(C)[C@H](CCOC(C)=O)[C@@H]2c2ccccc2)cc1,C25H28O4,BYLWZSZQPWHVRZ-HJOGWXRNSA-N
paper-80b3004a95a413da,15,15,Source compound 15,source_drawing_transcription,Source-drawn major configuration; sample ee/dr retained where measured and not inferred downstream,pending_independent_chemist_review,COc1ccc(C(=O)[C@H]2CC=C(C)[C@H](CCO)[C@@H]2c2ccccc2)cc1,C23H26O3,RIJSIJVPOFNKSB-FKBYEOEOSA-N
paper-80b3004a95a413da,16,16,Source compound 16,source_drawing_transcription,Source-drawn major configuration; sample ee/dr retained where measured and not inferred downstream,pending_independent_chemist_review,COc1ccc(C(=O)[C@H]2CC=C(C)[C@H](CC=O)[C@@H]2c2ccccc2)cc1,C23H24O3,WMBQKBZXLJKALQ-FKBYEOEOSA-N
paper-80b3004a95a413da,17,17,Source compound 17,source_drawing_transcription,Source-drawn major configuration; sample ee/dr retained where measured and not inferred downstream,pending_independent_chemist_review,COc1ccc(C(=O)[C@H]2CC=C(C)[C@H](CC=C(C)C)[C@@H]2c2ccccc2)cc1,C26H30O2,LHDOSBKKDXQTFO-SDHOMARFSA-N
paper-80b3004a95a413da,2,2,(+)-Nicolaioidesin B,source_drawing_transcription,Source-drawn major configuration; sample ee/dr retained where measured and not inferred downstream,pending_independent_chemist_review,COc1cc(O)c(C(=O)[C@H]2CC=C(C)[C@H](CC=C(C)C)[C@@H]2c2ccccc2)c(O)c1,C26H30O4,CIQQYRZTKOGULG-HFMPRLQTSA-N
paper-80b3004a95a413da,24,24,Source compound 24,source_drawing_transcription,Source-drawn major configuration; sample ee/dr retained where measured and not inferred downstream,pending_independent_chemist_review,COc1ccc(C(=NO)[C@H]2CC=C(C)[C@H](CC=C(C)C)[C@@H]2c2ccccc2)cc1,C26H31NO2,HTYUGFRMMNKTBX-SDHOMARFSA-N
paper-80b3004a95a413da,25,25,Source compound 25,source_drawing_transcription,Source-drawn major configuration; sample ee/dr retained where measured and not inferred downstream,pending_independent_chemist_review,COc1ccc(NC(=O)[C@H]2CC=C(C)[C@H](CC=C(C)C)[C@@H]2c2ccccc2)cc1,C26H31NO2,UCAWRICGMLGMPI-SDHOMARFSA-N
paper-80b3004a95a413da,26,26,Source compound 26,source_drawing_transcription,Source-drawn major configuration; sample ee/dr retained where measured and not inferred downstream,pending_independent_chemist_review,COc1ccc(C(=O)N[C@H]2CC=C(C)[C@H](CC=C(C)C)[C@@H]2c2ccccc2)cc1,C26H31NO2,BJVYUZBDPXPFKU-SDHOMARFSA-N
paper-80b3004a95a413da,27,27,Source compound 27,source_drawing_transcription,Source-drawn major configuration; sample ee/dr retained where measured and not inferred downstream,pending_independent_chemist_review,COc1ccc(N(C(=O)OC(C)(C)C)C(=O)[C@H]2CC=C(C)[C@H](CC=C(C)C)[C@@H]2c2ccccc2)cc1,C31H39NO4,QRZNWBIRZFOYEO-KCHLEUMXSA-N
paper-80b3004a95a413da,28,28,Source compound 28,source_drawing_transcription,Source-drawn major configuration; sample ee/dr retained where measured and not inferred downstream,pending_independent_chemist_review,CC(C)=CC[C@H]1C(C)=CC[C@H](CO)[C@H]1c1ccccc1,C19H26O,WQLPQMGAOUNBPP-CEXWTWQISA-N
paper-80b3004a95a413da,29,29,Source compound 29,source_drawing_transcription,Source-drawn major configuration; sample ee/dr retained where measured and not inferred downstream,pending_independent_chemist_review,CC(C)=CC[C@H]1C(C)=CC[C@H](C=O)[C@H]1c1ccccc1,C19H24O,PMPVMPYRUVEUNG-CEXWTWQISA-N
paper-80b3004a95a413da,3,3,(+)-Isopanduratin A1,source_drawing_transcription,Source-drawn major configuration; sample ee/dr retained where measured and not inferred downstream,pending_independent_chemist_review,COc1cc(O)cc(O)c1C(=O)[C@H]1CC=C(C)[C@H](CC=C(C)C)[C@@H]1c1ccccc1,C26H30O4,MFPMXYUSFDUYRN-HFMPRLQTSA-N
paper-80b3004a95a413da,30,30,Source compound 30,source_drawing_transcription,Source-drawn major configuration; sample ee/dr retained where measured and not inferred downstream,pending_independent_chemist_review,COCOc1cc(OC)cc(OCOC)c1Br,C11H15BrO5,RGSXJSYNUYDDRY-UHFFFAOYSA-N
paper-80b3004a95a413da,30-Li,,Source-drawn aryllithium from 30,source_drawing_transcription,Source-drawn major configuration; sample ee/dr retained where measured and not inferred downstream,pending_independent_chemist_review,[Li][c]1c(OCOC)cc(OC)cc1OCOC,C11H15LiO5,PKZOJTZBTVBREF-UHFFFAOYSA-N
paper-80b3004a95a413da,31,31,Source compound 31,source_drawing_transcription,Source-drawn major configuration; sample ee/dr retained where measured and not inferred downstream,pending_independent_chemist_review,COCOc1cc(OC)c(Br)c(OCOC)c1,C11H15BrO5,FFCLUGODSGJDOO-UHFFFAOYSA-N
paper-80b3004a95a413da,31-Li,,Source-drawn aryllithium from 31,source_drawing_transcription,Source-drawn major configuration; sample ee/dr retained where measured and not inferred downstream,pending_independent_chemist_review,[Li][c]1c(OC)cc(OCOC)cc1OCOC,C11H15LiO5,BAMXCSWQKMJZRW-UHFFFAOYSA-N
paper-80b3004a95a413da,32,32,Source compound 32,source_drawing_transcription,Source-drawn major configuration; sample ee/dr retained where measured and not inferred downstream,pending_independent_chemist_review,COCOc1cc(OCOC)c(Br)c(OCOC)c1,C12H17BrO6,JDNSEGUAKRREMC-UHFFFAOYSA-N
paper-80b3004a95a413da,32-Li,,Source-drawn aryllithium from 32,source_drawing_transcription,Source-drawn major configuration; sample ee/dr retained where measured and not inferred downstream,pending_independent_chemist_review,[Li][c]1c(OCOC)cc(OCOC)cc1OCOC,C12H17LiO6,BQERQFPWNUQQPV-UHFFFAOYSA-N
paper-80b3004a95a413da,4,4,(+)-2-Hydroxyisopanduratin A,source_drawing_transcription,Source-drawn major configuration; sample ee/dr retained where measured and not inferred downstream,pending_independent_chemist_review,CC(C)=CC[C@H]1C(C)=CC[C@H](C(=O)c2c(O)cc(O)cc2O)[C@H]1c1ccccc1,C25H28O4,WKJOSDIVVPRKTB-JTAQYXEDSA-N
paper-80b3004a95a413da,9,9,Source chalcone 9,source_drawing_transcription,Source-drawn major configuration; sample ee/dr retained where measured and not inferred downstream,pending_independent_chemist_review,COc1ccc(C(=O)/C=C/c2ccc(OC(C)(C)C)cc2)cc1,C20H22O3,WZULXRLUZCBAET-VGOFMYFVSA-N
paper-80b3004a95a413da,Boc2O,,di-tert-butyl dicarbonate,procedural_interpretation,Source-drawn major configuration; sample ee/dr retained where measured and not inferred downstream,pending_independent_chemist_review,CC(C)(C)OC(=O)OC(=O)OC(C)(C)C,C10H18O5,DYHSDKLCOJIUFX-UHFFFAOYSA-N
paper-80b3004a95a413da,MOMCl,,chloromethyl methyl ether,procedural_interpretation,Source-drawn major configuration; sample ee/dr retained where measured and not inferred downstream,pending_independent_chemist_review,COCCl,C2H5ClO,XJUZRXYOEPSWMB-UHFFFAOYSA-N
paper-80b3004a95a413da,S1,S1,"5-methoxybenzene-1,3-diol",source_drawing_transcription,Source-drawn major configuration; sample ee/dr retained where measured and not inferred downstream,pending_independent_chemist_review,COc1cc(O)cc(O)c1,C7H8O3,HDVRLUFGYQYLFJ-UHFFFAOYSA-N
paper-80b3004a95a413da,S10,S10,Source compound S10,source_drawing_transcription,"Three ring stereocenters retained; newly formed alcohol center left unspecified, matching source wavy bond",pending_independent_chemist_review,COCOc1cc(OC)c(C(O)[C@H]2CC=C(C)[C@H](CC=C(C)C)[C@@H]2c2ccccc2)c(OCOC)c1,C30H40O6,FTPOHGBPQNFEBR-ANUZWBJDSA-N
paper-80b3004a95a413da,S11,S11,Source compound S11,source_drawing_transcription,Source-drawn major configuration; sample ee/dr retained where measured and not inferred downstream,pending_independent_chemist_review,COCOc1cc(OC)c(C(=O)[C@H]2CC=C(C)[C@H](CC=C(C)C)[C@@H]2c2ccccc2)c(OCOC)c1,C30H38O6,ZQAFYMMEBJVAHJ-VBOOUTDYSA-N
paper-80b3004a95a413da,S12,S12,Source compound S12,source_drawing_transcription,"Three ring stereocenters retained; newly formed alcohol center left unspecified, matching source wavy bond",pending_independent_chemist_review,COCOc1cc(OCOC)c(C(O)[C@H]2CC=C(C)[C@H](CC=C(C)C)[C@@H]2c2ccccc2)c(OCOC)c1,C31H42O7,OLEAZYVCWKLRRY-JBUKIGCFSA-N
paper-80b3004a95a413da,S13,S13,Source compound S13,source_drawing_transcription,Source-drawn major configuration; sample ee/dr retained where measured and not inferred downstream,pending_independent_chemist_review,COCOc1cc(OCOC)c(C(=O)[C@H]2CC=C(C)[C@H](CC=C(C)C)[C@@H]2c2ccccc2)c(OCOC)c1,C31H40O7,VCGOBDCFGZNTCB-ZEZDXWPOSA-N
paper-80b3004a95a413da,S2,S2,"2-bromo-5-methoxybenzene-1,3-diol",source_drawing_transcription,Source-drawn major configuration; sample ee/dr retained where measured and not inferred downstream,pending_independent_chemist_review,COc1cc(O)c(Br)c(O)c1,C7H7BrO3,BIXLLBQHJNJYOA-UHFFFAOYSA-N
paper-80b3004a95a413da,S3,S3,"4-bromo-5-methoxybenzene-1,3-diol",source_drawing_transcription,Source-drawn major configuration; sample ee/dr retained where measured and not inferred downstream,pending_independent_chemist_review,COc1cc(O)cc(O)c1Br,C7H7BrO3,JMYXENKYYRGKRO-UHFFFAOYSA-N
paper-80b3004a95a413da,S4,S4,"1,3,5-tris(methoxymethoxy)benzene",source_drawing_transcription,Source-drawn major configuration; sample ee/dr retained where measured and not inferred downstream,pending_independent_chemist_review,COCOc1cc(OCOC)cc(OCOC)c1,C12H18O6,ZVPVCMZRNKPYSA-UHFFFAOYSA-N
paper-80b3004a95a413da,S7,S7,Source tetrazolyl isopropyl sulfone S7,source_drawing_transcription,Source-drawn major configuration; sample ee/dr retained where measured and not inferred downstream,pending_independent_chemist_review,CC(C)S(=O)(=O)c1nnnn1-c1ccccc1,C10H12N4O2S,WAZOPWYNYGJVMX-UHFFFAOYSA-N
paper-80b3004a95a413da,S8,S8,Source compound S8,source_drawing_transcription,"Three ring stereocenters retained; newly formed alcohol center left unspecified, matching source wavy bond",pending_independent_chemist_review,COCOc1cc(OC)cc(OCOC)c1C(O)[C@H]1CC=C(C)[C@H](CC=C(C)C)[C@@H]1c1ccccc1,C30H40O6,YKOXXPVFEYVMNX-ANUZWBJDSA-N
paper-80b3004a95a413da,S9,S9,Source compound S9,source_drawing_transcription,Source-drawn major configuration; sample ee/dr retained where measured and not inferred downstream,pending_independent_chemist_review,COCOc1cc(OC)cc(OCOC)c1C(=O)[C@H]1CC=C(C)[C@H](CC=C(C)C)[C@@H]1c1ccccc1,C30H38O6,FFFNVZFUGPACGY-VBOOUTDYSA-N
paper-80b3004a95a413da,hydroxylamine,,hydroxylamine covalent parent,procedural_interpretation,Source-drawn major configuration; sample ee/dr retained where measured and not inferred downstream,pending_independent_chemist_review,NO,H3NO,AVXURJPOCDRRFD-UHFFFAOYSA-N
paper-80b3004a95a413da,methanol,,methanol,procedural_interpretation,Source-drawn major configuration; sample ee/dr retained where measured and not inferred downstream,pending_independent_chemist_review,CO,CH4O,OKKJLVBELUTLKV-UHFFFAOYSA-N
paper-80b3004a95a413da,phloroglucinol,,phloroglucinol,procedural_interpretation,Source-drawn major configuration; sample ee/dr retained where measured and not inferred downstream,pending_independent_chemist_review,Oc1cc(O)cc(O)c1,C6H6O3,QCDYQQDYXPDABM-UHFFFAOYSA-N
paper-80b3004a95a413da,rac-14,rac-14,racemic source 14,source_drawing_transcription,Source representative enantiomer of an explicitly reported racemate; enhanced AND group required,pending_independent_chemist_review,COc1ccc(C(=O)[C@H]2CC=C(C)[C@H](CCOC(C)=O)[C@@H]2c2ccccc2)cc1,C25H28O4,BYLWZSZQPWHVRZ-HJOGWXRNSA-N
paper-80b3004a95a413da,rac-15,rac-15,racemic source 15,source_drawing_transcription,Source representative enantiomer of an explicitly reported racemate; enhanced AND group required,pending_independent_chemist_review,COc1ccc(C(=O)[C@H]2CC=C(C)[C@H](CCO)[C@@H]2c2ccccc2)cc1,C23H26O3,RIJSIJVPOFNKSB-FKBYEOEOSA-N
paper-80b3004a95a413da,rac-16,rac-16,racemic source 16,source_drawing_transcription,Source representative enantiomer of an explicitly reported racemate; enhanced AND group required,pending_independent_chemist_review,COc1ccc(C(=O)[C@H]2CC=C(C)[C@H](CC=O)[C@@H]2c2ccccc2)cc1,C23H24O3,WMBQKBZXLJKALQ-FKBYEOEOSA-N
paper-85e8c2686b8db79f,1,1,SI compound 1,source_drawing_transcription,,pending_independent_chemist_review,CC1=CCN2[C@H]1C[C@H]1[C@@]2(C)CC[C@]2(CO)C(C)=CCC[C@]12C,C20H31NO,HOPILPCNVMYYFM-UTBUEMAESA-N
paper-85e8c2686b8db79f,1-methiodide-cation,1-methiodide-cation,SI compound 1-methiodide-cation,source_drawing_transcription,,pending_independent_chemist_review,CC1=CC[N+]2(C)[C@H]1C[C@@H]1[C@@]3(C)CCC=C(C)[C@@]3(CO)CC[C@]12C,C21H34NO+,PPBVJZVUELCDMN-KTLSKDSKSA-N
paper-85e8c2686b8db79f,10,10,SI compound 10,source_drawing_transcription,,pending_independent_chemist_review,CC1=C2CC[C@]3(C)[C@H](CCCC34OCCO4)[C@@]2(C)CCC1=O,C19H28O3,WLCZEQFZYZOXDA-FGTMMUONSA-N
paper-85e8c2686b8db79f,11,11,SI compound 11,source_drawing_transcription,,pending_independent_chemist_review,CC1=C2CC[C@]3(C)[C@H](CCCC34OCCO4)[C@@]2(C)CC[C@@H]1O,C19H30O3,NEDZRUNPHUPHBW-XWTMOSNGSA-N
paper-85e8c2686b8db79f,12,12,SI compound 12,source_drawing_transcription,,pending_independent_chemist_review,CCC[CH2][Sn]([CH2]I)([CH2]CCC)[CH2]CCC,C13H29ISn,XEKIDGIZQAEOKB-UHFFFAOYSA-N
paper-85e8c2686b8db79f,13,13,SI compound 13,source_drawing_transcription,,pending_independent_chemist_review,CCC[CH2][Sn]([CH2]CCC)([CH2]CCC)[CH2]O[C@H]1CC[C@@]2(C)C(=C1C)CC[C@]1(C)[C@@H]2CCCC12OCCO2,C32H58O3Sn,CMBJTABDYMYWMX-ZTQCKDCCSA-N
paper-85e8c2686b8db79f,14,14,SI compound 14,source_drawing_transcription,,pending_independent_chemist_review,CC1=CCC[C@]2(C)[C@H]3CCCC4(OCCO4)[C@]3(C)CC[C@]12CO,C20H32O3,GLONWCFFXVPBJK-MKXGPGLRSA-N
paper-85e8c2686b8db79f,15,15,SI compound 15,source_drawing_transcription,,pending_independent_chemist_review,CC1=CCC[C@]2(C)[C@H]3CCCC(=O)[C@]3(C)CC[C@]12CO[Si](C(C)C)(C(C)C)C(C)C,C27H48O2Si,ICDOKAZLXYYYCB-CRJMXQGDSA-N
paper-85e8c2686b8db79f,17,17,SI compound 17,source_drawing_transcription,,pending_independent_chemist_review,CC1=CCC[C@]2(C)[C@H]3CCCC(=O)N[C@@]3(C)CC[C@]12CO[Si](C(C)C)(C(C)C)C(C)C,C27H49NO2Si,CYMQFFDUZCVNHJ-ZDEZRRDYSA-N
paper-85e8c2686b8db79f,19,19,SI compound 19,source_drawing_transcription,,pending_independent_chemist_review,CC1=CCC[C@]2(C)[C@H]3CCCC(OCc4ccccc4)=N[C@@]3(C)CC[C@]12CO[Si](C(C)C)(C(C)C)C(C)C,C34H55NO2Si,GDKBPMRURQIAKO-OVOOGSTFSA-N
paper-85e8c2686b8db79f,"2-methylcyclohexane-1,3-dione","2-methylcyclohexane-1,3-dione","SI compound 2-methylcyclohexane-1,3-dione",source_drawing_transcription,,pending_independent_chemist_review,CC1C(=O)CCCC1=O,C7H10O2,VSGJHHIAMHUZKF-UHFFFAOYSA-N
paper-85e8c2686b8db79f,21,21,SI compound 21,source_drawing_transcription,,pending_independent_chemist_review,CC1=CCC[C@]2(C)[C@@H](CCCC(=O)OCc3ccccc3)[C@](C)(NC(=O)OCC[Si](C)(C)C)CC[C@]12CO[Si](C(C)C)(C(C)C)C(C)C,C40H69NO5Si2,HPUGEZXUHMEAGV-AAYAQEBFSA-N
paper-85e8c2686b8db79f,21-acid,21-acid,SI compound 21-acid,source_drawing_transcription,,pending_independent_chemist_review,CC1=CCC[C@]2(C)[C@@H](CCCC(=O)O)[C@](C)(NC(=O)OCC[Si](C)(C)C)CC[C@]12CO[Si](C(C)C)(C(C)C)C(C)C,C33H63NO5Si2,NRTFOUGUZSLPIL-ZOURVMAFSA-N
paper-85e8c2686b8db79f,22,22,SI compound 22,source_drawing_transcription,,pending_independent_chemist_review,C=CC[C@H]1[C@](C)(NC(=O)OCC[Si](C)(C)C)CC[C@]2(CO[Si](C(C)C)(C(C)C)C(C)C)C(C)=CCC[C@]12C,C32H61NO3Si2,DXBBQFBNVBEUEC-MRRSUHGZSA-N
paper-85e8c2686b8db79f,23,23,SI compound 23,source_drawing_transcription,,pending_independent_chemist_review,C=C(C)B1OC(C)(C)C(C)(C)O1,C9H17BO2,SVSUYEJKNSMKKW-UHFFFAOYSA-N
paper-85e8c2686b8db79f,24,24,SI compound 24,source_drawing_transcription,,pending_independent_chemist_review,CC1=CCC[C@]2(C)[C@@H](C/C=C(/C)B3OC(C)(C)C(C)(C)O3)[C@](C)(NC(=O)OCC[Si](C)(C)C)CC[C@]12CO[Si](C(C)C)(C(C)C)C(C)C,C39H74BNO5Si2,GSDKZZNCWJXNIF-ZVFDSVDVSA-N
paper-85e8c2686b8db79f,25,25,SI compound 25,source_drawing_transcription,,pending_independent_chemist_review,CC(C)[Si](C#CI)(C(C)C)C(C)C,C11H21ISi,BFUSARJAXABPTC-UHFFFAOYSA-N
paper-85e8c2686b8db79f,26,26,SI compound 26,source_drawing_transcription,,pending_independent_chemist_review,CC1=CCC[C@]2(C)[C@@H](C/C=C(/C)C#C[Si](C(C)C)(C(C)C)C(C)C)[C@](C)(NC(=O)OCC[Si](C)(C)C)CC[C@]12CO[Si](C(C)C)(C(C)C)C(C)C,C44H83NO3Si3,JYMJMBPPHJFTEW-YVXGKWOGSA-N
paper-85e8c2686b8db79f,28,28,SI compound 28,source_drawing_transcription,,pending_independent_chemist_review,CC1=CCN2[C@@H]1C[C@H]1[C@@]2(C)CC[C@]2(CO)C(C)=CCC[C@]12C,C20H31NO,HOPILPCNVMYYFM-WAPOTWQKSA-N
paper-85e8c2686b8db79f,29,29,SI compound 29,source_drawing_transcription,,pending_independent_chemist_review,C#C/C(C)=C\C[C@H]1[C@](C)(NC(=O)OCC[Si](C)(C)C)CC[C@]2(CO[Si](C(C)C)(C(C)C)C(C)C)C(C)=CCC[C@]12C,C35H63NO3Si2,ZERDOAPKFKFSTO-GSEDUMGNSA-N
paper-85e8c2686b8db79f,30,30,SI compound 30,source_drawing_transcription,,pending_independent_chemist_review,CC(=C=CI)C1C[C@H]2[C@@](C)(CC[C@]3(CO[Si](C(C)C)(C(C)C)C(C)C)C(C)=CCC[C@]23C)N1C(=O)OCC[Si](C)(C)C,C35H62INO3Si2,LVRKLXMSBAWUJD-NPPJQUJUSA-N
paper-85e8c2686b8db79f,31,31,SI compound 31,source_drawing_transcription,,pending_independent_chemist_review,C=C=C(C)C1C[C@H]2[C@@](C)(CC[C@]3(CO[Si](C(C)C)(C(C)C)C(C)C)C(C)=CCC[C@]23C)N1C(=O)OCC[Si](C)(C)C,C35H63NO3Si2,VNYUQRIIEZIAAJ-FQDANSKRSA-N
paper-85e8c2686b8db79f,32,32,SI compound 32,source_drawing_transcription,,pending_independent_chemist_review,C=C=C(C)[C@@H]1C[C@H]2[C@@](C)(CC[C@]3(CO)C(C)=CCC[C@]23C)N1,C20H31NO,NJSQWXJWFDDFSD-UTBUEMAESA-N
paper-85e8c2686b8db79f,34,34,SI compound 34,source_drawing_transcription,,pending_independent_chemist_review,CC1=CCC[C@]2(C)[C@H]3Cc4c(C)ccn4[C@]3(C)CC[C@]12CO,C20H29NO,SKYNHNVNRBCJEA-WTGUMLROSA-N
paper-85e8c2686b8db79f,4,4,SI compound 4,source_drawing_transcription,,pending_independent_chemist_review,C#C/C(C)=C\C[C@H]1[C@@](C)(N)CC[C@]2(CO)C(C)=CCC[C@]12C,C20H31NO,DWOWZSUZJGHGNP-GSKPXKSNSA-N
paper-85e8c2686b8db79f,9,9,SI compound 9,source_drawing_transcription,,pending_independent_chemist_review,CC1=C2CCCC(=O)[C@]2(C)CCC1=O,C12H16O2,YMSJMUXZPBXLSI-GFCCVEGCSA-N
paper-85e8c2686b8db79f,Bu3SnH,Bu3SnH,SI compound Bu3SnH,source_drawing_transcription,,pending_independent_chemist_review,CCC[CH2][SnH]([CH2]CCC)[CH2]CCC,C12H28Sn,DBGVGMSCBYYSLD-UHFFFAOYSA-N
paper-85e8c2686b8db79f,S1,S1,SI compound S1,source_drawing_transcription,,pending_independent_chemist_review,C=CC(=O)CC,C5H8O,JLIDVCMBCGBIEY-UHFFFAOYSA-N
paper-85e8c2686b8db79f,S10,S10,SI compound S10,source_drawing_transcription,,pending_independent_chemist_review,CC1=CCC[C@]2(C)[C@H]3CCCC(=O)[C@]3(C)CC[C@]12CO,C18H28O2,BEMVZGXHGYDMJB-HPBDAGMYSA-N
paper-85e8c2686b8db79f,S11,S11,SI compound S11,source_drawing_transcription,,pending_independent_chemist_review,CC1=CCC[C@]2(C)[C@@H](CCCC(=O)OCc3ccccc3)[C@](C)(N)CC[C@]12CO[Si](C(C)C)(C(C)C)C(C)C,C34H57NO3Si,VTLIAKDQNBGNNU-COUCJEOSSA-N
paper-85e8c2686b8db79f,S12,S12,SI compound S12,source_drawing_transcription,,pending_independent_chemist_review,COc1ccc(COC[C@]23CC[C@@](C)(N)[C@H](CCCC(=O)OCc4ccccc4)[C@@]2(C)CCC=C3C)cc1,C33H45NO4,ZVMWJNLMCYYXLN-PTZSJIIDSA-N
paper-85e8c2686b8db79f,S13,S13,SI compound S13,source_drawing_transcription,,pending_independent_chemist_review,COc1ccc(COC[C@]23CC[C@@](C)(NS(=O)(=O)c4ccc(C)cc4)[C@H](CCCC(=O)OCc4ccccc4)[C@@]2(C)CCC=C3C)cc1,C40H51NO6S,SAWXKLFWOYHQQP-CWFZHZTBSA-N
paper-85e8c2686b8db79f,S14,S14,SI compound S14,source_drawing_transcription,,pending_independent_chemist_review,COc1ccc(COC[C@]23CC[C@](C)(NS(=O)(=O)c4ccc(C)cc4)[C@H](CCCC(=O)O)[C@@]2(C)CCC=C3C)cc1,C33H45NO6S,VATGFYITKPRSRN-DGPLDGQNSA-N
paper-85e8c2686b8db79f,S15,S15,SI compound S15,source_drawing_transcription,,pending_independent_chemist_review,COc1ccc(COC[C@]23CC[C@@](C)(NS(=O)(=O)c4ccc(C)cc4)[C@H](CCCC(=O)ON4C(=O)c5ccccc5C4=O)[C@@]2(C)CCC=C3C)cc1,C41H48N2O8S,XTFCKOQTPHSJCT-WODSCWPDSA-N
paper-85e8c2686b8db79f,S16,S16,SI compound S16,source_drawing_transcription,,pending_independent_chemist_review,CCC[C@H]1[C@](C)(NS(=O)(=O)c2ccc(C)cc2)CC[C@]2(COCc3ccc(OC)cc3)C(C)=CC=C[C@]12C,C32H43NO4S,GZOPHSZPWCUPRN-ANLCFORVSA-N
paper-85e8c2686b8db79f,S17,S17,SI compound S17,source_drawing_transcription,,pending_independent_chemist_review,CC1=C2CC[C@]3(C)[C@H](CCCC34OCCO4)[C@@]2(C)CC[C@@H]1OC(=O)c1ccc[cH-]1.[Fe+2].c1cc[cH-]c1,C30H38FeO4,RKEUBXBEOCLTIA-GJOROWMSSA-N
paper-85e8c2686b8db79f,S2,S2,SI compound S2,source_drawing_transcription,,pending_independent_chemist_review,CCC(=O)CCC1(C)C(=O)CCCC1=O,C12H18O3,ZARBRIHTWIAEBW-UHFFFAOYSA-N
paper-85e8c2686b8db79f,S3,S3,SI compound S3,source_drawing_transcription,,pending_independent_chemist_review,CC1=C2CCCC3(OCCO3)[C@]2(C)CCC1=O,C14H20O3,HSBDYEUFOITAQQ-CYBMUJFWSA-N
paper-85e8c2686b8db79f,S3-diketal,S3-diketal,SI compound S3-diketal,source_drawing_transcription,,pending_independent_chemist_review,CC1=C2CCCC3(OCCO3)[C@]2(C)CCC12OCCO2,C16H24O4,SYVXBDPPGJVUPY-CQSZACIVSA-N
paper-85e8c2686b8db79f,S4,S4,SI compound S4,source_drawing_transcription,,pending_independent_chemist_review,CCC(=O)CCCl,C5H9ClO,APNSUHRNUVUCIP-UHFFFAOYSA-N
paper-85e8c2686b8db79f,S5,S5,SI compound S5,source_drawing_transcription,,pending_independent_chemist_review,CCC(=O)CC[C@@]1(C)C(=O)CC[C@]2(C)C1=CCCC21OCCO1,C19H28O4,UOVBGPSOJAOCEX-QZTJIDSGSA-N
paper-85e8c2686b8db79f,S6,S6,SI compound S6,source_drawing_transcription,,pending_independent_chemist_review,CCC(=O)CC[C@@]1(C)C(=O)CC[C@]2(C)[C@@H]1CCCC21OCCO1,C19H30O4,JZMRGONAIVVZLI-KBAYOESNSA-N
paper-85e8c2686b8db79f,S7,S7,SI compound S7,source_drawing_transcription,,pending_independent_chemist_review,CC1=C2CC[C@]3(C)[C@H](CCCC34OCCO4)[C@@]2(C)CC[C@H]1O,C19H30O3,NEDZRUNPHUPHBW-ZJPYXAASSA-N
paper-85e8c2686b8db79f,S8,S8,SI compound S8,source_drawing_transcription,,pending_independent_chemist_review,CC1=C2CC[C@]3(C)[C@H](CCCC34OCCO4)[C@@]2(C)CCC1CO,C20H32O3,JQGVWJVHRFICIZ-ZCTYVAAUSA-N
paper-85e8c2686b8db79f,S9,S9,SI compound S9,source_drawing_transcription,,pending_independent_chemist_review,CC1=C2CC[C@]3(C)[C@H](CCCC34OCCO4)[C@@]2(C)CC=C1,C19H28O2,HEKPSPAPMXXEKW-FGTMMUONSA-N
paper-85e8c2686b8db79f,epi-32,epi-32,SI compound epi-32,source_drawing_transcription,,pending_independent_chemist_review,C=C=C(C)[C@H]1C[C@H]2[C@@](C)(CC[C@]3(CO)C(C)=CCC[C@]23C)N1,C20H31NO,NJSQWXJWFDDFSD-WAPOTWQKSA-N
paper-85e8c2686b8db79f,ethylene,ethylene,SI compound ethylene,source_drawing_transcription,,pending_independent_chemist_review,C=C,C2H4,VGGSQFUCUMXWEO-UHFFFAOYSA-N
paper-85e8c2686b8db79f,formaldehyde,formaldehyde,SI compound formaldehyde,source_drawing_transcription,,pending_independent_chemist_review,C=O,CH2O,WSFSSNUMVMOOMR-UHFFFAOYSA-N
paper-85e8c2686b8db79f,pent-1-en-3-ol,pent-1-en-3-ol,SI compound pent-1-en-3-ol,source_drawing_transcription,,pending_independent_chemist_review,C=CC(O)CC,C5H10O,VHVMXWZXFBOANQ-UHFFFAOYSA-N
paper-85e8c2686b8db79f,propionyl-chloride,propionyl-chloride,SI compound propionyl-chloride,source_drawing_transcription,,pending_independent_chemist_review,CCC(=O)Cl,C3H5ClO,RZWZRACFZGVKFM-UHFFFAOYSA-N
paper-85e8c2686b8db79f,tributylstannylmethanol,tributylstannylmethanol,SI compound tributylstannylmethanol,source_drawing_transcription,,pending_independent_chemist_review,CCC[CH2][Sn]([CH2]O)([CH2]CCC)[CH2]CCC,C13H30OSn,MKBQBFPNTLPOIV-UHFFFAOYSA-N
paper-85ead15cb461d3b7,2,2,SI compound 2,source_drawing_transcription,,pending_independent_chemist_review,O=CC1=CO[C@H](COCc2ccccc2)[C@@H](OCc2ccccc2)[C@H]1OCc1ccccc1,C28H28O5,PIPPBUYLQJWFCS-OZNIXHKMSA-N
paper-85ead15cb461d3b7,3,3,SI compound 3,procedural_interpretation,,pending_independent_chemist_review,CCOC(=O)CNCc1ccccc1,C11H15NO2,ULOLIZHBYWAICY-UHFFFAOYSA-N
paper-85ead15cb461d3b7,4,4,SI compound 4,source_drawing_transcription,,pending_independent_chemist_review,CCOC(=O)c1cc([C@H](OCc2ccccc2)[C@H](OCc2ccccc2)[C@H](O)COCc2ccccc2)cn1Cc1ccccc1,C39H41NO6,DYAQTISHVXNNBA-NVLDWDGTSA-N
paper-85ead15cb461d3b7,4a,4a,SI compound 4a,procedural_interpretation,,pending_independent_chemist_review,CCOC(=O)c1cc([C@H](OCc2ccccc2)[C@H](OCc2ccccc2)[C@@H](COCc2ccccc2)OCc2ccccc2)cn1Cc1ccccc1,C46H47NO6,QOGUNKDHTGDMAJ-MGGNMLNTSA-N
paper-85ead15cb461d3b7,4b,4b,SI compound 4b,source_drawing_transcription,,pending_independent_chemist_review,O=C(O)c1cc([C@H](OCc2ccccc2)[C@H](OCc2ccccc2)[C@@H](COCc2ccccc2)OCc2ccccc2)cn1Cc1ccccc1,C44H43NO6,VXCTYBLPGNOVJO-WJZFVOHWSA-N
paper-85ead15cb461d3b7,6,6,SI compound 6,source_drawing_transcription,,pending_independent_chemist_review,O=C(O)c1c(CC(O)COCc2ccccc2)c([C@H](OCc2ccccc2)[C@H](OCc2ccccc2)[C@@H](COCc2ccccc2)OCc2ccccc2)cn1Cc1ccccc1,C54H55NO8,GRFYDGKOGDGECG-CQCWEQAXSA-N
paper-85ead15cb461d3b7,7,7,SI compound 7,source_drawing_transcription,,pending_independent_chemist_review,CCOC(=O)c1c(CC(O)COCc2ccccc2)c([C@H](OCc2ccccc2)[C@H](OCc2ccccc2)[C@@H](COCc2ccccc2)OCc2ccccc2)cn1Cc1ccccc1,C56H59NO8,ZDUZOZUMEGXXIK-WXFRDRDZSA-N
paper-85ead15cb461d3b7,8,8,SI compound 8,source_drawing_transcription,,pending_independent_chemist_review,CCOC(=O)c1c(CC(=O)COCc2ccccc2)c([C@H](OCc2ccccc2)[C@H](OCc2ccccc2)[C@@H](COCc2ccccc2)OCc2ccccc2)cn1Cc1ccccc1,C56H57NO8,XBRAEBGRSJJTHJ-IFRSHTKRSA-N
paper-8736f8c2a9e952ac,10,10,SI compound 10,source_drawing_transcription,,pending_independent_chemist_review,C=Cc1cccc([C@@H](C)CCO[Si](C)(C)C(C)(C)C)n1,C17H29NOSi,ABOXWWDLFYUHHM-AWEZNQCLSA-N
paper-8736f8c2a9e952ac,10-rac,10-rac,SI compound 10-rac,source_drawing_transcription,,pending_independent_chemist_review,C=Cc1cccc(C(C)CCO[Si](C)(C)C(C)(C)C)n1,C17H29NOSi,ABOXWWDLFYUHHM-UHFFFAOYSA-N
paper-8736f8c2a9e952ac,10a,10a,SI compound 10a,source_drawing_transcription,,pending_independent_chemist_review,C=Cc1cccc(C(C)CCO)n1,C11H15NO,IWLLUJSFEPJVIT-UHFFFAOYSA-N
paper-8736f8c2a9e952ac,11,11,SI compound 11,source_drawing_transcription,,pending_independent_chemist_review,C/C(=C\C(=O)N1C(=O)OC[C@@H]1Cc1ccccc1)c1cccc(Br)n1,C19H17BrN2O3,PVHQXTYJVQWJHP-VOMSXAGXSA-N
paper-8736f8c2a9e952ac,13,13,SI compound 13,source_drawing_transcription,,pending_independent_chemist_review,CC(=O)c1cccc(Br)n1,C7H6BrNO,RUJTWTUYVOEEFW-UHFFFAOYSA-N
paper-8736f8c2a9e952ac,14,14,SI compound 14,source_drawing_transcription,,pending_independent_chemist_review,C/C(=C\C#N)c1cccc(Br)n1,C9H7BrN2,XFFKZXFFZQEVJA-FNORWQNLSA-N
paper-8736f8c2a9e952ac,15,15,SI compound 15,source_drawing_transcription,,pending_independent_chemist_review,C[C@@H](CC#N)c1cccc(Br)n1,C9H9BrN2,WJDUIMAQESDSPZ-ZETCQYMHSA-N
paper-8736f8c2a9e952ac,16,16,SI compound 16,source_drawing_transcription,,pending_independent_chemist_review,C[C@@H](CCO)c1cccc(Br)n1,C9H12BrNO,PNYBPWLFDOIECY-ZETCQYMHSA-N
paper-8736f8c2a9e952ac,16a,16a,SI compound 16a,source_drawing_transcription,,pending_independent_chemist_review,C[C@@H](CC=O)c1cccc(Br)n1,C9H10BrNO,FKZANAHTSIEHRW-ZETCQYMHSA-N
paper-8736f8c2a9e952ac,17,17,SI compound 17,source_drawing_transcription,,pending_independent_chemist_review,C[C@@H](CCO[Si](C)(C)C(C)(C)C)c1cccc(Br)n1,C15H26BrNOSi,DCMTVQLITNENRI-LBPRGKRZSA-N
paper-8736f8c2a9e952ac,18,18,SI compound 18,source_drawing_transcription,,pending_independent_chemist_review,O=C1CC[C@H](C(=O)O)O1,C5H6O4,QVADRSWDTZDDGR-GSVOUGTGSA-N
paper-8736f8c2a9e952ac,19,19,SI compound 19,source_drawing_transcription,,pending_independent_chemist_review,CC(C)(C)OC(=O)[C@H]1CCC(=O)O1,C9H14O4,YLXNLHFGLNCGEK-ZCFIWIBFSA-N
paper-8736f8c2a9e952ac,20,20,SI compound 20,source_drawing_transcription,,pending_independent_chemist_review,CON(C)C(=O)CC[C@@H](O)C(=O)OC(C)(C)C,C11H21NO5,FXIQAYCJJREXFE-MRVPVSSYSA-N
paper-8736f8c2a9e952ac,21,21,SI compound 21,source_drawing_transcription,,pending_independent_chemist_review,CON(C)C(=O)CC[C@@H](O[Si](C)(C)C(C)(C)C)C(=O)OC(C)(C)C,C17H35NO5Si,CKJIYALGUCJFNR-CYBMUJFWSA-N
paper-8736f8c2a9e952ac,22,22,SI compound 22,source_drawing_transcription,,pending_independent_chemist_review,C=CC[C@@H](C)CBr,C6H11Br,PNIJDHKXDHFPBM-ZCFIWIBFSA-N
paper-8736f8c2a9e952ac,22a,22a,SI compound 22a,source_drawing_transcription,,pending_independent_chemist_review,CCC(=O)N1C(=O)OC[C@@H]1Cc1ccccc1,C13H15NO3,WHOBYFHKONUTMW-NSHDSACASA-N
paper-8736f8c2a9e952ac,22b,22b,SI compound 22b,source_drawing_transcription,,pending_independent_chemist_review,C=CC[C@@H](C)C(=O)N1C(=O)OC[C@@H]1Cc1ccccc1,C16H19NO3,QWFHQCNYEQKNGE-OCCSQVGLSA-N
paper-8736f8c2a9e952ac,22c,22c,SI compound 22c,source_drawing_transcription,,pending_independent_chemist_review,C=CC[C@@H](C)CO,C6H12O,CTHUAOGQNZSMMC-ZCFIWIBFSA-N
paper-8736f8c2a9e952ac,23,23,SI compound 23,source_drawing_transcription,,pending_independent_chemist_review,C=CC[C@@H](C)[CH2][Mg][Br],C6H11BrMg,AVVUVCCBPVOXTG-QYCVXMPOSA-M
paper-8736f8c2a9e952ac,24,24,SI compound 24,source_drawing_transcription,,pending_independent_chemist_review,C=CC[C@@H](C)CC(=O)CC[C@@H](O[Si](C)(C)C(C)(C)C)C(=O)OC(C)(C)C,C21H40O4Si,JUPCCHGFJNKCBH-SJLPKXTDSA-N
paper-8736f8c2a9e952ac,25,25,SI compound 25,source_drawing_transcription,,pending_independent_chemist_review,C[C@H](C/C=C/c1cccc([C@@H](C)CCO[Si](C)(C)C(C)(C)C)n1)CC(=O)CC[C@@H](O[Si](C)(C)C(C)(C)C)C(=O)OC(C)(C)C,C36H65NO5Si2,IJOAPBSLSFDLQP-KOUNLLNLSA-N
paper-8736f8c2a9e952ac,26,26,SI compound 26,source_drawing_transcription,,pending_independent_chemist_review,C[C@@H](CC(=O)CC[C@@H](O[Si](C)(C)C(C)(C)C)C(=O)OC(C)(C)C)C[C@@H]1O[C@H]1c1cccc([C@@H](C)CCO[Si](C)(C)C(C)(C)C)n1,C36H65NO6Si2,XXCNJHCWBDZSDY-HSIPERRJSA-N
paper-8736f8c2a9e952ac,27,27,SI compound 27,source_drawing_transcription,,pending_independent_chemist_review,C[C@@H](CC(=O)CC[C@@H](O[Si](C)(C)C(C)(C)C)C(=O)OC(C)(C)C)C[C@H](O)[C@@H](O)c1cccc([C@@H](C)CCO[Si](C)(C)C(C)(C)C)n1,C36H67NO7Si2,GGSPLGPRDFJTMX-XYWNJHLJSA-N
paper-8736f8c2a9e952ac,28,28,SI compound 28,source_drawing_transcription,,pending_independent_chemist_review,C[C@@H](CC(=O)CC[C@@H](O)C(=O)OC(C)(C)C)C[C@@H]1O[C@H]1c1cccc([C@@H](C)CCO)n1,C24H37NO6,UFDWBVBEJZIDOQ-DOWMQLCMSA-N
paper-8736f8c2a9e952ac,29,29,SI compound 29,source_drawing_transcription,,pending_independent_chemist_review,C[C@@H]1C[C@@H]([C@H](O)c2cccc([C@@H](C)CCO)n2)O[C@@]2(CC[C@H](C(=O)OC(C)(C)C)O2)C1,C24H37NO6,HPVIKMPNNULYHY-RLSLBVJLSA-N
paper-8736f8c2a9e952ac,3,3,SI compound 3,source_drawing_transcription,,pending_independent_chemist_review,C[C@@H]1C[C@H]([C@@H](O)c2cccc3[n+]2CC[C@@H]3C)O[C@]2(CC[C@H](C(=O)[O-])O2)C1,C20H27NO5,GQGZKNZNDNWLML-XDMKQDAMSA-N
paper-8736f8c2a9e952ac,30,30,SI compound 30,source_drawing_transcription,,pending_independent_chemist_review,C[C@@H]1C[C@H]([C@@H](O)c2cccc([C@@H](C)CCO)n2)O[C@]2(CC[C@H](C(=O)OC(C)(C)C)O2)C1,C24H37NO6,HPVIKMPNNULYHY-DFDIMONASA-N
paper-8736f8c2a9e952ac,31,31,SI compound 31,source_drawing_transcription,,pending_independent_chemist_review,C[C@@H]1C[C@H]([C@@H](O)c2cccc3[n+]2CC[C@@H]3C)O[C@]2(CC[C@H](C(=O)O)O2)C1.O=C([O-])C(F)(F)F,C22H28F3NO7,AMGZUBOSLUBCLK-HSGZCYLLSA-N
paper-8736f8c2a9e952ac,8,8,SI compound 8,source_drawing_transcription,,pending_independent_chemist_review,C[C@H](I)CCO[Si](C)(C)C(C)(C)C,C10H23IOSi,HTSMLIZZCCPBFC-VIFPVBQESA-N
paper-8736f8c2a9e952ac,9,9,SI compound 9,source_drawing_transcription,,pending_independent_chemist_review,C=Cc1cccc(Br)n1,C7H6BrN,DACJHPBNJLHAGZ-UHFFFAOYSA-N
paper-8736f8c2a9e952ac,E-32,E-32,SI compound E-32,source_drawing_transcription,,pending_independent_chemist_review,COC(=O)/C=C(\C)c1cccc(Br)n1,C10H10BrNO2,RLNKWTNTZRRGLZ-VOTSOKGWSA-N
paper-8736f8c2a9e952ac,E-33,E-33,SI compound E-33,source_drawing_transcription,,pending_independent_chemist_review,C/C(=C\C(=O)O)c1cccc(Br)n1,C9H8BrNO2,AVRCXSNMTMUFQX-AATRIKPKSA-N
paper-8736f8c2a9e952ac,"R,S-12","R,S-12","SI compound R,S-12",source_drawing_transcription,,pending_independent_chemist_review,C[C@H](CC(=O)N1C(=O)OC[C@@H]1Cc1ccccc1)c1cccc(Br)n1,C19H19BrN2O3,GMLWSBKMICWTNK-HIFRSBDPSA-N
paper-8736f8c2a9e952ac,R-16,R-16,SI compound R-16,source_drawing_transcription,,pending_independent_chemist_review,C[C@H](CCO)c1cccc(Br)n1,C9H12BrNO,PNYBPWLFDOIECY-SSDOTTSWSA-N
paper-8736f8c2a9e952ac,"S,S-12","S,S-12","SI compound S,S-12",source_drawing_transcription,,pending_independent_chemist_review,C[C@@H](CC(=O)N1C(=O)OC[C@@H]1Cc1ccccc1)c1cccc(Br)n1,C19H19BrN2O3,GMLWSBKMICWTNK-ZFWWWQNUSA-N
paper-8736f8c2a9e952ac,S-auxiliary,S-auxiliary,SI compound S-auxiliary,source_drawing_transcription,,pending_independent_chemist_review,O=C1N[C@@H](Cc2ccccc2)CO1,C10H11NO2,OJOFMLDBXPDXLQ-VIFPVBQESA-N
paper-8736f8c2a9e952ac,Weinreb amine hydrochloride,Weinreb amine hydrochloride,SI compound Weinreb amine hydrochloride,source_drawing_transcription,,pending_independent_chemist_review,C[NH2+]OC.[Cl-],C2H8ClNO,USZLCYNVCCDPLQ-UHFFFAOYSA-N
paper-8736f8c2a9e952ac,Z-32,Z-32,SI compound Z-32,source_drawing_transcription,,pending_independent_chemist_review,COC(=O)/C=C(/C)c1cccc(Br)n1,C10H10BrNO2,RLNKWTNTZRRGLZ-SREVYHEPSA-N
paper-8736f8c2a9e952ac,allyl bromide,allyl bromide,SI compound allyl bromide,source_drawing_transcription,,pending_independent_chemist_review,C=CCBr,C3H5Br,BHELZAPQIKSEDF-UHFFFAOYSA-N
paper-8736f8c2a9e952ac,cyanophosphonate,cyanophosphonate,SI compound cyanophosphonate,source_drawing_transcription,,pending_independent_chemist_review,COP(=O)(CC#N)OC,C4H8NO3P,MOABFBADMALFGR-UHFFFAOYSA-N
paper-8736f8c2a9e952ac,esterphosphonate,esterphosphonate,SI compound esterphosphonate,source_drawing_transcription,,pending_independent_chemist_review,COC(=O)CP(=O)(OC)OC,C5H11O5P,SIGOIUCRXKUEIG-UHFFFAOYSA-N
paper-8736f8c2a9e952ac,tBuOH,tBuOH,SI compound tBuOH,source_drawing_transcription,,pending_independent_chemist_review,CC(C)(C)O,C4H10O,DKGAVHZHDRPRBM-UHFFFAOYSA-N
paper-8736f8c2a9e952ac,vinyltributyltin,vinyltributyltin,SI compound vinyltributyltin,source_drawing_transcription,,pending_independent_chemist_review,C=[CH][Sn]([CH2]CCC)([CH2]CCC)[CH2]CCC,C14H30Sn,QIWRFOJWQSSRJZ-UHFFFAOYSA-N
paper-8c076c5cf883e668,1,1,Epimedonin A,source_drawing_transcription,No tetrahedral stereocenters in the source-drawn structures; no stereo completion,pending_independent_chemist_review,COc1ccc(Oc2cc(=O)c3c(O)c(CC=C(C)C)c(O)cc3o2)cc1,C21H20O6,MZAZESCFRHNDQO-UHFFFAOYSA-N
paper-8c076c5cf883e668,10,10,Forward-scheme compound 10,source_drawing_transcription,No tetrahedral stereocenters in the source-drawn structures; no stereo completion,pending_independent_chemist_review,COCOc1cc(OCC=C(C)C)c(C(C)=O)c(OCOC)c1,C17H24O6,NNKKHOLAAVJSSJ-UHFFFAOYSA-N
paper-8c076c5cf883e668,11,11,Forward-scheme compound 11,source_drawing_transcription,No tetrahedral stereocenters in the source-drawn structures; no stereo completion,pending_independent_chemist_review,COC(OC)N(C)C,C5H13NO2,ZSXGLVDWWRXATF-UHFFFAOYSA-N
paper-8c076c5cf883e668,12,12,Forward-scheme compound 12,source_drawing_transcription,No tetrahedral stereocenters in the source-drawn structures; no stereo completion,pending_independent_chemist_review,COCOc1cc2occ(I)c(=O)c2c(OCOC)c1CC=C(C)C,C18H21IO6,XYIBQBBEZZORPG-UHFFFAOYSA-N
paper-8c076c5cf883e668,13,13,Forward-scheme compound 13,source_drawing_transcription,No tetrahedral stereocenters in the source-drawn structures; no stereo completion,pending_independent_chemist_review,c1nnc[nH]1,C2H3N3,NSPMIYGKQJPBQR-UHFFFAOYSA-N
paper-8c076c5cf883e668,14,14,Forward-scheme compound 14,source_drawing_transcription,No tetrahedral stereocenters in the source-drawn structures; no stereo completion,pending_independent_chemist_review,COc1ccc(O)cc1,C7H8O2,NWVVVBRKAWDGAB-UHFFFAOYSA-N
paper-8c076c5cf883e668,15,15,Forward-scheme compound 15,source_drawing_transcription,No tetrahedral stereocenters in the source-drawn structures; no stereo completion,pending_independent_chemist_review,CC1(C)C=Cc2c(cc3oc(-n4cncn4)cc(=O)c3c2O)O1,C16H13N3O4,NJYSZIWWOAHAIE-UHFFFAOYSA-N
paper-8c076c5cf883e668,16,16,Forward-scheme compound 16,source_drawing_transcription,No tetrahedral stereocenters in the source-drawn structures; no stereo completion,pending_independent_chemist_review,Oc1ccc(O)cc1,C6H6O2,QIGBRXMKCJKVMJ-UHFFFAOYSA-N
paper-8c076c5cf883e668,2,2,Epimedonin B,source_drawing_transcription,No tetrahedral stereocenters in the source-drawn structures; no stereo completion,pending_independent_chemist_review,CC1(C)C=Cc2c(cc3oc(Oc4ccc(O)cc4)cc(=O)c3c2O)O1,C20H16O6,HVHLXUQMMPJPMS-UHFFFAOYSA-N
paper-8c076c5cf883e668,3,3,Forward-scheme compound 3,source_drawing_transcription,No tetrahedral stereocenters in the source-drawn structures; no stereo completion,pending_independent_chemist_review,CC(C)=CCc1c(O)cc2oc(-n3cncn3)cc(=O)c2c1O,C16H15N3O4,RKGQEAABKZELGJ-UHFFFAOYSA-N
paper-8c076c5cf883e668,4,4,Forward-scheme compound 4,source_drawing_transcription,No tetrahedral stereocenters in the source-drawn structures; no stereo completion,pending_independent_chemist_review,CC1(C)C=Cc2c(cc3occ(I)c(=O)c3c2O)O1,C14H11IO4,DYQSXNBZCFDANE-UHFFFAOYSA-N
paper-8c076c5cf883e668,5,5,Forward-scheme compound 5,source_drawing_transcription,No tetrahedral stereocenters in the source-drawn structures; no stereo completion,pending_independent_chemist_review,CC(C)=CCc1c(O)cc2occ(I)c(=O)c2c1O,C14H13IO4,NZFNUKUACFPVEG-UHFFFAOYSA-N
paper-8c076c5cf883e668,6,6,Forward-scheme compound 6,source_drawing_transcription,No tetrahedral stereocenters in the source-drawn structures; no stereo completion,pending_independent_chemist_review,COCOc1cc(O)c(C(C)=O)c(OCOC)c1CC=C(C)C,C17H24O6,VKESFFDAJJHFMO-UHFFFAOYSA-N
paper-8c076c5cf883e668,7,7,Forward-scheme compound 7,source_drawing_transcription,No tetrahedral stereocenters in the source-drawn structures; no stereo completion,pending_independent_chemist_review,CC(=O)c1c(O)cc(O)cc1O,C8H8O4,XLEYFDVVXLMULC-UHFFFAOYSA-N
paper-8c076c5cf883e668,8,8,Forward-scheme compound 8,source_drawing_transcription,No tetrahedral stereocenters in the source-drawn structures; no stereo completion,pending_independent_chemist_review,COCOc1cc(O)c(C(C)=O)c(OCOC)c1,C12H16O6,QRBAILXEWUGUQB-UHFFFAOYSA-N
paper-8c076c5cf883e668,9,9,Forward-scheme compound 9,source_drawing_transcription,No tetrahedral stereocenters in the source-drawn structures; no stereo completion,pending_independent_chemist_review,CC(C)=CCBr,C5H9Br,LOYZVRIHVZEDMW-UHFFFAOYSA-N
paper-920358bb74cd4159,1,1,SI compound 1,source_drawing_transcription,,pending_independent_chemist_review,Cc1cc(O)c2c3c(c(O)cc(O)c13)COC2=O,C13H10O5,QRJBIGGUTUXCKY-UHFFFAOYSA-N
paper-920358bb74cd4159,10,10,SI compound 10,source_drawing_transcription,,pending_independent_chemist_review,Cc1cc(O)c2c3c(c(O[Si](C)(C)C(C)(C)C)cc(O)c13)COC2=O,C19H24O5Si,XBTNAMVSZWPNLE-UHFFFAOYSA-N
paper-920358bb74cd4159,11,11,SI compound 11,source_drawing_transcription,,pending_independent_chemist_review,COCC(=O)Oc1cc(C)c2c(O[Si](C)(C)C(C)(C)C)cc(O[Si](C)(C)C(C)(C)C)c3c2c1C(=O)OC3,C28H42O7Si2,XNWJHXGEVAWSRF-UHFFFAOYSA-N
paper-920358bb74cd4159,12-cation,12-cation,SI compound 12-cation,source_drawing_transcription,,pending_independent_chemist_review,Cc1cc(O)c2c3c1C(O)=C([I+]c1ccccc1)C(=O)C3(OCC(F)(F)F)COC2=O,C21H15F3IO6+,LHHFTSVWKAOGQM-UHFFFAOYSA-O
paper-920358bb74cd4159,13,13,SI compound 13,source_drawing_transcription,,pending_independent_chemist_review,COc1cc(O)c2c3c(c(O)cc(C)c13)C(=O)OC2,C14H12O5,DTTZXKMQSCGIMN-UHFFFAOYSA-N
paper-920358bb74cd4159,14,14,SI compound 14,source_drawing_transcription,,pending_independent_chemist_review,COC1=CC(=O)C2(c3ccc(I)cc3)COC(=O)c3c(O)cc(C)c1c32,C20H15IO5,OFLGQXPICJELTI-UHFFFAOYSA-N
paper-920358bb74cd4159,15,15,SI compound 15,source_drawing_transcription,,pending_independent_chemist_review,COC1=CC(=O)C2(O)COC(=O)c3c(O)cc(C)c1c32,C14H12O6,XSESNHXJZFGGSD-UHFFFAOYSA-N
paper-920358bb74cd4159,16,16,SI compound 16,source_drawing_transcription,,pending_independent_chemist_review,COC1=CC(=O)c2coc(=O)c3c(O)cc(C)c1c23,C14H10O5,AVZQHLBRQSSYRD-UHFFFAOYSA-N
paper-920358bb74cd4159,17,17,SI compound 17,source_drawing_transcription,,pending_independent_chemist_review,COc1cc(O)c2c3c(c(O)cc(C)c13)C(=O)OC2=O,C14H10O6,ULJNYQBWQCHKAV-UHFFFAOYSA-N
paper-920358bb74cd4159,18,18,SI compound 18,source_drawing_transcription,,pending_independent_chemist_review,CC(=O)OC1=C[C@]2(OC(C)=O)Oc3c(c(OC(C)=O)c4c5c(c(OC(C)=O)cc(C)c35)C(=O)OC4)[C@@]23COC(=O)c2c(OC(C)=O)cc(C)c1c23,C36H28O15,DRZSLTKJQDQORV-ZPGRZCPFSA-N
paper-920358bb74cd4159,2,2,SI compound 2,source_drawing_transcription,,pending_independent_chemist_review,Cc1cc(O)c2c3c1C(=O)C[C@]1(O)Oc4c(c(O)c5c6c(c(O)cc(C)c46)C(=O)OC5)[C@]31COC2=O,C26H18O10,KHBPWHLZTSXJPH-UIOOFZCWSA-N
paper-920358bb74cd4159,2-butynoic-acid,2-butynoic-acid,SI compound 2-butynoic-acid,source_drawing_transcription,,pending_independent_chemist_review,CC#CC(=O)O,C4H4O2,LUEHNHVFDCZTGL-UHFFFAOYSA-N
paper-920358bb74cd4159,4,4,SI compound 4,source_drawing_transcription,,pending_independent_chemist_review,COC(=O)Cc1cc(O[Si](C)(C)C(C)(C)C)cc(O[Si](C)(C)C(C)(C)C)c1,C21H38O4Si2,FJVZETLIUDUPMP-UHFFFAOYSA-N
paper-920358bb74cd4159,5,5,SI compound 5,source_drawing_transcription,,pending_independent_chemist_review,CC#C/C(O)=C(/C(=O)OC)c1cc(O[Si](C)(C)C(C)(C)C)cc(O[Si](C)(C)C(C)(C)C)c1,C25H40O5Si2,IYFMHHGZTNVLPT-DQRAZIAOSA-N
paper-920358bb74cd4159,6,6,SI compound 6,source_drawing_transcription,,pending_independent_chemist_review,CC#CC(=O)O/C(C#CC)=C(\C(=O)OC)c1cc(O[Si](C)(C)C(C)(C)C)cc(O[Si](C)(C)C(C)(C)C)c1,C29H42O6Si2,VRILNCLGGQYUTH-LCUIJRPUSA-N
paper-920358bb74cd4159,7,7,SI compound 7,source_drawing_transcription,,pending_independent_chemist_review,COC(=O)c1c(O)cc(C)c2c(O[Si](C)(C)C(C)(C)C)cc(O[Si](C)(C)C(C)(C)C)cc12,C25H40O5Si2,PUVQDPVLNIXPAP-UHFFFAOYSA-N
paper-920358bb74cd4159,9,9,SI compound 9,source_drawing_transcription,,pending_independent_chemist_review,Cc1cc(O)c2c3c(c(O[Si](C)(C)C(C)(C)C)cc(O[Si](C)(C)C(C)(C)C)c13)COC2=O,C25H38O5Si2,KPIIHQXOHBZPCU-UHFFFAOYSA-N
paper-920358bb74cd4159,S1,S1,SI compound S1,source_drawing_transcription,,pending_independent_chemist_review,COC(=O)CC(=O)CC(=O)OC,C7H10O5,RNJOKCPFLQMDEC-UHFFFAOYSA-N
paper-920358bb74cd4159,S1-BP1,S1-BP1,SI compound S1-BP1,source_drawing_transcription,,pending_independent_chemist_review,COC(=O)c1c(O)cc(C)c2c(O)cc(O[Si](C)(C)C(C)(C)C)cc12,C19H26O5Si,BTWMLQQOAXBNFT-UHFFFAOYSA-N
paper-920358bb74cd4159,S1-BP2,S1-BP2,SI compound S1-BP2,source_drawing_transcription,,pending_independent_chemist_review,COCC(=O)Oc1cc(C)c2c(O[Si](C)(C)C(C)(C)C)cc(O[Si](C)(C)C(C)(C)C)cc2c1C(=O)OC,C28H44O7Si2,ZDEGJIRVYDORHO-UHFFFAOYSA-N
paper-920358bb74cd4159,S1-BP3,S1-BP3,SI compound S1-BP3,source_drawing_transcription,,pending_independent_chemist_review,COCC(=O)Oc1cc(C)c2c(O)cc(O[Si](C)(C)C(C)(C)C)cc2c1C(=O)OC,C22H30O7Si,LREPKETYHNAWFX-UHFFFAOYSA-N
paper-920358bb74cd4159,S10,S10,SI compound S10,source_drawing_transcription,,pending_independent_chemist_review,COC1=CC(=O)C23OC4=C(C(=O)CC(C)(C)C4)C2OC(=O)c2c(O)cc(C)c1c23,C22H20O7,FJBONZNQNFZRLP-UHFFFAOYSA-N
paper-920358bb74cd4159,S11,S11,SI compound S11,source_drawing_transcription,,pending_independent_chemist_review,COc1cc2c3c4c(c(O)cc(C)c14)C(=O)OC3CC(C)(C)O2,C18H18O5,XXVZJSNBQMZLTF-UHFFFAOYSA-N
paper-920358bb74cd4159,S2,S2,SI compound S2,source_drawing_transcription,,pending_independent_chemist_review,COC(=O)Cc1cc(O)c(C(=O)O)c(O)c1C(=O)O,C11H10O8,YDZSVQVDLSPESV-UHFFFAOYSA-N
paper-920358bb74cd4159,S2-BP1,S2-BP1,SI compound S2-BP1,source_drawing_transcription,,pending_independent_chemist_review,COC(=O)c1c(O)cc(C)c2c(O)cc(O)c(CO)c12,C14H14O6,OUBDEILPCVOYBP-UHFFFAOYSA-N
paper-920358bb74cd4159,S3,S3,SI compound S3,source_drawing_transcription,,pending_independent_chemist_review,COC(=O)Cc1cc(O)cc(O)c1,C9H10O4,LMLSBPHXMGSGCR-UHFFFAOYSA-N
paper-920358bb74cd4159,S4,S4,SI compound S4,source_drawing_transcription,,pending_independent_chemist_review,COC(=O)c1c(OC)cc(C)c2c(O[Si](C)(C)C(C)(C)C)cc(O[Si](C)(C)C(C)(C)C)cc12,C26H42O5Si2,RXUDVZADKBISLE-UHFFFAOYSA-N
paper-920358bb74cd4159,S5,S5,SI compound S5,source_drawing_transcription,,pending_independent_chemist_review,COC(=O)c1c(O)cc(C)c2c(O)cc(O)cc12,C13H12O5,UMGURCOMDPRXOZ-UHFFFAOYSA-N
paper-920358bb74cd4159,S6,S6,SI compound S6,source_drawing_transcription,,pending_independent_chemist_review,Cc1cc(O)c2c3c(c(O)c(Cc4c(O)c5c6c(c(O[Si](C)(C)C(C)(C)C)cc(O[Si](C)(C)C(C)(C)C)c6c4C)COC5=O)c(O)c13)COC2=O,C39H48O10Si2,GOYZCVAFSOJHDZ-UHFFFAOYSA-N
paper-920358bb74cd4159,S7,S7,SI compound S7,source_drawing_transcription,,pending_independent_chemist_review,COc1cc(C)c2c(O)cc(O)c3c2c1C(=O)OC3,C14H12O5,OBDRPHBZLSMZHB-UHFFFAOYSA-N
paper-920358bb74cd4159,S8,S8,SI compound S8,source_drawing_transcription,,pending_independent_chemist_review,COc1cc(O[Si](C)(C)C(C)(C)C)c2c3c(c(O)cc(C)c13)C(=O)OC2,C20H26O5Si,NJVFIJUPPFDOLS-UHFFFAOYSA-N
paper-920358bb74cd4159,S9,S9,SI compound S9,source_drawing_transcription,,pending_independent_chemist_review,COc1cc2c3c4c(c(O)cc(C)c14)C(=O)OC3C1=C(CC(C)(C)CC1=O)O2,C22H20O6,CWMLSNKVOGTABN-UHFFFAOYSA-N
paper-920358bb74cd4159,dimedone,dimedone,SI compound dimedone,source_drawing_transcription,,pending_independent_chemist_review,CC1(C)CC(=O)CC(=O)C1,C8H12O2,BADXJIPKFRBFOT-UHFFFAOYSA-N
paper-92c5e420009953b7,1,1,Source compound 1,source_drawing_transcription,,pending_independent_chemist_review,COc1cc(-c2c([C@@H]3O[C@H](O)[C@@H](C)[C@H]3C)cc3c(c2OC)OCO3)cc(OC)c1O,C22H26O8,UARPJXJVGKBZKI-DARVEWIRSA-N
paper-92c5e420009953b7,1-epi,,1 C2 epimer,source_drawing_transcription,,pending_independent_chemist_review,COc1cc(-c2c([C@@H]3O[C@@H](O)[C@@H](C)[C@H]3C)cc3c(c2OC)OCO3)cc(OC)c1O,C22H26O8,UARPJXJVGKBZKI-HWGZFBEHSA-N
paper-92c5e420009953b7,10,10,"6-bromo-4-methoxybenzo[d][1,3]dioxole",source_drawing_transcription,,pending_independent_chemist_review,COc1cc(Br)cc2c1OCO2,C8H7BrO3,PQIWDZBUHXVOKA-UHFFFAOYSA-N
paper-92c5e420009953b7,11a,11a,"6-bromo-5-iodo-4-methoxybenzo[d][1,3]dioxole",source_drawing_transcription,,pending_independent_chemist_review,COc1c(I)c(Br)cc2c1OCO2,C8H6BrIO3,LUPXOOJLHBUAIT-UHFFFAOYSA-N
paper-92c5e420009953b7,11b,11b,"5-bromo-4-iodo-7-methoxybenzo[d][1,3]dioxole",source_drawing_transcription,,pending_independent_chemist_review,COc1cc(Br)c(I)c2c1OCO2,C8H6BrIO3,GALFHEJIFQYXKG-UHFFFAOYSA-N
paper-92c5e420009953b7,11c,11c,"5-bromo-4,6-diiodo-7-methoxybenzo[d][1,3]dioxole",source_drawing_transcription,,pending_independent_chemist_review,COc1c(I)c(Br)c(I)c2c1OCO2,C8H5BrI2O3,COFROXNGCZKOIX-UHFFFAOYSA-N
paper-92c5e420009953b7,12,12,"[4-(benzyloxy)-3,5-dimethoxyphenyl]boronic acid",source_drawing_transcription,,pending_independent_chemist_review,COc1cc(B(O)O)cc(OC)c1OCc1ccccc1,C15H17BO5,YWLNSHVDTNNYKX-UHFFFAOYSA-N
paper-92c5e420009953b7,13,13,"tert-butyl{[(2S,3S)-2,3-dimethylpent-4-en-1-yl]oxy}dimethylsilane",source_drawing_transcription,,pending_independent_chemist_review,C=C[C@H](C)[C@H](C)CO[Si](C)(C)C(C)(C)C,C13H28OSi,MZJSSGVFHVPEJQ-NWDGAFQWSA-N
paper-92c5e420009953b7,13-alcohol,,Source compound 13-alcohol,procedural_interpretation,,pending_independent_chemist_review,C=C[C@H](C)[C@H](C)CO,C7H14O,MQGHMOLXBKYWKA-NKWVEPMBSA-N
paper-92c5e420009953b7,13-diol,,Source compound 13-diol,procedural_interpretation,,pending_independent_chemist_review,C[C@H](CO[Si](C)(C)C(C)(C)C)[C@@H](C)C(O)CO,C13H30O3Si,IVQHNUDFANUFGI-XFKKCKKNSA-N
paper-92c5e420009953b7,13-precursor,,"(S)-3-[(2S,3S)-2,3-dimethylpent-4-enoyl]-4-phenyloxazolidin-2-one",procedural_interpretation,,pending_independent_chemist_review,C=C[C@H](C)[C@H](C)C(=O)N1C(=O)OC[C@@H]1c1ccccc1,C16H19NO3,WXSKLWDGEWHZLC-SGMGOOAPSA-N
paper-92c5e420009953b7,14,14,"(2R,3S)-1-{6-[4-(benzyloxy)-3,5-dimethoxyphenyl]-7-methoxybenzo[d][1,3]dioxol-5-yl}-4-[(tert-butyldimethylsilyl)oxy]-2,3-dimethylbutan-1-one",source_drawing_transcription,,pending_independent_chemist_review,COc1cc(-c2c(C(=O)[C@H](C)[C@H](C)CO[Si](C)(C)C(C)(C)C)cc3c(c2OC)OCO3)cc(OC)c1OCc1ccccc1,C35H46O8Si,ODEFZBMICXZJQN-DHIUTWEWSA-N
paper-92c5e420009953b7,15,15,Source compound 15,source_drawing_transcription,,pending_independent_chemist_review,COc1cc(-c2c([C@@H]3O[C@@H](OC)[C@@H](C)[C@H]3C)cc3c(c2OC)OCO3)cc(OC)c1O,C23H28O8,UIFKQBMCFNBHAW-OAGUPJGDSA-N
paper-92c5e420009953b7,16,16,Gymnothelignan J,source_drawing_transcription,,pending_independent_chemist_review,COc1cc(-c2c([C@@H]3O[C@H](O)[C@@H](C)[C@H]3C)cc(OC)c(OC)c2OC)cc(OC)c1O,C23H30O8,GZYLTJGRDTUFTD-FRJDVBLRSA-N
paper-92c5e420009953b7,16-acetate,,Source compound 16-acetate,procedural_interpretation,,pending_independent_chemist_review,COc1cc(-c2c([C@@H]3O[C@H](OC(C)=O)[C@@H](C)[C@H]3C)cc(OC)c(OC)c2OC)cc(OC)c1O,C25H32O9,WHCRXQDWUPCXAU-AEVOWFRLSA-N
paper-92c5e420009953b7,16-epi,,16 C2 epimer,source_drawing_transcription,,pending_independent_chemist_review,COc1cc(-c2c([C@@H]3O[C@@H](O)[C@@H](C)[C@H]3C)cc(OC)c(OC)c2OC)cc(OC)c1O,C23H30O8,GZYLTJGRDTUFTD-OAGUPJGDSA-N
paper-92c5e420009953b7,17,17,Synthesized originally misassigned gymnothelignan K structure,source_drawing_transcription,,pending_independent_chemist_review,COc1cc(-c2c([C@@H]3O[C@H](O[C@H]4O[C@@H](c5cc(OC)c(OC)c(OC)c5-c5cc(OC)c(O)c(OC)c5)[C@H](C)[C@@H]4C)[C@@H](C)[C@H]3C)cc(OC)c(OC)c2OC)cc(OC)c1O,C46H58O15,XLFPTWUTZQQHEY-AUPPDDRMSA-N
paper-92c5e420009953b7,17-epi,,17 C2 epimer,source_drawing_transcription,,pending_independent_chemist_review,COc1cc(-c2c([C@@H]3O[C@@H](O[C@H]4O[C@@H](c5cc(OC)c(OC)c(OC)c5-c5cc(OC)c(O)c(OC)c5)[C@H](C)[C@@H]4C)[C@@H](C)[C@H]3C)cc(OC)c(OC)c2OC)cc(OC)c1O,C46H58O15,XLFPTWUTZQQHEY-BLTPWNJGSA-N
paper-92c5e420009953b7,18,18,Gymnothelignan V,source_drawing_transcription,,pending_independent_chemist_review,COc1cc2c(c(OC)c1O)[C@H]1O[C@@H](c3cc(OC)c(OC)c(OC)c3-2)[C@H](C)[C@@H]1C,C23H28O7,IHMGYSIQQKTHJB-URSLPWQFSA-N
paper-92c5e420009953b7,19,19,Source compound 19,source_drawing_transcription,,pending_independent_chemist_review,COc1cc(-c2c([C@@H]3O[C@H](O)[C@@H](C)[C@H]3C)cc(OC)c(OC)c2OC)cc(OC)c1OCc1ccccc1,C30H36O8,LRFGWOSCZIQLIP-FETGLFIVSA-N
paper-92c5e420009953b7,19-acetate,,Source compound 19-acetate,procedural_interpretation,,pending_independent_chemist_review,COc1cc(-c2c([C@@H]3O[C@H](OC(C)=O)[C@@H](C)[C@H]3C)cc(OC)c(OC)c2OC)cc(OC)c1OCc1ccccc1,C32H38O9,XQSAGRCWNYEFQY-GVTJMLKNSA-N
paper-92c5e420009953b7,2,2,Source compound 2,source_drawing_transcription,,pending_independent_chemist_review,COc1cc(-c2c([C@@H]3O[C@H](OC)[C@@H](C)[C@H]3C)cc3c(c2OC)OCO3)cc(OC)c1O,C23H28O8,UIFKQBMCFNBHAW-FRJDVBLRSA-N
paper-92c5e420009953b7,20,20,Source compound 20,source_drawing_transcription,,pending_independent_chemist_review,COc1cc(-c2c([C@H]3O[C@H](O)[C@@H](C)[C@H]3C)cc3c(c2OC)OCO3)cc(OC)c1O,C22H26O8,UARPJXJVGKBZKI-NGPYWLHSSA-N
paper-92c5e420009953b7,20-epi,,20 C2 epimer,source_drawing_transcription,,pending_independent_chemist_review,COc1cc(-c2c([C@H]3O[C@@H](O)[C@@H](C)[C@H]3C)cc3c(c2OC)OCO3)cc(OC)c1O,C22H26O8,UARPJXJVGKBZKI-MWKIGPFSSA-N
paper-92c5e420009953b7,21,21,Source compound 21,source_drawing_transcription,,pending_independent_chemist_review,COc1cc(-c2c([C@H]3O[C@H](OC)[C@@H](C)[C@H]3C)cc3c(c2OC)OCO3)cc(OC)c1O,C23H28O8,UIFKQBMCFNBHAW-DEWMKKQASA-N
paper-92c5e420009953b7,21-epi,21-epi,Source compound 21-epi,source_drawing_transcription,,pending_independent_chemist_review,COc1cc(-c2c([C@H]3O[C@@H](OC)[C@@H](C)[C@H]3C)cc3c(c2OC)OCO3)cc(OC)c1O,C23H28O8,UIFKQBMCFNBHAW-SUZBCQINSA-N
paper-92c5e420009953b7,22,22,Source compound 22,source_drawing_transcription,,pending_independent_chemist_review,COc1cc(-c2c([C@H]3O[C@H](O[C@H]4O[C@H](c5cc6c(c(OC)c5-c5cc(OC)c(O)c(OC)c5)OCO6)[C@H](C)[C@@H]4C)[C@@H](C)[C@H]3C)cc3c(c2OC)OCO3)cc(OC)c1O,C44H50O15,YFHGWUJYOQFHBQ-LOJCFXQISA-N
paper-92c5e420009953b7,3,3,Source compound 3,source_drawing_transcription,,pending_independent_chemist_review,COc1cc(-c2c([C@@H]3O[C@H](O[C@H]4O[C@@H](c5cc6c(c(OC)c5-c5cc(OC)c(O)c(OC)c5)OCO6)[C@H](C)[C@@H]4C)[C@@H](C)[C@H]3C)cc3c(c2OC)OCO3)cc(OC)c1O,C44H50O15,YFHGWUJYOQFHBQ-QDYMKXJPSA-N
paper-92c5e420009953b7,3-epi,,3 C2 epimer,source_drawing_transcription,,pending_independent_chemist_review,COc1cc(-c2c([C@@H]3O[C@@H](O[C@H]4O[C@@H](c5cc6c(c(OC)c5-c5cc(OC)c(O)c(OC)c5)OCO6)[C@H](C)[C@@H]4C)[C@@H](C)[C@H]3C)cc3c(c2OC)OCO3)cc(OC)c1O,C44H50O15,YFHGWUJYOQFHBQ-BQBOUKRNSA-N
paper-92c5e420009953b7,4,4,Gymnothelignan L,source_drawing_transcription,,pending_independent_chemist_review,COc1cc2c(c(OC)c1O)[C@H]1O[C@@H](c3cc4c(c(OC)c3-2)OCO4)[C@H](C)[C@@H]1C,C22H24O7,QITMVOBKZVSKFM-MBORQFPBSA-N
paper-92c5e420009953b7,6a,6a,"(3S,4R,5R)-5-{6-[4-(benzyloxy)-3,5-dimethoxyphenyl]-7-methoxybenzo[d][1,3]dioxol-5-yl}-3,4-dimethyldihydrofuran-2(3H)-one",source_drawing_transcription,,pending_independent_chemist_review,COc1cc(-c2c([C@@H]3OC(=O)[C@@H](C)[C@H]3C)cc3c(c2OC)OCO3)cc(OC)c1OCc1ccccc1,C29H30O8,WECIGFFOQAAHIU-LEHBWIKQSA-N
paper-92c5e420009953b7,6a-deBn,,Source compound 6a-deBn,procedural_interpretation,,pending_independent_chemist_review,COc1cc(-c2c([C@@H]3OC(=O)[C@@H](C)[C@H]3C)cc3c(c2OC)OCO3)cc(OC)c1O,C22H24O8,VXULZAZSKQDRRJ-RMDKCXRXSA-N
paper-92c5e420009953b7,6b,6b,"(3S,4R,5S)-5-{6-[4-(benzyloxy)-3,5-dimethoxyphenyl]-7-methoxybenzo[d][1,3]dioxol-5-yl}-3,4-dimethyldihydrofuran-2(3H)-one",source_drawing_transcription,,pending_independent_chemist_review,COc1cc(-c2c([C@H]3OC(=O)[C@@H](C)[C@H]3C)cc3c(c2OC)OCO3)cc(OC)c1OCc1ccccc1,C29H30O8,WECIGFFOQAAHIU-YPBQGGFRSA-N
paper-92c5e420009953b7,6b-deBn,,Source compound 6b-deBn,procedural_interpretation,,pending_independent_chemist_review,COc1cc(-c2c([C@H]3OC(=O)[C@@H](C)[C@H]3C)cc3c(c2OC)OCO3)cc(OC)c1O,C22H24O8,VXULZAZSKQDRRJ-FDMGOTLNSA-N
paper-92c5e420009953b7,7a,7a,"(1R,2R,3S)-1-{6-[4-(benzyloxy)-3,5-dimethoxyphenyl]-7-methoxybenzo[d][1,3]dioxol-5-yl}-4-[(tert-butyldimethylsilyl)oxy]-2,3-dimethylbutan-1-ol",source_drawing_transcription,,pending_independent_chemist_review,COc1cc(-c2c([C@H](O)[C@H](C)[C@H](C)CO[Si](C)(C)C(C)(C)C)cc3c(c2OC)OCO3)cc(OC)c1OCc1ccccc1,C35H48O8Si,PPRZRYIFKMRZRW-CEFNRUSXSA-N
paper-92c5e420009953b7,7a-diol,,Source compound 7a-diol,procedural_interpretation,,pending_independent_chemist_review,COc1cc(-c2c([C@H](O)[C@H](C)[C@H](C)CO)cc3c(c2OC)OCO3)cc(OC)c1OCc1ccccc1,C29H34O8,POTAWNSJKSCPKU-UYPAYLBCSA-N
paper-92c5e420009953b7,7b,7b,Source compound 7b,source_drawing_transcription,,pending_independent_chemist_review,COc1cc(-c2c([C@@H](O)[C@H](C)[C@H](C)CO[Si](C)(C)C(C)(C)C)cc3c(c2OC)OCO3)cc(OC)c1OCc1ccccc1,C35H48O8Si,PPRZRYIFKMRZRW-PKIAKLFDSA-N
paper-92c5e420009953b7,7b-diol,,Source compound 7b-diol,procedural_interpretation,,pending_independent_chemist_review,COc1cc(-c2c([C@@H](O)[C@H](C)[C@H](C)CO)cc3c(c2OC)OCO3)cc(OC)c1OCc1ccccc1,C29H34O8,POTAWNSJKSCPKU-KABRZNFWSA-N
paper-92c5e420009953b7,8a,8a,"5-[4-(benzyloxy)-3,5-dimethoxyphenyl]-6-bromo-4-methoxybenzo[d][1,3]dioxole",source_drawing_transcription,,pending_independent_chemist_review,COc1cc(-c2c(Br)cc3c(c2OC)OCO3)cc(OC)c1OCc1ccccc1,C23H21BrO6,ZRKGGWHOQSHPMB-UHFFFAOYSA-N
paper-92c5e420009953b7,8b,8b,"5,6-bis[4-(benzyloxy)-3,5-dimethoxyphenyl]-4-methoxybenzo[d][1,3]dioxole",source_drawing_transcription,,pending_independent_chemist_review,COc1cc(-c2cc3c(c(OC)c2-c2cc(OC)c(OCc4ccccc4)c(OC)c2)OCO3)cc(OC)c1OCc1ccccc1,C38H36O9,GELFWCAKZMHHMN-UHFFFAOYSA-N
paper-92c5e420009953b7,9,9,Source compound 9,source_drawing_transcription,,pending_independent_chemist_review,C[C@H](CO[Si](C)(C)C(C)(C)C)[C@@H](C)C=O,C12H26O2Si,MFUYWZZGANVXAJ-WDEREUQCSA-N
paper-92c5e420009953b7,TBSCl,,tert-butyldimethylsilyl chloride,source_drawing_transcription,,pending_independent_chemist_review,CC(C)(C)[Si](C)(C)Cl,C6H15ClSi,BCNZYOJHNLTNEZ-UHFFFAOYSA-N
paper-92c5e420009953b7,acetic-anhydride,,Source compound acetic-anhydride,source_drawing_transcription,,pending_independent_chemist_review,CC(=O)OC(C)=O,C4H6O3,WFDIJRYMOXRFFG-UHFFFAOYSA-N
paper-92c5e420009953b7,bromo-catechol,,Source compound bromo-catechol,source_drawing_transcription,,pending_independent_chemist_review,COc1cc(Br)cc(O)c1O,C7H7BrO3,WKDVOCHWXMVPIP-UHFFFAOYSA-N
paper-92c5e420009953b7,bromo-vanillin,,Source compound bromo-vanillin,source_drawing_transcription,,pending_independent_chemist_review,COc1cc(Br)cc(C=O)c1O,C8H7BrO3,MMFKBTPDEVLIOR-UHFFFAOYSA-N
paper-92c5e420009953b7,diiodomethane,,diiodomethane,source_drawing_transcription,,pending_independent_chemist_review,ICI,CH2I2,NZZFYRREKKOMAT-UHFFFAOYSA-N
paper-92c5e420009953b7,methanol,,methanol,source_drawing_transcription,,pending_independent_chemist_review,CO,CH4O,OKKJLVBELUTLKV-UHFFFAOYSA-N
paper-92c5e420009953b7,o-vanillin,o-vanillin,o-vanillin,source_drawing_transcription,,pending_independent_chemist_review,COc1cccc(C=O)c1O,C8H8O3,JJVNINGBHGBWJH-UHFFFAOYSA-N
paper-94a995685012cf20,10,10,SI compound 10,source_drawing_transcription,,pending_independent_chemist_review,COCOc1cccc(O)c1,C8H10O3,VTXUKOKMVNMHJX-UHFFFAOYSA-N
paper-94a995685012cf20,11,11,SI compound 11,source_drawing_transcription,,pending_independent_chemist_review,COCOc1ccc(I)c(OC(C)=O)c1,C10H11IO4,QCPDEDBWKSSNID-UHFFFAOYSA-N
paper-94a995685012cf20,12,12,SI compound 12,source_drawing_transcription,,pending_independent_chemist_review,C#Cc1cc(OCOC)c(I)c(OCOC)c1,C12H13IO4,ZHJBUIQRBAAMPX-UHFFFAOYSA-N
paper-94a995685012cf20,13,13,SI compound 13,source_drawing_transcription,,pending_independent_chemist_review,COCOc1ccc(C#Cc2cc(OCOC)c(I)c(OCOC)c2)c(OC(C)=O)c1,C22H23IO8,WUNQLWDHNYXYNR-UHFFFAOYSA-N
paper-94a995685012cf20,14,14,SI compound 14,source_drawing_transcription,,pending_independent_chemist_review,COCOc1ccc2cc(-c3cc(OCOC)c(I)c(OCOC)c3)oc2c1,C20H21IO7,KYYTUFRKTGUORB-UHFFFAOYSA-N
paper-94a995685012cf20,15,15,SI compound 15,source_drawing_transcription,,pending_independent_chemist_review,COCOc1ccc(C=O)c(O)c1,C9H10O4,VYLBFPQDUSNVCA-UHFFFAOYSA-N
paper-94a995685012cf20,16,16,SI compound 16,source_drawing_transcription,,pending_independent_chemist_review,COCOc1ccc(C(C)=O)c(O)c1,C10H12O4,KVFDJBFPVMQYFO-UHFFFAOYSA-N
paper-94a995685012cf20,17,17,SI compound 17,source_drawing_transcription,,pending_independent_chemist_review,COCOc1ccc(C(=O)/C=C/c2ccc(OCOC)cc2OC(C)=O)c(O)c1,C21H22O8,RRVVCIZGCUYBLM-WEVVVXLNSA-N
paper-94a995685012cf20,18,18,SI compound 18,source_drawing_transcription,,pending_independent_chemist_review,COCOc1ccc(C(=O)[C@H]2[C@@H](c3c(OCOC)cc(-c4cc5ccc(OCOC)cc5o4)cc3OCOC)C=C(C)C[C@@H]2c2ccc(OCOC)cc2OC(C)=O)c(O)c1,C46H50O15,QADQHJUKJASIGC-PWMIEFOESA-N
paper-94a995685012cf20,19,19,SI compound 19,source_drawing_transcription,,pending_independent_chemist_review,COCOc1ccc(C(=O)[C@@H]2[C@@H](c3ccc(OCOC)cc3OC(C)=O)CC(C)=C[C@H]2c2c(OCOC)cc(-c3cc4ccc(OCOC)cc4o3)cc2OCOC)c(O)c1,C46H50O15,QADQHJUKJASIGC-XWBQLTHBSA-N
paper-94a995685012cf20,2-methylbut-3-en-2-ol,2-methylbut-3-en-2-ol,SI compound 2-methylbut-3-en-2-ol,source_drawing_transcription,,pending_independent_chemist_review,C=CC(C)(C)O,C5H10O,HNVRRHSXBLFLIG-UHFFFAOYSA-N
paper-94a995685012cf20,20,20,SI compound 20,source_drawing_transcription,,pending_independent_chemist_review,CC1=C[C@@H](c2c(O)cc(-c3cc4ccc(O)cc4o3)cc2O)[C@H](C(=O)c2ccc(O)cc2O)[C@@H](c2ccc(O)cc2O)C1,C34H28O9,WTGKDESIYCVAOP-NCLPYWGKSA-N
paper-94a995685012cf20,21,21,SI compound 21,source_drawing_transcription,,pending_independent_chemist_review,COCOc1ccc(C(=O)C2C(c3c(OCOC)cc(-c4cc5ccc(OCOC)cc5o4)cc3OCOC)=CC3(C)C[C@H]2c2ccc(OCOC)cc2O3)c(O)c1,C44H46O14,JTBBMAFVFBZNFV-UWXPIJMDSA-N
paper-94a995685012cf20,4,4,SI compound 4,source_drawing_transcription,,pending_independent_chemist_review,CC1=C[C@@H]2c3c(O)cc(-c4cc5ccc(O)cc5o4)cc3O[C@]3(c4ccc(O)cc4O)Oc4cc(O)ccc4[C@@H](C1)[C@H]23,C34H26O8,MJJWBJFYYRAYKU-FJPSCYHJSA-N
paper-94a995685012cf20,5,5,SI compound 5,source_drawing_transcription,,pending_independent_chemist_review,CC12C[C@H](c3ccc(O)cc3O)[C@@H](C(=O)c3ccc(O)cc3O)[C@H](C1)c1c(O)cc(-c3cc4ccc(O)cc4o3)cc1O2,C34H28O9,ZOKRNFWGTOXQGL-SJEKEESLSA-N
paper-94a995685012cf20,6,6,SI compound 6,source_drawing_transcription,,pending_independent_chemist_review,CC12C=C(c3c(O)cc(-c4cc5ccc(O)cc5o4)cc3O)C(C(=O)c3ccc(O)cc3O)[C@@H](C1)c1ccc(O)cc1O2,C34H26O9,KINVGWHLWGHQKZ-MDPXJFMTSA-N
paper-94a995685012cf20,7,7,SI compound 7,source_drawing_transcription,,pending_independent_chemist_review,COCOc1ccc(C(=O)[C@H]2[C@@H](c3c(OCOC)cc(-c4cc5ccc(OCOC)cc5o4)cc3OCOC)C=C(C)C[C@@H]2c2ccc(OCOC)cc2O)c(O)c1,C44H48O14,GWVDZXYWIHVUIC-SVBNRODWSA-N
paper-94a995685012cf20,8,8,SI compound 8,source_drawing_transcription,,pending_independent_chemist_review,COCOc1ccc(/C=C/C(=O)c2ccc(OCOC)cc2O)c(O)c1,C19H20O7,LAXFTXFTGXNXNM-XBXARRHUSA-N
paper-94a995685012cf20,9,9,SI compound 9,source_drawing_transcription,,pending_independent_chemist_review,C=C(C)/C=C/c1c(OCOC)cc(-c2cc3ccc(OCOC)cc3o2)cc1OCOC,C25H28O7,PDCRGPLNQYNDKN-RMKNXTFCSA-N
paper-94a995685012cf20,S1,S1,SI compound S1,source_drawing_transcription,,pending_independent_chemist_review,COC(=O)c1cc(O)c(I)c(O)c1,C8H7IO4,CONSJSAOECUWLV-UHFFFAOYSA-N
paper-94a995685012cf20,S2,S2,SI compound S2,source_drawing_transcription,,pending_independent_chemist_review,COCOc1cc(C(=O)OC)cc(OCOC)c1I,C12H15IO6,HWSOVTIAXNPWKV-UHFFFAOYSA-N
paper-94a995685012cf20,S3,S3,SI compound S3,source_drawing_transcription,,pending_independent_chemist_review,COCOc1cc(C=O)cc(OCOC)c1I,C11H13IO5,DZPJJOGBCKYHSV-UHFFFAOYSA-N
paper-94a995685012cf20,S4,S4,SI compound S4,source_drawing_transcription,,pending_independent_chemist_review,COCOc1ccc(I)c(O)c1,C8H9IO3,VMBFCOLFZQJOCR-UHFFFAOYSA-N
paper-94a995685012cf20,S5,S5,SI compound S5,source_drawing_transcription,,pending_independent_chemist_review,COc1ccc2cc(-c3cc(OC)c(I)c(OC)c3)oc2c1,C17H15IO4,LLXSLCLAWFDGNO-UHFFFAOYSA-N
paper-94a995685012cf20,S6,S6,SI compound S6,source_drawing_transcription,,pending_independent_chemist_review,C=C(C)/C=C/c1c(OC)cc(-c2cc3ccc(OC)cc3o2)cc1OC,C22H22O4,RBRKJEWEUZNWLK-RMKNXTFCSA-N
paper-94a995685012cf20,S7,S7,SI compound S7,source_drawing_transcription,,pending_independent_chemist_review,COCOc1ccc(C(=O)[C@@H]2[C@@H](c3ccc(OCOC)cc3O)CC(C)=C[C@H]2c2c(OCOC)cc(-c3cc4ccc(OCOC)cc4o3)cc2OCOC)c(O)c1,C44H48O14,GWVDZXYWIHVUIC-DOZIPDPTSA-N
paper-94a995685012cf20,S8,S8,SI compound S8,source_drawing_transcription,,pending_independent_chemist_review,COCOc1ccc(C(=O)c2cc(C)ccc2-c2c(OCOC)cc(-c3cc4ccc(OCOC)cc4o3)cc2OCOC)c(O)c1,C36H36O11,CTEQYLXRKIHIKU-UHFFFAOYSA-N
paper-9575513b24b2c4f6,10,10,SI compound 10,source_drawing_transcription,source-shown iodide; no local preparation supplied,pending_independent_chemist_review,CC(C)(C)[Si](OCCI)(c1ccccc1)c1ccccc1,C18H23IOSi,XRGRXPFJGNTEAB-UHFFFAOYSA-N
paper-9575513b24b2c4f6,11,11,SI compound 11,source_drawing_transcription,,pending_independent_chemist_review,C=C(C)[C@@H]1CC(=O)C=C(C)C1,C10H14O,QEIYJIPGTLKBMK-VIFPVBQESA-N
paper-9575513b24b2c4f6,12,12,SI compound 12,source_drawing_transcription,,pending_independent_chemist_review,C=C(C)[C@@H]1CC(=O)C(CCO[Si](c2ccccc2)(c2ccccc2)C(C)(C)C)=C(C)C1,C28H36O2Si,WPRPWESVBZMYFD-QHCPKHFHSA-N
paper-9575513b24b2c4f6,13,13,SI compound 13,source_drawing_transcription,,pending_independent_chemist_review,C=C(C)[C@@H]1CC(=O)[C@@H](CCO[Si](c2ccccc2)(c2ccccc2)C(C)(C)C)C(C)(C)C1,C29H40O2Si,HYTLANSOQUZYRV-ZEQKJWHPSA-N
paper-9575513b24b2c4f6,14,14,SI compound 14,source_drawing_transcription,,pending_independent_chemist_review,C=C(C)[C@@H]1C=C(OS(=O)(=O)C(F)(F)F)[C@@H](CCO[Si](c2ccccc2)(c2ccccc2)C(C)(C)C)C(C)(C)C1,C30H39F3O4SSi,CWGGWPNTTZVMLF-ZEQKJWHPSA-N
paper-9575513b24b2c4f6,15,15,SI compound 15,source_drawing_transcription,,pending_independent_chemist_review,C=C(C)[C@@H]1C=C(C(=O)OC)[C@@H](CCO[Si](c2ccccc2)(c2ccccc2)C(C)(C)C)C(C)(C)C1,C31H42O3Si,HZBSNBBAGQXIPA-UFHPHHKVSA-N
paper-9575513b24b2c4f6,15a,15a,SI compound 15a,source_drawing_transcription,,pending_independent_chemist_review,C=C(C)[C@@H]1C=C(CO)[C@@H](CCO[Si](c2ccccc2)(c2ccccc2)C(C)(C)C)C(C)(C)C1,C30H42O2Si,WOSDLLOBVWSEGD-UFHPHHKVSA-N
paper-9575513b24b2c4f6,16,16,SI compound 16,source_drawing_transcription,,pending_independent_chemist_review,COC(=O)C1=C[C@@H]([C@@H](C)CB2OC(C)(C)C(C)(C)O2)CC(C)(C)[C@@H]1CCO[Si](c1ccccc1)(c1ccccc1)C(C)(C)C,C37H55BO5Si,NPTVDVZLEQQMJM-YUXUKGBOSA-N
paper-9575513b24b2c4f6,17,17,SI compound 17,source_drawing_transcription,,pending_independent_chemist_review,C=C1[C@H](C2=C(OC)CCC2=O)[C@@H]([C@@H](C)CB2OC(C)(C)C(C)(C)O2)CC(C)(C)[C@@H]1CCO[Si](c1ccccc1)(c1ccccc1)C(C)(C)C,C42H61BO5Si,MUGPHDUDTDYKJS-OHPBSSHSSA-N
paper-9575513b24b2c4f6,17a,17a,SI compound 17a,source_drawing_transcription,,pending_independent_chemist_review,C=C1[C@H](C2=C(O)CCC2=O)[C@@H]([C@@H](C)CB2OC(C)(C)C(C)(C)O2)CC(C)(C)[C@@H]1CCO[Si](c1ccccc1)(c1ccccc1)C(C)(C)C,C41H59BO5Si,LGGGWHWMZZDQGX-AYVLHFOFSA-N
paper-9575513b24b2c4f6,17b,17b,SI compound 17b,source_drawing_transcription,C5 epimer with migrated6=7 double bond as drawn; source calls diastereomer,pending_independent_chemist_review,CC1=C(CCO[Si](c2ccccc2)(c2ccccc2)C(C)(C)C)C(C)(C)C[C@H]([C@@H](C)CB2OC(C)(C)C(C)(C)O2)[C@@H]1C1=C(O)CCC1=O,C41H59BO5Si,YQAYHEWQTKXGRK-HVMFECAZSA-N
paper-9575513b24b2c4f6,18,18,SI compound 18,source_drawing_transcription,,pending_independent_chemist_review,C=C1[C@@H]2C3=C(CCC3=O)[C@@H](O)[C@H](C)[C@H]2CC(C)(C)[C@@H]1CCO[Si](c1ccccc1)(c1ccccc1)C(C)(C)C,C35H46O3Si,YQURWXWULGUUCI-YAPFBYMGSA-N
paper-9575513b24b2c4f6,18b,18b,SI compound 18b,source_drawing_transcription,,pending_independent_chemist_review,C=C1[C@@H]2C3=C(CCC3=O)C[C@H](C)[C@H]2CC(C)(C)[C@@H]1CCO[Si](c1ccccc1)(c1ccccc1)C(C)(C)C,C35H46O2Si,FYCHGMNIJVMPTJ-GTGVWTIDSA-N
paper-9575513b24b2c4f6,19,19,SI compound 19,source_drawing_transcription,,pending_independent_chemist_review,C=C1[C@@H](CCO[Si](c2ccccc2)(c2ccccc2)C(C)(C)C)C(C)(C)C[C@@H]2[C@@H](C)[C@@H](O[Si](CC)(CC)CC)[C@@]34CCC(=O)[C@@]3(O4)[C@@H]12,C41H60O4Si2,AMMXNELPKXINOS-GYQKEFPPSA-N
paper-9575513b24b2c4f6,20,20,SI compound 20,source_drawing_transcription,,pending_independent_chemist_review,C=C1[C@@H](CCO[Si](c2ccccc2)(c2ccccc2)C(C)(C)C)C(C)(C)C[C@@H]2[C@@H](C)[C@@H](O[Si](CC)(CC)CC)[C@@]34C[C@@H](C)C(=O)[C@@]3(O4)[C@@H]12,C42H62O4Si2,GFEVNXWXNLEJQG-WWUXCQEPSA-N
paper-9575513b24b2c4f6,21,21,SI compound 21,source_drawing_transcription,,pending_independent_chemist_review,C=C1[C@H]2[C@H](CC(C)(C)[C@@H]1CCO[Si](c1ccccc1)(c1ccccc1)C(C)(C)C)[C@@H](C)[C@@H](O[Si](CC)(CC)CC)[C@@]1(O)C[C@@H](C)[C@H](O)[C@H]21,C42H66O4Si2,SOGYCHCHWWMXSK-HFZHZTEBSA-N
paper-9575513b24b2c4f6,22,22,SI compound 22,source_drawing_transcription,,pending_independent_chemist_review,C=C1[C@H]2[C@H](CC(C)(C)[C@@H]1CCO[Si](c1ccccc1)(c1ccccc1)C(C)(C)C)[C@@H](C)[C@@H](OC(C)=O)[C@@]1(OC(C)=O)C[C@@H](C)[C@H](OC(=O)c3ccccc3)[C@H]21,C47H60O7Si,JLKXCUZVQMRBLM-IWAKRAIFSA-N
paper-9575513b24b2c4f6,22a,22a,SI compound 22a,source_drawing_transcription,,pending_independent_chemist_review,C=C1[C@H]2[C@H](CC(C)(C)[C@@H]1CCOC(C)=O)[C@@H](C)[C@@H](OC(C)=O)[C@@]1(OC(C)=O)C[C@@H](C)[C@H](OC(=O)c3ccccc3)[C@H]21,C33H44O8,QKPHTKTUDKRBAO-YUXAHBGNSA-N
paper-9575513b24b2c4f6,23,23,SI compound 23,source_drawing_transcription,,pending_independent_chemist_review,CC(=O)O[C@@H]1[C@H](C)[C@H]2CC(C)(C)[C@H](CCO[Si](c3ccccc3)(c3ccccc3)C(C)(C)C)[C@@](C)(O)[C@@H]2[C@H]2[C@@H](OC(=O)c3ccccc3)[C@H](C)C[C@@]21OC(C)=O,C47H62O8Si,LBLHCEAOMKWAAI-XXLJOALISA-N
paper-9575513b24b2c4f6,24,24,SI compound 24,source_drawing_transcription,,pending_independent_chemist_review,CC(=O)O[C@@H]1[C@H](C)[C@H]2CC(C)(C)[C@H](CCO)[C@@](C)(O)[C@@H]2[C@H]2[C@@H](OC(=O)c3ccccc3)[C@H](C)C[C@@]21OC(C)=O,C31H44O8,AQLSVZDWIXWXNI-BAHIOXNISA-N
paper-9575513b24b2c4f6,4,4,SI compound 4,source_drawing_transcription,,pending_independent_chemist_review,CC(=O)O[C@@H]1[C@H](C)[C@H]2CC(C)(C)[C@@H]3CC(=O)O[C@@]3(C)[C@@H]2[C@H]2[C@@H](OC(=O)c3ccccc3)[C@H](C)C[C@@]21OC(C)=O,C31H40O8,MHXWKQRTKVFPOX-DFKPMUGYSA-N
paper-9575513b24b2c4f6,5,5,SI compound 5,source_drawing_transcription,,pending_independent_chemist_review,C=C1[C@@H]2C3=C(CCC3=O)[C@H](O[Si](CC)(CC)CC)[C@H](C)[C@H]2CC(C)(C)[C@@H]1CCO[Si](c1ccccc1)(c1ccccc1)C(C)(C)C,C41H60O3Si2,AZSGGLQJWJZWCN-DPPVSBARSA-N
paper-9575513b24b2c4f6,6,6,SI compound 6,source_drawing_transcription,,pending_independent_chemist_review,C=C1[C@H](C2=C(OC)CCC2=O)[C@@H]([C@@H](C)C=O)CC(C)(C)[C@@H]1CCO[Si](c1ccccc1)(c1ccccc1)C(C)(C)C,C36H48O4Si,WZLJBUOJRMLMCX-YEFRDATLSA-N
paper-9575513b24b2c4f6,7,7,SI compound 7,source_drawing_transcription,C13 10:1 mixture; drawn major encoded,pending_independent_chemist_review,C[C@@H](CB1OC(C)(C)C(C)(C)O1)[C@@H]1C=C(COC2=CC(=O)CC2)[C@@H](CCO[Si](c2ccccc2)(c2ccccc2)C(C)(C)C)C(C)(C)C1,C41H59BO5Si,RFKOUYLSLXUITM-VJZHPIFNSA-N
paper-9575513b24b2c4f6,8,8,SI compound 8,source_drawing_transcription,,pending_independent_chemist_review,O=C1CCC(=O)C1,C5H6O2,LOGSONSNCYTHPS-UHFFFAOYSA-N
paper-9575513b24b2c4f6,9,9,SI compound 9,source_drawing_transcription,major C13 isomer in10:1 route or4:1 control,pending_independent_chemist_review,C[C@@H](CB1OC(C)(C)C(C)(C)O1)[C@@H]1C=C(CO)[C@@H](CCO[Si](c2ccccc2)(c2ccccc2)C(C)(C)C)C(C)(C)C1,C36H55BO4Si,ALGFRYMQCPKQIX-YUXUKGBOSA-N
paper-9575513b24b2c4f6,9-epi13,9-epi13,SI compound 9-epi13,source_drawing_transcription,source states minor C13 epimer; mixture not individually isolated,pending_independent_chemist_review,C[C@H](CB1OC(C)(C)C(C)(C)O1)[C@@H]1C=C(CO)[C@@H](CCO[Si](c2ccccc2)(c2ccccc2)C(C)(C)C)C(C)(C)C1,C36H55BO4Si,ALGFRYMQCPKQIX-DMBDEWFESA-N
paper-9575513b24b2c4f6,S1,S1,SI compound S1,source_drawing_transcription,,pending_independent_chemist_review,C[Si](C)(C)C#CCO,C6H12OSi,ZVGCJDPEKKEYES-UHFFFAOYSA-N
paper-9575513b24b2c4f6,S11,S11,SI compound S11,source_drawing_transcription,,pending_independent_chemist_review,C=C1[C@@H]2C3=C(CCC3=O)[C@H](OC(C)=O)[C@H](C)[C@H]2CC(C)(C)[C@@H]1CCO[Si](c1ccccc1)(c1ccccc1)C(C)(C)C,C37H48O4Si,GCOYNOWCGZCWDK-PRPPFIPESA-N
paper-9575513b24b2c4f6,S12,S12,SI compound S12,source_drawing_transcription,,pending_independent_chemist_review,C=C1[C@H]2[C@H](CC(C)(C)[C@@H]1CCO[Si](c1ccccc1)(c1ccccc1)C(C)(C)C)[C@@H](C)[C@@H](O[Si](CC)(CC)CC)[C@@]1(O)C[C@@H](C)[C@H](OC(=O)c3ccccc3)[C@H]21,C49H70O5Si2,MXLSKOKHBMREAP-IJLAARQYSA-N
paper-9575513b24b2c4f6,S2,S2,SI compound S2,source_drawing_transcription,,pending_independent_chemist_review,C[Si](C)(C)/C=C/C=O,C6H12OSi,KYPJODYLZIOMTO-GQCTYLIASA-N
paper-9575513b24b2c4f6,S3,S3,SI compound S3,source_drawing_transcription,,pending_independent_chemist_review,CC(=O)CC(=O)OC(C)(C)C,C8H14O3,JKUYRAMKJLMYLO-UHFFFAOYSA-N
paper-9575513b24b2c4f6,S4,S4,SI compound S4,source_drawing_transcription,,pending_independent_chemist_review,C[Si](C)(C)[C@@H]1CC=CC(=O)C1,C9H16OSi,XURQBSWHQFVSPZ-SECBINFHSA-N
paper-9575513b24b2c4f6,S5,S5,SI compound S5,source_drawing_transcription,,pending_independent_chemist_review,C=C(C)[C@H]1CC(=O)C[C@H]([Si](C)(C)C)C1,C12H22OSi,STDAXIQFAJXFPD-CMPLNLGQSA-N
paper-9575513b24b2c4f6,S6,S6,SI compound S6,source_drawing_transcription,,pending_independent_chemist_review,C=C(C)[C@@H]1CC=CC(=O)C1,C9H12O,KSEXSUIUOJGHPX-MRVPVSSYSA-N
paper-9575513b24b2c4f6,isopropenylmagnesium bromide,isopropenylmagnesium bromide,SI compound isopropenylmagnesium bromide,source_drawing_transcription,,pending_independent_chemist_review,C=[C](C)[Mg][Br],C3H5BrMg,LFTYALBVGVNGLI-UHFFFAOYSA-M
paper-960f0a43f7299433,1,1,SI compound 1,source_drawing_transcription,,pending_independent_chemist_review,COC(=O)c1cc(CBr)ccc1Br,C9H8Br2O2,LRHPDLMVLCHAEP-UHFFFAOYSA-N
paper-960f0a43f7299433,1a,1a,SI compound 1a,source_drawing_transcription,,pending_independent_chemist_review,C=Cc1ccc(OC)c(-c2cc(CCc3ccc(-c4ccc(OC)cc4)c(C=O)c3)ccc2OC)c1,C32H30O4,YFTMKAUDUCKAIV-UHFFFAOYSA-N
paper-960f0a43f7299433,1aa,1aa,SI compound 1aa,source_drawing_transcription,,pending_independent_chemist_review,COc1ccc2c(c1)/C=C/c1ccc(OC)c(c1)-c1cc(ccc1OC)CCc1ccc-2c(C=O)c1,C32H28O4,VOEALALTCQFXRH-UXBLZVDNSA-N
paper-960f0a43f7299433,2,2,SI compound 2,source_drawing_transcription,,pending_independent_chemist_review,COC(=O)c1cc(C[P+](c2ccccc2)(c2ccccc2)c2ccccc2)ccc1Br.[Br-],C27H23Br2O2P,NZUMVSDTBSKSPQ-UHFFFAOYSA-M
paper-960f0a43f7299433,2-1,2-1,SI compound 2-1,source_drawing_transcription,,pending_independent_chemist_review,COc1ccc(C=O)cc1-c1cc(C2OCCCO2)ccc1OC,C19H20O5,HERSHRAACAIDKQ-UHFFFAOYSA-N
paper-960f0a43f7299433,3,3,SI compound 3,source_drawing_transcription,,pending_independent_chemist_review,COC(=O)c1cc(C=Cc2ccc(OC)c(-c3cc(C4OCCCO4)ccc3OC)c2)ccc1Br,C28H27BrO6,KNCSWIHAVPQJIM-UHFFFAOYSA-N
paper-960f0a43f7299433,4,4,SI compound 4,source_drawing_transcription,,pending_independent_chemist_review,COC(=O)c1cc(C=Cc2ccc(OC)c(-c3cc(C4OCCCO4)ccc3OC)c2)ccc1-c1ccc(OC)cc1,C35H34O7,UDVBNOLUMBIYCR-UHFFFAOYSA-N
paper-960f0a43f7299433,5,5,SI compound 5,source_drawing_transcription,,pending_independent_chemist_review,COC(=O)c1cc(CCc2ccc(OC)c(-c3cc(C=O)ccc3OC)c2)ccc1-c1ccc(OC)cc1,C32H30O6,KZBHOJQCCTZKHR-UHFFFAOYSA-N
paper-960f0a43f7299433,6,6,SI compound 6,source_drawing_transcription,,pending_independent_chemist_review,C=Cc1ccc(OC)c(-c2cc(CCc3ccc(-c4ccc(OC)cc4)c(C(=O)OC)c3)ccc2OC)c1,C33H32O5,LDHXLYVRWNGPPR-UHFFFAOYSA-N
paper-960f0a43f7299433,7,7,SI compound 7,source_drawing_transcription,,pending_independent_chemist_review,COc1ccc2c(c1)CCc1ccc(OC)c(c1)-c1cc(ccc1OC)CCc1ccc-2c(C=O)c1,C32H30O4,HBSAPPCEBPXQIM-UHFFFAOYSA-N
paper-960f0a43f7299433,8,8,SI compound 8,source_drawing_transcription,,pending_independent_chemist_review,COc1ccc2c(c1)CCc1ccc(OC)c(c1)-c1cc(ccc1OC)CCc1ccc-2c(O)c1,C31H30O4,UMVAKVUJVWJWAS-UHFFFAOYSA-N
paper-960f0a43f7299433,Isoplagiochin D,Isoplagiochin D,SI compound Isoplagiochin D,source_drawing_transcription,,pending_independent_chemist_review,Oc1ccc2c(c1)CCc1ccc(O)c(c1)-c1cc(ccc1O)CCc1ccc-2c(O)c1,C28H24O4,ZVVCUSDMHMVYJD-UHFFFAOYSA-N
paper-960f0a43f7299433,methyltriphenylphosphonium bromide,methyltriphenylphosphonium bromide,SI compound methyltriphenylphosphonium bromide,source_drawing_transcription,,pending_independent_chemist_review,C[P+](c1ccccc1)(c1ccccc1)c1ccccc1.[Br-],C19H18BrP,LSEFCHWGJNHZNT-UHFFFAOYSA-M
paper-960f0a43f7299433,p-anisylboronic acid,p-anisylboronic acid,SI compound p-anisylboronic acid,source_drawing_transcription,,pending_independent_chemist_review,COc1ccc(B(O)O)cc1,C7H9BO3,VOAAEKKFGLPLLU-UHFFFAOYSA-N
paper-96939387a0ca2d6e,1,1,bisnicalaterine B,source_drawing_transcription,Source P-helix kept as label metadata; tetrahedral wedges encoded; SMILES does not encode helicity. Alkene geometry pending.,pending_independent_chemist_review,C/C=C1/C[N@@+]2(C)CCc3c([nH]c4ccc(O)c([C@H]5C[C@@]6(CC)CCCN7CCc8c(n5c5ccccc85)[C@H]76)c34)[C@H]2C[C@@H]1CCO,C39H49N4O2+,VOTSDECPXOPQEF-SQUWAYBPSA-O
paper-96939387a0ca2d6e,10,10,10,source_drawing_transcription,source structure connectivity; unspecified stereocenters remain pending,pending_independent_chemist_review,C/C=C(/C=O)C(CCO[Si](c1ccccc1)(c1ccccc1)C(C)(C)C)CC(=O)OC,C26H34O4Si,SVJMVSOFXSSYIX-MPUCSWFWSA-N
paper-96939387a0ca2d6e,11,11,11,source_drawing_transcription,source structure connectivity; unspecified stereocenters remain pending,pending_independent_chemist_review,COC(=O)C(=CCCO[Si](c1ccccc1)(c1ccccc1)C(C)(C)C)C(=O)OC,C24H30O5Si,PBAIGIXOJGPNQC-UHFFFAOYSA-N
paper-96939387a0ca2d6e,12,12,12,source_drawing_transcription,source structure connectivity; unspecified stereocenters remain pending,pending_independent_chemist_review,O=CCCCSc1ccccc1,C10H12OS,GCZRORCGBSJNGZ-UHFFFAOYSA-N
paper-96939387a0ca2d6e,13a-13b,13a/13b,source bracketed aldehyde mixture,source_drawing_transcription,source structure connectivity; unspecified stereocenters remain pending,pending_independent_chemist_review,COC(=O)C(C(=O)OC)C(CCO[Si](c1ccccc1)(c1ccccc1)C(C)(C)C)C(C=O)CCSc1ccccc1,C34H42O6SSi,CCCVOYLALFOQGB-UHFFFAOYSA-N
paper-96939387a0ca2d6e,14a,14a,syn product; source relative stereochemistry pending,source_drawing_transcription,source structure connectivity; unspecified stereocenters remain pending,pending_independent_chemist_review,CCOC(OCC)C(CCSc1ccccc1)C(CCO[Si](c1ccccc1)(c1ccccc1)C(C)(C)C)C(C(=O)OC)C(=O)OC,C38H52O7SSi,HRUYWXIPKVOMAK-UHFFFAOYSA-N
paper-96939387a0ca2d6e,14b,14b,anti product; source relative stereochemistry pending,source_drawing_transcription,source structure connectivity; unspecified stereocenters remain pending,pending_independent_chemist_review,CCOC(OCC)C(CCSc1ccccc1)C(CCO[Si](c1ccccc1)(c1ccccc1)C(C)(C)C)C(C(=O)OC)C(=O)OC,C38H52O7SSi,HRUYWXIPKVOMAK-UHFFFAOYSA-N
paper-96939387a0ca2d6e,15,15,source sulfoxide mixture,source_drawing_transcription,source structure connectivity; unspecified stereocenters remain pending,pending_independent_chemist_review,CCOC(OCC)C(CCS(=O)c1ccccc1)C(CCO[Si](c1ccccc1)(c1ccccc1)C(C)(C)C)C(C(=O)OC)C(=O)OC,C38H52O8SSi,ODSZDDFXJLHYRA-UHFFFAOYSA-N
paper-96939387a0ca2d6e,16,16,16,source_drawing_transcription,source structure connectivity; unspecified stereocenters remain pending,pending_independent_chemist_review,C=CC(C(CCO[Si](c1ccccc1)(c1ccccc1)C(C)(C)C)CC(=O)OC)C(OCC)OCC,C30H44O5Si,LLHPSOVMHYXZNL-UHFFFAOYSA-N
paper-96939387a0ca2d6e,17,17,17,source_drawing_transcription,source structure connectivity; unspecified stereocenters remain pending,pending_independent_chemist_review,C/C=C(/CO)C(CCO[Si](c1ccccc1)(c1ccccc1)C(C)(C)C)CC(=O)OC,C26H36O4Si,RJWCXCGERTVUEX-MPUCSWFWSA-N
paper-96939387a0ca2d6e,18,18,18,source_drawing_transcription,source structure connectivity; unspecified stereocenters remain pending,pending_independent_chemist_review,C/C=C(/COS(C)(=O)=O)C(CCO[Si](c1ccccc1)(c1ccccc1)C(C)(C)C)CC(=O)OC,C27H38O6SSi,RRCJZOWWMDKMIC-HOEBFWFUSA-N
paper-96939387a0ca2d6e,2,2,bisnicalaterine C,source_drawing_transcription,Source M-helix kept as label metadata; tetrahedral wedges encoded; SMILES does not encode helicity. Alkene geometry pending.,pending_independent_chemist_review,C/C=C1/C[N@@+]2(C)CCc3c([nH]c4ccc(O)c([C@H]5C[C@@]6(CC)CCCN7CCc8c(n5c5ccccc85)[C@H]76)c34)[C@H]2C[C@@H]1CCO,C39H49N4O2+,VOTSDECPXOPQEF-SQUWAYBPSA-O
paper-96939387a0ca2d6e,20,20,20,source_drawing_transcription,Source tetrahedral wedges encoded; alkene geometry pending source-to-SMILES verification,pending_independent_chemist_review,C/C=C1/CN2CCc3c([nH]c4ccccc34)[C@@H]2C[C@@H]1CCO[Si](c1ccccc1)(c1ccccc1)C(C)(C)C,C35H42N2OSi,WCXNGABHRSLCDM-JUUUVJNYSA-N
paper-96939387a0ca2d6e,21,21,21,source_drawing_transcription,Source tetrahedral wedges encoded; alkene geometry pending source-to-SMILES verification,pending_independent_chemist_review,C/C=C1/CN2CCc3c([nH]c4ccc(Br)cc34)[C@H]2C[C@@H]1CCO[Si](c1ccccc1)(c1ccccc1)C(C)(C)C,C35H41BrN2OSi,RQZFQAAQRUZLPC-ATFXKVLRSA-N
paper-96939387a0ca2d6e,22,22,22,source_drawing_transcription,Source tetrahedral wedges encoded; alkene geometry pending source-to-SMILES verification,pending_independent_chemist_review,C/C=C1/CN2CCc3c([nH]c4ccc(B5OC(C)(C)C(C)(C)O5)cc34)[C@H]2C[C@@H]1CCO[Si](c1ccccc1)(c1ccccc1)C(C)(C)C,C41H53BN2O3Si,GIYBVBRMYBPAQH-JIXGLGCRSA-N
paper-96939387a0ca2d6e,23,23,23,source_drawing_transcription,Source tetrahedral wedges encoded; alkene geometry pending source-to-SMILES verification,pending_independent_chemist_review,C/C=C1/CN2CCc3c([nH]c4ccc(O)cc34)[C@H]2C[C@@H]1CCO[Si](c1ccccc1)(c1ccccc1)C(C)(C)C,C35H42N2O2Si,HTBKNLTVLZEJDB-ATFXKVLRSA-N
paper-96939387a0ca2d6e,24,24,source hydroxy lactam; tetrahedral geometry pending,source_drawing_transcription,source structure connectivity; unspecified stereocenters remain pending,pending_independent_chemist_review,C/C=C1/CN(CCc2c[nH]c3ccc(O)cc23)C(=O)CC1CCO[Si](c1ccccc1)(c1ccccc1)C(C)(C)C,C35H42N2O3Si,KXLBZFOWXRASNH-PLYROHNOSA-N
paper-96939387a0ca2d6e,25,25,25,source_drawing_transcription,Source tetrahedral wedges encoded; alkene geometry pending source-to-SMILES verification,pending_independent_chemist_review,C/C=C1/C[N@+]2(C)CCc3c([nH]c4ccc(O)cc34)[C@H]2C[C@@H]1CCO[Si](c1ccccc1)(c1ccccc1)C(C)(C)C,C36H45N2O2Si+,CWXZTQFZZALCHH-NGPLVGHJSA-O
paper-96939387a0ca2d6e,26,26,bisnicalaterine 26,source_drawing_transcription,Source P-helix kept as label metadata; tetrahedral wedges encoded; SMILES does not encode helicity. Alkene geometry pending.,pending_independent_chemist_review,C/C=C1/C[N@+]2(C)CCc3c([nH]c4ccc(O)c([C@H]5C[C@@]6(CC)CCCN7CCc8c(n5c5ccccc85)[C@H]76)c34)[C@H]2C[C@@H]1CCO,C39H49N4O2+,VOTSDECPXOPQEF-FSGFPYPSSA-O
paper-96939387a0ca2d6e,27,27,bisnicalaterine 27,source_drawing_transcription,Source M-helix kept as label metadata; tetrahedral wedges encoded; SMILES does not encode helicity. Alkene geometry pending.,pending_independent_chemist_review,C/C=C1/C[N@+]2(C)CCc3c([nH]c4ccc(O)c([C@H]5C[C@@]6(CC)CCCN7CCc8c(n5c5ccccc85)[C@H]76)c34)[C@H]2C[C@@H]1CCO,C39H49N4O2+,VOTSDECPXOPQEF-FSGFPYPSSA-O
paper-96939387a0ca2d6e,28,28,bisnicalaterine 28,source_drawing_transcription,Source P-helix kept as label metadata; tetrahedral wedges encoded; SMILES does not encode helicity. Alkene geometry pending.,pending_independent_chemist_review,C/C=C1/CN2CCc3c([nH]c4ccc(O)c([C@H]5C[C@@]6(CC)CCCN7CCc8c(n5c5ccccc85)[C@H]76)c34)[C@H]2C[C@@H]1CCO,C38H46N4O2,ADJRDTKQXRQHIL-KTEJJHIXSA-N
paper-96939387a0ca2d6e,29,29,bisnicalaterine 29,source_drawing_transcription,Source M-helix kept as label metadata; tetrahedral wedges encoded; SMILES does not encode helicity. Alkene geometry pending.,pending_independent_chemist_review,C/C=C1/CN2CCc3c([nH]c4ccc(O)c([C@H]5C[C@@]6(CC)CCCN7CCc8c(n5c5ccccc85)[C@H]76)c34)[C@H]2C[C@@H]1CCO,C38H46N4O2,ADJRDTKQXRQHIL-KTEJJHIXSA-N
paper-96939387a0ca2d6e,3,3,3,source_drawing_transcription,Source tetrahedral wedges encoded; alkene geometry pending source-to-SMILES verification,pending_independent_chemist_review,C/C=C1/CN2CCc3c([nH]c4ccccc34)[C@@H]2C[C@@H]1CCO,C19H24N2O,LGJLRIJXTPDFNB-VILUJCMCSA-N
paper-96939387a0ca2d6e,30,30,bisnicalaterine 30,source_drawing_transcription,Source M-helix kept as label metadata; tetrahedral wedges encoded; SMILES does not encode helicity. Alkene geometry pending.,pending_independent_chemist_review,C/C=C1/C[N@+]2(C)CCc3c([nH]c4ccc(O)c([C@H]5C[C@@]6(CC)CCC[N+]7(C)CCc8c(n5c5ccccc85)[C@@H]67)c34)[C@H]2C[C@@H]1CCO,C40H52N4O2+2,QNPDRIZZFGZYLA-ADZFEUQGSA-O
paper-96939387a0ca2d6e,31,31,bisnicalaterine 31,source_drawing_transcription,Source P-helix kept as label metadata; tetrahedral wedges encoded; SMILES does not encode helicity. Alkene geometry pending.,pending_independent_chemist_review,C/C=C1/C[N@+]2(C)CCc3c([nH]c4ccc(O)c([C@H]5C[C@@]6(CC)CCC[N+]7(C)CCc8c(n5c5ccccc85)[C@@H]67)c34)[C@H]2C[C@@H]1CCO,C40H52N4O2+2,QNPDRIZZFGZYLA-ADZFEUQGSA-O
paper-96939387a0ca2d6e,4,4,4,source_drawing_transcription,Source tetrahedral wedges encoded; alkene geometry pending source-to-SMILES verification,pending_independent_chemist_review,C/C=C1/CN2CCc3c([nH]c4ccccc34)[C@H]2C[C@@H]1CCO,C19H24N2O,LGJLRIJXTPDFNB-UTEUUWELSA-N
paper-96939387a0ca2d6e,6,6,6,source_drawing_transcription,Source tetrahedral wedges encoded; alkene geometry pending source-to-SMILES verification,pending_independent_chemist_review,C/C=C1/C[N@@+]2(C)CCc3c([nH]c4ccc(O)cc34)[C@H]2C[C@@H]1CCO[Si](c1ccccc1)(c1ccccc1)C(C)(C)C,C36H45N2O2Si+,CWXZTQFZZALCHH-QNRIGKEDSA-O
paper-96939387a0ca2d6e,7,7,7,source_drawing_transcription,Source tetrahedral wedges encoded; alkene geometry pending source-to-SMILES verification,pending_independent_chemist_review,C/C=C1/CN2CCc3c([nH]c4ccccc34)[C@H]2C[C@@H]1CCO[Si](c1ccccc1)(c1ccccc1)C(C)(C)C,C35H42N2OSi,WCXNGABHRSLCDM-AWGZXTDNSA-N
paper-96939387a0ca2d6e,8,8,source lactam; tetrahedral geometry pending,source_drawing_transcription,source structure connectivity; unspecified stereocenters remain pending,pending_independent_chemist_review,C/C=C1/CN(CCc2c[nH]c3ccccc23)C(=O)CC1CCO[Si](c1ccccc1)(c1ccccc1)C(C)(C)C,C35H42N2O2Si,BOJZWECPHXYRAU-HCEIJDMSSA-N
paper-96939387a0ca2d6e,9,9,tryptamine,source_drawing_transcription,source structure connectivity; unspecified stereocenters remain pending,pending_independent_chemist_review,NCCc1c[nH]c2ccccc12,C10H12N2,APJYDQYYACXCRM-UHFFFAOYSA-N
paper-96939387a0ca2d6e,P1,P1,"propane-1,3-diol",source_drawing_transcription,source structure connectivity; unspecified stereocenters remain pending,pending_independent_chemist_review,OCCCO,C3H8O2,YPFDHNVEDLHUCE-UHFFFAOYSA-N
paper-96939387a0ca2d6e,P2,P2,source unnumbered protected alcohol,source_drawing_transcription,source structure connectivity; unspecified stereocenters remain pending,pending_independent_chemist_review,CC(C)(C)[Si](OCCCO)(c1ccccc1)c1ccccc1,C19H26O2Si,NZAGJZSHKTYYMN-UHFFFAOYSA-N
paper-96939387a0ca2d6e,P3,P3,source unnumbered aldehyde,source_drawing_transcription,source structure connectivity; unspecified stereocenters remain pending,pending_independent_chemist_review,CC(C)(C)[Si](OCCC=O)(c1ccccc1)c1ccccc1,C19H24O2Si,CGCIZBQOUGLKBE-UHFFFAOYSA-N
paper-96939387a0ca2d6e,P4,P4,dimethyl malonate,source_drawing_transcription,source structure connectivity; unspecified stereocenters remain pending,pending_independent_chemist_review,COC(=O)CC(=O)OC,C5H8O4,BEPAFCGSDWSTEL-UHFFFAOYSA-N
paper-96939387a0ca2d6e,P5,P5,source unnumbered haloacetal,source_drawing_transcription,source structure connectivity; unspecified stereocenters remain pending,pending_independent_chemist_review,CCOC(CCCCl)OCC,C8H17ClO2,JGGRHRMHOUWCDX-UHFFFAOYSA-N
paper-96939387a0ca2d6e,P6,P6,source drawn thiol substrate,source_drawing_transcription,source structure connectivity; unspecified stereocenters remain pending,pending_independent_chemist_review,Sc1ccccc1,C6H6S,RMVRSNDYEFQCLF-UHFFFAOYSA-N
paper-96939387a0ca2d6e,P7,P7,source unnumbered acetal,source_drawing_transcription,source structure connectivity; unspecified stereocenters remain pending,pending_independent_chemist_review,CCOC(CCCSc1ccccc1)OCC,C14H22O2S,MAWPZBFQIFMXTH-UHFFFAOYSA-N
paper-96939387a0ca2d6e,serotonin,serotonin,source serotonin parent identity; counterion omitted,source_drawing_transcription,source structure connectivity; unspecified stereocenters remain pending,pending_independent_chemist_review,NCCc1c[nH]c2ccc(O)cc12,C10H12N2O,QZAYGJVTTNCVMB-UHFFFAOYSA-N
paper-9737a45310e98867,1,1,Calamistrin A,source_drawing_transcription,,pending_independent_chemist_review,CCCCCCCCCCCC[C@H](O)[C@H]1CC[C@H]([C@H](O)C[C@@H](O)CCCCCCCCCCCCC2=C[C@H](C)OC2=O)O1,C37H68O6,ADPAPZVYVYEBGS-WJTSKZNASA-N
paper-9737a45310e98867,10,10,"(4R,5S)-5-((R)-1-hydroxypent-4-en-1-yl)-N-methoxy-N,2,2-trimethyl-1,3-dioxolane-4-carboxamide",source_drawing_transcription,,pending_independent_chemist_review,C=CCC[C@@H](O)[C@@H]1OC(C)(C)O[C@H]1C(=O)N(C)OC,C13H23NO5,ZBXWJUGPYLWZST-OUAUKWLOSA-N
paper-9737a45310e98867,11,11,"1-((4R,5S)-5-((2R,5R)-5-(((tert-butyldimethylsilyl)oxy)methyl)tetrahydrofuran-2-yl)-2,2-dimethyl-1,3-dioxolan-4-yl)undec-10-en-1-one",source_drawing_transcription,,pending_independent_chemist_review,C=CCCCCCCCCC(=O)[C@@H]1OC(C)(C)O[C@H]1[C@H]1CC[C@H](CO[Si](C)(C)C(C)(C)C)O1,C27H50O5Si,QRCHMQNXXIKRCP-VGCGRUFVSA-N
paper-9737a45310e98867,12,12,"(1R,3S)-1-((2R,5R)-5-(((tert-butyldimethylsilyl)oxy)methyl)tetrahydrofuran-2-yl)tridec-12-ene-1,3-diol",source_drawing_transcription,,pending_independent_chemist_review,C=CCCCCCCCC[C@H](O)C[C@@H](O)[C@H]1CC[C@H](CO[Si](C)(C)C(C)(C)C)O1,C24H48O4Si,QZWWSGVOSLXIAZ-WBADGQHESA-N
paper-9737a45310e98867,12-tris-TBS,,Fully TBS-protected intermediate before selective primary deprotection,procedural_interpretation,,pending_independent_chemist_review,C=CCCCCCCCC[C@@H](C[C@@H](O[Si](C)(C)C(C)(C)C)[C@H]1CC[C@H](CO[Si](C)(C)C(C)(C)C)O1)O[Si](C)(C)C(C)(C)C,C36H76O4Si3,WZLUBQBAYSLTNY-LDLFXXLYSA-N
paper-9737a45310e98867,13,13,"((2R,5R)-5-((5R,7S)-7-(dec-9-en-1-yl)-2,2,3,3,9,9,10,10-octamethyl-4,8-dioxa-3,9-disilaundecan-5-yl)tetrahydrofuran-2-yl)methanol",source_drawing_transcription,,pending_independent_chemist_review,C=CCCCCCCCC[C@@H](C[C@@H](O[Si](C)(C)C(C)(C)C)[C@H]1CC[C@H](CO)O1)O[Si](C)(C)C(C)(C)C,C30H62O4Si2,FZODLOGWIQVDLR-KUXCXQDQSA-N
paper-9737a45310e98867,13-aldehyde,,Crude aldehyde from primary alcohol 13,procedural_interpretation,,pending_independent_chemist_review,C=CCCCCCCCC[C@@H](C[C@@H](O[Si](C)(C)C(C)(C)C)[C@H]1CC[C@H](C=O)O1)O[Si](C)(C)C(C)(C)C,C30H60O4Si2,XPVQBILRDLMMLC-KUXCXQDQSA-N
paper-9737a45310e98867,14,14,"1-((2R,5R)-5-((5R,7S)-7-(dec-9-en-1-yl)-2,2,3,3,9,9,10,10-octamethyl-4,8-dioxa-3,9-disilaundecan-5-yl)tetrahydrofuran-2-yl)tridecan-1-one",source_drawing_transcription,,pending_independent_chemist_review,C=CCCCCCCCC[C@@H](C[C@@H](O[Si](C)(C)C(C)(C)C)[C@H]1CC[C@H](C(=O)CCCCCCCCCCCC)O1)O[Si](C)(C)C(C)(C)C,C42H84O4Si2,DCMPZEUVUGFRPM-RFYRPYBASA-N
paper-9737a45310e98867,14-alcohol-mixture,,Grignard addition alcohol mixture before second Swern oxidation,procedural_interpretation,,pending_independent_chemist_review,C=CCCCCCCCC[C@@H](C[C@@H](O[Si](C)(C)C(C)(C)C)[C@H]1CC[C@H](C(O)CCCCCCCCCCCC)O1)O[Si](C)(C)C(C)(C)C,C42H86O4Si2,YKHFXSNDOJLPAR-WBDJBVJUSA-N
paper-9737a45310e98867,15,15,"(S)-3-((13S,15R,3E)-13,15-bis((tert-butyldimethylsilyl)oxy)-15-((2R,5R)-5-((R)-1-hydroxytridecyl)tetrahydrofuran-2-yl)pentadec-3-en-1-yl)-5-methylfuran-2(5H)-one",source_drawing_transcription,,pending_independent_chemist_review,CCCCCCCCCCCC[C@@H](O)[C@H]1CC[C@H]([C@@H](C[C@H](CCCCCCCCC=CCCC2=C[C@H](C)OC2=O)O[Si](C)(C)C(C)(C)C)O[Si](C)(C)C(C)(C)C)O1,C49H94O6Si2,CMBKIGGHIFVJPS-NSOXXUBMSA-N
paper-9737a45310e98867,16,16,"(S)-3-((13S,15R)-13,15-bis((tert-butyldimethylsilyl)oxy)-15-((2R,5R)-5-((R)-1-hydroxytridecyl)tetrahydrofuran-2-yl)pentadecyl)-5-methylfuran-2(5H)-one",source_drawing_transcription,,pending_independent_chemist_review,CCCCCCCCCCCC[C@@H](O)[C@H]1CC[C@H]([C@@H](C[C@H](CCCCCCCCCCCCC2=C[C@H](C)OC2=O)O[Si](C)(C)C(C)(C)C)O[Si](C)(C)C(C)(C)C)O1,C49H96O6Si2,WXBIBLOBUSKDOB-NSOXXUBMSA-N
paper-9737a45310e98867,17,17,"(S)-1-((2R,5R)-5-((5R,7S)-7-(dec-9-en-1-yl)-2,2,3,3,9,9,10,10-octamethyl-4,8-dioxa-3,9-disilaundecan-5-yl)tetrahydrofuran-2-yl)tridecan-1-ol",source_drawing_transcription,,pending_independent_chemist_review,C=CCCCCCCCC[C@@H](C[C@@H](O[Si](C)(C)C(C)(C)C)[C@H]1CC[C@H]([C@@H](O)CCCCCCCCCCCC)O1)O[Si](C)(C)C(C)(C)C,C42H86O4Si2,YKHFXSNDOJLPAR-IAAQWQSGSA-N
paper-9737a45310e98867,17-nitrobenzoate,,Inverted nitrobenzoate prior to methanolysis,procedural_interpretation,,pending_independent_chemist_review,C=CCCCCCCCC[C@@H](C[C@@H](O[Si](C)(C)C(C)(C)C)[C@H]1CC[C@H]([C@H](CCCCCCCCCCCC)OC(=O)c2cccc([N+](=O)[O-])c2)O1)O[Si](C)(C)C(C)(C)C,C49H89NO7Si2,UWSMNAGLCUSENJ-KHVWVUBRSA-N
paper-9737a45310e98867,18,18,"(S)-3-((13S,15R,3E)-13,15-bis((tert-butyldimethylsilyl)oxy)-15-((2R,5R)-5-((S)-1-hydroxytridecyl)tetrahydrofuran-2-yl)pentadec-3-en-1-yl)-5-methylfuran-2(5H)-one",source_drawing_transcription,,pending_independent_chemist_review,CCCCCCCCCCCC[C@H](O)[C@H]1CC[C@H]([C@@H](C[C@H](CCCCCCCCC=CCCC2=C[C@H](C)OC2=O)O[Si](C)(C)C(C)(C)C)O[Si](C)(C)C(C)(C)C)O1,C49H94O6Si2,CMBKIGGHIFVJPS-REUXFPAUSA-N
paper-9737a45310e98867,19,19,"(S)-3-((13S,15R)-13,15-bis((tert-butyldimethylsilyl)oxy)-15-((2R,5R)-5-((S)-1-hydroxytridecyl)tetrahydrofuran-2-yl)pentadecyl)-5-methylfuran-2(5H)-one",source_drawing_transcription,,pending_independent_chemist_review,CCCCCCCCCCCC[C@H](O)[C@H]1CC[C@H]([C@@H](C[C@H](CCCCCCCCCCCCC2=C[C@H](C)OC2=O)O[Si](C)(C)C(C)(C)C)O[Si](C)(C)C(C)(C)C)O1,C49H96O6Si2,WXBIBLOBUSKDOB-REUXFPAUSA-N
paper-9737a45310e98867,2,2,Uvarigrin,source_drawing_transcription,,pending_independent_chemist_review,CCCCCCCCCCCC[C@@H](O)[C@H]1CC[C@H]([C@H](O)C[C@@H](O)CCCCCCCCCCCCC2=C[C@H](C)OC2=O)O1,C37H68O6,ADPAPZVYVYEBGS-CXPQHEJVSA-N
paper-9737a45310e98867,20,20,(5S)-3-(but-3-en-1-yl)-5-methyl-3-(phenylthio)dihydrofuran-2(3H)-one,source_drawing_transcription,,pending_independent_chemist_review,C=CCCC1(Sc2ccccc2)C[C@H](C)OC1=O,C15H18O2S,METDTNBOPUKZSX-SFVWDYPZSA-N
paper-9737a45310e98867,20-sulfoxide,,Oxidized sulfur intermediate before thermal elimination,procedural_interpretation,,pending_independent_chemist_review,C=CCCC1(S(=O)c2ccccc2)C[C@H](C)OC1=O,C15H18O3S,YRKGUDADAMQYNV-UUZUZFRQSA-N
paper-9737a45310e98867,4,4,"(R)-1-((2R,5R)-5-((5R,7S)-7-(dec-9-en-1-yl)-2,2,3,3,9,9,10,10-octamethyl-4,8-dioxa-3,9-disilaundecan-5-yl)tetrahydrofuran-2-yl)tridecan-1-ol",source_drawing_transcription,,pending_independent_chemist_review,C=CCCCCCCCC[C@@H](C[C@@H](O[Si](C)(C)C(C)(C)C)[C@H]1CC[C@H]([C@H](O)CCCCCCCCCCCC)O1)O[Si](C)(C)C(C)(C)C,C42H86O4Si2,YKHFXSNDOJLPAR-DXGJBRBSSA-N
paper-9737a45310e98867,5,5,(S)-3-(but-3-en-1-yl)-5-methylfuran-2(5H)-one,source_drawing_transcription,,pending_independent_chemist_review,C=CCCC1=C[C@H](C)OC1=O,C9H12O2,MJQDDVWSIYDZAR-ZETCQYMHSA-N
paper-9737a45310e98867,6,6,(5S)-5-methyl-3-(phenylthio)dihydrofuran-2(3H)-one,source_drawing_transcription,,pending_independent_chemist_review,C[C@H]1CC(Sc2ccccc2)C(=O)O1,C11H12O2S,BFJMPYZVXRHURN-PEHGTWAWSA-N
paper-9737a45310e98867,7,7,"(R)-1-((2R,5R)-5-(((tert-butyldimethylsilyl)oxy)methyl)tetrahydrofuran-2-yl)-1-hydroxytridec-12-en-3-one",source_drawing_transcription,,pending_independent_chemist_review,C=CCCCCCCCCC(=O)C[C@@H](O)[C@H]1CC[C@H](CO[Si](C)(C)C(C)(C)C)O1,C24H46O4Si,XFEZIGKCOBIWKG-DNVJHFABSA-N
paper-9737a45310e98867,8,8,"(4R,5S)-5-((2R,5R)-5-(((tert-butyldimethylsilyl)oxy)methyl)tetrahydrofuran-2-yl)-N-methoxy-N,2,2-trimethyl-1,3-dioxolane-4-carboxamide",source_drawing_transcription,,pending_independent_chemist_review,CON(C)C(=O)[C@@H]1OC(C)(C)O[C@H]1[C@H]1CC[C@H](CO[Si](C)(C)C(C)(C)C)O1,C19H37NO6Si,CUDWRVBNUYWNRJ-LVQVYYBASA-N
paper-9737a45310e98867,8-OH,,Primary alcohol before TBS protection in preparation of 8,procedural_interpretation,,pending_independent_chemist_review,CON(C)C(=O)[C@@H]1OC(C)(C)O[C@H]1[C@H]1CC[C@H](CO)O1,C13H23NO6,TXYOMIOFGKYUJD-CHWFTXMASA-N
paper-9737a45310e98867,9,9,"(4R,5R)-N4,N5-dimethoxy-N4,N5,2,2-tetramethyl-1,3-dioxolane-4,5-dicarboxamide",source_drawing_transcription,,pending_independent_chemist_review,CON(C)C(=O)[C@@H]1OC(C)(C)O[C@H]1C(=O)N(C)OC,C11H20N2O6,CAMRUAOZTOKBNT-HTQZYQBOSA-N
paper-9737a45310e98867,9-ketone,,Resultant ketone before reduction to 10,procedural_interpretation,,pending_independent_chemist_review,C=CCCC(=O)[C@@H]1OC(C)(C)O[C@H]1C(=O)N(C)OC,C13H21NO5,RBSJLOUQNMWODR-WDEREUQCSA-N
paper-9737a45310e98867,TBSCl,,tert-butyldimethylsilyl chloride,source_drawing_transcription,,pending_independent_chemist_review,CC(C)(C)[Si](C)(C)Cl,C6H15ClSi,BCNZYOJHNLTNEZ-UHFFFAOYSA-N
paper-9737a45310e98867,TBSOTf,,tert-butyldimethylsilyl triflate,source_drawing_transcription,,pending_independent_chemist_review,CC(C)(C)[Si](C)(C)OS(=O)(=O)C(F)(F)F,C7H15F3O3SSi,WLLIXJBWWFGEHT-UHFFFAOYSA-N
paper-9737a45310e98867,bromobutene,,4-bromo-1-butene,source_drawing_transcription,,pending_independent_chemist_review,C=CCCBr,C4H7Br,DMAYBPBPEUFIHJ-UHFFFAOYSA-N
paper-9737a45310e98867,butenyl-MgBr,,but-3-en-1-ylmagnesium bromide,source_drawing_transcription,,pending_independent_chemist_review,C=CC[CH2-].[Br-].[Mg+2],C4H7BrMg,JAUWOQLHLFMTON-UHFFFAOYSA-M
paper-9737a45310e98867,decenyl-MgBr,,dec-9-en-1-ylmagnesium bromide,source_drawing_transcription,,pending_independent_chemist_review,C=CCCCCCCC[CH2-].[Br-].[Mg+2],C10H19BrMg,DQUOBTTUYRXPQW-UHFFFAOYSA-M
paper-9737a45310e98867,dodecyl-MgBr,,n-dodecylmagnesium bromide,source_drawing_transcription,,pending_independent_chemist_review,[Br-].[CH2-]CCCCCCCCCCC.[Mg+2],C12H25BrMg,MBHQEXPGNCWWBP-UHFFFAOYSA-M
paper-9737a45310e98867,m-nitrobenzoic-acid,,m-nitrobenzoic acid,source_drawing_transcription,,pending_independent_chemist_review,O=C(O)c1cccc([N+](=O)[O-])c1,C7H5NO4,AFPHTEQTJZKQAQ-UHFFFAOYSA-N
paper-9c5caeefea123377,1,1,Source compound 1,source_drawing_transcription,,pending_independent_chemist_review,C=C1C[C@@H](C[C@@H](O)C/C=C/[C@@H](O)CC[C@H]2O[C@@H](CCCC[C@H]3O[C@@H](C[C@H](O)[C@@H]4C[C@@H](O)[C@H](O)[C@@H]([C@H](O)[C@@H](O)CC/C(C)=C/[C@H](O)C[C@@H](O)[C@H]5O[C@@H](C[C@H]6O[C@@H](C/C(C)=C/[C@H](O)C/C=C/[C@@H](O)C[C@H]7OCC[C@H](O)[C@@H]7O)C[C@H](O)[C@@H]6O)C[C@H]5O)O4)C[C@H]3O)C[C@H]2O)O[C@]2(C1)C[C@@H](O)[C@H](O)[C@@H](C[C@H](O)CO)O2,C75H126O30,KLCGSXXYINBJGR-UEXDJNTBSA-N
paper-9c5caeefea123377,10,10,Source compound 10,source_drawing_transcription,,pending_independent_chemist_review,COC(=O)/C=C/C[C@H](O)CCOCc1ccc(OC)cc1,C16H22O5,QEQUSPBYUNNSLL-KQIUPUNMSA-N
paper-9c5caeefea123377,10-dihydroxy-mesylate,,Source compound 10-dihydroxy-mesylate,procedural_interpretation,,pending_independent_chemist_review,COC(=O)[C@@H](O)[C@H](O)C[C@@H](CCOCc1ccc(OC)cc1)OS(C)(=O)=O,C17H26O9S,IDHJGQNXAHSQEN-OAGGEKHMSA-N
paper-9c5caeefea123377,10-mesylate,,Source compound 10-mesylate,procedural_interpretation,,pending_independent_chemist_review,COC(=O)/C=C/C[C@@H](CCOCc1ccc(OC)cc1)OS(C)(=O)=O,C17H24O7S,DJHORAFYJKCHSX-NBUZRDOWSA-N
paper-9c5caeefea123377,11,11,Source compound 11,source_drawing_transcription,,pending_independent_chemist_review,COC(=O)[C@H]1O[C@@H](CCOCc2ccc(OC)cc2)C[C@H]1O[Si](C)(C)C(C)(C)C,C22H36O6Si,ZMEFGBDWPVXTNN-ZCNNSNEGSA-N
paper-9c5caeefea123377,11a,11a,Source compound 11a,source_drawing_transcription,,pending_independent_chemist_review,COC(=O)[C@H]1O[C@@H](CCOCc2ccc(OC)cc2)C[C@H]1O,C16H22O6,FRHFJBZGARCJRW-ZNMIVQPWSA-N
paper-9c5caeefea123377,12,12,Source compound 12,source_drawing_transcription,,pending_independent_chemist_review,O=C1C[C@H](O)CO1,C4H6O3,FUDDLSHBRSNCBV-VKHMYHEASA-N
paper-9c5caeefea123377,13,13,Source compound 13,source_drawing_transcription,,pending_independent_chemist_review,CCOC(=O)C[C@H](O)CI,C6H11IO3,SMWBHOKQXGBYJN-YFKPBYRVSA-N
paper-9c5caeefea123377,14,14,Source compound 14,source_drawing_transcription,,pending_independent_chemist_review,CCOC(=O)C[C@H]1CO1,C6H10O3,WHUSTVAXKRFVPD-YFKPBYRVSA-N
paper-9c5caeefea123377,15,15,Source compound 15,source_drawing_transcription,,pending_independent_chemist_review,CCOC(=O)C[C@H](O)CC#C[Si](C)(C)C,C11H20O3Si,DZLKBIJWOCIWIT-SNVBAGLBSA-N
paper-9c5caeefea123377,16,16,Source compound 16,source_drawing_transcription,,pending_independent_chemist_review,CCOC(=O)C[C@@H](C/C=C\[Si](C)(C)C)O[Si](C)(C)C,C14H30O3Si2,PZLJLTCGNACVGR-PRWOLLLXSA-N
paper-9c5caeefea123377,17,17,Source compound 17,source_drawing_transcription,,pending_independent_chemist_review,CON(C)C(=O)C[C@@H](C/C=C\[Si](C)(C)C)O[Si](C)(C)C,C14H31NO3Si2,VHFWILMPDUMYJP-PRWOLLLXSA-N
paper-9c5caeefea123377,18,18,Source compound 18,source_drawing_transcription,,pending_independent_chemist_review,CC(=O)C[C@@H](C/C=C\[Si](C)(C)C)O[Si](C)(C)C,C13H28O2Si2,QKJNCOYWHFUPDC-CHOZFAJLSA-N
paper-9c5caeefea123377,19,19,Source compound 19,source_drawing_transcription,,pending_independent_chemist_review,COC(=O)[C@H]1O[C@@H](CC=O)C[C@H]1O[Si](C)(C)C(C)(C)C,C14H26O5Si,NRSCMIMYEMMMSR-TUAOUCFPSA-N
paper-9c5caeefea123377,2,2,Source compound 2,source_drawing_transcription,,pending_independent_chemist_review,COc1ccc(COCC[C@@H]2CO2)cc1,C12H16O3,ZOTQIPMMMCLNGW-GFCCVEGCSA-N
paper-9c5caeefea123377,20,20,Source compound 20,source_drawing_transcription,,pending_independent_chemist_review,COC(=O)[C@H]1O[C@@H](C[C@@H]2C=CC[C@H](CC(C)=O)O2)C[C@H]1O[Si](C)(C)C(C)(C)C,C21H36O6Si,WRRVIDAKNGXTPU-SPOLIRPYSA-N
paper-9c5caeefea123377,21,21,Source compound 21,source_drawing_transcription,,pending_independent_chemist_review,COC(=O)[C@H]1O[C@@H](C[C@H]2C=CC[C@H](CC(C)=O)O2)C[C@H]1O[Si](C)(C)C(C)(C)C,C21H36O6Si,WRRVIDAKNGXTPU-FQBWVUSXSA-N
paper-9c5caeefea123377,22,22,Source compound 22,source_drawing_transcription,,pending_independent_chemist_review,COC(=O)[C@H]1O[C@@H](C[C@H]2O[C@@H](CC(C)=O)C[C@H](O[Si](C)(C)C(C)(C)C)[C@@H]2O[Si](C)(C)C(C)(C)C)C[C@H]1O[Si](C)(C)C(C)(C)C,C33H66O8Si3,QANTVHDFGFKLBN-RLRBCCTQSA-N
paper-9c5caeefea123377,23,23,Source compound 23,source_drawing_transcription,,pending_independent_chemist_review,C/C(=C\C(=O)OC(C)(C)C)C[C@H]1C[C@H](O[Si](C)(C)C(C)(C)C)[C@H](O[Si](C)(C)C(C)(C)C)[C@@H](C[C@H]2C[C@@H](O[Si](C)(C)C(C)(C)C)[C@@H](C=O)O2)O1,C38H74O8Si3,LFOBGMFOPLHVAT-HHBKPFGKSA-N
paper-9c5caeefea123377,24,24,Source compound 24,source_drawing_transcription,,pending_independent_chemist_review,CC#CC(C)=O,C5H6O,DZOOXMGZVWHNAS-UHFFFAOYSA-N
paper-9c5caeefea123377,25,25,Source compound 25,source_drawing_transcription,,pending_independent_chemist_review,CC#CC(=O)C[C@@H](O)[C@H]1O[C@@H](C[C@H]2O[C@@H](C/C(C)=C/C(=O)OC(C)(C)C)C[C@H](O[Si](C)(C)C(C)(C)C)[C@@H]2O[Si](C)(C)C(C)(C)C)C[C@H]1O[Si](C)(C)C(C)(C)C,C43H80O9Si3,LNOGLBDSXZJFKK-OSQNHJQSSA-N
paper-9c5caeefea123377,26,26,Source compound 26,source_drawing_transcription,,pending_independent_chemist_review,CC#C[C@H](O)C[C@@H](O)[C@H]1O[C@@H](C[C@H]2O[C@@H](C/C(C)=C/C(=O)OC(C)(C)C)C[C@H](O[Si](C)(C)C(C)(C)C)[C@@H]2O[Si](C)(C)C(C)(C)C)C[C@H]1O[Si](C)(C)C(C)(C)C,C43H82O9Si3,LWFGUFGWIMESGY-FCQLVMBHSA-N
paper-9c5caeefea123377,27,27,Source compound 27,source_drawing_transcription,,pending_independent_chemist_review,CC#C[C@@H](C[C@@H](O[Si](C)(C)C(C)(C)C)[C@H]1O[C@@H](C[C@H]2O[C@@H](C/C(C)=C/C=O)C[C@H](O[Si](C)(C)C(C)(C)C)[C@@H]2O[Si](C)(C)C(C)(C)C)C[C@H]1O[Si](C)(C)C(C)(C)C)O[Si](C)(C)C(C)(C)C,C51H102O8Si5,SIWQDSFJXTZEAM-XEOGVHTLSA-N
paper-9c5caeefea123377,27-alcohol,,Source compound 27-alcohol,procedural_interpretation,,pending_independent_chemist_review,CC#C[C@@H](C[C@@H](O[Si](C)(C)C(C)(C)C)[C@H]1O[C@@H](C[C@H]2O[C@@H](C/C(C)=C/CO)C[C@H](O[Si](C)(C)C(C)(C)C)[C@@H]2O[Si](C)(C)C(C)(C)C)C[C@H]1O[Si](C)(C)C(C)(C)C)O[Si](C)(C)C(C)(C)C,C51H104O8Si5,JQCQIDXQDFGEJT-XEOGVHTLSA-N
paper-9c5caeefea123377,28,28,Source compound 28,source_drawing_transcription,,pending_independent_chemist_review,C=CC[C@@H](O)/C=C(\C)C[C@H]1C[C@H](O[Si](C)(C)C(C)(C)C)[C@H](O[Si](C)(C)C(C)(C)C)[C@@H](C[C@H]2C[C@@H](O[Si](C)(C)C(C)(C)C)[C@@H]([C@@H](C[C@H](C#CC)O[Si](C)(C)C(C)(C)C)O[Si](C)(C)C(C)(C)C)O2)O1,C54H108O8Si5,ULVVUMCLZMIRQE-LZFAZATOSA-N
paper-9c5caeefea123377,29,29,Source compound 29,source_drawing_transcription,,pending_independent_chemist_review,CC#C[C@@H](C[C@@H](O[Si](C)(C)C(C)(C)C)[C@H]1O[C@@H](C[C@H]2O[C@@H](C/C(C)=C/[C@H](O)C/C=C/[C@@H](O)C[C@H]3OCC[C@H](O[Si](C)(C)C(C)(C)C)[C@@H]3O[Si](C)(C)C(C)(C)C)C[C@H](O[Si](C)(C)C(C)(C)C)[C@@H]2O[Si](C)(C)C(C)(C)C)C[C@H]1O[Si](C)(C)C(C)(C)C)O[Si](C)(C)C(C)(C)C,C73H148O12Si7,WRUMGWCDZRKACZ-BAZPMBQNSA-N
paper-9c5caeefea123377,3,3,Source compound 3,source_drawing_transcription,,pending_independent_chemist_review,C=C[C@H](O)CCOCc1ccc(OC)cc1,C13H18O3,CZFCSKCQPWMSLS-LBPRGKRZSA-N
paper-9c5caeefea123377,30,30,Source compound 30,source_drawing_transcription,,pending_independent_chemist_review,C/C(I)=C\[C@@H](C[C@@H](O[Si](C)(C)C(C)(C)C)[C@H]1O[C@@H](C[C@H]2O[C@@H](C/C(C)=C/[C@@H](C/C=C/[C@H](C[C@H]3OCC[C@H](O[Si](C)(C)C(C)(C)C)[C@@H]3O[Si](C)(C)C(C)(C)C)O[Si](C)(C)C(C)(C)C)O[Si](C)(C)C(C)(C)C)C[C@H](O[Si](C)(C)C(C)(C)C)[C@@H]2O[Si](C)(C)C(C)(C)C)C[C@H]1O[Si](C)(C)C(C)(C)C)O[Si](C)(C)C(C)(C)C,C85H177IO12Si9,AKIRBGIQVUONRJ-SNYICCONSA-N
paper-9c5caeefea123377,32,32,Source compound 32,source_drawing_transcription,,pending_independent_chemist_review,CC#C[C@H](O)C[C@@H](O)[C@H]1O[C@@H](C[C@H]2O[C@@H](C/C(C)=C/[C@H](O)C/C=C/[C@@H](O)C[C@H]3OCC[C@H](O)[C@@H]3O)C[C@H](O)[C@@H]2O)C[C@H]1O,C31H50O12,XAVQSDDXFLHOEW-ADLOGCCZSA-N
paper-9c5caeefea123377,38,38,Source compound 38,source_drawing_transcription,,pending_independent_chemist_review,C=C[C@H](O[Si](C)(C)C(C)(C)C)[C@@H](O[Si](C)(C)C(C)(C)C)[C@H]1O[C@H]([C@@H](O)C[C@H]2C[C@@H](O[Si](C)(C)C(C)(C)C)[C@@H](CCCC[C@H]3C[C@@H](O[Si](C)(C)C(C)(C)C)[C@@H](CCC(=O)OC)O3)O2)C[C@@H](O[Si](C)(C)C(C)(C)C)[C@@H]1O[Si](C)(C)C(C)(C)C,C63H130O12Si6,VLQPGWJBOXFJFS-GEKCYBGQSA-N
paper-9c5caeefea123377,39,39,Source compound 39,source_drawing_transcription,,pending_independent_chemist_review,COC(=O)CC[C@H]1O[C@@H](CCCC[C@H]2O[C@@H](C[C@H](O)[C@@H]3C[C@@H](O[Si](C)(C)C(C)(C)C)[C@H](O[Si](C)(C)C(C)(C)C)[C@@H]([C@H](O[Si](C)(C)C(C)(C)C)[C@H](CC/C(C)=C/[C@@H](C[C@@H](O[Si](C)(C)C(C)(C)C)[C@H]4O[C@@H](C[C@H]5O[C@@H](C/C(C)=C/[C@@H](C/C=C/[C@H](C[C@H]6OCC[C@H](O[Si](C)(C)C(C)(C)C)[C@@H]6O[Si](C)(C)C(C)(C)C)O[Si](C)(C)C(C)(C)C)O[Si](C)(C)C(C)(C)C)C[C@H](O[Si](C)(C)C(C)(C)C)[C@@H]5O[Si](C)(C)C(C)(C)C)C[C@H]4O[Si](C)(C)C(C)(C)C)O[Si](C)(C)C(C)(C)C)O[Si](C)(C)C(C)(C)C)O3)C[C@H]2O[Si](C)(C)C(C)(C)C)C[C@H]1O[Si](C)(C)C(C)(C)C,C148H308O24Si15,LDTWIGVAUWQQDP-MLRSNUMGSA-N
paper-9c5caeefea123377,4,4,Source compound 4,source_drawing_transcription,,pending_independent_chemist_review,C=CCCO[C@@H](C=C)CCOCc1ccc(OC)cc1,C17H24O3,MSSRZAQOZOKAHA-INIZCTEOSA-N
paper-9c5caeefea123377,40,40,Source compound 40,source_drawing_transcription,,pending_independent_chemist_review,C/C(=C\[C@@H](C[C@@H](O[Si](C)(C)C(C)(C)C)[C@H]1O[C@@H](C[C@H]2O[C@@H](C/C(C)=C/[C@@H](C/C=C/[C@H](C[C@H]3OCC[C@H](O[Si](C)(C)C(C)(C)C)[C@@H]3O[Si](C)(C)C(C)(C)C)O[Si](C)(C)C(C)(C)C)O[Si](C)(C)C(C)(C)C)C[C@H](O[Si](C)(C)C(C)(C)C)[C@@H]2O[Si](C)(C)C(C)(C)C)C[C@H]1O[Si](C)(C)C(C)(C)C)O[Si](C)(C)C(C)(C)C)CC[C@H](O[Si](C)(C)C(C)(C)C)[C@@H](O[Si](C)(C)C(C)(C)C)[C@H]1O[C@H]([C@@H](O)C[C@H]2C[C@@H](O[Si](C)(C)C(C)(C)C)[C@@H](CCCC[C@H]3C[C@@H](O[Si](C)(C)C(C)(C)C)[C@@H](CCC(=O)Sc4ccc(C)cc4)O3)O2)C[C@@H](O[Si](C)(C)C(C)(C)C)[C@@H]1O[Si](C)(C)C(C)(C)C,C154H312O23SSi15,AJZGTLKREJLTDP-CJWOSRPPSA-N
paper-9c5caeefea123377,40-epi-1,40-epi-1,Source compound 40-epi-1,source_drawing_transcription,,pending_independent_chemist_review,C=C1C[C@@H](C[C@@H](O)C/C=C/[C@@H](O)CC[C@H]2O[C@@H](CCCC[C@H]3O[C@@H](C[C@H](O)[C@@H]4C[C@@H](O)[C@H](O)[C@@H]([C@@H](O)[C@@H](O)CC/C(C)=C/[C@H](O)C[C@@H](O)[C@H]5O[C@@H](C[C@H]6O[C@@H](C/C(C)=C/[C@H](O)C/C=C/[C@@H](O)C[C@H]7OCC[C@H](O)[C@@H]7O)C[C@H](O)[C@@H]6O)C[C@H]5O)O4)C[C@H]3O)C[C@H]2O)O[C@]2(C1)C[C@@H](O)[C@H](O)[C@@H](C[C@H](O)CO)O2,C75H126O30,KLCGSXXYINBJGR-SYZTXTHASA-N
paper-9c5caeefea123377,40-epi-38,40-epi-38,Source compound 40-epi-38,source_drawing_transcription,,pending_independent_chemist_review,C=C[C@H](O[Si](C)(C)C(C)(C)C)[C@H](O[Si](C)(C)C(C)(C)C)[C@H]1O[C@H]([C@@H](O)C[C@H]2C[C@@H](O[Si](C)(C)C(C)(C)C)[C@@H](CCCC[C@H]3C[C@@H](O[Si](C)(C)C(C)(C)C)[C@@H](CCC(=O)OC)O3)O2)C[C@@H](O[Si](C)(C)C(C)(C)C)[C@@H]1O[Si](C)(C)C(C)(C)C,C63H130O12Si6,VLQPGWJBOXFJFS-GQHHLDJMSA-N
paper-9c5caeefea123377,40-epi-39,40-epi-39,Source compound 40-epi-39,source_drawing_transcription,,pending_independent_chemist_review,COC(=O)CC[C@H]1O[C@@H](CCCC[C@H]2O[C@@H](C[C@H](O)[C@@H]3C[C@@H](O[Si](C)(C)C(C)(C)C)[C@H](O[Si](C)(C)C(C)(C)C)[C@@H]([C@@H](O[Si](C)(C)C(C)(C)C)[C@H](CC/C(C)=C/[C@@H](C[C@@H](O[Si](C)(C)C(C)(C)C)[C@H]4O[C@@H](C[C@H]5O[C@@H](C/C(C)=C/[C@@H](C/C=C/[C@H](C[C@H]6OCC[C@H](O[Si](C)(C)C(C)(C)C)[C@@H]6O[Si](C)(C)C(C)(C)C)O[Si](C)(C)C(C)(C)C)O[Si](C)(C)C(C)(C)C)C[C@H](O[Si](C)(C)C(C)(C)C)[C@@H]5O[Si](C)(C)C(C)(C)C)C[C@H]4O[Si](C)(C)C(C)(C)C)O[Si](C)(C)C(C)(C)C)O[Si](C)(C)C(C)(C)C)O3)C[C@H]2O[Si](C)(C)C(C)(C)C)C[C@H]1O[Si](C)(C)C(C)(C)C,C148H308O24Si15,LDTWIGVAUWQQDP-QJWZHBKUSA-N
paper-9c5caeefea123377,40-epi-40,40-epi-40,Source compound 40-epi-40,source_drawing_transcription,,pending_independent_chemist_review,C/C(=C\[C@@H](C[C@@H](O[Si](C)(C)C(C)(C)C)[C@H]1O[C@@H](C[C@H]2O[C@@H](C/C(C)=C/[C@@H](C/C=C/[C@H](C[C@H]3OCC[C@H](O[Si](C)(C)C(C)(C)C)[C@@H]3O[Si](C)(C)C(C)(C)C)O[Si](C)(C)C(C)(C)C)O[Si](C)(C)C(C)(C)C)C[C@H](O[Si](C)(C)C(C)(C)C)[C@@H]2O[Si](C)(C)C(C)(C)C)C[C@H]1O[Si](C)(C)C(C)(C)C)O[Si](C)(C)C(C)(C)C)CC[C@H](O[Si](C)(C)C(C)(C)C)[C@H](O[Si](C)(C)C(C)(C)C)[C@H]1O[C@H]([C@@H](O)C[C@H]2C[C@@H](O[Si](C)(C)C(C)(C)C)[C@@H](CCCC[C@H]3C[C@@H](O[Si](C)(C)C(C)(C)C)[C@@H](CCC(=O)Sc4ccc(C)cc4)O3)O2)C[C@@H](O[Si](C)(C)C(C)(C)C)[C@@H]1O[Si](C)(C)C(C)(C)C,C154H312O23SSi15,AJZGTLKREJLTDP-AXTLYHBQSA-N
paper-9c5caeefea123377,40-epi-42,40-epi-42,Source compound 40-epi-42,source_drawing_transcription,,pending_independent_chemist_review,C=C1C[C@@H](C[C@@H](O)C/C=C/C(=O)CC[C@H]2O[C@@H](CCCC[C@H]3O[C@@H](C[C@H](O)[C@@H]4C[C@@H](O[Si](C)(C)C(C)(C)C)[C@H](O[Si](C)(C)C(C)(C)C)[C@@H]([C@@H](O[Si](C)(C)C(C)(C)C)[C@H](CC/C(C)=C/[C@@H](C[C@@H](O[Si](C)(C)C(C)(C)C)[C@H]5O[C@@H](C[C@H]6O[C@@H](C/C(C)=C/[C@@H](C/C=C/[C@H](C[C@H]7OCC[C@H](O[Si](C)(C)C(C)(C)C)[C@@H]7O[Si](C)(C)C(C)(C)C)O[Si](C)(C)C(C)(C)C)O[Si](C)(C)C(C)(C)C)C[C@H](O[Si](C)(C)C(C)(C)C)[C@@H]6O[Si](C)(C)C(C)(C)C)C[C@H]5O[Si](C)(C)C(C)(C)C)O[Si](C)(C)C(C)(C)C)O[Si](C)(C)C(C)(C)C)O4)C[C@H]3O[Si](C)(C)C(C)(C)C)C[C@H]2O[Si](C)(C)C(C)(C)C)O[C@]2(C1)C[C@@H](OC(=O)c1ccccc1)[C@H](OC(=O)c1ccccc1)[C@@H](C[C@@H](CO[Si](C)(C)C(C)(C)C)O[Si](C)(C)C(C)(C)C)O2,C191H370O32Si17,VZSWMZFFBALJGB-SVFJETLWSA-N
paper-9c5caeefea123377,40-epi-43,40-epi-43,Source compound 40-epi-43,source_drawing_transcription,,pending_independent_chemist_review,C=C1C[C@@H](C[C@@H](O)C/C=C/[C@@H](O)CC[C@H]2O[C@@H](CCCC[C@H]3O[C@@H](C[C@H](O)[C@@H]4C[C@@H](O[Si](C)(C)C(C)(C)C)[C@H](O[Si](C)(C)C(C)(C)C)[C@@H]([C@@H](O[Si](C)(C)C(C)(C)C)[C@H](CC/C(C)=C/[C@@H](C[C@@H](O[Si](C)(C)C(C)(C)C)[C@H]5O[C@@H](C[C@H]6O[C@@H](C/C(C)=C/[C@@H](C/C=C/[C@H](C[C@H]7OCC[C@H](O[Si](C)(C)C(C)(C)C)[C@@H]7O[Si](C)(C)C(C)(C)C)O[Si](C)(C)C(C)(C)C)O[Si](C)(C)C(C)(C)C)C[C@H](O[Si](C)(C)C(C)(C)C)[C@@H]6O[Si](C)(C)C(C)(C)C)C[C@H]5O[Si](C)(C)C(C)(C)C)O[Si](C)(C)C(C)(C)C)O[Si](C)(C)C(C)(C)C)O4)C[C@H]3O[Si](C)(C)C(C)(C)C)C[C@H]2O[Si](C)(C)C(C)(C)C)O[C@]2(C1)C[C@@H](OC(=O)c1ccccc1)[C@H](OC(=O)c1ccccc1)[C@@H](C[C@@H](CO[Si](C)(C)C(C)(C)C)O[Si](C)(C)C(C)(C)C)O2,C191H372O32Si17,AEZDSGZHYHYNNR-IFCCDQOGSA-N
paper-9c5caeefea123377,40-epi-43-debenzoylated,,Source compound 40-epi-43-debenzoylated,procedural_interpretation,,pending_independent_chemist_review,C=C1C[C@@H](C[C@@H](O)C/C=C/[C@@H](O)CC[C@H]2O[C@@H](CCCC[C@H]3O[C@@H](C[C@H](O)[C@@H]4C[C@@H](O[Si](C)(C)C(C)(C)C)[C@H](O[Si](C)(C)C(C)(C)C)[C@@H]([C@@H](O[Si](C)(C)C(C)(C)C)[C@H](CC/C(C)=C/[C@@H](C[C@@H](O[Si](C)(C)C(C)(C)C)[C@H]5O[C@@H](C[C@H]6O[C@@H](C/C(C)=C/[C@@H](C/C=C/[C@H](C[C@H]7OCC[C@H](O[Si](C)(C)C(C)(C)C)[C@@H]7O[Si](C)(C)C(C)(C)C)O[Si](C)(C)C(C)(C)C)O[Si](C)(C)C(C)(C)C)C[C@H](O[Si](C)(C)C(C)(C)C)[C@@H]6O[Si](C)(C)C(C)(C)C)C[C@H]5O[Si](C)(C)C(C)(C)C)O[Si](C)(C)C(C)(C)C)O[Si](C)(C)C(C)(C)C)O4)C[C@H]3O[Si](C)(C)C(C)(C)C)C[C@H]2O[Si](C)(C)C(C)(C)C)O[C@]2(C1)C[C@@H](O)[C@H](O)[C@@H](C[C@@H](CO[Si](C)(C)C(C)(C)C)O[Si](C)(C)C(C)(C)C)O2,C177H364O30Si17,QKADXOGPBMLZDX-ZMOVTKTKSA-N
paper-9c5caeefea123377,41,41,Source compound 41,source_drawing_transcription,,pending_independent_chemist_review,C=C1C[C@@H](C[C@@H](O)C/C=[CH]/[Sn]([CH2]CCC)([CH2]CCC)[CH2]CCC)O[C@]2(C1)C[C@@H](OC(=O)c1ccccc1)[C@H](OC(=O)c1ccccc1)[C@@H](C[C@@H](CO[Si](C)(C)C(C)(C)C)O[Si](C)(C)C(C)(C)C)O2,C56H92O9Si2Sn,WYKCBCVPMIJGOL-IIOHQOKVSA-N
paper-9c5caeefea123377,42,42,Source compound 42,source_drawing_transcription,,pending_independent_chemist_review,C=C1C[C@@H](C[C@@H](O)C/C=C/C(=O)CC[C@H]2O[C@@H](CCCC[C@H]3O[C@@H](C[C@H](O)[C@@H]4C[C@@H](O[Si](C)(C)C(C)(C)C)[C@H](O[Si](C)(C)C(C)(C)C)[C@@H]([C@H](O[Si](C)(C)C(C)(C)C)[C@H](CC/C(C)=C/[C@@H](C[C@@H](O[Si](C)(C)C(C)(C)C)[C@H]5O[C@@H](C[C@H]6O[C@@H](C/C(C)=C/[C@@H](C/C=C/[C@H](C[C@H]7OCC[C@H](O[Si](C)(C)C(C)(C)C)[C@@H]7O[Si](C)(C)C(C)(C)C)O[Si](C)(C)C(C)(C)C)O[Si](C)(C)C(C)(C)C)C[C@H](O[Si](C)(C)C(C)(C)C)[C@@H]6O[Si](C)(C)C(C)(C)C)C[C@H]5O[Si](C)(C)C(C)(C)C)O[Si](C)(C)C(C)(C)C)O[Si](C)(C)C(C)(C)C)O4)C[C@H]3O[Si](C)(C)C(C)(C)C)C[C@H]2O[Si](C)(C)C(C)(C)C)O[C@]2(C1)C[C@@H](OC(=O)c1ccccc1)[C@H](OC(=O)c1ccccc1)[C@@H](C[C@@H](CO[Si](C)(C)C(C)(C)C)O[Si](C)(C)C(C)(C)C)O2,C191H370O32Si17,VZSWMZFFBALJGB-XFEZWFCXSA-N
paper-9c5caeefea123377,43,43,Source compound 43,source_drawing_transcription,,pending_independent_chemist_review,C=C1C[C@@H](C[C@@H](O)C/C=C/[C@@H](O)CC[C@H]2O[C@@H](CCCC[C@H]3O[C@@H](C[C@H](O)[C@@H]4C[C@@H](O[Si](C)(C)C(C)(C)C)[C@H](O[Si](C)(C)C(C)(C)C)[C@@H]([C@H](O[Si](C)(C)C(C)(C)C)[C@H](CC/C(C)=C/[C@@H](C[C@@H](O[Si](C)(C)C(C)(C)C)[C@H]5O[C@@H](C[C@H]6O[C@@H](C/C(C)=C/[C@@H](C/C=C/[C@H](C[C@H]7OCC[C@H](O[Si](C)(C)C(C)(C)C)[C@@H]7O[Si](C)(C)C(C)(C)C)O[Si](C)(C)C(C)(C)C)O[Si](C)(C)C(C)(C)C)C[C@H](O[Si](C)(C)C(C)(C)C)[C@@H]6O[Si](C)(C)C(C)(C)C)C[C@H]5O[Si](C)(C)C(C)(C)C)O[Si](C)(C)C(C)(C)C)O[Si](C)(C)C(C)(C)C)O4)C[C@H]3O[Si](C)(C)C(C)(C)C)C[C@H]2O[Si](C)(C)C(C)(C)C)O[C@]2(C1)C[C@@H](OC(=O)c1ccccc1)[C@H](OC(=O)c1ccccc1)[C@@H](C[C@@H](CO[Si](C)(C)C(C)(C)C)O[Si](C)(C)C(C)(C)C)O2,C191H372O32Si17,AEZDSGZHYHYNNR-GZXYIZASSA-N
paper-9c5caeefea123377,43-debenzoylated,,Source compound 43-debenzoylated,procedural_interpretation,,pending_independent_chemist_review,C=C1C[C@@H](C[C@@H](O)C/C=C/[C@@H](O)CC[C@H]2O[C@@H](CCCC[C@H]3O[C@@H](C[C@H](O)[C@@H]4C[C@@H](O[Si](C)(C)C(C)(C)C)[C@H](O[Si](C)(C)C(C)(C)C)[C@@H]([C@H](O[Si](C)(C)C(C)(C)C)[C@H](CC/C(C)=C/[C@@H](C[C@@H](O[Si](C)(C)C(C)(C)C)[C@H]5O[C@@H](C[C@H]6O[C@@H](C/C(C)=C/[C@@H](C/C=C/[C@H](C[C@H]7OCC[C@H](O[Si](C)(C)C(C)(C)C)[C@@H]7O[Si](C)(C)C(C)(C)C)O[Si](C)(C)C(C)(C)C)O[Si](C)(C)C(C)(C)C)C[C@H](O[Si](C)(C)C(C)(C)C)[C@@H]6O[Si](C)(C)C(C)(C)C)C[C@H]5O[Si](C)(C)C(C)(C)C)O[Si](C)(C)C(C)(C)C)O[Si](C)(C)C(C)(C)C)O4)C[C@H]3O[Si](C)(C)C(C)(C)C)C[C@H]2O[Si](C)(C)C(C)(C)C)O[C@]2(C1)C[C@@H](O)[C@H](O)[C@@H](C[C@@H](CO[Si](C)(C)C(C)(C)C)O[Si](C)(C)C(C)(C)C)O2,C177H364O30Si17,QKADXOGPBMLZDX-WDWSRYTHSA-N
paper-9c5caeefea123377,46-epi-26,46-epi-26,Source compound 46-epi-26,source_drawing_transcription,,pending_independent_chemist_review,CC#C[C@@H](O)C[C@@H](O)[C@H]1O[C@@H](C[C@H]2O[C@@H](C/C(C)=C/C(=O)OC(C)(C)C)C[C@H](O[Si](C)(C)C(C)(C)C)[C@@H]2O[Si](C)(C)C(C)(C)C)C[C@H]1O[Si](C)(C)C(C)(C)C,C43H82O9Si3,LWFGUFGWIMESGY-ACXBZGADSA-N
paper-9c5caeefea123377,48-epi-25,48-epi-25,Source compound 48-epi-25,source_drawing_transcription,,pending_independent_chemist_review,CC#CC(=O)C[C@H](O)[C@H]1O[C@@H](C[C@H]2O[C@@H](C/C(C)=C/C(=O)OC(C)(C)C)C[C@H](O[Si](C)(C)C(C)(C)C)[C@@H]2O[Si](C)(C)C(C)(C)C)C[C@H]1O[Si](C)(C)C(C)(C)C,C43H80O9Si3,LNOGLBDSXZJFKK-AJHJPRINSA-N
paper-9c5caeefea123377,5,5,Source compound 5,source_drawing_transcription,,pending_independent_chemist_review,COc1ccc(COCC[C@H]2OCC[C@H](O)[C@@H]2O)cc1,C15H22O5,SRMPQVHGEAMDQJ-ZNMIVQPWSA-N
paper-9c5caeefea123377,6,6,Source compound 6,source_drawing_transcription,,pending_independent_chemist_review,CC(C)(C)[Si](C)(C)O[C@H]1[C@@H](O[Si](C)(C)C(C)(C)C)CCO[C@@H]1CC=O,C19H40O4Si2,JELUSHQCQLHQPV-IXDOHACOSA-N
paper-9c5caeefea123377,7,7,Source compound 7,source_drawing_transcription,,pending_independent_chemist_review,C=C[C@@H](O)C[C@H]1OCC[C@H](O[Si](C)(C)C(C)(C)C)[C@@H]1O[Si](C)(C)C(C)(C)C,C21H44O4Si2,HEUOWNFLGIUFPS-HCXYKTFWSA-N
paper-9c5caeefea123377,8,8,Source compound 8,source_drawing_transcription,,pending_independent_chemist_review,C=C[C@H](O)C[C@H]1OCC[C@H](O[Si](C)(C)C(C)(C)C)[C@@H]1O[Si](C)(C)C(C)(C)C,C21H44O4Si2,HEUOWNFLGIUFPS-OKYOBFRVSA-N
paper-9c5caeefea123377,8a,8a,Source compound 8a,source_drawing_transcription,,pending_independent_chemist_review,C=CC(=O)C[C@H]1OCC[C@H](O[Si](C)(C)C(C)(C)C)[C@@H]1O[Si](C)(C)C(C)(C)C,C21H42O4Si2,KQQVFCJTEIJWGG-OTWHNJEPSA-N
paper-9c5caeefea123377,9,9,Source compound 9,source_drawing_transcription,,pending_independent_chemist_review,C=CC[C@H](O)CCOCc1ccc(OC)cc1,C14H20O3,WPQXCBHWBKRBLH-ZDUSSCGKSA-N
paper-9c5caeefea123377,C-vinylstannane,,Source compound C-vinylstannane,procedural_interpretation,,pending_independent_chemist_review,CCC[CH2][Sn]([CH2]CCC)([CH2]CCC)/[C](C)=C/[C@@H](C[C@@H](O[Si](C)(C)C(C)(C)C)[C@H]1O[C@@H](C[C@H]2O[C@@H](C/C(C)=C/[C@@H](C/C=C/[C@H](C[C@H]3OCC[C@H](O[Si](C)(C)C(C)(C)C)[C@@H]3O[Si](C)(C)C(C)(C)C)O[Si](C)(C)C(C)(C)C)O[Si](C)(C)C(C)(C)C)C[C@H](O[Si](C)(C)C(C)(C)C)[C@@H]2O[Si](C)(C)C(C)(C)C)C[C@H]1O[Si](C)(C)C(C)(C)C)O[Si](C)(C)C(C)(C)C,C97H204O12Si9Sn,MGAKOYGWFZTFLQ-CFGYKVHASA-N
paper-9c5caeefea123377,L-aspartic-acid,,Source compound L-aspartic-acid,source_drawing_transcription,,pending_independent_chemist_review,N[C@@H](CC(=O)O)C(=O)O,C4H7NO4,CKLJMWTZIZZHCS-REOHCLBHSA-N
paper-9c5caeefea123377,S1,S1,Source compound S1,source_drawing_transcription,,pending_independent_chemist_review,C=C[C@@H](CCOCc1ccc(OC)cc1)OCCCCBr,C17H25BrO3,UVOSORGQDSSULP-INIZCTEOSA-N
paper-9c5caeefea123377,S13,S13,Source compound S13,source_drawing_transcription,,pending_independent_chemist_review,CC#C[C@@H](C[C@@H](O[Si](C)(C)C(C)(C)C)[C@H]1O[C@@H](C[C@H]2O[C@@H](C/C(C)=C/C(=O)OC(C)(C)C)C[C@H](O[Si](C)(C)C(C)(C)C)[C@@H]2O[Si](C)(C)C(C)(C)C)C[C@H]1O[Si](C)(C)C(C)(C)C)O[Si](C)(C)C(C)(C)C,C55H110O9Si5,DAMNASIEOYDDCQ-ALLWCGIGSA-N
paper-9c5caeefea123377,S14,S14,Source compound S14,source_drawing_transcription,,pending_independent_chemist_review,CC#C[C@@H](C[C@@H](O[Si](C)(C)C(C)(C)C)[C@H]1O[C@@H](C[C@H]2O[C@@H](C/C(C)=C/[C@@H](C/C=C/[C@H](C[C@H]3OCC[C@H](O[Si](C)(C)C(C)(C)C)[C@@H]3O[Si](C)(C)C(C)(C)C)O[Si](C)(C)C(C)(C)C)O[Si](C)(C)C(C)(C)C)C[C@H](O[Si](C)(C)C(C)(C)C)[C@@H]2O[Si](C)(C)C(C)(C)C)C[C@H]1O[Si](C)(C)C(C)(C)C)O[Si](C)(C)C(C)(C)C,C85H176O12Si9,KAIZVORQLBFFOW-FNMXNGRVSA-N
paper-9c5caeefea123377,S2,S2,Source compound S2,source_drawing_transcription,,pending_independent_chemist_review,COc1ccc(COCC[C@@H]2C=CCCO2)cc1,C15H20O3,MCFTXJMKLGAAJD-HNNXBMFYSA-N
paper-9c5caeefea123377,S3,S3,Source compound S3,source_drawing_transcription,,pending_independent_chemist_review,COc1ccc(COCC[C@H]2OCC[C@H](O[Si](C)(C)C(C)(C)C)[C@@H]2O[Si](C)(C)C(C)(C)C)cc1,C27H50O5Si2,ZPNQXXVTSDEDML-DSNGMDLFSA-N
paper-9c5caeefea123377,S4,S4,Source compound S4,source_drawing_transcription,,pending_independent_chemist_review,CC(C)(C)[Si](C)(C)O[C@H]1[C@@H](O[Si](C)(C)C(C)(C)C)CCO[C@@H]1CCO,C19H42O4Si2,VNUFNFGCFJEXJO-IXDOHACOSA-N
paper-9c5caeefea123377,S5,S5,Source compound S5,source_drawing_transcription,,pending_independent_chemist_review,CCOC(=O)C[C@H](O)C/C=C\[Si](C)(C)C,C11H22O3Si,FCAWITKJIWALOF-BJPMOSCESA-N
paper-9c5caeefea123377,S6,S6,Source compound S6,source_drawing_transcription,,pending_independent_chemist_review,COC(=O)[C@H]1O[C@@H](CCO)C[C@H]1O[Si](C)(C)C(C)(C)C,C14H28O5Si,RGAWRSFSYWEBDG-TUAOUCFPSA-N
paper-9c5caeefea123377,S7,S7,Source compound S7,source_drawing_transcription,,pending_independent_chemist_review,COC(=O)[C@H]1O[C@@H](C[C@H]2O[C@@H](CC(C)=O)C[C@H](O)[C@@H]2O)C[C@H]1O[Si](C)(C)C(C)(C)C,C21H38O8Si,IMEHINMLJIQFOD-GDWHUGQFSA-N
paper-9c5caeefea123377,S8-E,S8-E,Source compound S8-E,source_drawing_transcription,,pending_independent_chemist_review,COC(=O)[C@H]1O[C@@H](C[C@H]2O[C@@H](C/C(C)=C/C(=O)OC(C)(C)C)C[C@H](O[Si](C)(C)C(C)(C)C)[C@@H]2O[Si](C)(C)C(C)(C)C)C[C@H]1O[Si](C)(C)C(C)(C)C,C39H76O9Si3,SJOGMQWPRPPYLJ-GZMNKPIGSA-N
paper-9c5caeefea123377,S8-Z,S8-Z,Source compound S8-Z,source_drawing_transcription,,pending_independent_chemist_review,COC(=O)[C@H]1O[C@@H](C[C@H]2O[C@@H](C/C(C)=C\C(=O)OC(C)(C)C)C[C@H](O[Si](C)(C)C(C)(C)C)[C@@H]2O[Si](C)(C)C(C)(C)C)C[C@H]1O[Si](C)(C)C(C)(C)C,C39H76O9Si3,SJOGMQWPRPPYLJ-JKAHGOQISA-N
paper-9c5caeefea123377,TMS-propyne,,Source compound TMS-propyne,source_drawing_transcription,,pending_independent_chemist_review,CC#C[Si](C)(C)C,C6H12Si,DCGLONGLPGISNX-UHFFFAOYSA-N
paper-9c5caeefea123377,acetyl-chloride,,Source compound acetyl-chloride,source_drawing_transcription,,pending_independent_chemist_review,CC(=O)Cl,C2H3ClO,WETWJCDKMRHUPV-UHFFFAOYSA-N
paper-b38d789b97e61341,13,13,quaternary ammonium iodide 13,source_drawing_transcription,Unspecified source stereochemistry retained; no enantiomer or alkene geometry completion,pending_independent_chemist_review,C=CCCCCN(CCC1c2[nH]c3ccccc3c2CC[N+]1(C)C)C(=O)CCCC=C.[I-],C27H40IN3O,HWISSKFJAGJETJ-UHFFFAOYSA-M
paper-b38d789b97e61341,15,15,model dienamide 15,source_drawing_transcription,Unspecified source stereochemistry retained; no enantiomer or alkene geometry completion,pending_independent_chemist_review,C=CCCCCN(CCCc1ccccc1)C(=O)CCCC=C,C21H31NO,ZPPNKPVDFLEZNM-UHFFFAOYSA-N
paper-b38d789b97e61341,17,17,model secondary amine 17,source_drawing_transcription,Unspecified source stereochemistry retained; no enantiomer or alkene geometry completion,pending_independent_chemist_review,C=CCCCCNCCCc1ccccc1,C15H23N,NJSAXKQLGQOUSW-UHFFFAOYSA-N
paper-b38d789b97e61341,2,2,rac-Keramamine C,source_drawing_transcription,Unspecified source stereochemistry retained; no enantiomer or alkene geometry completion,pending_independent_chemist_review,C1=CCCCCN(CCC2NCCc3c2[nH]c2ccccc32)CCCC1,C23H33N3,DHONBOQKWNCGKC-UHFFFAOYSA-N
paper-b38d789b97e61341,3,3,tetrahydro-beta-carboline dienamide 3,source_drawing_transcription,Unspecified source stereochemistry retained; no enantiomer or alkene geometry completion,pending_independent_chemist_review,C=CCCCCN(CCC1NCCc2c1[nH]c1ccccc21)C(=O)CCCC=C,C25H35N3O,AOHCBLCGFRWRNG-UHFFFAOYSA-N
paper-b38d789b97e61341,4,4,macrocyclic lactam 4 (covalent parent),source_drawing_transcription,Unspecified source stereochemistry retained; no enantiomer or alkene geometry completion,pending_independent_chemist_review,O=C1CCCC=CCCCCN1CCC1NCCc2c1[nH]c1ccccc21,C23H31N3O,CBOMMYGKQIEKHE-UHFFFAOYSA-N
paper-b38d789b97e61341,6,6,amine 6,source_drawing_transcription,Unspecified source stereochemistry retained; no enantiomer or alkene geometry completion,pending_independent_chemist_review,C=CCCCCNCCC(OCC)OCC,C13H27NO2,ISMGKECZMGZTNY-UHFFFAOYSA-N
paper-b38d789b97e61341,7,7,dienamide acetal 7,source_drawing_transcription,Unspecified source stereochemistry retained; no enantiomer or alkene geometry completion,pending_independent_chemist_review,C=CCCCCN(CCC(OCC)OCC)C(=O)CCCC=C,C19H35NO3,KIGJIZCFMJTXHS-UHFFFAOYSA-N
paper-b38d789b97e61341,aminoacetal,,"3,3-diethoxypropan-1-amine",procedural_interpretation,Unspecified source stereochemistry retained; no enantiomer or alkene geometry completion,pending_independent_chemist_review,CCOC(CCN)OCC,C7H17NO2,PXXMSHBZYAOHBD-UHFFFAOYSA-N
paper-b38d789b97e61341,bromohexene,,6-bromohex-1-ene,procedural_interpretation,Unspecified source stereochemistry retained; no enantiomer or alkene geometry completion,pending_independent_chemist_review,C=CCCCCBr,C6H11Br,RIMXEJYJXDBLIE-UHFFFAOYSA-N
paper-b38d789b97e61341,hexenoic-acid,,hex-5-enoic acid,procedural_interpretation,Unspecified source stereochemistry retained; no enantiomer or alkene geometry completion,pending_independent_chemist_review,C=CCCCC(=O)O,C6H10O2,XUDOZULIAWNMIU-UHFFFAOYSA-N
paper-b38d789b97e61341,phenylpropylamine,,3-phenylpropan-1-amine,procedural_interpretation,Unspecified source stereochemistry retained; no enantiomer or alkene geometry completion,pending_independent_chemist_review,NCCCc1ccccc1,C9H13N,LYUQWQRTDLVQGA-UHFFFAOYSA-N
paper-b38d789b97e61341,tryptamine,,tryptamine,procedural_interpretation,Unspecified source stereochemistry retained; no enantiomer or alkene geometry completion,pending_independent_chemist_review,NCCc1c[nH]c2ccccc12,C10H12N2,APJYDQYYACXCRM-UHFFFAOYSA-N
paper-bcb45e24169aebc0,10,10,Source compound 10,source_drawing_transcription,Relative source drawing encoded as representative canonical isomer; enhanced AND group retained; absolute assignment not asserted,pending_independent_chemist_review,Nc1c[nH]c2ccccc12,C8H8N2,TXQAZWIBPGKHOX-UHFFFAOYSA-N
paper-bcb45e24169aebc0,10-prime,10',Source compound 10-prime,source_drawing_transcription,Relative source drawing encoded as representative canonical isomer; enhanced AND group retained; absolute assignment not asserted,pending_independent_chemist_review,Cc1ccc(S(=O)(=O)n2cc(N)c3ccccc32)cc1,C15H14N2O2S,WSLUAZMJQWRPIV-UHFFFAOYSA-N
paper-bcb45e24169aebc0,11,11,Source compound 11,source_drawing_transcription,Relative source drawing encoded as representative canonical isomer; enhanced AND group retained; absolute assignment not asserted,pending_independent_chemist_review,CC(C)[Si](OCCCC=O)(C(C)C)C(C)C,C13H28O2Si,FKBHQOYTZWRTFO-UHFFFAOYSA-N
paper-bcb45e24169aebc0,12,12,Source compound 12,source_drawing_transcription,Relative source drawing encoded as representative canonical isomer; enhanced AND group retained; absolute assignment not asserted,pending_independent_chemist_review,COC(=O)/C=C/c1cc(OC)c(O[Si](C(C)C)(C(C)C)C(C)C)c(OC)c1,C21H34O5Si,PUNPMGJPVXKUHB-ZHACJKMWSA-N
paper-bcb45e24169aebc0,13,13,Source compound 13,source_drawing_transcription,Relative source drawing encoded as representative canonical isomer; enhanced AND group retained; absolute assignment not asserted,pending_independent_chemist_review,O=C(O)c1c[nH]c2ccccc12,C9H7NO2,KMAKOBLIOCQGJP-UHFFFAOYSA-N
paper-bcb45e24169aebc0,13-prime,13',Source compound 13-prime,source_drawing_transcription,Relative source drawing encoded as representative canonical isomer; enhanced AND group retained; absolute assignment not asserted,pending_independent_chemist_review,Cc1ccc(S(=O)(=O)n2cc(C(=O)O)c3ccccc32)cc1,C16H13NO4S,IMYNPWUFTCRYQY-UHFFFAOYSA-N
paper-bcb45e24169aebc0,14,14,Source compound 14,source_drawing_transcription,Relative source drawing encoded as representative canonical isomer; enhanced AND group retained; absolute assignment not asserted,pending_independent_chemist_review,O=C(Nc1c[nH]c2ccccc12)OCc1ccccc1,C16H14N2O2,UYTVPMXFFOYJLG-UHFFFAOYSA-N
paper-bcb45e24169aebc0,14-prime,14',Source compound 14-prime,source_drawing_transcription,Relative source drawing encoded as representative canonical isomer; enhanced AND group retained; absolute assignment not asserted,pending_independent_chemist_review,Cc1ccc(S(=O)(=O)n2cc(NC(=O)OCc3ccccc3)c3ccccc32)cc1,C23H20N2O4S,BJTZKMQAPSOYIX-UHFFFAOYSA-N
paper-bcb45e24169aebc0,15,15,Source compound 15,source_drawing_transcription,Relative source drawing encoded as representative canonical isomer; enhanced AND group retained; absolute assignment not asserted,pending_independent_chemist_review,Cc1ccc(S(=O)(=O)n2cc(N=CCCCO[Si](C(C)C)(C(C)C)C(C)C)c3ccccc32)cc1,C28H40N2O3SSi,JOZMZSBFSSSGBO-UHFFFAOYSA-N
paper-bcb45e24169aebc0,16,16,Source compound 16,source_drawing_transcription,Relative source drawing encoded as representative canonical isomer; enhanced AND group retained; absolute assignment not asserted,pending_independent_chemist_review,COC(=O)[C@@H]1[C@@H](c2cc(OC)c(O[Si](C(C)C)(C(C)C)C(C)C)c(OC)c2)c2c(c3ccccc3n2S(=O)(=O)c2ccc(C)cc2)N[C@H]1CCCO,C40H54N2O8SSi,NLBJTFVYODMPRJ-NUHNATIRSA-N
paper-bcb45e24169aebc0,17,17,Source compound 17,source_drawing_transcription,Relative source drawing encoded as representative canonical isomer; enhanced AND group retained; absolute assignment not asserted,pending_independent_chemist_review,COC(=O)[C@@H]1[C@@H](c2cc(OC)c(O[Si](C(C)C)(C(C)C)C(C)C)c(OC)c2)c2c(c3ccccc3n2S(=O)(=O)c2ccc(C)cc2)N2CCC[C@@H]12,C40H52N2O7SSi,JCWACLXYNQRDJB-FVMJKZGTSA-N
paper-bcb45e24169aebc0,18,18,Source compound 18,source_drawing_transcription,Relative source drawing encoded as representative canonical isomer; enhanced AND group retained; absolute assignment not asserted,pending_independent_chemist_review,BrCCCC1OCCO1,C6H11BrO2,IQIXIJRPYSOGPY-UHFFFAOYSA-N
paper-bcb45e24169aebc0,19,19,Source compound 19,source_drawing_transcription,Relative source drawing encoded as representative canonical isomer; enhanced AND group retained; absolute assignment not asserted,pending_independent_chemist_review,Cc1ccc(S(=O)(=O)n2cc(N=CCCCBr)c3ccccc32)cc1,C19H19BrN2O2S,RAIKGWQWPPUHPP-UHFFFAOYSA-N
paper-bcb45e24169aebc0,20,20,Source compound 20,source_drawing_transcription,Relative source drawing encoded as representative canonical isomer; enhanced AND group retained; absolute assignment not asserted,pending_independent_chemist_review,COC(=O)[C@@H]1[C@@H](c2cc(OC)c(O[Si](C(C)C)(C(C)C)C(C)C)c(OC)c2)c2c(c3ccccc3n2S(=O)(=O)c2ccc(C)cc2)N[C@H]1CCCBr,C40H53BrN2O7SSi,FIKRGWZLJNOXAY-NUHNATIRSA-N
paper-bcb45e24169aebc0,21,21,Source compound 21,source_drawing_transcription,Relative source drawing encoded as representative canonical isomer; enhanced AND group retained; absolute assignment not asserted,pending_independent_chemist_review,COC(=O)[C@@H]1[C@@H](c2cc(OC)c(O[Si](C(C)C)(C(C)C)C(C)C)c(OC)c2)[C@]2(C(=O)N(S(=O)(=O)c3ccc(C)cc3)c3ccccc32)N2CCC[C@@H]12,C40H52N2O8SSi,ATWXMSICOLRQJV-IYTXQVNNSA-N
paper-bcb45e24169aebc0,22,22,Source compound 22,source_drawing_transcription,Relative source drawing encoded as representative canonical isomer; enhanced AND group retained; absolute assignment not asserted,pending_independent_chemist_review,COC(=O)[C@@H]1[C@@H](c2cc(OC)c(O)c(OC)c2)[C@]2(C(=O)N(S(=O)(=O)c3ccc(C)cc3)c3ccccc32)N2CCC[C@@H]12,C31H32N2O8S,PABBSSDKZYJGKE-NVJOCHOVSA-N
paper-bcb45e24169aebc0,23,23,Source compound 23,source_drawing_transcription,Relative source drawing encoded as representative canonical isomer; enhanced AND group retained; absolute assignment not asserted,pending_independent_chemist_review,COC(=O)[C@@H]1[C@@H](c2cc(OC)c(O[Si](C(C)C)(C(C)C)C(C)C)c(OC)c2)[C@]2(C(=O)Nc3ccccc32)N2CCC[C@@H]12,C33H46N2O6Si,VVQYPMZYWDIZGR-MNIKORQZSA-N
paper-bcb45e24169aebc0,4,4,"Synthetic compound 4, originally proposed isatindigotindoline B structure",source_drawing_transcription,Relative source drawing encoded as representative canonical isomer; enhanced AND group retained; absolute assignment not asserted,pending_independent_chemist_review,COC(=O)[C@@H]1[C@@H](c2cc(OC)c(O)c(OC)c2)[C@]2(C(=O)Nc3ccccc32)N2CCC[C@@H]12,C24H26N2O6,XEBYEQFZXYRHQK-MKSPYTNGSA-N
paper-bcb45e24169aebc0,6,6,Indigotinoline A,source_drawing_transcription,Relative source drawing encoded as representative canonical isomer; enhanced AND group retained; absolute assignment not asserted,pending_independent_chemist_review,COC(=O)[C@@H]1[C@@H](c2cc(OC)c(O)c(OC)c2)[C@@]2(ON3CCC[C@@H]13)C(=O)Nc1ccccc12,C24H26N2O7,JAIVOEMBCKIAGU-MKSPYTNGSA-N
paper-bcb45e24169aebc0,S4,S4,Source compound S4,source_drawing_transcription,Relative source drawing encoded as representative canonical isomer; enhanced AND group retained; absolute assignment not asserted,pending_independent_chemist_review,COC(=O)/C=C/c1cc(OC)c(O)c(OC)c1,C12H14O5,JHLPYWLKSLVYOI-SNAWJCMRSA-N
paper-bcb45e24169aebc0,S7,S7,4-((triisopropylsilyl)oxy)butan-1-ol,source_drawing_transcription,Relative source drawing encoded as representative canonical isomer; enhanced AND group retained; absolute assignment not asserted,pending_independent_chemist_review,CC(C)[Si](OCCCCO)(C(C)C)C(C)C,C13H30O2Si,VYSKOVLQUUGJOD-UHFFFAOYSA-N
paper-bcb45e24169aebc0,TIPSCl,,Source compound TIPSCl,source_drawing_transcription,Relative source drawing encoded as representative canonical isomer; enhanced AND group retained; absolute assignment not asserted,pending_independent_chemist_review,CC(C)[Si](Cl)(C(C)C)C(C)C,C9H21ClSi,KQIADDMXRMTWHZ-UHFFFAOYSA-N
paper-bcb45e24169aebc0,benzyl-alcohol,,Source compound benzyl-alcohol,source_drawing_transcription,Relative source drawing encoded as representative canonical isomer; enhanced AND group retained; absolute assignment not asserted,pending_independent_chemist_review,OCc1ccccc1,C7H8O,WVDDGKGOMKODPV-UHFFFAOYSA-N
paper-bcb45e24169aebc0,butanediol,S1,"butane-1,4-diol",source_drawing_transcription,Relative source drawing encoded as representative canonical isomer; enhanced AND group retained; absolute assignment not asserted,pending_independent_chemist_review,OCCCCO,C4H10O2,WERYXYBDKMZEQL-UHFFFAOYSA-N
paper-bcb45e24169aebc0,methanol,,Source compound methanol,source_drawing_transcription,Relative source drawing encoded as representative canonical isomer; enhanced AND group retained; absolute assignment not asserted,pending_independent_chemist_review,CO,CH4O,OKKJLVBELUTLKV-UHFFFAOYSA-N
paper-bcb45e24169aebc0,sinapic-acid,S3,sinapic acid,source_drawing_transcription,Relative source drawing encoded as representative canonical isomer; enhanced AND group retained; absolute assignment not asserted,pending_independent_chemist_review,COc1cc(/C=C/C(=O)O)cc(OC)c1O,C11H12O5,PCMORTLOPMLEFB-ONEGZZNKSA-N
paper-be6c8cb9a5ec1a41,1,1,Knightol,source_drawing_transcription,,pending_independent_chemist_review,C=C(C)[C@@H]1CC=C(CO)CC[C@H]2O[C@]2(C)CC/C=C(\C)CC1,C20H32O2,IARQGWSRSWYGLX-ZUEASJKISA-N
paper-be6c8cb9a5ec1a41,10,10,"ethyl (5E,9E,13S)-2-(diethoxyphosphoryl)-13-(2-hydroxyethyl)-6,10,14-trimethylpentadeca-5,9,14-trienoate",source_drawing_transcription,,pending_independent_chemist_review,C=C(C)[C@H](CCO)CC/C(C)=C/CC/C(C)=C/CCC(C(=O)OCC)P(=O)(OCC)OCC,C26H47O6P,UCJOFHSFMJWYMU-HISDECLZSA-N
paper-be6c8cb9a5ec1a41,11,11,"(3E,7E)-4,8,12-trimethyltrideca-3,7,11-trien-1-ol",source_drawing_transcription,,pending_independent_chemist_review,CC(C)=CCC/C(C)=C/CC/C(C)=C/CCO,C16H28O,KOICZDDAVPYKKX-NCZFFCEISA-N
paper-be6c8cb9a5ec1a41,12,12,"tert-butyldiphenyl(((3E,7E)-4,8,12-trimethyltrideca-3,7,11-trien-1-yl)oxy)silane",source_drawing_transcription,,pending_independent_chemist_review,CC(C)=CCC/C(C)=C/CC/C(C)=C/CCO[Si](c1ccccc1)(c1ccccc1)C(C)(C)C,C32H46OSi,SUMNPSHSKRKUCT-NEYXXFTDSA-N
paper-be6c8cb9a5ec1a41,13,13,"tert-butyl(((3E,7E)-10-(3,3-dimethyloxiran-2-yl)-4,8-dimethyldeca-3,7-dien-1-yl)oxy)diphenylsilane",source_drawing_transcription,,pending_independent_chemist_review,C/C(=C\CCO[Si](c1ccccc1)(c1ccccc1)C(C)(C)C)CC/C=C(\C)CCC1OC1(C)C,C32H46O2Si,KMJRFZMGOBSDMX-PVLFOAEGSA-N
paper-be6c8cb9a5ec1a41,14,14,"(4E,8E)-11-((tert-butyldiphenylsilyl)oxy)-4,8-dimethylundeca-4,8-dienal",source_drawing_transcription,,pending_independent_chemist_review,C/C(=C\CC/C(C)=C/CCO[Si](c1ccccc1)(c1ccccc1)C(C)(C)C)CCC=O,C29H40O2Si,URFBSFFGAVLUSQ-CQKXQQKSSA-N
paper-be6c8cb9a5ec1a41,15,15,diethyl (R)-(2-oxo-2-(2-oxo-4-phenyloxazolidin-3-yl)ethyl)phosphonate,source_drawing_transcription,,pending_independent_chemist_review,CCOP(=O)(CC(=O)N1C(=O)OC[C@H]1c1ccccc1)OCC,C15H20NO6P,GKJHNINMDBNTOU-ZDUSSCGKSA-N
paper-be6c8cb9a5ec1a41,16,16,"(R)-3-((2E,6E,10E)-13-((tert-butyldiphenylsilyl)oxy)-6,10-dimethyltrideca-2,6,10-trienoyl)-4-phenyloxazolidin-2-one",source_drawing_transcription,,pending_independent_chemist_review,C/C(=C\CCO[Si](c1ccccc1)(c1ccccc1)C(C)(C)C)CC/C=C(\C)CC/C=C/C(=O)N1C(=O)OC[C@H]1c1ccccc1,C40H49NO4Si,QXDLEYOPRHAOKN-WICWXALFSA-N
paper-be6c8cb9a5ec1a41,17,17,"(R)-3-((S,6E,10E)-13-((tert-butyldiphenylsilyl)oxy)-6,10-dimethyl-3-(prop-1-en-2-yl)trideca-6,10-dienoyl)-4-phenyloxazolidin-2-one",source_drawing_transcription,,pending_independent_chemist_review,C=C(C)[C@@H](CC/C(C)=C/CC/C(C)=C/CCO[Si](c1ccccc1)(c1ccccc1)C(C)(C)C)CC(=O)N1C(=O)OC[C@H]1c1ccccc1,C43H55NO4Si,NLOPVIGMJCVURQ-SIEFKIONSA-N
paper-be6c8cb9a5ec1a41,18,18,"(S,10E,14E)-10,14,20,20-tetramethyl-19,19-diphenyl-7-(prop-1-en-2-yl)-2,4,18-trioxa-19-silahenicosa-10,14-diene",source_drawing_transcription,,pending_independent_chemist_review,C=C(C)[C@H](CCOCOC)CC/C(C)=C/CC/C(C)=C/CCO[Si](c1ccccc1)(c1ccccc1)C(C)(C)C,C36H54O3Si,GOTGLSSWPKGPIK-FSURMRFGSA-N
paper-be6c8cb9a5ec1a41,19,19,"(S,6E,10E)-13-iodo-3-(2-(methoxymethoxy)ethyl)-2,6,10-trimethyltrideca-1,6,10-triene",source_drawing_transcription,,pending_independent_chemist_review,C=C(C)[C@H](CCOCOC)CC/C(C)=C/CC/C(C)=C/CCI,C20H35IO2,PEDQVLWFSQYZEG-QNEOKECCSA-N
paper-be6c8cb9a5ec1a41,2,2,Knightol acetate,source_drawing_transcription,,pending_independent_chemist_review,C=C(C)[C@@H]1CC=C(COC(C)=O)CC[C@H]2O[C@]2(C)CC/C=C(\C)CC1,C22H34O3,SQOZKUOMCHPMST-AIAFQUSDSA-N
paper-be6c8cb9a5ec1a41,20,20,ethyl 2-(diethoxyphosphoryl)acetate,source_drawing_transcription,,pending_independent_chemist_review,CCOC(=O)CP(=O)(OCC)OCC,C8H17O5P,GGUBFICZYGKNTD-UHFFFAOYSA-N
paper-be6c8cb9a5ec1a41,21,21,"ethyl (5E,9E,13S)-2-(diethoxyphosphoryl)-13-(2-(methoxymethoxy)ethyl)-6,10,14-trimethylpentadeca-5,9,14-trienoate",source_drawing_transcription,,pending_independent_chemist_review,C=C(C)[C@H](CCOCOC)CC/C(C)=C/CC/C(C)=C/CCC(C(=O)OCC)P(=O)(OCC)OCC,C28H51O7P,YCTVNYOAFUPMQG-FNXNXLJGSA-N
paper-be6c8cb9a5ec1a41,22,22,"ethyl (5E,9E)-2-(diethoxyphosphoryl)-12-((S)-2,2-dimethyltetrahydrofuran-3-yl)-6,10-dimethyldodeca-5,9-dienoate",source_drawing_transcription,,pending_independent_chemist_review,CCOC(=O)C(CC/C=C(\C)CC/C=C(\C)CC[C@H]1CCOC1(C)C)P(=O)(OCC)OCC,C26H47O6P,HFUGMGAVOYKSEF-VAWOYWQKSA-N
paper-be6c8cb9a5ec1a41,23,23,Source compound 23,source_drawing_transcription,,pending_independent_chemist_review,C=C(C)[C@H](CCOCOCC[C@H](CC/C(C)=C/CC/C(C)=C/CCC(C(=O)OCC)P(=O)(OCC)OCC)C(=C)C)CC/C(C)=C/CC/C(C)=C/CCC(C(=O)OCC)P(=O)(OCC)OCC,C53H94O12P2,ZUSHYMHIDVPXET-UYIBMVSMSA-N
paper-be6c8cb9a5ec1a41,24,24,"ethyl (5E,9E,13S)-2-(diethoxyphosphoryl)-6,10,14-trimethyl-13-(2-oxo-2-((R)-2-oxo-4-phenyloxazolidin-3-yl)ethyl)pentadeca-5,9,14-trienoate",source_drawing_transcription,,pending_independent_chemist_review,C=C(C)[C@@H](CC/C(C)=C/CC/C(C)=C/CCC(C(=O)OCC)P(=O)(OCC)OCC)CC(=O)N1C(=O)OC[C@H]1c1ccccc1,C35H52NO8P,VEPGNMRBKUCTPS-ROHBHQRWSA-N
paper-be6c8cb9a5ec1a41,25-B,25-B,25 epoxide B with unspecified E/Z geometry,procedural_interpretation,,pending_independent_chemist_review,C=C(C)[C@@H]1CC=C(CO)CC/C=C(\C)CC[C@H]2O[C@]2(C)CC1,C20H32O2,KZJHCRVUJWAPQN-OLLNRTLOSA-N
paper-be6c8cb9a5ec1a41,25-C,25-C,25 epoxide C with unspecified E/Z geometry,procedural_interpretation,,pending_independent_chemist_review,C=C(C)[C@@H]1CC=C(CO)CC/C=C(\C)CC[C@@H]2O[C@@]2(C)CC1,C20H32O2,KZJHCRVUJWAPQN-RTILJZEMSA-N
paper-be6c8cb9a5ec1a41,3,3,Knightal,source_drawing_transcription,,pending_independent_chemist_review,C=C(C)[C@@H]1CC=C(C=O)CC[C@H]2O[C@]2(C)CC/C=C(\C)CC1,C20H30O2,BKIITODBJFJABE-ZUEASJKISA-N
paper-be6c8cb9a5ec1a41,9-A,9-A,"ethyl 2-(diethoxyphosphoryl)-4-((2R,3R)-3-((S,E)-7-(2-hydroxyethyl)-4,8-dimethylnona-3,8-dien-1-yl)-3-methyloxiran-2-yl)butanoate",source_drawing_transcription,,pending_independent_chemist_review,C=C(C)[C@H](CCO)CC/C(C)=C/CC[C@@]1(C)O[C@@H]1CCC(C(=O)OCC)P(=O)(OCC)OCC,C26H47O7P,PPWMJXPGEFTAGZ-PEQAFQHTSA-N
paper-be6c8cb9a5ec1a41,9-B,9-B,Source compound 9-B,procedural_interpretation,,pending_independent_chemist_review,C=C(C)[C@H](CCO)CC[C@@]1(C)O[C@@H]1CC/C(C)=C/CCC(C(=O)OCC)P(=O)(OCC)OCC,C26H47O7P,IMDQWNYGPGXCBP-PEQAFQHTSA-N
paper-be6c8cb9a5ec1a41,9-C,9-C,Source compound 9-C,procedural_interpretation,,pending_independent_chemist_review,C=C(C)[C@H](CCO)CC[C@]1(C)O[C@H]1CC/C(C)=C/CCC(C(=O)OCC)P(=O)(OCC)OCC,C26H47O7P,IMDQWNYGPGXCBP-IQYMVREESA-N
paper-be6c8cb9a5ec1a41,MOMBr,,bromomethyl methyl ether,source_drawing_transcription,,pending_independent_chemist_review,COCBr,C2H5BrO,JAMFGQBENKSWOF-UHFFFAOYSA-N
paper-be6c8cb9a5ec1a41,SI-1,SI-1,"(S,6E,10E)-13-((tert-butyldiphenylsilyl)oxy)-6,10-dimethyl-3-(prop-1-en-2-yl)trideca-6,10-dien-1-ol",source_drawing_transcription,,pending_independent_chemist_review,C=C(C)[C@H](CCO)CC/C(C)=C/CC/C(C)=C/CCO[Si](c1ccccc1)(c1ccccc1)C(C)(C)C,C34H50O2Si,KPBROXYUUSNODZ-UHRBRXRDSA-N
paper-be6c8cb9a5ec1a41,SI-2,SI-2,"(S,3E,7E)-11-(2-(methoxymethoxy)ethyl)-4,8,12-trimethyltrideca-3,7,12-trien-1-ol",source_drawing_transcription,,pending_independent_chemist_review,C=C(C)[C@H](CCOCOC)CC/C(C)=C/CC/C(C)=C/CCO,C20H36O3,MFSAASVLUUYTTD-QNEOKECCSA-N
paper-be6c8cb9a5ec1a41,SI-3,SI-3,"(R)-3-((S,6E,10E)-13-hydroxy-6,10-dimethyl-3-(prop-1-en-2-yl)trideca-6,10-dienoyl)-4-phenyloxazolidin-2-one",source_drawing_transcription,,pending_independent_chemist_review,C=C(C)[C@@H](CC/C(C)=C/CC/C(C)=C/CCO)CC(=O)N1C(=O)OC[C@H]1c1ccccc1,C27H37NO4,OTSUTXMZBHWYQC-QPHHCYBNSA-N
paper-be6c8cb9a5ec1a41,SI-4,SI-4,"(R)-3-((S,6E,10E)-13-iodo-6,10-dimethyl-3-(prop-1-en-2-yl)trideca-6,10-dienoyl)-4-phenyloxazolidin-2-one",source_drawing_transcription,,pending_independent_chemist_review,C=C(C)[C@@H](CC/C(C)=C/CC/C(C)=C/CCI)CC(=O)N1C(=O)OC[C@H]1c1ccccc1,C27H36INO3,QAJIKPLNQMMNIF-QPHHCYBNSA-N
paper-be6c8cb9a5ec1a41,SI-5-A,SI-5-A,"ethyl 2-(diethoxyphosphoryl)-4-((2R,3R)-3-((S,E)-4,8-dimethyl-7-(2-oxoethyl)nona-3,8-dien-1-yl)-3-methyloxiran-2-yl)butanoate",source_drawing_transcription,,pending_independent_chemist_review,C=C(C)[C@H](CC=O)CC/C(C)=C/CC[C@@]1(C)O[C@@H]1CCC(C(=O)OCC)P(=O)(OCC)OCC,C26H45O7P,JZNQAIFHQWWAEO-PEQAFQHTSA-N
paper-be6c8cb9a5ec1a41,SI-5-B,SI-5-B,Source compound SI-5-B,procedural_interpretation,,pending_independent_chemist_review,C=C(C)[C@H](CC=O)CC[C@@]1(C)O[C@@H]1CC/C(C)=C/CCC(C(=O)OCC)P(=O)(OCC)OCC,C26H45O7P,YKNCZFVSCPENFI-PEQAFQHTSA-N
paper-be6c8cb9a5ec1a41,SI-5-C,SI-5-C,Source compound SI-5-C,procedural_interpretation,,pending_independent_chemist_review,C=C(C)[C@H](CC=O)CC[C@]1(C)O[C@H]1CC/C(C)=C/CCC(C(=O)OCC)P(=O)(OCC)OCC,C26H45O7P,YKNCZFVSCPENFI-IQYMVREESA-N
paper-be6c8cb9a5ec1a41,SI-6-A,SI-6-A,Source compound SI-6-A,source_drawing_transcription,,pending_independent_chemist_review,C=CC[C@H](CC/C(C)=C/CC[C@@]1(C)O[C@@H]1CCC(=C)C(=O)OCC)C(=C)C,C24H38O3,ALEIOWRJVYVWLA-KLEIBWIFSA-N
paper-be6c8cb9a5ec1a41,SI-6-B,SI-6-B,Source compound SI-6-B,source_drawing_transcription,,pending_independent_chemist_review,C=CC[C@H](CC[C@@]1(C)O[C@@H]1CC/C(C)=C/CCC(=C)C(=O)OCC)C(=C)C,C24H38O3,ZUSWTZXKTUDGBH-KLEIBWIFSA-N
paper-be6c8cb9a5ec1a41,SI-6-C,SI-6-C,Source compound SI-6-C,source_drawing_transcription,,pending_independent_chemist_review,C=CC[C@H](CC[C@]1(C)O[C@H]1CC/C(C)=C/CCC(=C)C(=O)OCC)C(=C)C,C24H38O3,ZUSWTZXKTUDGBH-AZUWCTCKSA-N
paper-be6c8cb9a5ec1a41,SI-7-representative,SI-7-representative,Source compound SI-7-representative,source_drawing_transcription,,pending_independent_chemist_review,C=C(C)[C@@H]1CC=C(C(=O)OCC)CC[C@H]2O[C@]2(C)CC/C=C(\C)CC[C@H](C(=C)C)CC=C(C(=O)OCC)CC[C@H]2O[C@]2(C)CC/C=C(\C)CC1,C44H68O6,LTLKPVQXJMPCEA-ZYZKRBSLSA-N
paper-be6c8cb9a5ec1a41,TBDPSCl,,tert-butyldiphenylsilyl chloride,source_drawing_transcription,,pending_independent_chemist_review,CC(C)(C)[Si](Cl)(c1ccccc1)c1ccccc1,C16H19ClSi,MHYGQXWCZAYSLJ-UHFFFAOYSA-N
paper-be6c8cb9a5ec1a41,acetic-anhydride,,acetic anhydride,source_drawing_transcription,,pending_independent_chemist_review,CC(=O)OC(C)=O,C4H6O3,WFDIJRYMOXRFFG-UHFFFAOYSA-N
paper-be6c8cb9a5ec1a41,diagnostic-Wittig-A,,Source compound diagnostic-Wittig-A,procedural_interpretation,,pending_independent_chemist_review,C=CC[C@H](CC/C(C)=C/CC[C@@]1(C)O[C@@H]1CCC(C(=O)OCC)P(=O)(OCC)OCC)C(=C)C,C27H47O6P,YMMKXOJKANZDKT-GAULVDNASA-N
paper-be6c8cb9a5ec1a41,diagnostic-Wittig-B,,Source compound diagnostic-Wittig-B,procedural_interpretation,,pending_independent_chemist_review,C=CC[C@H](CC[C@@]1(C)O[C@@H]1CC/C(C)=C/CCC(C(=O)OCC)P(=O)(OCC)OCC)C(=C)C,C27H47O6P,FTPQMDBQJKBTFQ-GAULVDNASA-N
paper-be6c8cb9a5ec1a41,diagnostic-Wittig-C,,Source compound diagnostic-Wittig-C,procedural_interpretation,,pending_independent_chemist_review,C=CC[C@H](CC[C@]1(C)O[C@H]1CC/C(C)=C/CCC(C(=O)OCC)P(=O)(OCC)OCC)C(=C)C,C27H47O6P,FTPQMDBQJKBTFQ-JDZMSLGSSA-N
paper-be6c8cb9a5ec1a41,farnesal,farnesal,"(2E,6E)-3,7,11-trimethyldodeca-2,6,10-trienal",source_drawing_transcription,,pending_independent_chemist_review,CC(C)=CCC/C(C)=C/CC/C(C)=C/C=O,C15H24O,YHRUHBBTQZKMEX-YFVJMOTDSA-N
paper-be6c8cb9a5ec1a41,farnesol,farnesol,"(2E,6E)-3,7,11-trimethyldodeca-2,6,10-trien-1-ol",source_drawing_transcription,,pending_independent_chemist_review,CC(C)=CCC/C(C)=C/CC/C(C)=C/CO,C15H26O,CRDAMVZIKSXKFV-YFVJMOTDSA-N
paper-be6c8cb9a5ec1a41,formaldehyde,,formaldehyde,source_drawing_transcription,,pending_independent_chemist_review,C=O,CH2O,WSFSSNUMVMOOMR-UHFFFAOYSA-N
paper-be6c8cb9a5ec1a41,isopropenyl-MgBr,,isopropenylmagnesium bromide,source_drawing_transcription,,pending_independent_chemist_review,C=[C-]C.[Br-].[Mg+2],C3H5BrMg,UZNGRHDUJIVHQT-UHFFFAOYSA-M
paper-be6c8cb9a5ec1a41,macroester-A,macroester-A,Source compound macroester-A,source_drawing_transcription,,pending_independent_chemist_review,C=C(C)[C@@H]1CC=C(C(=O)OCC)CC[C@H]2O[C@]2(C)CC/C=C(\C)CC1,C22H34O3,USEMYSNUGAUVNV-OEJXZYFQSA-N
paper-be6c8cb9a5ec1a41,macroester-B,macroester-B,Source compound macroester-B,procedural_interpretation,,pending_independent_chemist_review,C=C(C)[C@@H]1CC=C(C(=O)OCC)CC/C=C(\C)CC[C@H]2O[C@]2(C)CC1,C22H34O3,GIKYSTYGTKKKHB-KQEJOFABSA-N
paper-be6c8cb9a5ec1a41,macroester-C,macroester-C,Source compound macroester-C,procedural_interpretation,,pending_independent_chemist_review,C=C(C)[C@@H]1CC=C(C(=O)OCC)CC/C=C(\C)CC[C@@H]2O[C@@]2(C)CC1,C22H34O3,GIKYSTYGTKKKHB-XBVJODRKSA-N
paper-be6c8cb9a5ec1a41,methylphosphonium-bromide,,methyltriphenylphosphonium bromide,source_drawing_transcription,,pending_independent_chemist_review,C[P+](c1ccccc1)(c1ccccc1)c1ccccc1.[Br-],C19H18BrP,LSEFCHWGJNHZNT-UHFFFAOYSA-M
paper-be6c8cb9a5ec1a41,oxazolidinone,oxazolidinone,(R)-4-phenyloxazolidin-2-one,source_drawing_transcription,,pending_independent_chemist_review,O=C1N[C@H](c2ccccc2)CO1,C9H9NO2,QDMNNMIOWVJVLY-QMMMGPOBSA-N
paper-be6c8cb9a5ec1a41,phosphonoacetic-acid,phosphonoacetic-acid,(diethoxyphosphoryl)acetic acid,source_drawing_transcription,,pending_independent_chemist_review,CCOP(=O)(CC(=O)O)OCC,C6H13O5P,DVQMPWOLBFKUMM-UHFFFAOYSA-N
paper-be6c8cb9a5ec1a41,tetraene,tetraene,"(3E,7E)-4,8,12-trimethyltrideca-1,3,7,11-tetraene",source_drawing_transcription,,pending_independent_chemist_review,C=C/C=C(\C)CC/C=C(\C)CCC=C(C)C,C16H26,CWLVBFJCJXHUCF-RNPYNJAESA-N
paper-bf1e3268993973fa,10,10,"methyl (R,Z)-5-hydroxy-3-oxododec-8-enoate",source_drawing_transcription,,pending_independent_chemist_review,CCC/C=C\CC[C@@H](O)CC(=O)CC(=O)OC,C13H22O4,NREZAAKAMUCWDL-ISALQUGTSA-N
paper-bf1e3268993973fa,10-hydrogenated,10-hydrogenated,methyl (R)-5-hydroxy-3-oxododecanoate,source_drawing_transcription,,pending_independent_chemist_review,CCCCCCC[C@@H](O)CC(=O)CC(=O)OC,C13H24O4,CZHHKAIFGAGARW-LLVKDONJSA-N
paper-bf1e3268993973fa,11,11,(Z)-oct-4-enal,source_drawing_transcription,,pending_independent_chemist_review,CCC/C=C\CCC=O,C8H14O,ICPZCFJMCZRIPY-PLNGDYQASA-N
paper-bf1e3268993973fa,12,12,Source compound 12,source_drawing_transcription,,pending_independent_chemist_review,C=C(/C=C(/OC)O[Si](C)(C)C)O[Si](C)(C)C,C11H24O3Si2,ONKLJUYMIXSEQN-LUAWRHEFSA-N
paper-bf1e3268993973fa,13,13,oct-4-yn-1-ol,source_drawing_transcription,,pending_independent_chemist_review,CCCC#CCCCO,C8H14O,UCTGHDMOMUZRLR-UHFFFAOYSA-N
paper-bf1e3268993973fa,14,14,(Z)-oct-4-en-1-ol,source_drawing_transcription,,pending_independent_chemist_review,CCC/C=C\CCCO,C8H16O,OZQBPZSICOOLGU-PLNGDYQASA-N
paper-bf1e3268993973fa,15,15,hexanal,source_drawing_transcription,,pending_independent_chemist_review,CCCCCC=O,C6H12O,JARKCYVAAOWBJS-UHFFFAOYSA-N
paper-bf1e3268993973fa,16a,16a,(Z)-1-(trimethylsilyl)dec-6-en-1-yn-3-one,source_drawing_transcription,,pending_independent_chemist_review,CCC/C=C\CCC(=O)C#C[Si](C)(C)C,C13H22OSi,XFTLUXRCLNXJSV-FPLPWBNLSA-N
paper-bf1e3268993973fa,16b,16b,1-(trimethylsilyl)oct-1-yn-3-one,source_drawing_transcription,,pending_independent_chemist_review,CCCCCC(=O)C#C[Si](C)(C)C,C11H20OSi,SILZHECSIABSTL-UHFFFAOYSA-N
paper-bf1e3268993973fa,17a,17a,"(R,Z)-1-(trimethylsilyl)dec-6-en-1-yn-3-ol",source_drawing_transcription,,pending_independent_chemist_review,CCC/C=C\CC[C@@H](O)C#C[Si](C)(C)C,C13H24OSi,MLXKGNDFOBFVKF-MEJMFZKBSA-N
paper-bf1e3268993973fa,17a-diagnostic,17a-diagnostic,(S)-decan-3-ol,source_drawing_transcription,,pending_independent_chemist_review,CCCCCCC[C@@H](O)CC,C10H22O,ICEQLCZWZXUUIJ-JTQLQIEISA-N
paper-bf1e3268993973fa,17a-terminal,17a-terminal,Source compound 17a-terminal,source_drawing_transcription,,pending_independent_chemist_review,C#C[C@H](O)CC/C=C\CCC,C10H16O,RAGMCOPJGULNIN-GFVADAIESA-N
paper-bf1e3268993973fa,17b,17b,(3R)-1-(trimethylsilyl)oct-1-yn-3-ol,source_drawing_transcription,,pending_independent_chemist_review,CCCCC[C@@H](O)C#C[Si](C)(C)C,C11H22OSi,QRHOINBDNMITIU-LLVKDONJSA-N
paper-bf1e3268993973fa,18,18,"(3R,5R,Z)-3-((tert-butyldimethylsilyl)oxy)-5-hydroxydodec-8-en-1-yl pivalate",source_drawing_transcription,,pending_independent_chemist_review,CCC/C=C\CC[C@@H](O)C[C@@H](CCOC(=O)C(C)(C)C)O[Si](C)(C)C(C)(C)C,C23H46O4Si,CJUMERJPMMPTJD-NZAJQASQSA-N
paper-bf1e3268993973fa,19,19,"(3R,5R,Z)-3-((tert-butyldimethylsilyl)oxy)-5-(methoxymethoxy)dodec-8-en-1-yl pivalate",source_drawing_transcription,,pending_independent_chemist_review,CCC/C=C\CC[C@H](C[C@@H](CCOC(=O)C(C)(C)C)O[Si](C)(C)C(C)(C)C)OCOC,C25H50O5Si,ZSNLUXGNVUMIQA-ATIUIXPOSA-N
paper-bf1e3268993973fa,19-alcohol,19-alcohol,Source compound 19-alcohol,procedural_interpretation,,pending_independent_chemist_review,CCC/C=C\CC[C@H](C[C@@H](CCO)O[Si](C)(C)C(C)(C)C)OCOC,C20H42O4Si,MCAYAGJNQTXGRL-CLUNNQHJSA-N
paper-bf1e3268993973fa,20a,20a,"(5R,7R)-5-((Z)-hept-3-en-1-yl)-7-((R,Z)-5-((4-methoxybenzyl)oxy)dodec-8-en-3-yn-1-yl)-9,9,10,10-tetramethyl-2,4,8-trioxa-9-silaundecane",source_drawing_transcription,,pending_independent_chemist_review,CCC/C=C\CC[C@H](C[C@@H](CCC#C[C@@H](CC/C=C\CCC)OCc1ccc(OC)cc1)O[Si](C)(C)C(C)(C)C)OCOC,C38H64O5Si,OHNMVZOCHCPSGQ-WVAZNMLSSA-N
paper-bf1e3268993973fa,20b,20b,"(5R,7R)-5-((Z)-hept-3-en-1-yl)-7-((R)-5-((4-methoxybenzyl)oxy)dec-3-yn-1-yl)-9,9,10,10-tetramethyl-2,4,8-trioxa-9-silaundecane",source_drawing_transcription,,pending_independent_chemist_review,CCC/C=C\CC[C@H](C[C@@H](CCC#C[C@@H](CCCCC)OCc1ccc(OC)cc1)O[Si](C)(C)C(C)(C)C)OCOC,C36H62O5Si,SVKKICPTMTUGPN-VFRSXOSESA-N
paper-bf1e3268993973fa,21a,21a,"(4Z,8R,13R,15R,18Z)-13-((tert-butyldimethylsilyl)oxy)-15-(methoxymethoxy)docosa-4,18-dien-9-yn-8-ol",source_drawing_transcription,,pending_independent_chemist_review,CCC/C=C\CC[C@H](C[C@@H](CCC#C[C@H](O)CC/C=C\CCC)O[Si](C)(C)C(C)(C)C)OCOC,C30H56O4Si,GQLGUMZEEWEIMR-HDKGQJILSA-N
paper-bf1e3268993973fa,21b,21b,"(6R,11R,13R,Z)-11-((tert-butyldimethylsilyl)oxy)-13-(methoxymethoxy)icos-16-en-7-yn-6-ol",source_drawing_transcription,,pending_independent_chemist_review,CCC/C=C\CC[C@H](C[C@@H](CCC#C[C@H](O)CCCCC)O[Si](C)(C)C(C)(C)C)OCOC,C28H54O4Si,NSAYADRECKOCGW-KPWMWTNBSA-N
paper-bf1e3268993973fa,22a,22a,"2-((4Z,8S,13R,15R,18Z)-13-((tert-butyldimethylsilyl)oxy)-15-(methoxymethoxy)docosa-4,18-dien-9-yn-8-yl)isoindoline-1,3-dione",source_drawing_transcription,,pending_independent_chemist_review,CCC/C=C\CC[C@H](C[C@@H](CCC#C[C@H](CC/C=C\CCC)N1C(=O)c2ccccc2C1=O)O[Si](C)(C)C(C)(C)C)OCOC,C38H59NO5Si,FIIUKUULKJASNN-YNHYZYGMSA-N
paper-bf1e3268993973fa,22a-amine,22a-amine,Source compound 22a-amine,procedural_interpretation,,pending_independent_chemist_review,CCC/C=C\CC[C@H](C[C@@H](CCC#C[C@@H](N)CC/C=C\CCC)O[Si](C)(C)C(C)(C)C)OCOC,C30H57NO3Si,HIVGBRFQGYYEKP-JKSZEJDXSA-N
paper-bf1e3268993973fa,22b,22b,"2-((6S,11R,13R,Z)-11-((tert-butyldimethylsilyl)oxy)-13-(methoxymethoxy)icos-16-en-7-yn-6-yl)isoindoline-1,3-dione",source_drawing_transcription,,pending_independent_chemist_review,CCC/C=C\CC[C@H](C[C@@H](CCC#C[C@H](CCCCC)N1C(=O)c2ccccc2C1=O)O[Si](C)(C)C(C)(C)C)OCOC,C36H57NO5Si,FSHMXVCCNQQFCV-JFIOSFEGSA-N
paper-bf1e3268993973fa,22b-amine,22b-amine,Source compound 22b-amine,procedural_interpretation,,pending_independent_chemist_review,CCC/C=C\CC[C@H](C[C@@H](CCC#C[C@@H](N)CCCCC)O[Si](C)(C)C(C)(C)C)OCOC,C28H55NO3Si,KYYAMQJEIVQROR-FPYRMBIXSA-N
paper-bf1e3268993973fa,23a,23a,Source compound 23a,source_drawing_transcription,,pending_independent_chemist_review,CCC/C=C\CC[C@H](C[C@H](CCC#C[C@H](CC/C=C\CCC)N/C(=N/C(=O)OC(C)(C)C)NC(=O)OC(C)(C)C)O[Si](C)(C)C(C)(C)C)OCOC,C41H75N3O7Si,SBSRKSQTFWHBQY-WPYHFVJDSA-N
paper-bf1e3268993973fa,23b,23b,Source compound 23b,source_drawing_transcription,,pending_independent_chemist_review,CCC/C=C\CC[C@H](C[C@H](CCC#C[C@H](CCCCC)N/C(=N/C(=O)OC(C)(C)C)NC(=O)OC(C)(C)C)O[Si](C)(C)C(C)(C)C)OCOC,C39H73N3O7Si,QDYINKFLNYRZBU-VVCPYRGNSA-N
paper-bf1e3268993973fa,24,24,"methyl (3S,7S,Z)-1-((tert-butoxycarbonyl)imino)-3-((Z)-hept-3-en-1-yl)-7-((R,Z)-2-(methoxymethoxy)non-5-en-1-yl)-1,2,3,5,6,7-hexahydropyrrolo[1,2-c]pyrimidine-4-carboxylate",source_drawing_transcription,,pending_independent_chemist_review,CCC/C=C\CC[C@H](C[C@@H]1CCC2=C(C(=O)OC)[C@H](CC/C=C\CCC)N/C(=N/C(=O)OC(C)(C)C)N21)OCOC,C32H53N3O6,OAPLHTOGKSJYJH-QCIMUPHRSA-N
paper-bf1e3268993973fa,2a,2a,Revised urupocidin A bis(trifluoroacetate),source_drawing_transcription,,pending_independent_chemist_review,CCC/C=C\CC[C@@H](O)C[C@@H]1CCC2=C(C(=O)OCCCCN(O)C(N)=[NH2+])[C@H](CC/C=C\CCC)NC(=[NH2+])N21.O=C([O-])C(F)(F)F.O=C([O-])C(F)(F)F,C33H52F6N6O8,CDYCQMJSZKPGLU-FHMWSHRTSA-N
paper-bf1e3268993973fa,2b,2b,Revised urupocidin B bis(trifluoroacetate),source_drawing_transcription,,pending_independent_chemist_review,CCC/C=C\CC[C@@H](O)C[C@@H]1CCC2=C(C(=O)OCCCCN(O)C(N)=[NH2+])[C@H](CCCCC)NC(=[NH2+])N21.O=C([O-])C(F)(F)F.O=C([O-])C(F)(F)F,C31H50F6N6O8,JLZPPKUTOJDTLB-YTASDQCLSA-N
paper-bf1e3268993973fa,3a,3a,"(3S,7S,E)-2-(tert-butoxycarbonyl)-1-((tert-butoxycarbonyl)imino)-3-((Z)-hept-3-en-1-yl)-7-((R,Z)-2-(methoxymethoxy)non-5-en-1-yl)-1,2,3,5,6,7-hexahydropyrrolo[1,2-c]pyrimidine-4-carboxylic acid",source_drawing_transcription,,pending_independent_chemist_review,CCC/C=C\CC[C@H](C[C@@H]1CCC2=C(C(=O)O)[C@H](CC/C=C\CCC)N(C(=O)OC(C)(C)C)/C(=N/C(=O)OC(C)(C)C)N21)OCOC,C36H59N3O8,YPWKWJKSLHOGLJ-LMRSGRMISA-N
paper-bf1e3268993973fa,3b,3b,"(3S,7S,Z)-1-((tert-butoxycarbonyl)imino)-7-((R,Z)-2-(methoxymethoxy)non-5-en-1-yl)-3-pentyl-1,2,3,5,6,7-hexahydropyrrolo[1,2-c]pyrimidine-4-carboxylic acid",source_drawing_transcription,,pending_independent_chemist_review,CCC/C=C\CC[C@H](C[C@@H]1CCC2=C(C(=O)O)[C@H](CCCCC)N/C(=N/C(=O)OC(C)(C)C)N21)OCOC,C29H49N3O6,MWCAHUSZQOYNAU-VRCVQBJHSA-N
paper-bf1e3268993973fa,4,4,Source compound 4,source_drawing_transcription,,pending_independent_chemist_review,CC(C)(C)OC(=O)N=C(NC(=O)OC(C)(C)C)N(CCCCO)OC1CCCCO1,C20H37N3O7,YRXCZZZNWIAJCP-UHFFFAOYSA-N
paper-bf1e3268993973fa,5a,5a,"(5R,7R,12S,Z)-14-((tert-butoxycarbonyl)amino)-5,12-di((Z)-hept-3-en-1-yl)-18,18-dimethyl-16-oxo-2,4,17-trioxa-13,15-diazanonadec-14-en-10-yn-7-yl methanesulfonate",source_drawing_transcription,,pending_independent_chemist_review,CCC/C=C\CC[C@H](C[C@@H](CCC#C[C@H](CC/C=C\CCC)N/C(=N/C(=O)OC(C)(C)C)NC(=O)OC(C)(C)C)OS(C)(=O)=O)OCOC,C36H63N3O9S,KQHGLHLIVYWUNU-GNDLZSEESA-N
paper-bf1e3268993973fa,5b,5b,"(5R,7R,12S,Z)-14-((tert-butoxycarbonyl)amino)-5-((Z)-hept-3-en-1-yl)-18,18-dimethyl-16-oxo-12-pentyl-2,4,17-trioxa-13,15-diazanonadec-14-en-10-yn-7-yl methanesulfonate",source_drawing_transcription,,pending_independent_chemist_review,CCC/C=C\CC[C@H](C[C@@H](CCC#C[C@H](CCCCC)N/C(=N/C(=O)OC(C)(C)C)NC(=O)OC(C)(C)C)OS(C)(=O)=O)OCOC,C34H61N3O9S,IKBUXLOVWJYGNE-ASBGAKEPSA-N
paper-bf1e3268993973fa,6a,6a,"(R,Z)-1-((dec-6-en-1-yn-3-yloxy)methyl)-4-methoxybenzene",source_drawing_transcription,,pending_independent_chemist_review,C#C[C@@H](CC/C=C\CCC)OCc1ccc(OC)cc1,C18H24O2,HQGXGJLGCZDASR-QWPQOLDESA-N
paper-bf1e3268993973fa,6b,6b,(R)-1-methoxy-4-((oct-1-yn-3-yloxy)methyl)benzene,source_drawing_transcription,,pending_independent_chemist_review,C#C[C@@H](CCCCC)OCc1ccc(OC)cc1,C16H22O2,RFNJYLLDMGPEOX-HNNXBMFYSA-N
paper-bf1e3268993973fa,7,7,"(5R,7S)-5-((Z)-hept-3-en-1-yl)-7-(2-iodoethyl)-9,9,10,10-tetramethyl-2,4,8-trioxa-9-silaundecane",source_drawing_transcription,,pending_independent_chemist_review,CCC/C=C\CC[C@H](C[C@@H](CCI)O[Si](C)(C)C(C)(C)C)OCOC,C20H41IO3Si,HYNMXCJEHMJSCB-CLUNNQHJSA-N
paper-bf1e3268993973fa,8,8,"(4S,6R)-4-((tert-butyldimethylsilyl)oxy)-6-((Z)-hept-3-en-1-yl)tetrahydro-2H-pyran-2-one",source_drawing_transcription,,pending_independent_chemist_review,CCC/C=C\CC[C@@H]1C[C@H](O[Si](C)(C)C(C)(C)C)CC(=O)O1,C18H34O3Si,HYDIVTSYTBTIGS-REDNKSFVSA-N
paper-bf1e3268993973fa,9,9,"methyl (3S,5R,Z)-3,5-dihydroxydodec-8-enoate",source_drawing_transcription,,pending_independent_chemist_review,CCC/C=C\CC[C@@H](O)C[C@H](O)CC(=O)OC,C13H24O4,GTZFYZPAZJQTCL-DUVUQDDDSA-N
paper-bf1e3268993973fa,Boc2O,Boc2O,Source compound Boc2O,source_drawing_transcription,,pending_independent_chemist_review,CC(C)(C)OC(=O)OC(=O)OC(C)(C)C,C10H18O5,DYHSDKLCOJIUFX-UHFFFAOYSA-N
paper-bf1e3268993973fa,MOMCl,MOMCl,Source compound MOMCl,source_drawing_transcription,,pending_independent_chemist_review,COCCl,C2H5ClO,XJUZRXYOEPSWMB-UHFFFAOYSA-N
paper-bf1e3268993973fa,MsCl,MsCl,Source compound MsCl,source_drawing_transcription,,pending_independent_chemist_review,CS(=O)(=O)Cl,CH3ClO2S,QARBMVPHQWIHKH-UHFFFAOYSA-N
paper-bf1e3268993973fa,PMBCl,PMBCl,Source compound PMBCl,source_drawing_transcription,,pending_independent_chemist_review,COc1ccc(CCl)cc1,C8H9ClO,MOHYOXXOKFQHDC-UHFFFAOYSA-N
paper-bf1e3268993973fa,S1,S1,"(R,2Z,8Z)-1-methoxy-1-oxododeca-2,8-diene-3,5-diyl dibenzoate",source_drawing_transcription,,pending_independent_chemist_review,CCC/C=C\CC[C@H](C/C(=C/C(=O)OC)OC(=O)c1ccccc1)OC(=O)c1ccccc1,C27H30O6,MCOYNIQEEWVCMF-SZLDBOHZSA-N
paper-bf1e3268993973fa,S2,S2,"(4S,6R)-6-((Z)-hept-3-en-1-yl)-4-hydroxytetrahydro-2H-pyran-2-one",source_drawing_transcription,,pending_independent_chemist_review,CCC/C=C\CC[C@@H]1C[C@H](O)CC(=O)O1,C12H20O3,RKXGPKZOGOFWKV-NRFYAWERSA-N
paper-bf1e3268993973fa,S3,S3,"(3R,5R,Z)-3-((tert-butyldimethylsilyl)oxy)dodec-8-ene-1,5-diol",source_drawing_transcription,,pending_independent_chemist_review,CCC/C=C\CC[C@@H](O)C[C@@H](CCO)O[Si](C)(C)C(C)(C)C,C18H38O3Si,DRHCLDYJFXZKKL-CZDHMLMNSA-N
paper-bf1e3268993973fa,S4,S4,Source compound S4,source_drawing_transcription,,pending_independent_chemist_review,CCC/C=C\CC[C@H](C[C@H](O)CCC#C[C@H](CC/C=C\CCC)N/C(=N/C(=O)OC(C)(C)C)NC(=O)OC(C)(C)C)OCOC,C35H61N3O7,UOBCTBLUPAGHHJ-PCYHYPCDSA-N
paper-bf1e3268993973fa,S5,S5,Source compound S5,source_drawing_transcription,,pending_independent_chemist_review,CCC/C=C\CC[C@H](C[C@H](O)CCC#C[C@H](CCCCC)N/C(=N/C(=O)OC(C)(C)C)NC(=O)OC(C)(C)C)OCOC,C33H59N3O7,XJTGAOSBZVYKAC-WSLLSYBFSA-N
paper-bf1e3268993973fa,S6,S6,Source compound S6,source_drawing_transcription,,pending_independent_chemist_review,CCC/C=C\CC[C@H](C[C@@H]1CCC2=C(C(=O)OC)[C@H](CC/C=C\CCC)N(C(=O)OC(C)(C)C)/C(=N/C(=O)OC(C)(C)C)N21)OCOC,C37H61N3O8,UOUUJGJYYHVNJJ-VWYWRUQRSA-N
paper-bf1e3268993973fa,S7,S7,Source compound S7,source_drawing_transcription,,pending_independent_chemist_review,CCC/C=C\CC[C@H](C[C@@H]1CCC2=C(C(=O)OCCCCN(OC3CCCCO3)C(=NC(=O)OC(C)(C)C)NC(=O)OC(C)(C)C)[C@H](CC/C=C\CCC)N(C(=O)OC(C)(C)C)/C(=N/C(=O)OC(C)(C)C)N21)OCOC,C56H94N6O14,QMDWORCHKQATDG-AHXZCLEYSA-N
paper-bf1e3268993973fa,S8,S8,Source compound S8,source_drawing_transcription,,pending_independent_chemist_review,CCC/C=C\CC[C@H](C[C@@H]1CCC2=C(C(=O)OCCCCN(OC3CCCCO3)C(=NC(=O)OC(C)(C)C)NC(=O)OC(C)(C)C)[C@H](CCCCC)N/C(=N/C(=O)OC(C)(C)C)N21)OCOC,C49H84N6O12,VJBVCXLXZQTVRI-KSPUSXMRSA-N
paper-bf1e3268993973fa,TBSCl,TBSCl,Source compound TBSCl,source_drawing_transcription,,pending_independent_chemist_review,CC(C)(C)[Si](C)(C)Cl,C6H15ClSi,BCNZYOJHNLTNEZ-UHFFFAOYSA-N
paper-bf1e3268993973fa,TMS-acetylene,TMS-acetylene,Source compound TMS-acetylene,source_drawing_transcription,,pending_independent_chemist_review,C#C[Si](C)(C)C,C5H10Si,CWMFRHBXRUITQE-UHFFFAOYSA-N
paper-bf1e3268993973fa,benzoyl-chloride,benzoyl-chloride,Source compound benzoyl-chloride,source_drawing_transcription,,pending_independent_chemist_review,O=C(Cl)c1ccccc1,C7H5ClO,PASDCCFISLVPSO-UHFFFAOYSA-N
paper-bf1e3268993973fa,carbon-monoxide,carbon-monoxide,Source compound carbon-monoxide,source_drawing_transcription,,pending_independent_chemist_review,[C-]#[O+],CO,UGFAIRIUMAVXCW-UHFFFAOYSA-N
paper-bf1e3268993973fa,guanidinylating-reagent,guanidinylating-reagent,Source compound guanidinylating-reagent,source_drawing_transcription,,pending_independent_chemist_review,CC(C)(C)OC(=O)N=C(NC(=O)OC(C)(C)C)n1cccn1,C14H22N4O4,QFNFDHNZVTWZED-UHFFFAOYSA-N
paper-bf1e3268993973fa,methanol,methanol,Source compound methanol,source_drawing_transcription,,pending_independent_chemist_review,CO,CH4O,OKKJLVBELUTLKV-UHFFFAOYSA-N
paper-bf1e3268993973fa,phthalimide,phthalimide,Source compound phthalimide,source_drawing_transcription,,pending_independent_chemist_review,O=C1NC(=O)c2ccccc21,C8H5NO2,XKJCHHZQLQNZHY-UHFFFAOYSA-N
paper-bf1e3268993973fa,pivaloyl-chloride,pivaloyl-chloride,Source compound pivaloyl-chloride,source_drawing_transcription,,pending_independent_chemist_review,CC(C)(C)C(=O)Cl,C5H9ClO,JVSFQJZRHXAUGT-UHFFFAOYSA-N
paper-bf1e3268993973fa,rac-17a,rac-17a,(Z)-1-(trimethylsilyl)dec-6-en-1-yn-3-ol,source_drawing_transcription,,pending_independent_chemist_review,CCC/C=C\CC[C@@H](O)C#C[Si](C)(C)C,C13H24OSi,MLXKGNDFOBFVKF-MEJMFZKBSA-N
paper-bf1e3268993973fa,rac-17b,rac-17b,1-(trimethylsilyl)oct-1-yn-3-ol,source_drawing_transcription,,pending_independent_chemist_review,CCCCC[C@@H](O)C#C[Si](C)(C)C,C11H22OSi,QRHOINBDNMITIU-LLVKDONJSA-N
paper-bf1e3268993973fa,syn-9,syn-9,Source compound syn-9,source_drawing_transcription,,pending_independent_chemist_review,CCC/C=C\CC[C@@H](O)C[C@@H](O)CC(=O)OC,C13H24O4,GTZFYZPAZJQTCL-GKKDLHFNSA-N
paper-bf43bfa09423bcac,10,10,Source compound 10,source_drawing_transcription,,pending_independent_chemist_review,C=CCOC(=O)CC(=O)[C@@H](O[Si](C)(C)C(C)(C)C)C(C)C,C16H30O4Si,XTZSRHZZEKYQJO-HNNXBMFYSA-N
paper-bf43bfa09423bcac,11,11,"(S,Z)-4-((tert-butyldimethylsilyl)oxy)-5-methyl-3-(naphthalen-2-ylmethoxy)hex-2-enoic acid",source_drawing_transcription,,pending_independent_chemist_review,CC(C)[C@H](O[Si](C)(C)C(C)(C)C)/C(=C/C(=O)O)OCc1ccc2ccccc2c1,C24H34O4Si,UAFDHJIXSXELPY-RNHBDSLOSA-N
paper-bf43bfa09423bcac,11-allyl,11-allyl,Source compound 11-allyl,procedural_interpretation,,pending_independent_chemist_review,C=CCOC(=O)/C=C(\OCc1ccc2ccccc2c1)[C@@H](O[Si](C)(C)C(C)(C)C)C(C)C,C27H38O4Si,WCJHGKUPBCSCSW-MBXGISOLSA-N
paper-bf43bfa09423bcac,12a,12a,Source compound 12a,source_drawing_transcription,,pending_independent_chemist_review,C[NH2+][C@@H](C)C(=O)OC.[Cl-],C5H12ClNO2,CYMQHMBRKIJBGI-WCCKRBBISA-N
paper-bf43bfa09423bcac,12b,12b,Source compound 12b,source_drawing_transcription,,pending_independent_chemist_review,C[NH2+]C(C)(C)C(=O)OC.[Cl-],C6H14ClNO2,PATXMMZDYSRPIZ-UHFFFAOYSA-N
paper-bf43bfa09423bcac,13a,13a,Source compound 13a,source_drawing_transcription,,pending_independent_chemist_review,COC(=O)[C@H](C)N(C)C(=O)/C=C(\OCc1ccc2ccccc2c1)[C@@H](OC(=O)C(C)(C)[C@H]1OC(C)(C)N(C(=O)OC(C)(C)C)[C@H]1CCCN(OCc1ccccc1)C(=O)OCc1ccccc1)C(C)C,C55H71N3O12,NPUKZQSODUAZGE-RRKGSUQQSA-N
paper-bf43bfa09423bcac,13a-amino-alcohol,13a-amino-alcohol,Source compound 13a-amino-alcohol,procedural_interpretation,,pending_independent_chemist_review,COC(=O)[C@H](C)N(C)C(=O)/C=C(\OCc1ccc2ccccc2c1)[C@@H](OC(=O)C(C)(C)[C@@H](O)[C@@H](N)CCCN(OCc1ccccc1)C(=O)OCc1ccccc1)C(C)C,C47H59N3O10,FMQVZZZJTJYQMM-PSJCJIQNSA-N
paper-bf43bfa09423bcac,13b,13b,Source compound 13b,source_drawing_transcription,,pending_independent_chemist_review,COC(=O)C(C)(C)N(C)C(=O)/C=C(\OCc1ccc2ccccc2c1)[C@@H](OC(=O)C(C)(C)[C@H]1OC(C)(C)N(C(=O)OC(C)(C)C)[C@H]1CCCN(OCc1ccccc1)C(=O)OCc1ccccc1)C(C)C,C56H73N3O12,HPYQTEZDBPJOJW-JNJHBSBSSA-N
paper-bf43bfa09423bcac,13b-amino-alcohol,13b-amino-alcohol,Source compound 13b-amino-alcohol,procedural_interpretation,,pending_independent_chemist_review,COC(=O)C(C)(C)N(C)C(=O)/C=C(\OCc1ccc2ccccc2c1)[C@@H](OC(=O)C(C)(C)[C@@H](O)[C@@H](N)CCCN(OCc1ccccc1)C(=O)OCc1ccccc1)C(C)C,C48H61N3O10,MSABJMVQXPNISH-XGERKTMOSA-N
paper-bf43bfa09423bcac,14a,14a,Source compound 14a,source_drawing_transcription,,pending_independent_chemist_review,C[C@H]1OC([C@H](C)N(C)C)=N[C@@H]1C(=O)O,C9H16N2O3,AFQLLDBWANUHGP-XVMARJQXSA-N
paper-bf43bfa09423bcac,14b,14b,Source compound 14b,source_drawing_transcription,,pending_independent_chemist_review,C[C@H]1OC(C(C)(C)N(C)C)=N[C@@H]1C(=O)O,C10H18N2O3,LAENHJHHEQRJRC-RQJHMYQMSA-N
paper-bf43bfa09423bcac,15a,15a,Source compound 15a,source_drawing_transcription,,pending_independent_chemist_review,COC(=O)[C@H](C)N(C)C(=O)/C=C(\OCc1ccc2ccccc2c1)[C@@H](OC(=O)C(C)(C)[C@H](OC(C)=O)[C@H](CCCN(OCc1ccccc1)C(=O)OCc1ccccc1)NC(=O)[C@H]1N=C([C@H](C)N(C)C)O[C@@H]1C)C(C)C,C58H75N5O13,SDSHMUFXPYAHPP-QCTNXYHXSA-N
paper-bf43bfa09423bcac,15a-OH,15a-OH,Source compound 15a-OH,procedural_interpretation,,pending_independent_chemist_review,COC(=O)[C@H](C)N(C)C(=O)/C=C(\OCc1ccc2ccccc2c1)[C@@H](OC(=O)C(C)(C)[C@@H](O)[C@H](CCCN(OCc1ccccc1)C(=O)OCc1ccccc1)NC(=O)[C@H]1N=C([C@H](C)N(C)C)O[C@@H]1C)C(C)C,C56H73N5O12,BHCKMTNMHASPNO-PCAABDPFSA-N
paper-bf43bfa09423bcac,15a-deprotected,15a-deprotected,Source compound 15a-deprotected,procedural_interpretation,,pending_independent_chemist_review,COC(=O)[C@H](C)N(C)C(=O)CC(=O)[C@@H](OC(=O)C(C)(C)[C@H](OC(C)=O)[C@H](CCCNOCc1ccccc1)NC(=O)[C@H]1N=C([C@H](C)N(C)C)O[C@@H]1C)C(C)C,C39H61N5O11,BATLKXFLJKVECN-NXKBFLRZSA-N
paper-bf43bfa09423bcac,15a-nitroso,15a-nitroso,Source compound 15a-nitroso,procedural_interpretation,,pending_independent_chemist_review,CC(=O)O[C@H]([C@H](CCCN(N=O)OCc1ccccc1)NC(=O)[C@H]1N=C([C@H](C)N(C)C)O[C@@H]1C)C(C)(C)C(=O)O[C@H](C(=O)C1=C(O)[C@H](C)N(C)C1=O)C(C)C,C38H56N6O11,IUNKQYXLDGVVBL-ZHFOLZRWSA-N
paper-bf43bfa09423bcac,15a-tetramic,15a-tetramic,Source compound 15a-tetramic,procedural_interpretation,,pending_independent_chemist_review,CC(=O)O[C@H]([C@H](CCCNOCc1ccccc1)NC(=O)[C@H]1N=C([C@H](C)N(C)C)O[C@@H]1C)C(C)(C)C(=O)O[C@H](C(=O)C1=C(O)[C@H](C)N(C)C1=O)C(C)C,C38H57N5O10,PEPHHMWIYZJBFJ-ZHFOLZRWSA-N
paper-bf43bfa09423bcac,15b,15b,Source compound 15b,source_drawing_transcription,,pending_independent_chemist_review,COC(=O)C(C)(C)N(C)C(=O)/C=C(\OCc1ccc2ccccc2c1)[C@@H](OC(=O)C(C)(C)[C@H](OC(C)=O)[C@H](CCCN(OCc1ccccc1)C(=O)OCc1ccccc1)NC(=O)[C@H]1N=C([C@H](C)N(C)C)O[C@@H]1C)C(C)C,C59H77N5O13,SDLRXXRJXREJGD-IBNCTFFUSA-N
paper-bf43bfa09423bcac,15b-OH,15b-OH,Source compound 15b-OH,procedural_interpretation,,pending_independent_chemist_review,COC(=O)C(C)(C)N(C)C(=O)/C=C(\OCc1ccc2ccccc2c1)[C@@H](OC(=O)C(C)(C)[C@@H](O)[C@H](CCCN(OCc1ccccc1)C(=O)OCc1ccccc1)NC(=O)[C@H]1N=C([C@H](C)N(C)C)O[C@@H]1C)C(C)C,C57H75N5O12,MKBUPJGVWHLWTP-JLDOEOBOSA-N
paper-bf43bfa09423bcac,15b-deprotected,15b-deprotected,Source compound 15b-deprotected,procedural_interpretation,,pending_independent_chemist_review,COC(=O)C(C)(C)N(C)C(=O)CC(=O)[C@@H](OC(=O)C(C)(C)[C@H](OC(C)=O)[C@H](CCCNOCc1ccccc1)NC(=O)[C@H]1N=C([C@H](C)N(C)C)O[C@@H]1C)C(C)C,C40H63N5O11,IQHLDKUSYZIDAR-YSEKIUNQSA-N
paper-bf43bfa09423bcac,15b-nitroso,15b-nitroso,Source compound 15b-nitroso,procedural_interpretation,,pending_independent_chemist_review,CC(=O)O[C@H]([C@H](CCCN(N=O)OCc1ccccc1)NC(=O)[C@H]1N=C([C@H](C)N(C)C)O[C@@H]1C)C(C)(C)C(=O)O[C@H](C(=O)C1=C(O)C(C)(C)N(C)C1=O)C(C)C,C39H58N6O11,VKRRRCVYCGCDGR-LHKHZORWSA-N
paper-bf43bfa09423bcac,15b-tetramic,15b-tetramic,Source compound 15b-tetramic,procedural_interpretation,,pending_independent_chemist_review,CC(=O)O[C@H]([C@H](CCCNOCc1ccccc1)NC(=O)[C@H]1N=C([C@H](C)N(C)C)O[C@@H]1C)C(C)(C)C(=O)O[C@H](C(=O)C1=C(O)C(C)(C)N(C)C1=O)C(C)C,C39H59N5O10,FIXITPCTGIXIMW-LHKHZORWSA-N
paper-bf43bfa09423bcac,15c,15c,Source compound 15c,source_drawing_transcription,,pending_independent_chemist_review,COC(=O)[C@H](C)N(C)C(=O)/C=C(\OCc1ccc2ccccc2c1)[C@@H](OC(=O)C(C)(C)[C@H](OC(C)=O)[C@H](CCCN(OCc1ccccc1)C(=O)OCc1ccccc1)NC(=O)[C@H]1N=C(C(C)(C)N(C)C)O[C@@H]1C)C(C)C,C59H77N5O13,ZBBCSCLQTUFTJK-IBNCTFFUSA-N
paper-bf43bfa09423bcac,15c-OH,15c-OH,Source compound 15c-OH,procedural_interpretation,,pending_independent_chemist_review,COC(=O)[C@H](C)N(C)C(=O)/C=C(\OCc1ccc2ccccc2c1)[C@@H](OC(=O)C(C)(C)[C@@H](O)[C@H](CCCN(OCc1ccccc1)C(=O)OCc1ccccc1)NC(=O)[C@H]1N=C(C(C)(C)N(C)C)O[C@@H]1C)C(C)C,C57H75N5O12,ZXEFZNLIHYMEHX-JLDOEOBOSA-N
paper-bf43bfa09423bcac,15c-deprotected,15c-deprotected,Source compound 15c-deprotected,procedural_interpretation,,pending_independent_chemist_review,COC(=O)[C@H](C)N(C)C(=O)CC(=O)[C@@H](OC(=O)C(C)(C)[C@H](OC(C)=O)[C@H](CCCNOCc1ccccc1)NC(=O)[C@H]1N=C(C(C)(C)N(C)C)O[C@@H]1C)C(C)C,C40H63N5O11,HEWDNNWIRPZJCQ-YSEKIUNQSA-N
paper-bf43bfa09423bcac,15c-nitroso,15c-nitroso,Source compound 15c-nitroso,procedural_interpretation,,pending_independent_chemist_review,CC(=O)O[C@H]([C@H](CCCN(N=O)OCc1ccccc1)NC(=O)[C@H]1N=C(C(C)(C)N(C)C)O[C@@H]1C)C(C)(C)C(=O)O[C@H](C(=O)C1=C(O)[C@H](C)N(C)C1=O)C(C)C,C39H58N6O11,YBVWUPRLHYGJRE-ZBVVDSDCSA-N
paper-bf43bfa09423bcac,15c-tetramic,15c-tetramic,Source compound 15c-tetramic,procedural_interpretation,,pending_independent_chemist_review,CC(=O)O[C@H]([C@H](CCCNOCc1ccccc1)NC(=O)[C@H]1N=C(C(C)(C)N(C)C)O[C@@H]1C)C(C)(C)C(=O)O[C@H](C(=O)C1=C(O)[C@H](C)N(C)C1=O)C(C)C,C39H59N5O10,IVYMQTXVACVRGM-ZBVVDSDCSA-N
paper-bf43bfa09423bcac,1a,1a,Source compound 1a,source_drawing_transcription,,pending_independent_chemist_review,CC(=O)O[C@H]([C@H](CCCN(O)N=O)NC(=O)[C@H]1N=C([C@H](C)N(C)C)O[C@@H]1C)C(C)(C)C(=O)O[C@H](C(=O)C1=C(O)[C@H](C)N(C)C1=O)C(C)C,C31H50N6O11,QVUKZFUFFDYVLS-FEEDENEASA-N
paper-bf43bfa09423bcac,1b,1b,Source compound 1b,source_drawing_transcription,,pending_independent_chemist_review,CC(=O)O[C@H]([C@H](CCCN(O)N=O)NC(=O)[C@H]1N=C([C@H](C)N(C)C)O[C@@H]1C)C(C)(C)C(=O)O[C@H](C(=O)C1=C(O)C(C)(C)N(C)C1=O)C(C)C,C32H52N6O11,DSJPNZBGEXRLQZ-HXMWAAFQSA-N
paper-bf43bfa09423bcac,1c,1c,Source compound 1c,source_drawing_transcription,,pending_independent_chemist_review,CC(=O)O[C@H]([C@H](CCCN(O)N=O)NC(=O)[C@H]1N=C(C(C)(C)N(C)C)O[C@@H]1C)C(C)(C)C(=O)O[C@H](C(=O)C1=C(O)[C@H](C)N(C)C1=O)C(C)C,C32H52N6O11,FQJBLRLWSUXVBX-FFVVYONUSA-N
paper-bf43bfa09423bcac,5a,5a,Source compound 5a,source_drawing_transcription,,pending_independent_chemist_review,CC(=O)O[C@H]([C@H](CCCN(O)N=O)NC(=O)c1nc([C@H](C)N(C)C)oc1C)C(C)(C)C(=O)O[C@H](C(=O)C1=C(O)[C@H](C)N(C)C1=O)C(C)C,C31H48N6O11,UQCQJYBFWMWNQK-JUSKNHCRSA-N
paper-bf43bfa09423bcac,5b,5b,Source compound 5b,source_drawing_transcription,,pending_independent_chemist_review,CC(=O)O[C@H]([C@H](CCCN(O)N=O)NC(=O)c1nc([C@H](C)N(C)C)oc1C)C(C)(C)C(=O)O[C@H](C(=O)C1=C(O)C(C)(C)N(C)C1=O)C(C)C,C32H50N6O11,VOHWARLKKWJFJF-FFSVWITDSA-N
paper-bf43bfa09423bcac,6a,6a,Source compound 6a,source_drawing_transcription,,pending_independent_chemist_review,COC(=O)[C@H](C)N(C)C(=O)/C=C(\OCc1ccc2ccccc2c1)[C@@H](OC(=O)C(C)(C)[C@H](OC(C)=O)[C@H](CCCN(OCc1ccccc1)C(=O)OCc1ccccc1)NC(=O)c1nc([C@H](C)N(C)C)oc1C)C(C)C,C58H73N5O13,AMOQZMVONJABFT-PIUVDFHMSA-N
paper-bf43bfa09423bcac,6a-OH,6a-OH,Source compound 6a-OH,procedural_interpretation,,pending_independent_chemist_review,COC(=O)[C@H](C)N(C)C(=O)/C=C(\OCc1ccc2ccccc2c1)[C@@H](OC(=O)C(C)(C)[C@@H](O)[C@H](CCCN(OCc1ccccc1)C(=O)OCc1ccccc1)NC(=O)c1nc([C@H](C)N(C)C)oc1C)C(C)C,C56H71N5O12,IPMRDUFADOLGML-CVIYRKFASA-N
paper-bf43bfa09423bcac,6a-deprotected,6a-deprotected,Source compound 6a-deprotected,procedural_interpretation,,pending_independent_chemist_review,COC(=O)[C@H](C)N(C)C(=O)CC(=O)[C@@H](OC(=O)C(C)(C)[C@H](OC(C)=O)[C@H](CCCNOCc1ccccc1)NC(=O)c1nc([C@H](C)N(C)C)oc1C)C(C)C,C39H59N5O11,HVYDLGGXDNXMLR-MWLLIDLTSA-N
paper-bf43bfa09423bcac,6a-nitroso,6a-nitroso,Source compound 6a-nitroso,procedural_interpretation,,pending_independent_chemist_review,CC(=O)O[C@H]([C@H](CCCN(N=O)OCc1ccccc1)NC(=O)c1nc([C@H](C)N(C)C)oc1C)C(C)(C)C(=O)O[C@H](C(=O)C1=C(O)[C@H](C)N(C)C1=O)C(C)C,C38H54N6O11,IOMVUMFEKNPFSC-NXLWHHFQSA-N
paper-bf43bfa09423bcac,6a-tetramic,6a-tetramic,Source compound 6a-tetramic,procedural_interpretation,,pending_independent_chemist_review,CC(=O)O[C@H]([C@H](CCCNOCc1ccccc1)NC(=O)c1nc([C@H](C)N(C)C)oc1C)C(C)(C)C(=O)O[C@H](C(=O)C1=C(O)[C@H](C)N(C)C1=O)C(C)C,C38H55N5O10,WNVDTXJWZFHEOJ-NXLWHHFQSA-N
paper-bf43bfa09423bcac,6b,6b,Source compound 6b,source_drawing_transcription,,pending_independent_chemist_review,COC(=O)C(C)(C)N(C)C(=O)/C=C(\OCc1ccc2ccccc2c1)[C@@H](OC(=O)C(C)(C)[C@H](OC(C)=O)[C@H](CCCN(OCc1ccccc1)C(=O)OCc1ccccc1)NC(=O)c1nc([C@H](C)N(C)C)oc1C)C(C)C,C59H75N5O13,RXAAKRGJJFVGIM-CYTPLOJYSA-N
paper-bf43bfa09423bcac,6b-OH,6b-OH,Source compound 6b-OH,procedural_interpretation,,pending_independent_chemist_review,COC(=O)C(C)(C)N(C)C(=O)/C=C(\OCc1ccc2ccccc2c1)[C@@H](OC(=O)C(C)(C)[C@@H](O)[C@H](CCCN(OCc1ccccc1)C(=O)OCc1ccccc1)NC(=O)c1nc([C@H](C)N(C)C)oc1C)C(C)C,C57H73N5O12,QQGLOWNCVNJIMN-XATHKVQJSA-N
paper-bf43bfa09423bcac,6b-deprotected,6b-deprotected,Source compound 6b-deprotected,procedural_interpretation,,pending_independent_chemist_review,COC(=O)C(C)(C)N(C)C(=O)CC(=O)[C@@H](OC(=O)C(C)(C)[C@H](OC(C)=O)[C@H](CCCNOCc1ccccc1)NC(=O)c1nc([C@H](C)N(C)C)oc1C)C(C)C,C40H61N5O11,MVENXAMKYJDHMG-XBKDXDGTSA-N
paper-bf43bfa09423bcac,6b-nitroso,6b-nitroso,Source compound 6b-nitroso,procedural_interpretation,,pending_independent_chemist_review,CC(=O)O[C@H]([C@H](CCCN(N=O)OCc1ccccc1)NC(=O)c1nc([C@H](C)N(C)C)oc1C)C(C)(C)C(=O)O[C@H](C(=O)C1=C(O)C(C)(C)N(C)C1=O)C(C)C,C39H56N6O11,WYZIBEDQZBQQFB-LACJAQLWSA-N
paper-bf43bfa09423bcac,6b-tetramic,6b-tetramic,Source compound 6b-tetramic,procedural_interpretation,,pending_independent_chemist_review,CC(=O)O[C@H]([C@H](CCCNOCc1ccccc1)NC(=O)c1nc([C@H](C)N(C)C)oc1C)C(C)(C)C(=O)O[C@H](C(=O)C1=C(O)C(C)(C)N(C)C1=O)C(C)C,C39H57N5O10,NPGLHQYWPZHBJU-LACJAQLWSA-N
paper-bf43bfa09423bcac,7,7,Source compound 7,source_drawing_transcription,,pending_independent_chemist_review,Cc1oc([C@H](C)[NH+](C)C)nc1C(=O)O.[Cl-],C9H15ClN2O3,GTDJVAMWJCWMIO-JEDNCBNOSA-N
paper-bf43bfa09423bcac,8,8,Source compound 8,source_drawing_transcription,,pending_independent_chemist_review,CC(C)(C)OC(=O)N1[C@@H](CCCN(OCc2ccccc2)C(=O)OCc2ccccc2)[C@@H](C(C)(C)C(=O)O)OC1(C)C,C32H44N2O8,WRKUPIHZVWBQHG-UIOOFZCWSA-N
paper-bf43bfa09423bcac,9a,9a,"methyl N-((S,Z)-4-hydroxy-5-methyl-3-(naphthalen-2-ylmethoxy)hex-2-enoyl)-N-methyl-L-alaninate",source_drawing_transcription,,pending_independent_chemist_review,COC(=O)[C@H](C)N(C)C(=O)/C=C(\OCc1ccc2ccccc2c1)[C@@H](O)C(C)C,C23H29NO5,LZTXDYXFZQSSJD-ZSBNDTGTSA-N
paper-bf43bfa09423bcac,9a-TBS,9a-TBS,Source compound 9a-TBS,procedural_interpretation,,pending_independent_chemist_review,COC(=O)[C@H](C)N(C)C(=O)/C=C(\OCc1ccc2ccccc2c1)[C@H](O[Si](C)(C)C(C)(C)C)C(C)C,C29H43NO5Si,SUSUKIONBFLPPB-DOOVKQMVSA-N
paper-bf43bfa09423bcac,9b,9b,"methyl (S,Z)-2-(4-hydroxy-N,5-dimethyl-3-(naphthalen-2-ylmethoxy)hex-2-enamido)-2-methylpropanoate",source_drawing_transcription,,pending_independent_chemist_review,COC(=O)C(C)(C)N(C)C(=O)/C=C(\OCc1ccc2ccccc2c1)[C@@H](O)C(C)C,C24H31NO5,TYDBHJTYUJKLNN-PZHBDVNGSA-N
paper-bf43bfa09423bcac,9b-TBS,9b-TBS,Source compound 9b-TBS,procedural_interpretation,,pending_independent_chemist_review,COC(=O)C(C)(C)N(C)C(=O)/C=C(\OCc1ccc2ccccc2c1)[C@H](O[Si](C)(C)C(C)(C)C)C(C)C,C30H45NO5Si,XLJISGVNYLIFRX-QHEKLXHTSA-N
paper-bf43bfa09423bcac,NapOH,NapOH,Source compound NapOH,source_drawing_transcription,,pending_independent_chemist_review,OCc1ccc2ccccc2c1,C11H10O,MFGWMAAZYZSWMY-UHFFFAOYSA-N
paper-bf43bfa09423bcac,S1,S1,Source compound S1,source_drawing_transcription,,pending_independent_chemist_review,COC(=O)c1nc([C@H](C)NC(=O)OCc2ccccc2)oc1C,C16H18N2O5,MCLSIRVYRZFQHW-JTQLQIEISA-N
paper-bf43bfa09423bcac,S10,S10,benzyl (S)-2-((tert-butyldimethylsilyl)oxy)-3-methylbutanoate,source_drawing_transcription,,pending_independent_chemist_review,CC(C)[C@H](O[Si](C)(C)C(C)(C)C)C(=O)OCc1ccccc1,C18H30O3Si,KDIMWVNTXADRFR-INIZCTEOSA-N
paper-bf43bfa09423bcac,S10-acid,S10-acid,Source compound S10-acid,procedural_interpretation,,pending_independent_chemist_review,CC(C)[C@H](O[Si](C)(C)C(C)(C)C)C(=O)O,C11H24O3Si,LPOQMJJLBZAHQJ-VIFPVBQESA-N
paper-bf43bfa09423bcac,S11,S11,Source compound S11,source_drawing_transcription,,pending_independent_chemist_review,C=CCOC(=O)C(C)(C)[C@@H](O)[C@H](CCCN(OCc1ccccc1)C(=O)OCc1ccccc1)NC(=O)OC(C)(C)C,C32H44N2O8,ADHUUQFSGWSDNK-SVBPBHIXSA-N
paper-bf43bfa09423bcac,S11-acetonide,S11-acetonide,Source compound S11-acetonide,procedural_interpretation,,pending_independent_chemist_review,C=CCOC(=O)C(C)(C)[C@H]1OC(C)(C)N(C(=O)OC(C)(C)C)[C@H]1CCCN(OCc1ccccc1)C(=O)OCc1ccccc1,C35H48N2O8,ZAPGAMCCMRBBKB-VMPREFPWSA-N
paper-bf43bfa09423bcac,S2,S2,Source compound S2,source_drawing_transcription,,pending_independent_chemist_review,COC(=O)c1nc([C@H](C)[NH+](C)C)oc1C.[Cl-],C10H17ClN2O3,HAAJQVJZPNKLCZ-RGMNGODLSA-N
paper-bf43bfa09423bcac,S3,S3,Source compound S3,source_drawing_transcription,,pending_independent_chemist_review,C[C@H](O)[C@H]([NH3+])C(=O)OCc1ccccc1.[Cl-],C11H16ClNO3,IDZGTFSDZJVMSD-GNAZCLTHSA-N
paper-bf43bfa09423bcac,S4,S4,Source compound S4,source_drawing_transcription,,pending_independent_chemist_review,C[C@H](O)[C@H](NC(=O)[C@H](C)N(C)C)C(=O)OCc1ccccc1,C16H24N2O4,LXGBUPWKZPTPPC-OBJOEFQTSA-N
paper-bf43bfa09423bcac,S5,S5,"benzyl (4S,5R)-2-((S)-1-(dimethylamino)ethyl)-5-methyl-4,5-dihydrooxazole-4-carboxylate",source_drawing_transcription,,pending_independent_chemist_review,C[C@H]1OC([C@H](C)N(C)C)=N[C@@H]1C(=O)OCc1ccccc1,C16H22N2O3,LBYJMODYGJKAGB-SCRDCRAPSA-N
paper-bf43bfa09423bcac,S6,S6,2-(dimethylamino)-2-methylpropanoic acid,source_drawing_transcription,,pending_independent_chemist_review,CN(C)C(C)(C)C(=O)O,C6H13NO2,NTWMEKOIKAVWGG-UHFFFAOYSA-N
paper-bf43bfa09423bcac,S7,S7,Source compound S7,source_drawing_transcription,,pending_independent_chemist_review,C[C@H](O)[C@H](NC(=O)C(C)(C)N(C)C)C(=O)OCc1ccccc1,C17H26N2O4,NDAYUKOCGLEAQD-JSGCOSHPSA-N
paper-bf43bfa09423bcac,S8,S8,"benzyl (4S,5R)-2-(2-(dimethylamino)propan-2-yl)-5-methyl-4,5-dihydrooxazole-4-carboxylate",source_drawing_transcription,,pending_independent_chemist_review,C[C@H]1OC(C(C)(C)N(C)C)=N[C@@H]1C(=O)OCc1ccccc1,C17H24N2O3,GOFLGMAZTYINRJ-OCCSQVGLSA-N
paper-bf43bfa09423bcac,S9,S9,(S)-2-hydroxy-3-methylbutanoic acid,source_drawing_transcription,,pending_independent_chemist_review,CC(C)[C@H](O)C(=O)O,C5H10O3,NGEWQZIDQIYUNV-BYPYZUCNSA-N
paper-bf43bfa09423bcac,S9-benzyl,S9-benzyl,Source compound S9-benzyl,procedural_interpretation,,pending_independent_chemist_review,CC(C)[C@H](O)C(=O)OCc1ccccc1,C12H16O3,XANDRLFOMIFEFY-NSHDSACASA-N
paper-bf43bfa09423bcac,TBSCl,TBSCl,Source compound TBSCl,source_drawing_transcription,,pending_independent_chemist_review,CC(C)(C)[Si](C)(C)Cl,C6H15ClSi,BCNZYOJHNLTNEZ-UHFFFAOYSA-N
paper-bf43bfa09423bcac,acetic-anhydride,acetic-anhydride,Source compound acetic-anhydride,source_drawing_transcription,,pending_independent_chemist_review,CC(=O)OC(C)=O,C4H6O3,WFDIJRYMOXRFFG-UHFFFAOYSA-N
paper-bf43bfa09423bcac,allyl-potassium-malonate,allyl-potassium-malonate,Source compound allyl-potassium-malonate,source_drawing_transcription,,pending_independent_chemist_review,C=CCOC(=O)CC(=O)[O-].[K+],C6H7KO4,ZMQSXHNRFJBYMQ-UHFFFAOYSA-M
paper-bf43bfa09423bcac,benzyl-bromide,benzyl-bromide,Source compound benzyl-bromide,source_drawing_transcription,,pending_independent_chemist_review,BrCc1ccccc1,C7H7Br,AGEZXYOZHKGVCM-UHFFFAOYSA-N
paper-bf43bfa09423bcac,butyl-nitrite,butyl-nitrite,Source compound butyl-nitrite,source_drawing_transcription,,pending_independent_chemist_review,CCCCON=O,C4H9NO2,JQJPBYFTQAANLE-UHFFFAOYSA-N
paper-bf43bfa09423bcac,dimethoxypropane,dimethoxypropane,Source compound dimethoxypropane,source_drawing_transcription,,pending_independent_chemist_review,COC(C)(C)OC,C5H12O2,HEWZVZIVELJPQZ-UHFFFAOYSA-N
paper-bf43bfa09423bcac,dimethylalanine,dimethylalanine,(S)-2-(dimethylamino)propanoic acid,source_drawing_transcription,,pending_independent_chemist_review,C[C@@H](C(=O)O)N(C)C,C5H11NO2,QCYOIFVBYZNUNW-BYPYZUCNSA-N
paper-bf43bfa09423bcac,formaldehyde,formaldehyde,Source compound formaldehyde,source_drawing_transcription,,pending_independent_chemist_review,C=O,CH2O,WSFSSNUMVMOOMR-UHFFFAOYSA-N
paper-bff74b7b8a828b65,1,1,SI compound 1,source_drawing_transcription,racemic_representative_relative_configuration,pending_independent_chemist_review,C[C@H]1C[C@@H](O)[C@H]2[C@@]13CC=C(CO)[C@@H](C3)C[C@@]2(C)O,C15H24O3,OXTYJXHXIPSDEE-PDAWATHFSA-N
paper-bff74b7b8a828b65,10,10,SI compound 10,source_drawing_transcription,racemic_representative_relative_configuration,pending_independent_chemist_review,CC(C)(C)[Si](C)(C)O[C@H]1C[C@@H]2CC(=O)C[C@@H](C2)C[C@H]1O[Si](C)(C)C(C)(C)C,C22H44O3Si2,BGIJONZUFIAMEI-TZRIAGMCSA-N
paper-bff74b7b8a828b65,11,11,SI compound 11,source_drawing_transcription,racemic_representative_relative_configuration,pending_independent_chemist_review,CC(C)(C)[Si](C)(C)O[C@H]1C[C@@H]2CC(=O)C=C(C2)C[C@H]1O[Si](C)(C)C(C)(C)C,C22H42O3Si2,ZRKURSIYYLDVJB-SXLOBPIMSA-N
paper-bff74b7b8a828b65,12,12,SI compound 12,source_drawing_transcription,racemic_representative_relative_configuration,pending_independent_chemist_review,C=C(CCO[Si](C)(C)C(C)(C)C)[C@@]12CC(=O)C[C@@H](C[C@H](O[Si](C)(C)C(C)(C)C)[C@H](O[Si](C)(C)C(C)(C)C)C1)C2,C32H64O4Si3,QXKNNRCLFCFRPV-OGVVQZFKSA-N
paper-bff74b7b8a828b65,13,13,SI compound 13,source_drawing_transcription,racemic_representative_relative_configuration,pending_independent_chemist_review,C=C(CCO)[C@@]12CC(=O)C[C@@H](C[C@H](O[Si](C)(C)C(C)(C)C)[C@H](O[Si](C)(C)C(C)(C)C)C1)C2,C26H50O4Si2,GLESVKCFUJOXMO-PFMZIPKWSA-N
paper-bff74b7b8a828b65,14,14,SI compound 14,source_drawing_transcription,racemic_representative_relative_configuration,pending_independent_chemist_review,C=C(CC=O)[C@@]12CC(=O)C[C@@H](C[C@H](O[Si](C)(C)C(C)(C)C)[C@H](O[Si](C)(C)C(C)(C)C)C1)C2,C26H48O4Si2,XJXMKNZSAXTBRE-PFMZIPKWSA-N
paper-bff74b7b8a828b65,15prime,15prime,SI compound 15prime,source_drawing_transcription,racemic_representative_relative_configuration,pending_independent_chemist_review,CC1=CC=C2C(=O)C[C@H]3C[C@H](O[Si](C)(C)C(C)(C)C)[C@H](O[Si](C)(C)C(C)(C)C)C[C@@]12C3,C26H46O3Si2,DMKQPDCZAPTTSM-AHMOOEFLSA-N
paper-bff74b7b8a828b65,16,16,SI compound 16,source_drawing_transcription,racemic_representative_relative_configuration,pending_independent_chemist_review,C=C1C[C@@H](O)[C@H]2[C@]13C[C@H](C[C@H](O[Si](C)(C)C(C)(C)C)[C@H](O[Si](C)(C)C(C)(C)C)C3)C[C@@]2(C)O,C27H52O4Si2,SPNPVLPOBUYHSM-CXGZUFBCSA-N
paper-bff74b7b8a828b65,17,17,SI compound 17,source_drawing_transcription,racemic_representative_relative_configuration,pending_independent_chemist_review,C[C@H]1C[C@@H](O)[C@H]2[C@]13C[C@H](C[C@H](O[Si](C)(C)C(C)(C)C)[C@H](O[Si](C)(C)C(C)(C)C)C3)C[C@@]2(C)O,C27H54O4Si2,BUINCNJKYINKSK-KGAXAKKKSA-N
paper-bff74b7b8a828b65,18,18,SI compound 18,source_drawing_transcription,racemic_representative_relative_configuration,pending_independent_chemist_review,C[C@H]1C[C@@H](O)[C@H]2[C@]13C[C@H](C[C@H](O)[C@H](O)C3)C[C@@]2(C)O,C15H26O4,YMAVUUUZJIUQFK-ZJMZZVALSA-N
paper-bff74b7b8a828b65,19,19,SI compound 19,source_drawing_transcription,racemic_representative_relative_configuration,pending_independent_chemist_review,C[C@H]1C[C@@H](O)[C@H]2[C@@]13CC=C(C=O)[C@@H](C3)C[C@@]2(C)O,C15H22O3,ADTMVHMTOSHABX-PDAWATHFSA-N
paper-bff74b7b8a828b65,2,2,SI compound 2,source_drawing_transcription,racemic_representative_relative_configuration,pending_independent_chemist_review,CC1=CC[C@]23C[C@H]1C[C@@](C)(O)[C@H]2[C@H](O)C[C@@H]3C,C15H24O2,KCUAHALVFZQCSG-CMBQYIQPSA-N
paper-bff74b7b8a828b65,20,20,SI compound 20,source_drawing_transcription,racemic_representative_relative_configuration,pending_independent_chemist_review,C[C@H]1C[C@@H](O)[C@H]2[C@@]13CC=C(C1SCCS1)[C@@H](C3)C[C@@]2(C)O,C17H26O2S2,HDBJXBDYXBAMRU-AVIWOYNMSA-N
paper-bff74b7b8a828b65,3,3,SI compound 3,source_drawing_transcription,racemic_representative_relative_configuration,pending_independent_chemist_review,CC(=O)O[C@@H]1C[C@H](C)[C@@]23CC=C(C)[C@@H](C2)C[C@@](C)(O)[C@@H]13,C17H26O3,MWJFQIAPGJUWFB-IIYRAJEGSA-N
paper-bff74b7b8a828b65,4,4,SI compound 4,source_drawing_transcription,not_applicable,pending_independent_chemist_review,O=C1CCC2(CC1)OCCO2,C8H12O3,VKRKCBWIVLSRBJ-UHFFFAOYSA-N
paper-bff74b7b8a828b65,5,5,SI compound 5,source_drawing_transcription,racemic_representative_relative_configuration,pending_independent_chemist_review,O=C1[C@@H]2CC=CC[C@H]1CC1(C2)OCCO1,C12H16O3,AYCAYZNIKITMDZ-AOOOYVTPSA-N
paper-bff74b7b8a828b65,6,6,SI compound 6,source_drawing_transcription,racemic_representative_relative_configuration,pending_independent_chemist_review,Cc1ccc(S(=O)(=O)NN=C2[C@@H]3CC=CC[C@H]2CC2(C3)OCCO2)cc1,C19H24N2O4S,HFJAFJLQWMPHQR-IYBDPMFKSA-N
paper-bff74b7b8a828b65,7,7,SI compound 7,source_drawing_transcription,racemic_representative_relative_configuration,pending_independent_chemist_review,C1=CC[C@H]2C[C@@H](C1)CC1(C2)OCCO1,C12H18O2,VZYFXUOTGPKING-PHIMTYICSA-N
paper-bff74b7b8a828b65,8,8,SI compound 8,source_drawing_transcription,racemic_representative_relative_configuration,pending_independent_chemist_review,O=C1C[C@H]2CC=CC[C@@H](C1)C2,C10H14O,ZMXQOIXIYQYBEL-DTORHVGOSA-N
paper-bff74b7b8a828b65,9,9,SI compound 9,source_drawing_transcription,racemic_representative_relative_configuration,pending_independent_chemist_review,O=C1C[C@@H]2C[C@H](C1)C[C@@H](O)[C@@H](O)C2,C10H16O3,AMFSNMWHUJZXQO-OXMRFTEPSA-N
paper-bff74b7b8a828b65,Ac2O,Ac2O,SI compound Ac2O,source_drawing_transcription,not_applicable,pending_independent_chemist_review,CC(=O)OC(C)=O,C4H6O3,WFDIJRYMOXRFFG-UHFFFAOYSA-N
paper-bff74b7b8a828b65,MeLi,MeLi,SI compound MeLi,source_drawing_transcription,not_applicable,pending_independent_chemist_review,[CH3-].[Li+],CH3Li,IHLVCKWPAMTVTG-UHFFFAOYSA-N
paper-bff74b7b8a828b65,S1,S1,SI compound S1,source_drawing_transcription,not_applicable,pending_independent_chemist_review,C=C(Br)CCO,C4H7BrO,RTKMFQOHBDVEBC-UHFFFAOYSA-N
paper-bff74b7b8a828b65,S2,S2,SI compound S2,source_drawing_transcription,not_applicable,pending_independent_chemist_review,C=C(Br)CCO[Si](C)(C)C(C)(C)C,C10H21BrOSi,YGWCNFWCDRWNJD-UHFFFAOYSA-N
paper-bff74b7b8a828b65,TsNHNH2,TsNHNH2,SI compound TsNHNH2,source_drawing_transcription,not_applicable,pending_independent_chemist_review,Cc1ccc(S(=O)(=O)NN)cc1,C7H10N2O2S,ICGLPKIVTVWCFT-UHFFFAOYSA-N
paper-bff74b7b8a828b65,alpha15,alpha15,SI compound alpha15,source_drawing_transcription,racemic_representative_relative_configuration,pending_independent_chemist_review,C=C1C[C@H](O)[C@@H]2C(=O)C[C@H]3C[C@H](O[Si](C)(C)C(C)(C)C)[C@H](O[Si](C)(C)C(C)(C)C)C[C@@]12C3,C26H48O4Si2,CJRQNOOFKLRAQS-RHEGFQKMSA-N
paper-bff74b7b8a828b65,beta15,beta15,SI compound beta15,source_drawing_transcription,racemic_representative_relative_configuration,pending_independent_chemist_review,C=C1C[C@@H](O)[C@@H]2C(=O)C[C@H]3C[C@H](O[Si](C)(C)C(C)(C)C)[C@H](O[Si](C)(C)C(C)(C)C)C[C@@]12C3,C26H48O4Si2,CJRQNOOFKLRAQS-BGVFEKLUSA-N
paper-bff74b7b8a828b65,bis-trimethylsilyl-ethanedithiol,bis-trimethylsilyl-ethanedithiol,SI compound bis-trimethylsilyl-ethanedithiol,source_drawing_transcription,not_applicable,pending_independent_chemist_review,C[Si](C)(C)SCCS[Si](C)(C)C,C8H22S2Si2,CBRFJNLREFDKBD-UHFFFAOYSA-N
paper-bff74b7b8a828b65,cis-dichlorobutene,cis-dichlorobutene,SI compound cis-dichlorobutene,source_drawing_transcription,not_applicable,pending_independent_chemist_review,ClC/C=C\CCl,C4H6Cl2,FQDIANVAWVHZIR-UPHRSURJSA-N
paper-bff74b7b8a828b65,dibromopropene,dibromopropene,SI compound dibromopropene,source_drawing_transcription,not_applicable,pending_independent_chemist_review,C=C(Br)CBr,C3H4Br2,YMFWYDYJHRGGPF-UHFFFAOYSA-N
paper-bff74b7b8a828b65,formaldehyde,formaldehyde,SI compound formaldehyde,source_drawing_transcription,not_applicable,pending_independent_chemist_review,C=O,CH2O,WSFSSNUMVMOOMR-UHFFFAOYSA-N
paper-c2d9ec46e06369bf,1-RR,"(4R,5R)-1","(4R,5R)-3-((E)-hept-1-en-1-yl)-4,5-dihydroxy-2-(hydroxymethyl)cyclohex-2-en-1-one",source_drawing_transcription,source_assigned_absolute_configuration,pending_independent_chemist_review,CCCCC/C=C/C1=C(CO)C(=O)C[C@@H](O)[C@@H]1O,C14H22O4,STNLGQLIXQWBJR-JLVOYYQZSA-N
paper-c2d9ec46e06369bf,1-RS,"(4R,5S)-1","(4R,5S)-3-((E)-hept-1-en-1-yl)-4,5-dihydroxy-2-(hydroxymethyl)cyclohex-2-en-1-one",source_drawing_transcription,source_assigned_absolute_configuration,pending_independent_chemist_review,CCCCC/C=C/C1=C(CO)C(=O)C[C@H](O)[C@@H]1O,C14H22O4,STNLGQLIXQWBJR-HYLRALAJSA-N
paper-c2d9ec46e06369bf,10,10,"(4S,5R)-4-((tert-butyldimethylsilyl)oxy)-5-((E)-hept-1-en-1-yl)cyclohex-2-en-1-one",source_drawing_transcription,source_assigned_absolute_configuration,pending_independent_chemist_review,CCCCC/C=C/[C@H]1CC(=O)C=C[C@@H]1O[Si](C)(C)C(C)(C)C,C19H34O2Si,IJIURMUFRAVWJE-BJICUUOASA-N
paper-c2d9ec46e06369bf,11,11,"(1S,4R,5R,6R)-5-((tert-butyldimethylsilyl)oxy)-4-((E)-hept-1-en-1-yl)-7-oxabicyclo[4.1.0]heptan-2-one",source_drawing_transcription,source_assigned_absolute_configuration,pending_independent_chemist_review,CCCCC/C=C/[C@H]1CC(=O)[C@H]2O[C@H]2[C@@H]1O[Si](C)(C)C(C)(C)C,C19H34O3Si,NQSZSFYLTMJENZ-YFRAKABOSA-N
paper-c2d9ec46e06369bf,12,12,"(1R,4R,5R,6S)-5-((tert-butyldimethylsilyl)oxy)-4-((E)-hept-1-en-1-yl)-7-oxabicyclo[4.1.0]heptan-2-one",source_drawing_transcription,source_assigned_absolute_configuration,pending_independent_chemist_review,CCCCC/C=C/[C@H]1CC(=O)[C@@H]2O[C@@H]2[C@@H]1O[Si](C)(C)C(C)(C)C,C19H34O3Si,NQSZSFYLTMJENZ-RPMXSMCGSA-N
paper-c2d9ec46e06369bf,14,14,"(1S,3S,4R,5R,6R)-5-((tert-butyldimethylsilyl)oxy)-4-((E)-hept-1-en-1-yl)-3-(phenylselanyl)-7-oxabicyclo[4.1.0]heptan-2-one",source_drawing_transcription,source_assigned_absolute_configuration,pending_independent_chemist_review,CCCCC/C=C/[C@@H]1[C@@H](O[Si](C)(C)C(C)(C)C)[C@@H]2O[C@@H]2C(=O)[C@H]1[Se]c1ccccc1,C25H38O3SeSi,WEJOIFPFWIANKZ-VAJXZGFHSA-N
paper-c2d9ec46e06369bf,15,15,"(1S,5R,6S)-4-((E)-hept-1-en-1-yl)-5-hydroxy-7-oxabicyclo[4.1.0]hept-3-en-2-one",source_drawing_transcription,source_assigned_absolute_configuration,pending_independent_chemist_review,CCCCC/C=C/C1=CC(=O)[C@H]2O[C@H]2[C@@H]1O,C13H18O3,YXGQIEIFLRKRGU-SPAXLYFESA-N
paper-c2d9ec46e06369bf,16,16,"(1R,3R,4R,5R,6S)-5-((tert-butyldimethylsilyl)oxy)-4-((E)-hept-1-en-1-yl)-3-(hydroxymethyl)-3-(phenylselanyl)-7-oxabicyclo[4.1.0]heptan-2-one",source_drawing_transcription,source_assigned_absolute_configuration,pending_independent_chemist_review,CCCCC/C=C/[C@@H]1[C@@H](O[Si](C)(C)C(C)(C)C)[C@H]2O[C@H]2C(=O)[C@@]1(CO)[Se]c1ccccc1,C26H40O4SeSi,UYFKRFDQFRAKDE-ZBFUQNFQSA-N
paper-c2d9ec46e06369bf,17,17,"(1R,5R,6R)-4-((E)-hept-1-en-1-yl)-5-hydroxy-3-(hydroxymethyl)-7-oxabicyclo[4.1.0]hept-3-en-2-one",source_drawing_transcription,source_assigned_absolute_configuration,pending_independent_chemist_review,CCCCC/C=C/C1=C(CO)C(=O)[C@@H]2O[C@@H]2[C@@H]1O,C14H20O4,GTZSDAILXWXHGN-NIIIIQAQSA-N
paper-c2d9ec46e06369bf,18,18,"(1S,5R,6R)-5-((tert-butyldimethylsilyl)oxy)-4-((E)-hept-1-en-1-yl)-7-oxabicyclo[4.1.0]hept-3-en-2-one",source_drawing_transcription,source_assigned_absolute_configuration,pending_independent_chemist_review,CCCCC/C=C/C1=CC(=O)[C@H]2O[C@H]2[C@@H]1O[Si](C)(C)C(C)(C)C,C19H32O3Si,CJXMELFXSWRVAZ-VJQPNKNBSA-N
paper-c2d9ec46e06369bf,19,19,"(1R,3R,4R,5R,6S)-5-((tert-butyldimethylsilyl)oxy)-4-((E)-hept-1-en-1-yl)-3-(phenylselanyl)-7-oxabicyclo[4.1.0]heptan-2-one",source_drawing_transcription,source_assigned_absolute_configuration,pending_independent_chemist_review,CCCCC/C=C/[C@@H]1[C@@H](O[Si](C)(C)C(C)(C)C)[C@H]2O[C@H]2C(=O)[C@@H]1[Se]c1ccccc1,C25H38O3SeSi,WEJOIFPFWIANKZ-UXPYMNBFSA-N
paper-c2d9ec46e06369bf,2-RR,"(4R,5R)-2","(4R,5R)-3-((E)-hept-1-en-1-yl)-4,5-dihydroxycyclohex-2-en-1-one",source_drawing_transcription,source_assigned_absolute_configuration,pending_independent_chemist_review,CCCCC/C=C/C1=CC(=O)C[C@@H](O)[C@@H]1O,C13H20O3,ROGSQHOBXSRGOT-AMRKSYTLSA-N
paper-c2d9ec46e06369bf,2-RS,"(4R,5S)-2","(4R,5S)-3-((E)-hept-1-en-1-yl)-4,5-dihydroxycyclohex-2-en-1-one",source_drawing_transcription,source_assigned_absolute_configuration,pending_independent_chemist_review,CCCCC/C=C/C1=CC(=O)C[C@H](O)[C@@H]1O,C13H20O3,ROGSQHOBXSRGOT-VFZNBBLXSA-N
paper-c2d9ec46e06369bf,20,20,"(1R,5R,6S)-5-((tert-butyldimethylsilyl)oxy)-4-((E)-hept-1-en-1-yl)-3-(hydroxymethyl)-7-oxabicyclo[4.1.0]hept-3-en-2-one",source_drawing_transcription,source_assigned_absolute_configuration,pending_independent_chemist_review,CCCCC/C=C/C1=C(CO)C(=O)[C@@H]2O[C@@H]2[C@@H]1O[Si](C)(C)C(C)(C)C,C20H34O4Si,QOCSYSRMSDCNLG-OOYHNUBKSA-N
paper-c2d9ec46e06369bf,3alpha,3alpha,"(3aS,6R,7R,7aR)-7-((E)-hept-1-en-1-yl)-2,2-dimethyl-6-(phenylselanyl)tetrahydrobenzo[d][1,3]dioxol-5(4H)-one",source_drawing_transcription,source_assigned_absolute_configuration,pending_independent_chemist_review,CCCCC/C=C/[C@@H]1[C@H]2OC(C)(C)O[C@H]2CC(=O)[C@@H]1[Se]c1ccccc1,C22H30O3Se,NCKHQBSTGKNOQB-VZNOGPFCSA-N
paper-c2d9ec46e06369bf,3beta,3beta,"(3aS,6S,7R,7aR)-7-((E)-hept-1-en-1-yl)-2,2-dimethyl-6-(phenylselanyl)tetrahydrobenzo[d][1,3]dioxol-5(4H)-one",source_drawing_transcription,source_assigned_absolute_configuration,pending_independent_chemist_review,CCCCC/C=C/[C@@H]1[C@H]2OC(C)(C)O[C@H]2CC(=O)[C@H]1[Se]c1ccccc1,C22H30O3Se,NCKHQBSTGKNOQB-GKQYCMSZSA-N
paper-c2d9ec46e06369bf,4,4,"(3aS,7aR)-2,2-dimethyl-3a,7a-dihydrobenzo[d][1,3]dioxol-5(4H)-one",source_drawing_transcription,source_assigned_absolute_configuration,pending_independent_chemist_review,CC1(C)O[C@H]2CC(=O)C=C[C@H]2O1,C9H12O3,GBHAVVFDMNIKED-SFYZADRCSA-N
paper-c2d9ec46e06369bf,6,6,"(3aS,7R,7aR)-7-((E)-hept-1-en-1-yl)-2,2-dimethyltetrahydrobenzo[d][1,3]dioxol-5(4H)-one",source_drawing_transcription,source_assigned_absolute_configuration,pending_independent_chemist_review,CCCCC/C=C/[C@H]1CC(=O)C[C@@H]2OC(C)(C)O[C@@H]21,C16H26O3,VNFRCXLTKHLHLH-FVFDXKESSA-N
paper-c2d9ec46e06369bf,7,7,Compound 7,source_drawing_transcription,Selenium-bearing stereocenter unspecified in Scheme 2; other drawn stereobonds retained.,pending_independent_chemist_review,CCCCC/C=C/[C@H]1C([Se]c2ccccc2)C(=O)C=C[C@@H]1O,C19H24O2Se,QMAWMQXQCZQKPI-SOHCXXPXSA-N
paper-c2d9ec46e06369bf,8,8,"(3aS,7aR)-7-((E)-hept-1-en-1-yl)-2,2-dimethyl-3a,7a-dihydrobenzo[d][1,3]dioxol-5(4H)-one",source_drawing_transcription,source_assigned_absolute_configuration,pending_independent_chemist_review,CCCCC/C=C/C1=CC(=O)C[C@@H]2OC(C)(C)O[C@H]12,C16H24O3,XWPCMLSIMWUNJN-MATWNZDUSA-N
paper-c2d9ec46e06369bf,9,9,Compound 9,source_drawing_transcription,,pending_independent_chemist_review,CCCCC/C=C/c1cc(O)ccc1O,C13H18O2,CJWVJDNLBYTKFK-VOTSOKGWSA-N
paper-c2d9ec46e06369bf,formaldehyde,formaldehyde,Compound formaldehyde,procedural_interpretation,,pending_independent_chemist_review,C=O,CH2O,WSFSSNUMVMOOMR-UHFFFAOYSA-N
paper-c2d9ec46e06369bf,hept-1-yne,hept-1-yne,Compound hept-1-yne,procedural_interpretation,,pending_independent_chemist_review,C#CCCCCC,C7H12,YVXHZKKCZYLQOP-UHFFFAOYSA-N
paper-c4c0d668b9a2b9f7,1,1,SI compound 1,source_drawing_transcription,,pending_independent_chemist_review,COc1cc(/C=C/COCCO)ccc1O[C@@H]1O[C@H](CO)[C@@H](O)[C@H](O)[C@H]1O,C18H26O9,NMEQNDSFAPFIJM-HDQDWQTGSA-N
paper-c4c0d668b9a2b9f7,10,10,SI compound 10,source_drawing_transcription,,pending_independent_chemist_review,CCOC(=O)/C=C/c1ccc(OCOC)c(OC)c1,C14H18O5,ABUWVIVNOPWIBO-SOFGYWHQSA-N
paper-c4c0d668b9a2b9f7,11-E,11,SI compound 11-E,source_drawing_transcription,,pending_independent_chemist_review,COCOc1ccc(/C=C/C2OCCO2)cc1OC,C14H18O5,XEBUPCXMBRKXLC-GQCTYLIASA-N
paper-c4c0d668b9a2b9f7,11-Z,11,SI compound 11-Z,source_drawing_transcription,,pending_independent_chemist_review,COCOc1ccc(/C=C\C2OCCO2)cc1OC,C14H18O5,XEBUPCXMBRKXLC-XQRVVYSFSA-N
paper-c4c0d668b9a2b9f7,12,12,SI compound 12,source_drawing_transcription,,pending_independent_chemist_review,COc1cc(C=O)ccc1O,C8H8O3,MWOOGOJBHIARFG-UHFFFAOYSA-N
paper-c4c0d668b9a2b9f7,13,13,SI compound 13,source_drawing_transcription,,pending_independent_chemist_review,COCOc1ccc(C=O)cc1OC,C10H12O4,QWQRYWWOQOUPQQ-UHFFFAOYSA-N
paper-c4c0d668b9a2b9f7,14,14,SI compound 14,procedural_interpretation,,pending_independent_chemist_review,CCOC(=O)CP(=O)(OCC)OCC,C8H17O5P,GGUBFICZYGKNTD-UHFFFAOYSA-N
paper-c4c0d668b9a2b9f7,15,15,SI compound 15,source_drawing_transcription,,pending_independent_chemist_review,CCOC(=O)/C=C/c1ccc(O)c(OC)c1,C12H14O4,ATJVZXXHKSYELS-FNORWQNLSA-N
paper-c4c0d668b9a2b9f7,16,16,SI compound 16,source_drawing_transcription,,pending_independent_chemist_review,CCOC(=O)/C=C/c1ccc(O[C@@H]2O[C@H](COC(C)=O)[C@@H](OC(C)=O)[C@H](OC(C)=O)[C@H]2OC(C)=O)c(OC)c1,C26H32O13,OGYDZNGQPWOQAG-OGXLGZRCSA-N
paper-c4c0d668b9a2b9f7,17,17,SI compound 17,source_drawing_transcription,,pending_independent_chemist_review,[Br-].c1ccc([P+](CC2OCCO2)(c2ccccc2)c2ccccc2)cc1,C22H22BrO2P,FRHRVQQUICVJDG-UHFFFAOYSA-M
paper-c4c0d668b9a2b9f7,18,18,SI compound 18,source_drawing_transcription,,pending_independent_chemist_review,COCOc1ccc(/C=C/CO)cc1OC,C12H16O4,RGLIRNASKZDDHO-ONEGZZNKSA-N
paper-c4c0d668b9a2b9f7,19,19,SI compound 19,source_drawing_transcription,,pending_independent_chemist_review,COCOc1ccc(/C=C/COCCO)cc1OC,C14H20O5,MPHDZTLLPCZBID-ONEGZZNKSA-N
paper-c4c0d668b9a2b9f7,2,2,SI compound 2,source_drawing_transcription,,pending_independent_chemist_review,COc1cc(/C=C/CO)ccc1O[C@@H]1O[C@H](CO)[C@@H](O)[C@H](O)[C@H]1O,C16H22O8,SFLMUHDGSQZDOW-FAOXUISGSA-N
paper-c4c0d668b9a2b9f7,21-E,21,SI compound 21-E,source_drawing_transcription,,pending_independent_chemist_review,COc1cc(/C=C/C2OCCO2)ccc1O[C@@H]1O[C@H](COC(C)=O)[C@@H](OC(C)=O)[C@H](OC(C)=O)[C@H]1OC(C)=O,C26H32O13,WNAZYLVSMBARKA-CLLPDXDASA-N
paper-c4c0d668b9a2b9f7,21-Z,21,SI compound 21-Z,source_drawing_transcription,,pending_independent_chemist_review,COc1cc(/C=C\C2OCCO2)ccc1O[C@@H]1O[C@H](COC(C)=O)[C@@H](OC(C)=O)[C@H](OC(C)=O)[C@H]1OC(C)=O,C26H32O13,WNAZYLVSMBARKA-IQJFDKQWSA-N
paper-c4c0d668b9a2b9f7,22-E,22,SI compound 22-E,source_drawing_transcription,,pending_independent_chemist_review,COc1cc(/C=C/C2OCCO2)ccc1O[C@@H]1O[C@H](CO)[C@@H](O)[C@H](O)[C@H]1O,C18H24O9,KPZHZOYJJXCLGN-QVQSXKJXSA-N
paper-c4c0d668b9a2b9f7,22-Z,22,SI compound 22-Z,source_drawing_transcription,,pending_independent_chemist_review,COc1cc(/C=C\C2OCCO2)ccc1O[C@@H]1O[C@H](CO)[C@@H](O)[C@H](O)[C@H]1O,C18H24O9,KPZHZOYJJXCLGN-YTGYJXIJSA-N
paper-c4c0d668b9a2b9f7,23,23,SI compound 23,source_drawing_transcription,,pending_independent_chemist_review,CCCCOS(C)(=O)=O,C5H12O3S,LFLBHTZRLVHUQC-UHFFFAOYSA-N
paper-c4c0d668b9a2b9f7,24,24,SI compound 24,source_drawing_transcription,,pending_independent_chemist_review,CCCCOC/C=C/c1ccc(OCOC)c(OC)c1,C16H24O4,PISMUUQAUUNVCV-VOTSOKGWSA-N
paper-c4c0d668b9a2b9f7,25,25,SI compound 25,source_drawing_transcription,,pending_independent_chemist_review,CCCCOC/C=C/c1ccc(O)c(OC)c1,C14H20O3,ATYMUKAZXTWXRS-AATRIKPKSA-N
paper-c4c0d668b9a2b9f7,26,26,SI compound 26,source_drawing_transcription,,pending_independent_chemist_review,CCCCOC/C=C/c1ccc(O[C@@H]2O[C@H](COC(C)=O)[C@@H](OC(C)=O)[C@H](OC(C)=O)[C@H]2OC(C)=O)c(OC)c1,C28H38O12,KKMDRDVOHAABLN-LQGKJGNASA-N
paper-c4c0d668b9a2b9f7,27,27,SI compound 27,source_drawing_transcription,,pending_independent_chemist_review,CCCCOCCOC/C=C/c1ccc(OCOC)c(OC)c1,C18H28O5,OVBZNXCHPNAIRU-VOTSOKGWSA-N
paper-c4c0d668b9a2b9f7,3,3,SI compound 3,source_drawing_transcription,,pending_independent_chemist_review,CCCCOC/C=C/c1ccc(O[C@@H]2O[C@H](CO)[C@@H](O)[C@H](O)[C@H]2O)c(OC)c1,C20H30O8,QKAHTDJGGJOSTH-JYCJSOQVSA-N
paper-c4cb813fe92c2654,(+)-14,(+)-14,SI compound (+)-14,source_drawing_transcription,,pending_independent_chemist_review,C=C[C@H](CCC(C)C#N)C(C)C,C11H19N,SRMXIHQVRAMSND-RRKGBCIJSA-N
paper-c4cb813fe92c2654,(+)-30,(+)-30,SI compound (+)-30,source_drawing_transcription,,pending_independent_chemist_review,C/C=C/C(=O)/C(=C/C(=O)CC)[C@]1(O)C[C@@H]2[C@@H](C(C)C)CC[C@@]21C,C20H30O3,QMEZUNVPELRESH-VHXGQVONSA-N
paper-c4cb813fe92c2654,(+)-31,(+)-31,SI compound (+)-31,source_drawing_transcription,,pending_independent_chemist_review,C/C=C/c1oc(CC)cc1[C@]1(O)C[C@@H]2[C@@H](C(C)C)CC[C@@]21C,C20H30O2,KBQGGKBXNHPCPY-ZOZIQEPCSA-N
paper-c4cb813fe92c2654,(+)-43,(+)-43,SI compound (+)-43,source_drawing_transcription,,pending_independent_chemist_review,C/C=C/C(=O)[C@@]1(CC(=O)CC)C(OS(=O)(=O)C(F)(F)F)=C[C@@H]2[C@@H](C(C)C)CC[C@@]21C,C21H29F3O5S,WACIXAOOVSDZSY-NKLDRBRJSA-N
paper-c4cb813fe92c2654,(+)-7,(+)-7,SI compound (+)-7,source_drawing_transcription,,pending_independent_chemist_review,CC(C)[C@H]1CC[C@]2(C)C(=O)C[C@H]12,C11H18O,CDSYVWBECPYHGS-KKZNHRDASA-N
paper-c4cb813fe92c2654,(+)-7a,(+)-7a,SI compound (+)-7a,source_drawing_transcription,,pending_independent_chemist_review,Cc1ccc(S(=O)(=O)NN=C2C[C@@H]3[C@@H](C(C)C)CC[C@]23C)cc1,C18H26N2O2S,FCDJFOFBBGFGFR-NUJGCVRESA-N
paper-c4cb813fe92c2654,(-)-1,(-)-1,SI compound (-)-1,source_drawing_transcription,,pending_independent_chemist_review,CC1=C2[C@@H]3[C@@H]4[C@@H](C(C)C)CC[C@]4(C)[C@@]2(CC1=O)C(=O)C[C@H]3C,C20H28O2,SYMWSRAWNQZHBC-RDIVOFAMSA-N
paper-c4cb813fe92c2654,(-)-11,(-)-11,SI compound (-)-11,source_drawing_transcription,,pending_independent_chemist_review,C=C[C@H](CCC(C)C(=O)O)C(C)C,C11H20O2,POKYSFHTJFMEQP-QVDQXJPCSA-N
paper-c4cb813fe92c2654,(-)-29,(-)-29,SI compound (-)-29,source_drawing_transcription,,pending_independent_chemist_review,C/C=C/C(=O)[C@@]1(CC(=O)CC)C(=O)C[C@@H]2[C@@H](C(C)C)CC[C@@]21C,C20H30O3,CDONADYEWYMEFZ-NKLDRBRJSA-N
paper-c4cb813fe92c2654,(-)-3,(-)-3,SI compound (-)-3,source_drawing_transcription,,pending_independent_chemist_review,C/C=C/C(=O)[C@@]12CC(=O)C(C)=C1C[C@@H]1[C@@H](C(C)C)CC[C@@]12C,C20H28O2,WVLLUSJFGNVHSU-HTDOADSGSA-N
paper-c4cb813fe92c2654,(-)-8,(-)-8,SI compound (-)-8,source_drawing_transcription,,pending_independent_chemist_review,C=C[C@H](CBr)C(C)C,C7H13Br,DIDHQIXTRHHLEY-SSDOTTSWSA-N
paper-c4cb813fe92c2654,1,1,SI compound 1,source_drawing_transcription,,pending_independent_chemist_review,CC1=C2[C@@H]3[C@@H]4[C@@H](C(C)C)CC[C@]4(C)[C@@]2(CC1=O)C(=O)C[C@H]3C,C20H28O2,SYMWSRAWNQZHBC-RDIVOFAMSA-N
paper-c4cb813fe92c2654,10,10,SI compound 10,source_drawing_transcription,,pending_independent_chemist_review,C=CC(CCC(C)C(=O)OC)C(C)C,C12H22O2,CWTIMNBCNLCXHH-UHFFFAOYSA-N
paper-c4cb813fe92c2654,11,11,SI compound 11,source_drawing_transcription,,pending_independent_chemist_review,C=CC(CCC(C)C(=O)O)C(C)C,C11H20O2,POKYSFHTJFMEQP-UHFFFAOYSA-N
paper-c4cb813fe92c2654,12,12,SI compound 12,source_drawing_transcription,,pending_independent_chemist_review,C=CC(CCC(C)C(=O)N1CCCC1)C(C)C,C15H27NO,PAISGNOJQUWISQ-UHFFFAOYSA-N
paper-c4cb813fe92c2654,13,13,SI compound 13,source_drawing_transcription,,pending_independent_chemist_review,C=CC(CCC(C)C(N)=O)C(C)C,C11H21NO,JJYDEESGLQYUSM-UHFFFAOYSA-N
paper-c4cb813fe92c2654,14,14,SI compound 14,source_drawing_transcription,,pending_independent_chemist_review,C=CC(CCC(C)C#N)C(C)C,C11H19N,SRMXIHQVRAMSND-UHFFFAOYSA-N
paper-c4cb813fe92c2654,15,15,SI compound 15,source_drawing_transcription,,pending_independent_chemist_review,C=CC(CI)C(C)C,C7H13I,BEFRNKOEWIEXHV-UHFFFAOYSA-N
paper-c4cb813fe92c2654,16,16,SI compound 16,source_drawing_transcription,,pending_independent_chemist_review,C/C=C/CBr,C4H7Br,AVMHMVJVHYGDOO-NSCUHMNNSA-N
paper-c4cb813fe92c2654,17,17,SI compound 17,source_drawing_transcription,,pending_independent_chemist_review,C#CC(O)CC,C5H8O,LBSKEFWQPNVWTP-UHFFFAOYSA-N
paper-c4cb813fe92c2654,18,18,SI compound 18,source_drawing_transcription,,pending_independent_chemist_review,C/C=C/CC#CC(O)CC,C9H14O,ZETUCOFVYQBGIY-HWKANZROSA-N
paper-c4cb813fe92c2654,18',18',SI compound 18',source_drawing_transcription,,pending_independent_chemist_review,C=CC(C)C#CC(O)CC,C9H14O,XOROLOACWOZLCB-UHFFFAOYSA-N
paper-c4cb813fe92c2654,19,19,SI compound 19,source_drawing_transcription,,pending_independent_chemist_review,C/C=C/CC#CC(CC)O[Si](C)(C)C(C)(C)C,C15H28OSi,VDKKIQIVPDWWQT-CSKARUKUSA-N
paper-c4cb813fe92c2654,19',19',SI compound 19',source_drawing_transcription,,pending_independent_chemist_review,C=CC(C)C#CC(CC)O[Si](C)(C)C(C)(C)C,C15H28OSi,NLICGACTWFZZEO-UHFFFAOYSA-N
paper-c4cb813fe92c2654,20,20,SI compound 20,source_drawing_transcription,,pending_independent_chemist_review,C/C=C/C/C(I)=C\C(CC)O[Si](C)(C)C(C)(C)C,C15H29IOSi,CEXKKGXDVVZNIA-QZWQQMBISA-N
paper-c4cb813fe92c2654,22,22,SI compound 22,source_drawing_transcription,,pending_independent_chemist_review,C/C=C/CC/C(=C\C(O)CC)C1(O)C[C@@H]2[C@@H](C(C)C)CC[C@@]21C,C21H36O2,FXCIUZNNRMVFCL-VZVUUOMZSA-N
paper-c4cb813fe92c2654,23,23,SI compound 23,source_drawing_transcription,,pending_independent_chemist_review,C/C=C/CC/C(=C\C(=O)CC)C1(O)C[C@@H]2[C@@H](C(C)C)CC[C@@]21C,C21H34O2,PBVGMKWIBAUXAT-AGSNIJKZSA-N
paper-c4cb813fe92c2654,24,24,SI compound 24,source_drawing_transcription,,pending_independent_chemist_review,C/C=C/C[C@]1(CC(=O)CC)C(=O)C[C@@H]2[C@@H](C(C)C)CC[C@@]21C,C20H32O2,PJOIYOCAYNQBEK-SUHJFZFHSA-N
paper-c4cb813fe92c2654,29,29,SI compound 29,source_drawing_transcription,,pending_independent_chemist_review,C/C=C/C(=O)[C@@]1(CC(=O)CC)C(=O)C[C@@H]2[C@@H](C(C)C)CC[C@@]21C,C20H30O3,CDONADYEWYMEFZ-NKLDRBRJSA-N
paper-c4cb813fe92c2654,29',29',SI compound 29',source_drawing_transcription,,pending_independent_chemist_review,C/C=C/C(=O)[C@]1(CC(=O)CC)C(=O)C[C@@H]2[C@@H](C(C)C)CC[C@@]21C,C20H30O3,CDONADYEWYMEFZ-JPZQMAMASA-N
paper-c4cb813fe92c2654,3,3,SI compound 3,source_drawing_transcription,,pending_independent_chemist_review,C/C=C/C(=O)[C@@]12CC(=O)C(C)=C1C[C@@H]1[C@@H](C(C)C)CC[C@@]12C,C20H28O2,WVLLUSJFGNVHSU-HTDOADSGSA-N
paper-c4cb813fe92c2654,30,30,SI compound 30,source_drawing_transcription,,pending_independent_chemist_review,C/C=C/C(=O)/C(=C/C(=O)CC)[C@]1(O)C[C@@H]2[C@@H](C(C)C)CC[C@@]21C,C20H30O3,QMEZUNVPELRESH-VHXGQVONSA-N
paper-c4cb813fe92c2654,30',30',SI compound 30',source_drawing_transcription,,pending_independent_chemist_review,C/C=C/C(=O)/C(=C/C(=O)CC)[C@@]1(O)C[C@@H]2[C@@H](C(C)C)CC[C@@]21C,C20H30O3,QMEZUNVPELRESH-ZHAQERNWSA-N
paper-c4cb813fe92c2654,31,31,SI compound 31,source_drawing_transcription,,pending_independent_chemist_review,C/C=C/c1oc(CC)cc1[C@]1(O)C[C@@H]2[C@@H](C(C)C)CC[C@@]21C,C20H30O2,KBQGGKBXNHPCPY-ZOZIQEPCSA-N
paper-c4cb813fe92c2654,31',31',SI compound 31',source_drawing_transcription,,pending_independent_chemist_review,C/C=C/c1oc(CC)cc1[C@@]1(O)C[C@@H]2[C@@H](C(C)C)CC[C@@]21C,C20H30O2,KBQGGKBXNHPCPY-VTQNERIKSA-N
paper-c4cb813fe92c2654,32,32,SI compound 32,source_drawing_transcription,,pending_independent_chemist_review,C/C=C/c1oc(CC)cc1Br,C9H11BrO,XKHITNMZTKVUHQ-HWKANZROSA-N
paper-c4cb813fe92c2654,33,33,SI compound 33,source_drawing_transcription,,pending_independent_chemist_review,O=C(O)c1cc(Br)c(Br)o1,C5H2Br2O3,BHUVICYZDBUMIU-UHFFFAOYSA-N
paper-c4cb813fe92c2654,34,34,SI compound 34,source_drawing_transcription,,pending_independent_chemist_review,O=Cc1cc(Br)c(Br)o1,C5H2Br2O2,CRHHCCZDQZBLPL-UHFFFAOYSA-N
paper-c4cb813fe92c2654,35,35,SI compound 35,source_drawing_transcription,,pending_independent_chemist_review,CC(O)c1cc(Br)c(Br)o1,C6H6Br2O2,OLGOVYBZTIABFJ-UHFFFAOYSA-N
paper-c4cb813fe92c2654,36,36,SI compound 36,source_drawing_transcription,,pending_independent_chemist_review,CCc1cc(Br)c(Br)o1,C6H6Br2O,XALCTETYZQDTNV-UHFFFAOYSA-N
paper-c4cb813fe92c2654,37,37,SI compound 37,source_drawing_transcription,,pending_independent_chemist_review,CCc1cc(Br)c(C=O)o1,C7H7BrO2,SIWWGBPFKRJGPB-UHFFFAOYSA-N
paper-c4cb813fe92c2654,38,38,SI compound 38,source_drawing_transcription,,pending_independent_chemist_review,C/C=C/C(=O)OC1=C(CC(=O)CC)[C@@]2(C)CC[C@H](C(C)C)[C@H]2C1,C20H30O3,BDPFDKYIAZWIRI-BEBFUQDPSA-N
paper-c4cb813fe92c2654,39,39,SI compound 39,source_drawing_transcription,,pending_independent_chemist_review,CCC1=C(C2C(=O)C[C@@H]3[C@@H](C(C)C)CC[C@]23C)C(=O)CC(C)O1,C20H30O3,OEYUDUYZWPALFT-XPHZKYHXSA-N
paper-c4cb813fe92c2654,40,40,SI compound 40,source_drawing_transcription,,pending_independent_chemist_review,C=CC1=C(CC)C[C@]2(C(=O)C[C@@H]3[C@@H](C(C)C)CC[C@@]32C)C1=O,C20H28O2,JLKDDCGADRVJBZ-YKCBXCCJSA-N
paper-c4cb813fe92c2654,42,42,SI compound 42,source_drawing_transcription,,pending_independent_chemist_review,C/C=C/C(=O)[C@@]1(CC(=O)CC)C(O[Si](C)(C)C(C)(C)C)=C[C@@H]2[C@@H](C(C)C)CC[C@@]21C,C26H44O3Si,ALDPMGKFMIWADI-MUBVXDEQSA-N
paper-c4cb813fe92c2654,43,43,SI compound 43,source_drawing_transcription,,pending_independent_chemist_review,C/C=C/C(=O)[C@@]1(CC(=O)CC)C(OS(=O)(=O)C(F)(F)F)=C[C@@H]2[C@@H](C(C)C)CC[C@@]21C,C21H29F3O5S,WACIXAOOVSDZSY-NKLDRBRJSA-N
paper-c4cb813fe92c2654,44,44,SI compound 44,source_drawing_transcription,,pending_independent_chemist_review,C#CC(O)/C=C/C,C6H8O,SRSOGIWDNSFTEG-HWKANZROSA-N
paper-c4cb813fe92c2654,45,45,SI compound 45,source_drawing_transcription,,pending_independent_chemist_review,CCC(=O)N(C)OC,C5H11NO2,YKVJZSZZQKQJMO-UHFFFAOYSA-N
paper-c4cb813fe92c2654,46,46,SI compound 46,source_drawing_transcription,,pending_independent_chemist_review,C/C=C/C(O)C#CC(=O)CC,C9H12O2,OIZSMHNGIJJEEY-HWKANZROSA-N
paper-c4cb813fe92c2654,6,6,SI compound 6,source_drawing_transcription,,pending_independent_chemist_review,C/C=C/C/C(I)=C/C(O)CC,C9H15IO,OWSHTOQLHWIHRG-AXDYLVROSA-N
paper-c4cb813fe92c2654,6',6',SI compound 6',source_drawing_transcription,,pending_independent_chemist_review,C=CC(C)/C(I)=C/C(O)CC,C9H15IO,FPZACIGWICBRLR-TWGQIWQCSA-N
paper-c4cb813fe92c2654,7,7,SI compound 7,source_drawing_transcription,,pending_independent_chemist_review,CC(C)[C@H]1CC[C@]2(C)C(=O)C[C@H]12,C11H18O,CDSYVWBECPYHGS-KKZNHRDASA-N
paper-c4cb813fe92c2654,7',7',SI compound 7',source_drawing_transcription,,pending_independent_chemist_review,CC(C)[C@H]1CC[C@@]2(C)C(=O)C[C@@H]12,C11H18O,CDSYVWBECPYHGS-WCABBAIRSA-N
paper-c4cb813fe92c2654,7a,7a,SI compound 7a,source_drawing_transcription,,pending_independent_chemist_review,Cc1ccc(S(=O)(=O)NN=C2C[C@@H]3[C@@H](C(C)C)CC[C@]23C)cc1,C18H26N2O2S,FCDJFOFBBGFGFR-NUJGCVRESA-N
paper-c4cb813fe92c2654,8,8,SI compound 8,source_drawing_transcription,,pending_independent_chemist_review,C=CC(CBr)C(C)C,C7H13Br,DIDHQIXTRHHLEY-UHFFFAOYSA-N
paper-c4cb813fe92c2654,S1,S1,SI compound S1,source_drawing_transcription,,pending_independent_chemist_review,C/C=C/CC/C(=C\C(CC)O[Si](C)(C)C(C)(C)C)C1(O)C[C@@H]2[C@@H](C(C)C)CC[C@@]21C,C27H50O2Si,QGJWZSMBCYQORX-PQPWHJDWSA-N
paper-c4cb813fe92c2654,ethylidenetriphenylphosphorane,ethylidenetriphenylphosphorane,SI compound ethylidenetriphenylphosphorane,source_drawing_transcription,,pending_independent_chemist_review,CC=P(c1ccccc1)(c1ccccc1)c1ccccc1,C20H19P,NNQYFBSGBOKZKP-UHFFFAOYSA-N
paper-c4cb813fe92c2654,methacrylonitrile,methacrylonitrile,SI compound methacrylonitrile,source_drawing_transcription,,pending_independent_chemist_review,C=C(C)C#N,C4H5N,GYCMBHHDWRMZGG-UHFFFAOYSA-N
paper-c4cb813fe92c2654,methyl methacrylate,methyl methacrylate,SI compound methyl methacrylate,source_drawing_transcription,,pending_independent_chemist_review,C=C(C)C(=O)OC,C5H8O2,VVQNEPGJFQJSBK-UHFFFAOYSA-N
paper-c68b92dcce0b5753,1,1,SI compound 1,source_drawing_transcription,,pending_independent_chemist_review,CN1CCC[C@]23C(=O)C[C@@H]4C[C@H]2CC(=O)[C@@]3(C[C@@H](O)C1)C4,C17H25NO3,QVFWULSBDNLHNA-LVSLPLRBSA-N
paper-c68b92dcce0b5753,10,10,SI compound 10,source_drawing_transcription,,pending_independent_chemist_review,N[C@H](Cc1ccc(O)cc1)C(=O)O,C9H11NO3,OUYCCCASQSFEME-MRVPVSSYSA-N
paper-c68b92dcce0b5753,11,11,SI compound 11,source_drawing_transcription,,pending_independent_chemist_review,CC(=O)c1cc(C[C@@H](O)C(=O)O)ccc1O,C11H12O5,AOPGGHBXZPQAHH-SNVBAGLBSA-N
paper-c68b92dcce0b5753,12,12,SI compound 12,source_drawing_transcription,,pending_independent_chemist_review,COc1ccc(C[C@H]2OC(C)(C)OC2=O)cc1C(C)=O,C15H18O5,PTRCZKWVXQFWRO-CYBMUJFWSA-N
paper-c68b92dcce0b5753,13,13,SI compound 13,source_drawing_transcription,,pending_independent_chemist_review,COc1ccc(C[C@H]2OC(C)(C)OC2=O)cc1OC(C)=O,C15H18O6,SOQSMUHMLLUTCH-CYBMUJFWSA-N
paper-c68b92dcce0b5753,14,14,SI compound 14,source_drawing_transcription,,pending_independent_chemist_review,COc1ccc(C[C@H]2OC(C)(C)OC2=O)cc1O,C13H16O5,MGZMNCDIBQUKCG-LLVKDONJSA-N
paper-c68b92dcce0b5753,15,15,SI compound 15,source_drawing_transcription,,pending_independent_chemist_review,C=CCc1c(C[C@H]2OC(C)(C)OC2=O)ccc(OC)c1O,C16H20O5,HEWANSQGJQCKLV-CYBMUJFWSA-N
paper-c68b92dcce0b5753,16,16,SI compound 16,source_drawing_transcription,,pending_independent_chemist_review,C=CCc1c(C[C@@H](O)C(N)=O)ccc(OC)c1O,C13H17NO4,XCBOFSHAXSLZKI-SNVBAGLBSA-N
paper-c68b92dcce0b5753,17,17,SI compound 17,source_drawing_transcription,,pending_independent_chemist_review,C=CCOc1cc(C[C@H](O)C(N)=O)ccc1OC,C13H17NO4,WJJILDCZDUSSSX-JTQLQIEISA-N
paper-c68b92dcce0b5753,18,18,SI compound 18,source_drawing_transcription,,pending_independent_chemist_review,C=CCc1c(C[C@@H](O[Si](C)(C)C(C)(C)C)C(N)=O)ccc(OC)c1O[Si](C)(C)C(C)(C)C,C25H45NO4Si2,KFXLUJYAMAAXKO-OAQYLSRUSA-N
paper-c68b92dcce0b5753,19,19,SI compound 19,source_drawing_transcription,,pending_independent_chemist_review,COc1ccc(C[C@H](CNCC(C)(C)OC=O)O[Si](C)(C)C(C)(C)C)c(CCCO)c1O[Si](C)(C)C(C)(C)C,C30H57NO6Si2,OIASFNKIZCQGBR-XMMPIXPASA-N
paper-c68b92dcce0b5753,2,2,SI compound 2,source_drawing_transcription,,pending_independent_chemist_review,CN1CCC[C@]23C(=O)C[C@@H]4C[C@H]2CC(=O)[C@@]3(C[C@H](O)C1)C4,C17H25NO3,QVFWULSBDNLHNA-UCQBOQSVSA-N
paper-c68b92dcce0b5753,20,20,SI compound 20,source_drawing_transcription,,pending_independent_chemist_review,COc1ccc(C[C@H](CNCC(C)(C)OC=O)O[Si](C)(C)C(C)(C)C)c(CCCOS(C)(=O)=O)c1O[Si](C)(C)C(C)(C)C,C31H59NO8SSi2,URUYQQMOJIZORX-RUZDIDTESA-N
paper-c68b92dcce0b5753,21,21,SI compound 21,source_drawing_transcription,,pending_independent_chemist_review,COC(=O)[C@@H]1C[C@@H]2C=C3C[C@@H](O[Si](C)(C)C(C)(C)C)CN(C(=O)OC(C)(C)C)CCC[C@@]31C(=O)C2(OC)OC,C29H49NO8Si,RKGJHUYVNPKKSZ-KJZXJLKKSA-N
paper-c68b92dcce0b5753,22,22,SI compound 22,source_drawing_transcription,,pending_independent_chemist_review,CO/C=C\[C@@H]1C[C@@H]2C=C3C[C@@H](O[Si](C)(C)C(C)(C)C)CN(C(=O)OC(C)(C)C)CCC[C@@]31C(=O)C2,C28H47NO5Si,TVGWEZAGFQFXCW-LCKDYKTKSA-N
paper-c68b92dcce0b5753,23,23,SI compound 23,source_drawing_transcription,,pending_independent_chemist_review,CC(C)(C)OC(=O)N1CCC[C@@]23C(=C[C@@H](C[C@H]2CC=O)C[C@H]3O)C[C@@H](O[Si](C)(C)C(C)(C)C)C1,C27H47NO5Si,ONOLIEXPXPACRE-PDMKZALJSA-N
paper-c68b92dcce0b5753,24,24,SI compound 24,source_drawing_transcription,,pending_independent_chemist_review,CC(C)(C)OC(=O)N1CCC[C@]23[C@@H]4CC(=O)[C@]2(C[C@@H](C4)C[C@H]3O)C[C@@H](O[Si](C)(C)C(C)(C)C)C1,C27H47NO5Si,NRKIZNRRXIZPBK-XMNIFTIBSA-N
paper-c68b92dcce0b5753,25,25,SI compound 25,source_drawing_transcription,,pending_independent_chemist_review,O=C1C[C@@H]2C[C@@H]3C[C@]14C[C@@H](O)CN1CCC[C@]24[C@]1(O)C3,C16H23NO3,FVMLRNHCNFRWGW-VQIMNLCYSA-N
paper-c68b92dcce0b5753,26,26,SI compound 26,source_drawing_transcription,,pending_independent_chemist_review,CC(C)(C)OC(=O)N1CCC[C@]23C(=O)C[C@@H]4C[C@H]2CC(=O)[C@@]3(C[C@@H](O)C1)C4,C21H31NO5,NCSVZWJDDGBFTI-AGURSJMDSA-N
paper-c68b92dcce0b5753,29,29,SI compound 29,source_drawing_transcription,,pending_independent_chemist_review,O=C1CN2CCC[C@]34[C@@H]5CC(=O)[C@@]3(C1)C[C@@H](C5)C[C@]24O,C16H21NO3,BQKPYPIAUXLLHA-GVNCQOTDSA-N
paper-c68b92dcce0b5753,30,30,SI compound 30,source_drawing_transcription,,pending_independent_chemist_review,O=C1C[C@@H]2C[C@@H]3C[C@]14C[C@H](O)CN1CCC[C@]24[C@]1(O)C3,C16H23NO3,FVMLRNHCNFRWGW-COAWFKALSA-N
paper-c68b92dcce0b5753,6,6,SI compound 6,source_drawing_transcription,,pending_independent_chemist_review,CC(C)(C)OC(=O)N1CCC[C@]23C(=O)C[C@@H]4C[C@H]2CC(=O)[C@]3(C4)C[C@@H](O[Si](C)(C)C(C)(C)C)C1,C27H45NO5Si,FQCQGMYYAGOENG-QXQTZIGYSA-N
paper-c68b92dcce0b5753,7,7,SI compound 7,source_drawing_transcription,,pending_independent_chemist_review,COC1(OC)C(=O)[C@]23CCCN(C(=O)OC(C)(C)C)C[C@H](O[Si](C)(C)C(C)(C)C)CC2=C[C@H]1C[C@H]3C=O,C28H47NO7Si,MQOQICCEGXOGSI-HCUOBIAZSA-N
paper-c68b92dcce0b5753,9,9,SI compound 9,source_drawing_transcription,,pending_independent_chemist_review,COc1ccc2c(c1O)CCCN(C(=O)OC(C)(C)C)C[C@H](O[Si](C)(C)C(C)(C)C)C2,C24H41NO5Si,MSOSQJBOZGOXNT-GOSISDBHSA-N
paper-c68b92dcce0b5753,ent-1,ent-1,SI compound ent-1,source_drawing_transcription,,pending_independent_chemist_review,CN1CCC[C@@]23C(=O)C[C@H]4C[C@@H]2CC(=O)[C@]3(C[C@H](O)C1)C4,C17H25NO3,QVFWULSBDNLHNA-XRQSXFTLSA-N
paper-c68b92dcce0b5753,ent-10,ent-10,SI compound ent-10,source_drawing_transcription,,pending_independent_chemist_review,N[C@@H](Cc1ccc(O)cc1)C(=O)O,C9H11NO3,OUYCCCASQSFEME-QMMMGPOBSA-N
paper-c68b92dcce0b5753,ent-11,ent-11,SI compound ent-11,source_drawing_transcription,,pending_independent_chemist_review,CC(=O)c1cc(C[C@H](O)C(=O)O)ccc1O,C11H12O5,AOPGGHBXZPQAHH-JTQLQIEISA-N
paper-c68b92dcce0b5753,ent-12,ent-12,SI compound ent-12,source_drawing_transcription,,pending_independent_chemist_review,COc1ccc(C[C@@H]2OC(C)(C)OC2=O)cc1C(C)=O,C15H18O5,PTRCZKWVXQFWRO-ZDUSSCGKSA-N
paper-c68b92dcce0b5753,ent-13,ent-13,SI compound ent-13,source_drawing_transcription,,pending_independent_chemist_review,COc1ccc(C[C@@H]2OC(C)(C)OC2=O)cc1OC(C)=O,C15H18O6,SOQSMUHMLLUTCH-ZDUSSCGKSA-N
paper-c68b92dcce0b5753,ent-14,ent-14,SI compound ent-14,source_drawing_transcription,,pending_independent_chemist_review,COc1ccc(C[C@@H]2OC(C)(C)OC2=O)cc1O,C13H16O5,MGZMNCDIBQUKCG-NSHDSACASA-N
paper-c68b92dcce0b5753,ent-15,ent-15,SI compound ent-15,source_drawing_transcription,,pending_independent_chemist_review,C=CCc1c(C[C@@H]2OC(C)(C)OC2=O)ccc(OC)c1O,C16H20O5,HEWANSQGJQCKLV-ZDUSSCGKSA-N
paper-c68b92dcce0b5753,ent-16,ent-16,SI compound ent-16,source_drawing_transcription,,pending_independent_chemist_review,C=CCc1c(C[C@H](O)C(N)=O)ccc(OC)c1O,C13H17NO4,XCBOFSHAXSLZKI-JTQLQIEISA-N
paper-c68b92dcce0b5753,ent-18,ent-18,SI compound ent-18,source_drawing_transcription,,pending_independent_chemist_review,C=CCc1c(C[C@H](O[Si](C)(C)C(C)(C)C)C(N)=O)ccc(OC)c1O[Si](C)(C)C(C)(C)C,C25H45NO4Si2,KFXLUJYAMAAXKO-NRFANRHFSA-N
paper-c68b92dcce0b5753,ent-19,ent-19,SI compound ent-19,source_drawing_transcription,,pending_independent_chemist_review,COc1ccc(C[C@@H](CNCC(C)(C)OC=O)O[Si](C)(C)C(C)(C)C)c(CCCO)c1O[Si](C)(C)C(C)(C)C,C30H57NO6Si2,OIASFNKIZCQGBR-DEOSSOPVSA-N
paper-c68b92dcce0b5753,ent-19a,ent-19a,SI compound ent-19a,source_drawing_transcription,,pending_independent_chemist_review,CCCc1c(C[C@@H](CNCC(C)(C)OC=O)O[Si](C)(C)C(C)(C)C)ccc(OC)c1O[Si](C)(C)C(C)(C)C,C30H57NO5Si2,OUCFIWSOLDEJTM-DEOSSOPVSA-N
paper-c68b92dcce0b5753,ent-20,ent-20,SI compound ent-20,source_drawing_transcription,,pending_independent_chemist_review,COc1ccc(C[C@@H](CNCC(C)(C)OC=O)O[Si](C)(C)C(C)(C)C)c(CCCOS(C)(=O)=O)c1O[Si](C)(C)C(C)(C)C,C31H59NO8SSi2,URUYQQMOJIZORX-VWLOTQADSA-N
paper-c68b92dcce0b5753,ent-21,ent-21,SI compound ent-21,source_drawing_transcription,,pending_independent_chemist_review,COC(=O)[C@H]1C[C@H]2C=C3C[C@H](O[Si](C)(C)C(C)(C)C)CN(C(=O)OC(C)(C)C)CCC[C@]31C(=O)C2(OC)OC,C29H49NO8Si,RKGJHUYVNPKKSZ-LLTQPOKBSA-N
paper-c68b92dcce0b5753,ent-22,ent-22,SI compound ent-22,source_drawing_transcription,,pending_independent_chemist_review,CO/C=C\[C@H]1C[C@H]2C=C3C[C@H](O[Si](C)(C)C(C)(C)C)CN(C(=O)OC(C)(C)C)CCC[C@]31C(=O)C2,C28H47NO5Si,TVGWEZAGFQFXCW-JKISQETASA-N
paper-c68b92dcce0b5753,ent-23,ent-23,SI compound ent-23,source_drawing_transcription,,pending_independent_chemist_review,CC(C)(C)OC(=O)N1CCC[C@]23C(=C[C@H](C[C@@H]2CC=O)C[C@@H]3O)C[C@H](O[Si](C)(C)C(C)(C)C)C1,C27H47NO5Si,ONOLIEXPXPACRE-YDMGFIDSSA-N
paper-c68b92dcce0b5753,ent-24,ent-24,SI compound ent-24,source_drawing_transcription,,pending_independent_chemist_review,CC(C)(C)OC(=O)N1CCC[C@@]23[C@H]4CC(=O)[C@@]2(C[C@H](C4)C[C@@H]3O)C[C@H](O[Si](C)(C)C(C)(C)C)C1,C27H47NO5Si,NRKIZNRRXIZPBK-HJRBFCMLSA-N
paper-c68b92dcce0b5753,ent-25,ent-25,SI compound ent-25,source_drawing_transcription,,pending_independent_chemist_review,O=C1C[C@H]2C[C@H]3C[C@@]14C[C@H](O)CN1CCC[C@@]24[C@@]1(O)C3,C16H23NO3,FVMLRNHCNFRWGW-RJUOPTFYSA-N
paper-c68b92dcce0b5753,ent-6,ent-6,SI compound ent-6,source_drawing_transcription,,pending_independent_chemist_review,CC(C)(C)OC(=O)N1CCC[C@@]23C(=O)C[C@H]4C[C@@H]2CC(=O)[C@@]3(C4)C[C@H](O[Si](C)(C)C(C)(C)C)C1,C27H45NO5Si,FQCQGMYYAGOENG-OFTBJLJNSA-N
paper-c68b92dcce0b5753,ent-7,ent-7,SI compound ent-7,source_drawing_transcription,,pending_independent_chemist_review,COC1(OC)C(=O)[C@@]23CCCN(C(=O)OC(C)(C)C)C[C@@H](O[Si](C)(C)C(C)(C)C)CC2=C[C@@H]1C[C@@H]3C=O,C28H47NO7Si,MQOQICCEGXOGSI-YHZQYDDPSA-N
paper-c68b92dcce0b5753,ent-9,ent-9,SI compound ent-9,source_drawing_transcription,,pending_independent_chemist_review,COc1ccc2c(c1O)CCCN(C(=O)OC(C)(C)C)C[C@@H](O[Si](C)(C)C(C)(C)C)C2,C24H41NO5Si,MSOSQJBOZGOXNT-SFHVURJKSA-N
paper-c68b92dcce0b5753,formaldehyde,formaldehyde,SI compound formaldehyde,source_drawing_transcription,,pending_independent_chemist_review,C=O,CH2O,WSFSSNUMVMOOMR-UHFFFAOYSA-N
paper-c68b92dcce0b5753,methoxymethyl phosphonium chloride,methoxymethyl phosphonium chloride,SI compound methoxymethyl phosphonium chloride,source_drawing_transcription,,pending_independent_chemist_review,COC[P+](c1ccccc1)(c1ccccc1)c1ccccc1.[Cl-],C20H20ClOP,SJFNDMHZXCUXSA-UHFFFAOYSA-M
paper-c68b92dcce0b5753,methyl acrylate,methyl acrylate,SI compound methyl acrylate,source_drawing_transcription,,pending_independent_chemist_review,C=CC(=O)OC,C4H6O2,BAPJBEWLBFYGME-UHFFFAOYSA-N
paper-cb317959e8cba4c0,10,10,SI compound 10,source_drawing_transcription,,pending_independent_chemist_review,C#C[C@@H](OC(=O)c1ccccc1)[C@H](OC(=O)c1ccccc1)[C@@H](CC=C)O[Si](CC)(CC)CC,C28H34O5Si,YCFDPCLHUGHAPO-CYXNTTPDSA-N
paper-cb317959e8cba4c0,11,11,SI compound 11,source_drawing_transcription,,pending_independent_chemist_review,C#C[C@@H](O[Si](C)(C)C(C)(C)C)[C@H](O[Si](C)(C)C(C)(C)C)[C@@H](CC=C)OC(=O)c1ccccc1,C27H44O4Si2,YYTWNADUIILZTE-SMIHKQSGSA-N
paper-cb317959e8cba4c0,12,12,SI compound 12,source_drawing_transcription,THP acetal stereocenter unspecified; analogous preparation only in text.,pending_independent_chemist_review,C#C[C@@H](O[Si](C)(C)C(C)(C)C)[C@H](O[Si](C)(C)C(C)(C)C)[C@@H](CC=C)OC1CCCCO1,C25H48O4Si2,MCSWLKCFPLLVOX-RAILZRAYSA-N
paper-cb317959e8cba4c0,13,13,SI compound 13,source_drawing_transcription,,pending_independent_chemist_review,O=C(O)C[C@H](Br)C(=O)O,C4H5BrO4,QQWGVQWAEANRTK-REOHCLBHSA-N
paper-cb317959e8cba4c0,14,14,SI compound 14,source_drawing_transcription,,pending_independent_chemist_review,COc1ccc(COCC[C@@H]2CO2)cc1,C12H16O3,ZOTQIPMMMCLNGW-GFCCVEGCSA-N
paper-cb317959e8cba4c0,15,15,SI compound 15,source_drawing_transcription,Ionic representation of source organomagnesium reagent.,pending_independent_chemist_review,C=[C-]C[Si](C)(C)C.[Br-].[Mg+2],C6H13BrMgSi,KFRHGDRFPYXTNN-UHFFFAOYSA-M
paper-cb317959e8cba4c0,16,16,SI compound 16,source_drawing_transcription,,pending_independent_chemist_review,C=C(C[C@H](O)CCOCc1ccc(OC)cc1)C[Si](C)(C)C,C18H30O3Si,BNEKTLVEHIGRNO-QGZVFWFLSA-N
paper-cb317959e8cba4c0,17,17,SI compound 17,source_drawing_transcription,,pending_independent_chemist_review,C=C(CBr)C[C@H](O)CCOCc1ccc(OC)cc1,C15H21BrO3,BQMWAXCLVVEGPT-CQSZACIVSA-N
paper-cb317959e8cba4c0,18,18,SI compound 18,source_drawing_transcription,,pending_independent_chemist_review,C=CC[C@@H](O)[C@@H](O[Si](C)(C)C(C)(C)C)[C@@H](C#CCC(=C)C[C@H](O)CCOCc1ccc(OC)cc1)O[Si](C)(C)C(C)(C)C,C35H60O6Si2,CUSYOZPLYFMYRP-WXQJYUTRSA-N
paper-cb317959e8cba4c0,19,19,SI compound 19,source_drawing_transcription,THP acetal stereocenter unspecified.,pending_independent_chemist_review,C=CC[C@@H](OC1CCCCO1)[C@@H](O[Si](C)(C)C(C)(C)C)[C@@H](C#CCC(=C)C[C@H](O)CCOCc1ccc(OC)cc1)O[Si](C)(C)C(C)(C)C,C40H68O7Si2,ORTUKPBSIQRINN-XSUXCIPTSA-N
paper-cb317959e8cba4c0,2,2,SI compound 2,source_drawing_transcription,Anomeric C7 (ribose C1) wavy/mixture; C6 epimerization occurs during alkyne formation.,pending_independent_chemist_review,CC1(C)O[C@@H]2[C@@H](CO)OC(O)[C@@H]2O1,C8H14O5,OYYTWUSIDMJZCP-RKEPMNIXSA-N
paper-cb317959e8cba4c0,"2,3-dibromopropene","2,3-dibromopropene","SI compound 2,3-dibromopropene",source_drawing_transcription,,pending_independent_chemist_review,C=C(Br)CBr,C3H4Br2,YMFWYDYJHRGGPF-UHFFFAOYSA-N
paper-cb317959e8cba4c0,20,20,SI compound 20,source_drawing_transcription,"Source-proposed mechanistic enol ether, not isolated; alkene within ring precursor drawn geometry not independently assigned.",pending_independent_chemist_review,C=CC[C@H]1OC(=CCC(=C)C[C@H](O)CCOCc2ccc(OC)cc2)[C@@H](O[Si](C)(C)C(C)(C)C)[C@@H]1O[Si](C)(C)C(C)(C)C,C35H60O6Si2,OXDLITDTKJOVOU-FNXZSKMFSA-N
paper-cb317959e8cba4c0,21,21,SI compound 21,source_drawing_transcription,,pending_independent_chemist_review,C=CC[C@H]1O[C@@]2(CCC(=C)C[C@@H](CCOCc3ccc(OC)cc3)O2)[C@@H](O[Si](C)(C)C(C)(C)C)[C@@H]1O[Si](C)(C)C(C)(C)C,C35H60O6Si2,UTAVKVYCENLJOY-KLIJISJASA-N
paper-cb317959e8cba4c0,22,22,SI compound 22,source_drawing_transcription,,pending_independent_chemist_review,C=CC[C@@H](O)[C@@H](OC(=O)c1ccccc1)[C@@H](C#CCC(=C)C[C@H](O)CCOCc1ccc(OC)cc1)OC(=O)c1ccccc1,C37H40O8,JUQBZWZMXBQUQG-HYGOWAQNSA-N
paper-cb317959e8cba4c0,23,23,SI compound 23,source_drawing_transcription,,pending_independent_chemist_review,C=CC[C@H]1O[C@@]2(CC(=C)C[C@@H](CCOCc3ccc(OC)cc3)O2)C[C@@H](OC(=O)c2ccccc2)[C@@H]1OC(=O)c1ccccc1,C37H40O8,BTKFYSWDTNANHX-VYGCBIOZSA-N
paper-cb317959e8cba4c0,24,24,SI compound 24,source_drawing_transcription,Major member of 10:1 diastereomeric mixture; C2 S supported by Mosher analysis.,pending_independent_chemist_review,C=C1C[C@@H](CCOCc2ccc(OC)cc2)O[C@]2(C1)C[C@@H](OC(=O)c1ccccc1)[C@H](OC(=O)c1ccccc1)[C@@H](C[C@H](O)CO)O2,C37H42O10,YJRHOZPBSVZSAK-KCWLTFSLSA-N
paper-cb317959e8cba4c0,24-MTPA-RR,24-MTPA-RR,SI compound 24-MTPA-RR,source_drawing_transcription,Analytical Mosher derivative; configuration refers to ester MTPA stereocenter(s).,pending_independent_chemist_review,C=C1C[C@@H](CCOCc2ccc(OC)cc2)O[C@]2(C1)C[C@@H](OC(=O)c1ccccc1)[C@H](OC(=O)c1ccccc1)[C@@H](C[C@@H](COC(=O)[C@](OC)(c1ccccc1)C(F)(F)F)OC(=O)[C@](OC)(c1ccccc1)C(F)(F)F)O2,C57H56F6O14,NLCPRGRGRQXDCY-FQQVMAAKSA-N
paper-cb317959e8cba4c0,24-MTPA-SS,24-MTPA-SS,SI compound 24-MTPA-SS,source_drawing_transcription,Analytical Mosher derivative; configuration refers to ester MTPA stereocenter(s).,pending_independent_chemist_review,C=C1C[C@@H](CCOCc2ccc(OC)cc2)O[C@]2(C1)C[C@@H](OC(=O)c1ccccc1)[C@H](OC(=O)c1ccccc1)[C@@H](C[C@@H](COC(=O)[C@@](OC)(c1ccccc1)C(F)(F)F)OC(=O)[C@@](OC)(c1ccccc1)C(F)(F)F)O2,C57H56F6O14,NLCPRGRGRQXDCY-XBTKXDMRSA-N
paper-cb317959e8cba4c0,25,25,SI compound 25,source_drawing_transcription,,pending_independent_chemist_review,C=C1C[C@@H](CC=O)O[C@]2(C1)C[C@@H](OC(=O)c1ccccc1)[C@H](OC(=O)c1ccccc1)[C@@H](C[C@@H](CO[Si](C)(C)C(C)(C)C)O[Si](C)(C)C(C)(C)C)O2,C41H60O9Si2,NEYWGPIPIVEARW-NZNGBTJMSA-N
paper-cb317959e8cba4c0,26,26,"1,2-Propadienyltributyltin",source_drawing_transcription,,pending_independent_chemist_review,C=C=[CH][Sn]([CH2]CCC)([CH2]CCC)[CH2]CCC,C15H30Sn,QAHMAFPUBBWUIS-UHFFFAOYSA-N
paper-cb317959e8cba4c0,28,28,SI compound 28,source_drawing_transcription,,pending_independent_chemist_review,C=C1C[C@@H](C[C@@H](O)C/C=[CH]/[Sn]([CH2]CCC)([CH2]CCC)[CH2]CCC)O[C@]2(C1)C[C@@H](OC(=O)c1ccccc1)[C@H](OC(=O)c1ccccc1)[C@@H](C[C@@H](CO[Si](C)(C)C(C)(C)C)O[Si](C)(C)C(C)(C)C)O2,C56H92O9Si2Sn,WYKCBCVPMIJGOL-IIOHQOKVSA-N
paper-cb317959e8cba4c0,28-MTPA-R,28-MTPA-R,SI compound 28-MTPA-R,source_drawing_transcription,Analytical Mosher derivative; configuration refers to ester MTPA stereocenter(s).,pending_independent_chemist_review,C=C1C[C@@H](C[C@H](C/C=[CH]/[Sn]([CH2]CCC)([CH2]CCC)[CH2]CCC)OC(=O)[C@](OC)(c2ccccc2)C(F)(F)F)O[C@]2(C1)C[C@@H](OC(=O)c1ccccc1)[C@H](OC(=O)c1ccccc1)[C@@H](C[C@@H](CO[Si](C)(C)C(C)(C)C)O[Si](C)(C)C(C)(C)C)O2,C66H99F3O11Si2Sn,CNMWWVOZHQETCU-VDHUDFJUSA-N
paper-cb317959e8cba4c0,28-MTPA-S,28-MTPA-S,SI compound 28-MTPA-S,source_drawing_transcription,Analytical Mosher derivative; configuration refers to ester MTPA stereocenter(s).,pending_independent_chemist_review,C=C1C[C@@H](C[C@H](C/C=[CH]/[Sn]([CH2]CCC)([CH2]CCC)[CH2]CCC)OC(=O)[C@@](OC)(c2ccccc2)C(F)(F)F)O[C@]2(C1)C[C@@H](OC(=O)c1ccccc1)[C@H](OC(=O)c1ccccc1)[C@@H](C[C@@H](CO[Si](C)(C)C(C)(C)C)O[Si](C)(C)C(C)(C)C)O2,C66H99F3O11Si2Sn,CNMWWVOZHQETCU-FNDYBDAVSA-N
paper-cb317959e8cba4c0,28a,28a,SI compound 28a,source_drawing_transcription,,pending_independent_chemist_review,C=CC[C@H](O)C[C@@H]1CC(=C)C[C@]2(C[C@@H](OC(=O)c3ccccc3)[C@H](OC(=O)c3ccccc3)[C@@H](C[C@@H](CO[Si](C)(C)C(C)(C)C)O[Si](C)(C)C(C)(C)C)O2)O1,C44H66O9Si2,QCTYNRAMQMFUOK-OQUOOKSESA-N
paper-cb317959e8cba4c0,29,29,SI compound 29,source_drawing_transcription,"Source SI31 stereoselective degradation product, including new C10 OH.",pending_independent_chemist_review,OCC[C@H](O)C[C@@H]1C[C@@H](O)C[C@]2(C[C@@H](O)[C@H](O)[C@@H](C[C@H](O)CO)O2)O1,C16H30O9,UYVRNUNYZFMASI-ZZRBSHJFSA-N
paper-cb317959e8cba4c0,29a,29a,SI compound 29a,source_drawing_transcription,,pending_independent_chemist_review,C=CC[C@H](O)C[C@@H]1CC(=C)C[C@]2(C[C@@H](O)[C@H](O)[C@@H](C[C@H](O)CO)O2)O1,C18H30O7,DNBWYPRJSFJFKD-OIMRXFJVSA-N
paper-cb317959e8cba4c0,3,3,SI compound 3,source_drawing_transcription,,pending_independent_chemist_review,C#C[C@H]1OC(C)(C)O[C@@H]1[C@H](O)CO,C9H14O4,PSIKGRRZHCOADU-BWZBUEFSSA-N
paper-cb317959e8cba4c0,31,31,SI compound 31,source_drawing_transcription,,pending_independent_chemist_review,c1ccc(COC[C@H]2CO2)cc1,C10H12O2,QNYBOILAKBSWFG-JTQLQIEISA-N
paper-cb317959e8cba4c0,32,32,SI compound 32,source_drawing_transcription,,pending_independent_chemist_review,C=CC[C@H](O)COCc1ccccc1,C12H16O2,KTFVKQQUQQYFPB-LBPRGKRZSA-N
paper-cb317959e8cba4c0,33,33,SI compound 33,source_drawing_transcription,,pending_independent_chemist_review,COC(=O)/C=C/C[C@@H](COCc1ccccc1)OS(C)(=O)=O,C15H20O6S,XTGYCLYEBLUQTO-XYYIANASSA-N
paper-cb317959e8cba4c0,34,34,SI compound 34,source_drawing_transcription,"Crude dihydroxylation intermediate, not separately isolated.",pending_independent_chemist_review,COC(=O)[C@H](O)[C@H](O)C[C@@H](COCc1ccccc1)OS(C)(=O)=O,C15H22O8S,KKAUEXGKKJNWQT-BFHYXJOUSA-N
paper-cb317959e8cba4c0,34R-61,34R-61,SI compound 34R-61,source_drawing_transcription,,pending_independent_chemist_review,C=C[C@H](O[Si](C)(C)C(C)(C)C)[C@@H](O[Si](C)(C)C(C)(C)C)[C@H]1O[C@H]([C@H](O)C[C@H]2C[C@@H](O[Si](C)(C)C(C)(C)C)[C@H](CCCC[C@H]3C[C@@H](O[Si](C)(C)C(C)(C)C)[C@H](CCC(=O)OC)O3)O2)C[C@@H](O[Si](C)(C)C(C)(C)C)[C@@H]1O[Si](C)(C)C(C)(C)C,C63H130O12Si6,VLQPGWJBOXFJFS-IUEVYXPWSA-N
paper-cb317959e8cba4c0,34R-61-MTPA-R,34R-61-MTPA-R,SI compound 34R-61-MTPA-R,source_drawing_transcription,Analytical Mosher derivative; configuration refers to ester MTPA stereocenter(s).,pending_independent_chemist_review,C=C[C@H](O[Si](C)(C)C(C)(C)C)[C@@H](O[Si](C)(C)C(C)(C)C)[C@H]1O[C@H]([C@@H](C[C@H]2C[C@@H](O[Si](C)(C)C(C)(C)C)[C@H](CCCC[C@H]3C[C@@H](O[Si](C)(C)C(C)(C)C)[C@H](CCC(=O)OC)O3)O2)OC(=O)[C@](OC)(c2ccccc2)C(F)(F)F)C[C@@H](O[Si](C)(C)C(C)(C)C)[C@@H]1O[Si](C)(C)C(C)(C)C,C73H137F3O14Si6,LWJQETQEFNGSCK-IMUUCJHZSA-N
paper-cb317959e8cba4c0,34R-61-MTPA-S,34R-61-MTPA-S,SI compound 34R-61-MTPA-S,source_drawing_transcription,Analytical Mosher derivative; configuration refers to ester MTPA stereocenter(s).,pending_independent_chemist_review,C=C[C@H](O[Si](C)(C)C(C)(C)C)[C@@H](O[Si](C)(C)C(C)(C)C)[C@H]1O[C@H]([C@@H](C[C@H]2C[C@@H](O[Si](C)(C)C(C)(C)C)[C@H](CCCC[C@H]3C[C@@H](O[Si](C)(C)C(C)(C)C)[C@H](CCC(=O)OC)O3)O2)OC(=O)[C@@](OC)(c2ccccc2)C(F)(F)F)C[C@@H](O[Si](C)(C)C(C)(C)C)[C@@H]1O[Si](C)(C)C(C)(C)C,C73H137F3O14Si6,LWJQETQEFNGSCK-KRQVVXLQSA-N
paper-cb317959e8cba4c0,34R-62,34R-62,SI compound 34R-62,source_drawing_transcription,,pending_independent_chemist_review,C=C[C@H](O)[C@@H](O)[C@H]1O[C@H]([C@H](O)C[C@H]2C[C@@H](O)[C@H](CCCC[C@H]3C[C@@H](O)[C@H](CCCO)O3)O2)C[C@@H](O)[C@@H]1O,C26H46O11,QVARULAYZAXAII-SVUICFELSA-N
paper-cb317959e8cba4c0,34S-61,34S-61,SI compound 34S-61,source_drawing_transcription,,pending_independent_chemist_review,C=C[C@H](O[Si](C)(C)C(C)(C)C)[C@@H](O[Si](C)(C)C(C)(C)C)[C@H]1O[C@H]([C@@H](O)C[C@H]2C[C@@H](O[Si](C)(C)C(C)(C)C)[C@H](CCCC[C@H]3C[C@@H](O[Si](C)(C)C(C)(C)C)[C@H](CCC(=O)OC)O3)O2)C[C@@H](O[Si](C)(C)C(C)(C)C)[C@@H]1O[Si](C)(C)C(C)(C)C,C63H130O12Si6,VLQPGWJBOXFJFS-MEUVFJRISA-N
paper-cb317959e8cba4c0,34S-61-MTPA-R,34S-61-MTPA-R,SI compound 34S-61-MTPA-R,source_drawing_transcription,Analytical Mosher derivative; configuration refers to ester MTPA stereocenter(s).,pending_independent_chemist_review,C=C[C@H](O[Si](C)(C)C(C)(C)C)[C@@H](O[Si](C)(C)C(C)(C)C)[C@H]1O[C@H]([C@H](C[C@H]2C[C@@H](O[Si](C)(C)C(C)(C)C)[C@H](CCCC[C@H]3C[C@@H](O[Si](C)(C)C(C)(C)C)[C@H](CCC(=O)OC)O3)O2)OC(=O)[C@](OC)(c2ccccc2)C(F)(F)F)C[C@@H](O[Si](C)(C)C(C)(C)C)[C@@H]1O[Si](C)(C)C(C)(C)C,C73H137F3O14Si6,LWJQETQEFNGSCK-OKCVQWIOSA-N
paper-cb317959e8cba4c0,34S-61-MTPA-S,34S-61-MTPA-S,SI compound 34S-61-MTPA-S,source_drawing_transcription,Analytical Mosher derivative; configuration refers to ester MTPA stereocenter(s).,pending_independent_chemist_review,C=C[C@H](O[Si](C)(C)C(C)(C)C)[C@@H](O[Si](C)(C)C(C)(C)C)[C@H]1O[C@H]([C@H](C[C@H]2C[C@@H](O[Si](C)(C)C(C)(C)C)[C@H](CCCC[C@H]3C[C@@H](O[Si](C)(C)C(C)(C)C)[C@H](CCC(=O)OC)O3)O2)OC(=O)[C@@](OC)(c2ccccc2)C(F)(F)F)C[C@@H](O[Si](C)(C)C(C)(C)C)[C@@H]1O[Si](C)(C)C(C)(C)C,C73H137F3O14Si6,LWJQETQEFNGSCK-LTWQTAPBSA-N
paper-cb317959e8cba4c0,34S-62,34S-62,SI compound 34S-62,source_drawing_transcription,,pending_independent_chemist_review,C=C[C@H](O)[C@@H](O)[C@H]1O[C@H]([C@@H](O)C[C@H]2C[C@@H](O)[C@H](CCCC[C@H]3C[C@@H](O)[C@H](CCCO)O3)O2)C[C@@H](O)[C@@H]1O,C26H46O11,QVARULAYZAXAII-HLWYZJKLSA-N
paper-cb317959e8cba4c0,35,35,SI compound 35,source_drawing_transcription,,pending_independent_chemist_review,COC(=O)[C@@H]1O[C@@H](COCc2ccccc2)C[C@H]1O[Si](C)(C)C(C)(C)C,C20H32O5Si,UDHAXVBGLASSAB-KZNAEPCWSA-N
paper-cb317959e8cba4c0,36,36,SI compound 36,source_drawing_transcription,Crude aldehyde carried forward.,pending_independent_chemist_review,CC(C)(C)[Si](C)(C)O[C@@H]1C[C@H](COCc2ccccc2)O[C@H]1C=O,C19H30O4Si,BEHQCFFRBMMZKV-KURKYZTESA-N
paper-cb317959e8cba4c0,37,37,SI compound 37,source_drawing_transcription,,pending_independent_chemist_review,C#C[C@@H]1O[C@@H](COCc2ccccc2)C[C@H]1O[Si](C)(C)C(C)(C)C,C20H30O3Si,HWWVSGSFPBALPJ-CEXWTWQISA-N
paper-cb317959e8cba4c0,38-E,38-E,SI compound 38-E,source_drawing_transcription,E component of E/Z=2.7:1 mixture; 94% belongs to combined mixture over two steps.,pending_independent_chemist_review,COC(=O)/C=C/[C@@H]1O[C@@H](COCc2ccccc2)C[C@H]1O[Si](C)(C)C(C)(C)C,C22H34O5Si,VZRNDVBCBKTGBU-INAIKZQXSA-N
paper-cb317959e8cba4c0,38-Z,38-Z,SI compound 38-Z,source_drawing_transcription,,pending_independent_chemist_review,COC(=O)/C=C\[C@@H]1O[C@@H](COCc2ccccc2)C[C@H]1O[Si](C)(C)C(C)(C)C,C22H34O5Si,VZRNDVBCBKTGBU-IVWSSERUSA-N
paper-cb317959e8cba4c0,39,39,SI compound 39,source_drawing_transcription,,pending_independent_chemist_review,COC(=O)CC[C@@H]1O[C@@H](/C=C\I)C[C@H]1O[Si](C)(C)C(C)(C)C,C16H29IO4Si,VLQPLQYMJXXFQJ-USIYGGAFSA-N
paper-cb317959e8cba4c0,4,4,SI compound 4,source_drawing_transcription,,pending_independent_chemist_review,CC1(C)O[C@@H]2[C@@H](COC(c3ccccc3)(c3ccccc3)c3ccccc3)OC(O)[C@@H]2O1,C27H28O5,NRCVVYSZYAHOMW-AWYPOSSQSA-N
paper-cb317959e8cba4c0,40,40,SI compound 40,source_drawing_transcription,,pending_independent_chemist_review,COC(=O)CC[C@@H]1O[C@@H](/C=C\C#C[C@@H]2O[C@@H](COCc3ccccc3)C[C@H]2O[Si](C)(C)C(C)(C)C)C[C@H]1O[Si](C)(C)C(C)(C)C,C36H58O7Si2,OAOSLFBDORADBA-OPCONTIZSA-N
paper-cb317959e8cba4c0,41,41,SI compound 41,source_drawing_transcription,,pending_independent_chemist_review,COC(=O)CC[C@@H]1O[C@@H](CCCC[C@@H]2O[C@@H](CO)C[C@H]2O[Si](C)(C)C(C)(C)C)C[C@H]1O[Si](C)(C)C(C)(C)C,C29H58O7Si2,WSRWZPOINNLJHP-XCQFYCGYSA-N
paper-cb317959e8cba4c0,41-mesylate,41-mesylate,SI compound 41-mesylate,source_drawing_transcription,,pending_independent_chemist_review,COC(=O)CC[C@@H]1O[C@@H](CCCC[C@@H]2O[C@@H](COS(C)(=O)=O)C[C@H]2O[Si](C)(C)C(C)(C)C)C[C@H]1O[Si](C)(C)C(C)(C)C,C30H60O9SSi2,DJXUIOIKCRNTHC-VZWWNPRPSA-N
paper-cb317959e8cba4c0,42,42,SI compound 42,source_drawing_transcription,,pending_independent_chemist_review,C=C[C@@H]1O[C@@H](COCc2ccccc2)C[C@H]1O[Si](C)(C)C(C)(C)C,C20H32O3Si,QPXFJGLJHZJVAV-CEXWTWQISA-N
paper-cb317959e8cba4c0,43,43,SI compound 43,source_drawing_transcription,,pending_independent_chemist_review,COC(=O)CC[C@@H]1O[C@@H](/C=C\CC[C@@H]2O[C@@H](COCc3ccccc3)C[C@H]2O[Si](C)(C)C(C)(C)C)C[C@H]1O[Si](C)(C)C(C)(C)C,C36H62O7Si2,SBPICIQBWGJFOE-OPCONTIZSA-N
paper-cb317959e8cba4c0,44,44,SI compound 44,source_drawing_transcription,,pending_independent_chemist_review,COC(=O)CC[C@H](O[Si](C)(C)C(C)(C)C)[C@@H](CCCCCC[C@@H]1O[C@@H](CO[Si](C)(C)C(C)(C)C)C[C@H]1O[Si](C)(C)C(C)(C)C)O[Si](C)(C)C(C)(C)C,C41H88O7Si4,ZWMGPQDUFFEVJY-XWVXCIPJSA-N
paper-cb317959e8cba4c0,45,45,SI compound 45,source_drawing_transcription,,pending_independent_chemist_review,COC(=O)CC[C@@H]1O[C@@H](CCCC[C@@H]2O[C@@H](COCc3ccccc3)C[C@H]2O[Si](C)(C)C(C)(C)C)C[C@H]1O[Si](C)(C)C(C)(C)C,C36H64O7Si2,QPCNWHYPZIFWDA-FCTANEFASA-N
paper-cb317959e8cba4c0,46,46,SI compound 46,source_drawing_transcription,,pending_independent_chemist_review,COC(=O)CC[C@@H]1O[C@@H](CCCC[C@@H]2O[C@@H](CN=[N+]=[N-])C[C@H]2O[Si](C)(C)C(C)(C)C)C[C@H]1O[Si](C)(C)C(C)(C)C,C29H57N3O6Si2,PDTUHWOKZICFOQ-XCQFYCGYSA-N
paper-cb317959e8cba4c0,47,47,SI compound 47,source_drawing_transcription,,pending_independent_chemist_review,COC(=O)CC[C@@H]1O[C@@H](CCCC[C@@H]2O[C@@H](CN(N=O)C(C)=O)C[C@H]2O[Si](C)(C)C(C)(C)C)C[C@H]1O[Si](C)(C)C(C)(C)C,C31H60N2O8Si2,ZIEMMUILNDKZIB-MUJQFDPKSA-N
paper-cb317959e8cba4c0,48,48,SI compound 48,source_drawing_transcription,,pending_independent_chemist_review,CC(C)(C)[Si](C)(C)OC[C@H]1OC=C[C@@H](O[Si](C)(C)C(C)(C)C)[C@@H]1O[Si](C)(C)C(C)(C)C,C24H52O4Si3,FMXIGEXRLSNRMR-NJYVYQBISA-N
paper-cb317959e8cba4c0,49,49,SI compound 49,source_drawing_transcription,Wavy anomeric chloride center; crude material.,pending_independent_chemist_review,CC(C)(C)[Si](C)(C)OC[C@H]1OC(Cl)C[C@@H](O[Si](C)(C)C(C)(C)C)[C@@H]1O[Si](C)(C)C(C)(C)C,C24H53ClO4Si3,GLWMOMGCXFNFDO-OKDUWWRPSA-N
paper-cb317959e8cba4c0,5,5,SI compound 5,source_drawing_transcription,,pending_independent_chemist_review,C#C[C@H]1OC(C)(C)O[C@@H]1[C@H](O)COC(c1ccccc1)(c1ccccc1)c1ccccc1,C28H28O4,ORNDAPWDKWQFLY-TWJOJJKGSA-N
paper-cb317959e8cba4c0,50,50,SI compound 50,source_drawing_transcription,,pending_independent_chemist_review,COC(=O)[C@@H]1C[C@@H](O[Si](C)(C)C(C)(C)C)[C@H](O[Si](C)(C)C(C)(C)C)[C@@H](CO)O1,C20H42O6Si2,SVADGDAZVVMGKL-TWMKSMIVSA-N
paper-cb317959e8cba4c0,50-aldehyde,50-aldehyde,SI compound 50-aldehyde,source_drawing_transcription,,pending_independent_chemist_review,COC(=O)[C@@H]1C[C@@H](O[Si](C)(C)C(C)(C)C)[C@H](O[Si](C)(C)C(C)(C)C)[C@@H](C=O)O1,C20H40O6Si2,FLCNVSCWPNXGAP-TWMKSMIVSA-N
paper-cb317959e8cba4c0,51,51,SI compound 51,source_drawing_transcription,,pending_independent_chemist_review,C=CCOCOC,C5H10O2,ZITJIDNECMXYMH-UHFFFAOYSA-N
paper-cb317959e8cba4c0,52,52,SI compound 52,source_drawing_transcription,,pending_independent_chemist_review,C=C[C@H](OCOC)[C@@H](O)[C@H]1O[C@H](C(=O)OC)C[C@@H](O[Si](C)(C)C(C)(C)C)[C@@H]1O[Si](C)(C)C(C)(C)C,C25H50O8Si2,CCMZPZKHJLSPJY-VTJKKSGASA-N
paper-cb317959e8cba4c0,53,53,SI compound 53,source_drawing_transcription,,pending_independent_chemist_review,C=C[C@H](O)[C@@H](O)[C@H]1O[C@H](C(=O)OC)C[C@@H](O[Si](C)(C)C(C)(C)C)[C@@H]1O[Si](C)(C)C(C)(C)C,C23H46O7Si2,IDXALEADGGOQAP-HMGBVJPOSA-N
paper-cb317959e8cba4c0,53-MTPA-R,53-MTPA-R,SI compound 53-MTPA-R,source_drawing_transcription,Analytical Mosher derivative; configuration refers to ester MTPA stereocenter(s).,pending_independent_chemist_review,C=C[C@H](OC(=O)[C@](OC)(c1ccccc1)C(F)(F)F)[C@@H](O)[C@H]1O[C@H](C(=O)OC)C[C@@H](O[Si](C)(C)C(C)(C)C)[C@@H]1O[Si](C)(C)C(C)(C)C,C33H53F3O9Si2,JKYBWLAIGLBXPY-FLQZDNASSA-N
paper-cb317959e8cba4c0,53-MTPA-S,53-MTPA-S,SI compound 53-MTPA-S,source_drawing_transcription,Analytical Mosher derivative; configuration refers to ester MTPA stereocenter(s).,pending_independent_chemist_review,C=C[C@H](OC(=O)[C@@](OC)(c1ccccc1)C(F)(F)F)[C@@H](O)[C@H]1O[C@H](C(=O)OC)C[C@@H](O[Si](C)(C)C(C)(C)C)[C@@H]1O[Si](C)(C)C(C)(C)C,C33H53F3O9Si2,JKYBWLAIGLBXPY-YHWPOWBJSA-N
paper-cb317959e8cba4c0,54,54,SI compound 54,source_drawing_transcription,,pending_independent_chemist_review,C=C[C@H](O[Si](C)(C)C(C)(C)C)[C@@H](O[Si](C)(C)C(C)(C)C)[C@H]1O[C@H](C(=O)OC)C[C@@H](O[Si](C)(C)C(C)(C)C)[C@@H]1O[Si](C)(C)C(C)(C)C,C35H74O7Si4,RFCYUAXZERGGKI-QNBOTTAWSA-N
paper-cb317959e8cba4c0,56,56,SI compound 56,source_drawing_transcription,,pending_independent_chemist_review,C=C[C@@H]1OC(C)(C)O[C@H]1[C@H]1O[C@H](C(=O)OC)C[C@@H](O[Si](C)(C)C(C)(C)C)[C@@H]1O[Si](C)(C)C(C)(C)C,C26H50O7Si2,IJUGWDQGDAEOTI-VTJKKSGASA-N
paper-cb317959e8cba4c0,57,57,SI compound 57,source_drawing_transcription,,pending_independent_chemist_review,C=C[C@H](OCOC)[C@H]1O[C@@H](c2ccc(OC)cc2)O[C@@H]2[C@@H]1O[C@H](C(=O)OC)C[C@H]2O,C21H28O9,CBPWQTBZCNWZAI-KXXTWUBKSA-N
paper-cb317959e8cba4c0,58,58,SI compound 58,source_drawing_transcription,,pending_independent_chemist_review,C=C[C@H](O[Si](C)(C)C(C)(C)C)[C@@H](O[Si](C)(C)C(C)(C)C)[C@H]1O[C@H](C=O)C[C@@H](O[Si](C)(C)C(C)(C)C)[C@@H]1O[Si](C)(C)C(C)(C)C,C34H72O6Si4,PHUDKQGSYQOSGP-XBSCKGQLSA-N
paper-cb317959e8cba4c0,59,59,SI compound 59,source_drawing_transcription,"Transient in-situ generated diazo reagent, not isolated.",pending_independent_chemist_review,COC(=O)CC[C@@H]1O[C@@H](CCCC[C@@H]2O[C@@H](C=[N+]=[N-])C[C@H]2O[Si](C)(C)C(C)(C)C)C[C@H]1O[Si](C)(C)C(C)(C)C,C29H56N2O6Si2,QELPZCQHMJPKKX-XCQFYCGYSA-N
paper-cb317959e8cba4c0,6,6,Bestmann-Ohira reagent,source_drawing_transcription,,pending_independent_chemist_review,COP(=O)(OC)C(=[N+]=[N-])C(C)=O,C5H9N2O4P,SQHSJJGGWYIFCD-UHFFFAOYSA-N
paper-cb317959e8cba4c0,60,60,SI compound 60,source_drawing_transcription,,pending_independent_chemist_review,C=C[C@H](O[Si](C)(C)C(C)(C)C)[C@@H](O[Si](C)(C)C(C)(C)C)[C@H]1O[C@H](C(=O)C[C@H]2C[C@@H](O[Si](C)(C)C(C)(C)C)[C@H](CCCC[C@H]3C[C@@H](O[Si](C)(C)C(C)(C)C)[C@H](CCC(=O)OC)O3)O2)C[C@@H](O[Si](C)(C)C(C)(C)C)[C@@H]1O[Si](C)(C)C(C)(C)C,C63H128O12Si6,GNKTXKQRHRUILY-FYGAQWKPSA-N
paper-cb317959e8cba4c0,63,63,SI compound 63,source_drawing_transcription,,pending_independent_chemist_review,C=C[C@H](OCOC)C(=O)[C@H]1O[C@H](C(=O)OC)C[C@@H](O[Si](C)(C)C(C)(C)C)[C@@H]1O[Si](C)(C)C(C)(C)C,C25H48O8Si2,HUPDYRHWHPVTIN-HIHICTBBSA-N
paper-cb317959e8cba4c0,64,64,SI compound 64,source_drawing_transcription,,pending_independent_chemist_review,C=C[C@H](OCOC)[C@H](O)[C@H]1O[C@H](C(=O)OC)C[C@@H](O[Si](C)(C)C(C)(C)C)[C@@H]1O[Si](C)(C)C(C)(C)C,C25H50O8Si2,CCMZPZKHJLSPJY-GFJXEVPCSA-N
paper-cb317959e8cba4c0,65,65,SI compound 65,source_drawing_transcription,,pending_independent_chemist_review,C=C[C@H](O)[C@@H](O)[C@H]1O[C@H](CO)C[C@@H](O)[C@@H]1O,C10H18O6,PZJQLQWMAFDIOV-AZDAQJLHSA-N
paper-cb317959e8cba4c0,66,66,SI compound 66,source_drawing_transcription,,pending_independent_chemist_review,C=C[C@H](O)[C@H](O)[C@H]1O[C@H](CO)C[C@@H](O)[C@@H]1O,C10H18O6,PZJQLQWMAFDIOV-OAJPDZBQSA-N
paper-cb317959e8cba4c0,67,67,SI compound 67,source_drawing_transcription,,pending_independent_chemist_review,C=C[C@H](O[Si](C)(C)C(C)(C)C)[C@H](O[Si](C)(C)C(C)(C)C)[C@H]1O[C@H](C=O)C[C@@H](O[Si](C)(C)C(C)(C)C)[C@@H]1O[Si](C)(C)C(C)(C)C,C34H72O6Si4,PHUDKQGSYQOSGP-YKDYVCSNSA-N
paper-cb317959e8cba4c0,68,68,SI compound 68,source_drawing_transcription,,pending_independent_chemist_review,C=C[C@H](O[Si](C)(C)C(C)(C)C)[C@H](O[Si](C)(C)C(C)(C)C)[C@H]1O[C@H](C(=O)C[C@H]2C[C@@H](O[Si](C)(C)C(C)(C)C)[C@H](CCCC[C@H]3C[C@@H](O[Si](C)(C)C(C)(C)C)[C@H](CCC(=O)OC)O3)O2)C[C@@H](O[Si](C)(C)C(C)(C)C)[C@@H]1O[Si](C)(C)C(C)(C)C,C63H128O12Si6,GNKTXKQRHRUILY-NEBHFXDWSA-N
paper-cb317959e8cba4c0,69,69,SI compound 69,source_drawing_transcription,,pending_independent_chemist_review,C=C[C@H](O[Si](C)(C)C(C)(C)C)[C@H](O[Si](C)(C)C(C)(C)C)[C@H]1O[C@H]([C@@H](O)C[C@H]2C[C@@H](O[Si](C)(C)C(C)(C)C)[C@H](CCCC[C@H]3C[C@@H](O[Si](C)(C)C(C)(C)C)[C@H](CCC(=O)OC)O3)O2)C[C@@H](O[Si](C)(C)C(C)(C)C)[C@@H]1O[Si](C)(C)C(C)(C)C,C63H130O12Si6,VLQPGWJBOXFJFS-XOJLLRMCSA-N
paper-cb317959e8cba4c0,7,7,SI compound 7,source_drawing_transcription,,pending_independent_chemist_review,C#C[C@H]1OC(C)(C)O[C@@H]1[C@H]1CO1,C9H12O3,MXKYIJPOENGDBG-PRJMDXOYSA-N
paper-cb317959e8cba4c0,70,70,SI compound 70,source_drawing_transcription,,pending_independent_chemist_review,C=C[C@H](O)[C@H](O)[C@H]1O[C@H]([C@@H](O)C[C@H]2C[C@@H](O)[C@H](CCCC[C@H]3C[C@@H](O)[C@H](CCCO)O3)O2)C[C@@H](O)[C@@H]1O,C26H46O11,QVARULAYZAXAII-BOZDAQNSSA-N
paper-cb317959e8cba4c0,8,8,SI compound 8,source_drawing_transcription,,pending_independent_chemist_review,C#C[C@H]1OC(C)(C)O[C@@H]1[C@@H](CC=C)OCc1ccccc1,C18H22O3,CCXOHTXDIBQVQL-ZACQAIPSSA-N
paper-cb317959e8cba4c0,8-epi-23,8-epi-23,SI compound 8-epi-23,source_drawing_transcription,,pending_independent_chemist_review,C=CC[C@H]1O[C@]2(CC(=C)C[C@@H](CCOCc3ccc(OC)cc3)O2)C[C@@H](OC(=O)c2ccccc2)[C@@H]1OC(=O)c1ccccc1,C37H40O8,BTKFYSWDTNANHX-LEWWELECSA-N
paper-cb317959e8cba4c0,9,9,SI compound 9,source_drawing_transcription,Drawn intermediate; not isolated as individual preparation.,pending_independent_chemist_review,C#C[C@@H](O)[C@H](O)[C@H](O)CC=C,C8H12O3,LCAREHXYEBOFDC-PRJMDXOYSA-N
paper-cb317959e8cba4c0,D-ribose,D-ribose,SI compound D-ribose,source_drawing_transcription,Anomeric mixture as drawn.,pending_independent_chemist_review,OC[C@H]1OC(O)[C@H](O)[C@@H]1O,C5H10O5,HMFHBZSHGGEWLO-SOOFDHNKSA-N
paper-cb317959e8cba4c0,L-aspartic-acid,L-aspartic-acid,SI compound L-aspartic-acid,source_drawing_transcription,,pending_independent_chemist_review,N[C@@H](CC(=O)O)C(=O)O,C4H7NO4,CKLJMWTZIZZHCS-REOHCLBHSA-N
paper-cb317959e8cba4c0,MOM-chloride,MOM-chloride,SI compound MOM-chloride,source_drawing_transcription,,pending_independent_chemist_review,COCCl,C2H5ClO,XJUZRXYOEPSWMB-UHFFFAOYSA-N
paper-cb317959e8cba4c0,Mander-reagent,Mander-reagent,SI compound Mander-reagent,source_drawing_transcription,,pending_independent_chemist_review,COC(=O)C#N,C3H3NO2,OBWFJXLKRAFEDI-UHFFFAOYSA-N
paper-cb317959e8cba4c0,PMB-alcohol,PMB-alcohol,SI compound PMB-alcohol,source_drawing_transcription,,pending_independent_chemist_review,COc1ccc(CO)cc1,C8H10O2,MSHFRERJPWKJFX-UHFFFAOYSA-N
paper-cb317959e8cba4c0,PMB-bromide,PMB-bromide,SI compound PMB-bromide,source_drawing_transcription,,pending_independent_chemist_review,COc1ccc(CBr)cc1,C8H9BrO,GIGRWGTZFONRKA-UHFFFAOYSA-N
paper-cb317959e8cba4c0,S1,S1,SI compound S1,source_drawing_transcription,,pending_independent_chemist_review,C#C[C@H]1OC(C)(C)O[C@@H]1[C@H](O)CC=C,C11H16O3,BOSDKCQQYLEMAW-OPRDCNLKSA-N
paper-cb317959e8cba4c0,S10,S10,SI compound S10,source_drawing_transcription,,pending_independent_chemist_review,C=C1C[C@@H](CCO)O[C@]2(C1)C[C@@H](OC(=O)c1ccccc1)[C@H](OC(=O)c1ccccc1)[C@@H](C[C@@H](CO[Si](C)(C)C(C)(C)C)O[Si](C)(C)C(C)(C)C)O2,C41H62O9Si2,NIYBPSPRIYJMJU-NZNGBTJMSA-N
paper-cb317959e8cba4c0,S10-PMB,S10-PMB,SI compound S10-PMB,source_drawing_transcription,Characterized PMB-protected intermediate; distinct from final alcohol also referred to as S10.,pending_independent_chemist_review,C=C1C[C@@H](CCOCc2ccc(OC)cc2)O[C@]2(C1)C[C@@H](OC(=O)c1ccccc1)[C@H](OC(=O)c1ccccc1)[C@@H](C[C@@H](CO[Si](C)(C)C(C)(C)C)O[Si](C)(C)C(C)(C)C)O2,C49H70O10Si2,STEVGDKWGSCMBZ-LKBDEYSYSA-N
paper-cb317959e8cba4c0,S11,S11,SI compound S11,source_drawing_transcription,"E major component of E/Z28:1 mixture, combined sequence yield.",pending_independent_chemist_review,COC(=O)/C=C/C[C@H](O)COCc1ccccc1,C14H18O4,BTUOPXMAESZHFR-NEXMIYJRSA-N
paper-cb317959e8cba4c0,S12,S12,SI compound S12,source_drawing_transcription,,pending_independent_chemist_review,COC(=O)[C@@H]1O[C@@H](COCc2ccccc2)C[C@H]1O,C14H18O5,BTCUMVJCIPJFRR-JHJVBQTASA-N
paper-cb317959e8cba4c0,S12-MTPA-R,S12-MTPA-R,SI compound S12-MTPA-R,source_drawing_transcription,Analytical Mosher derivative; configuration refers to ester MTPA stereocenter(s).,pending_independent_chemist_review,COC(=O)[C@@H]1O[C@@H](COCc2ccccc2)C[C@H]1OC(=O)[C@](OC)(c1ccccc1)C(F)(F)F,C24H25F3O7,SXAWHTKFIGJKOB-GLHSZLCASA-N
paper-cb317959e8cba4c0,S12-MTPA-S,S12-MTPA-S,SI compound S12-MTPA-S,source_drawing_transcription,Analytical Mosher derivative; configuration refers to ester MTPA stereocenter(s).,pending_independent_chemist_review,COC(=O)[C@@H]1O[C@@H](COCc2ccccc2)C[C@H]1OC(=O)[C@@](OC)(c1ccccc1)C(F)(F)F,C24H25F3O7,SXAWHTKFIGJKOB-URFJDIBFSA-N
paper-cb317959e8cba4c0,S13,S13,SI compound S13,source_drawing_transcription,,pending_independent_chemist_review,COC(=O)[C@@H]1O[C@@H](CO)C[C@H]1O[Si](C)(C)C(C)(C)C,C13H26O5Si,RNZMEAFHCVYOLE-GMTAPVOTSA-N
paper-cb317959e8cba4c0,S14,S14,SI compound S14,source_drawing_transcription,,pending_independent_chemist_review,COC(=O)[C@@H]1O[C@@H](CO)C[C@H]1O,C7H12O5,LMZVYWPVHSHQHL-HSUXUTPPSA-N
paper-cb317959e8cba4c0,S15,S15,SI compound S15,source_drawing_transcription,,pending_independent_chemist_review,COC(=O)CC[C@@H]1O[C@@H](CO)C[C@H]1O[Si](C)(C)C(C)(C)C,C15H30O5Si,ZYQKOAGBVAYRHB-FRRDWIJNSA-N
paper-cb317959e8cba4c0,S15-aldehyde,S15-aldehyde,SI compound S15-aldehyde,source_drawing_transcription,Crude drawn oxidation intermediate; no isolated yield.,pending_independent_chemist_review,COC(=O)CC[C@@H]1O[C@@H](C=O)C[C@H]1O[Si](C)(C)C(C)(C)C,C15H28O5Si,SRJHENGLBRHKLU-FRRDWIJNSA-N
paper-cb317959e8cba4c0,S16,S16,SI compound S16,source_drawing_transcription,,pending_independent_chemist_review,COC(=O)CC[C@@H]1O[C@@H](CCCC[C@@H]2O[C@@H](CNC(C)=O)C[C@H]2O[Si](C)(C)C(C)(C)C)C[C@H]1O[Si](C)(C)C(C)(C)C,C31H61NO7Si2,RVXWXEDDEYPCNL-MUJQFDPKSA-N
paper-cb317959e8cba4c0,S17,S17,SI compound S17,source_drawing_transcription,,pending_independent_chemist_review,CC(C)(C)[Si](C)(C)O[C@@H]1C[C@H](COCc2ccccc2)O[C@H]1/C=C\I,C20H31IO3Si,JIUYXHIQOXEMHO-AZYDBLMVSA-N
paper-cb317959e8cba4c0,S18,S18,SI compound S18,source_drawing_transcription,,pending_independent_chemist_review,C=C[C@H]1C[C@@H](O[Si](C)(C)C(C)(C)C)[C@H](CCC(=O)OC)O1,C16H30O4Si,WNRXQNFIXSFIDD-MELADBBJSA-N
paper-cb317959e8cba4c0,S19,S19,SI compound S19,source_drawing_transcription,,pending_independent_chemist_review,COC(=O)CC[C@@H]1O[C@@H](CC/C=C\[C@@H]2O[C@@H](COCc3ccccc3)C[C@H]2O[Si](C)(C)C(C)(C)C)C[C@H]1O[Si](C)(C)C(C)(C)C,C36H62O7Si2,BTWXBWCNIWMTND-LMNZEBCNSA-N
paper-cb317959e8cba4c0,S2,S2,SI compound S2,source_drawing_transcription,,pending_independent_chemist_review,C#C[C@@H](OC(=O)c1ccccc1)[C@H](OC(=O)c1ccccc1)[C@@H](CC=C)OCc1ccccc1,C29H26O5,DVGPBIKJTPCAIB-PFBJBMPXSA-N
paper-cb317959e8cba4c0,S20,S20,SI compound S20,source_drawing_transcription,,pending_independent_chemist_review,C=C[C@H](OCOC)[C@@H](O)[C@H]1O[C@H](C(=O)OC)C[C@@H](O)[C@@H]1O,C13H22O8,NJVAECHCCPPIKQ-QAWJZHMJSA-N
paper-cb317959e8cba4c0,S21,S21,SI compound S21,source_drawing_transcription,,pending_independent_chemist_review,C=C[C@H](O)[C@H](O)[C@H]1O[C@H](C(=O)OC)C[C@@H](O[Si](C)(C)C(C)(C)C)[C@@H]1O[Si](C)(C)C(C)(C)C,C23H46O7Si2,IDXALEADGGOQAP-DWIKVQACSA-N
paper-cb317959e8cba4c0,S22,S22,SI compound S22,source_drawing_transcription,,pending_independent_chemist_review,C=C[C@H](O[Si](C)(C)C(C)(C)C)[C@H](O[Si](C)(C)C(C)(C)C)[C@H]1O[C@H](C(=O)OC)C[C@@H](O[Si](C)(C)C(C)(C)C)[C@@H]1O[Si](C)(C)C(C)(C)C,C35H74O7Si4,RFCYUAXZERGGKI-FSIJYMTBSA-N
paper-cb317959e8cba4c0,S3,S3,SI compound S3,source_drawing_transcription,,pending_independent_chemist_review,C#C[C@@H](OC(=O)c1ccccc1)[C@H](OC(=O)c1ccccc1)[C@H](O)CC=C,C22H20O5,IMYJORIDMFBHMJ-VAMGGRTRSA-N
paper-cb317959e8cba4c0,S4,S4,SI compound S4,source_drawing_transcription,,pending_independent_chemist_review,C#C[C@H]1OC(C)(C)O[C@@H]1[C@@H](CC=C)OC(=O)c1ccccc1,C18H20O4,HAQDISISBOXMIO-OAGGEKHMSA-N
paper-cb317959e8cba4c0,S5,S5,SI compound S5,source_drawing_transcription,,pending_independent_chemist_review,C#C[C@@H](O)[C@H](O)[C@@H](CC=C)OC(=O)c1ccccc1,C15H16O4,JWNIPSCRNGNRLD-MCIONIFRSA-N
paper-cb317959e8cba4c0,S7,S7,SI compound S7,source_drawing_transcription,,pending_independent_chemist_review,OCC[C@H](Br)CO,C4H9BrO2,VRVPUPONZXUMBA-BYPYZUCNSA-N
paper-cb317959e8cba4c0,S8,S8,SI compound S8,source_drawing_transcription,,pending_independent_chemist_review,C=C(Br)C[Si](C)(C)C,C6H13BrSi,LUPQCAARZVEFMT-UHFFFAOYSA-N
paper-cb317959e8cba4c0,S9,S9,SI compound S9,source_drawing_transcription,,pending_independent_chemist_review,C=CC[C@@H](OC(=O)c1ccccc1)[C@@H](O[Si](C)(C)C(C)(C)C)[C@@H](C#CCC(=C)C[C@H](O)CCOCc1ccc(OC)cc1)O[Si](C)(C)C(C)(C)C,C42H64O7Si2,XULLGVLERZKUSP-JMGLZSBTSA-N
paper-cb317959e8cba4c0,allyl-alcohol,allyl-alcohol,SI compound allyl-alcohol,source_drawing_transcription,,pending_independent_chemist_review,C=CCO,C3H6O,XXROGKLTLUQVRX-UHFFFAOYSA-N
paper-cb317959e8cba4c0,benzoyl-chloride,benzoyl-chloride,SI compound benzoyl-chloride,source_drawing_transcription,,pending_independent_chemist_review,O=C(Cl)c1ccccc1,C7H5ClO,PASDCCFISLVPSO-UHFFFAOYSA-N
paper-cb317959e8cba4c0,benzyl-bromide,benzyl-bromide,SI compound benzyl-bromide,source_drawing_transcription,,pending_independent_chemist_review,BrCc1ccccc1,C7H7Br,AGEZXYOZHKGVCM-UHFFFAOYSA-N
paper-cb317959e8cba4c0,iodomethyltriphenylphosphonium-iodide,iodomethyltriphenylphosphonium-iodide,SI compound iodomethyltriphenylphosphonium-iodide,source_drawing_transcription,,pending_independent_chemist_review,IC[P+](c1ccccc1)(c1ccccc1)c1ccccc1.[I-],C19H17I2P,NAVMMSRRNOXQMJ-UHFFFAOYSA-M
paper-cb317959e8cba4c0,methoxycarbonylmethylene-triphenylphosphorane,methoxycarbonylmethylene-triphenylphosphorane,SI compound methoxycarbonylmethylene-triphenylphosphorane,source_drawing_transcription,,pending_independent_chemist_review,COC(=O)C=P(c1ccccc1)(c1ccccc1)c1ccccc1,C21H19O2P,NTNUDYROPUKXNA-UHFFFAOYSA-N
paper-cb317959e8cba4c0,methyl-acrylate,methyl-acrylate,SI compound methyl-acrylate,source_drawing_transcription,,pending_independent_chemist_review,C=CC(=O)OC,C4H6O2,BAPJBEWLBFYGME-UHFFFAOYSA-N
paper-cb317959e8cba4c0,methylene-triphenylphosphorane,methylene-triphenylphosphorane,SI compound methylene-triphenylphosphorane,source_drawing_transcription,,pending_independent_chemist_review,C=P(c1ccccc1)(c1ccccc1)c1ccccc1,C19H17P,XYDYWTJEGDZLTH-UHFFFAOYSA-N
paper-cb317959e8cba4c0,tri-O-acetyl-D-glucal,tri-O-acetyl-D-glucal,SI compound tri-O-acetyl-D-glucal,source_drawing_transcription,,pending_independent_chemist_review,CC(=O)OC[C@H]1OC=C[C@@H](OC(C)=O)[C@@H]1OC(C)=O,C12H16O7,LLPWGHLVUPBSLP-UTUOFQBUSA-N
paper-cb317959e8cba4c0,trityl-chloride,trityl-chloride,SI compound trityl-chloride,source_drawing_transcription,,pending_independent_chemist_review,ClC(c1ccccc1)(c1ccccc1)c1ccccc1,C19H15Cl,JBWKIWSBJXDJDT-UHFFFAOYSA-N
paper-cb317959e8cba4c0,vinylmagnesium-bromide,vinylmagnesium-bromide,SI compound vinylmagnesium-bromide,source_drawing_transcription,Ionic organomagnesium representation.,pending_independent_chemist_review,[Br-].[CH-]=C.[Mg+2],C2H3BrMg,RMGJCSHZTFKPNO-UHFFFAOYSA-M
paper-d035a83486621e1f,1,1,1,source_drawing_transcription,,pending_independent_chemist_review,Oc1ccc(/C=C/c2cc(O)cc(O)c2)cc1,C14H12O3,LUKBXSAWLPMMSZ-OWOJBTEDSA-N
paper-d035a83486621e1f,10,10,10,source_drawing_transcription,,pending_independent_chemist_review,CC(C)[Si](Oc1ccc(/C=C/c2cc(O)cc(O)c2)cc1)(C(C)C)C(C)C,C23H32O3Si,HFQRXPHSAFFEHC-BQYQJAHWSA-N
paper-d035a83486621e1f,11,11,11,source_drawing_transcription,,pending_independent_chemist_review,CS(=O)(=O)Oc1cc(/C=C/c2ccc(O)cc2)cc(OS(C)(=O)=O)c1,C16H16O7S2,ZRCSXWMYHNLAJR-ONEGZZNKSA-N
paper-d035a83486621e1f,12,12,12,source_drawing_transcription,,pending_independent_chemist_review,CC(C)[Si](Oc1ccc(/C=C/c2cc(O[Si](C(C)C)(C(C)C)C(C)C)cc(O[Si](C(C)C)(C(C)C)C(C)C)c2)cc1)(C(C)C)C(C)C,C41H72O3Si3,KWLVKESLDZOBIP-FMQUCBEESA-N
paper-d035a83486621e1f,13,13,13,source_drawing_transcription,,pending_independent_chemist_review,CC(C)[Si](Oc1cc(/C=C/c2ccc(O)cc2)cc(O[Si](C(C)C)(C(C)C)C(C)C)c1)(C(C)C)C(C)C,C32H52O3Si2,KPOPCURIGJQUPK-BUHFOSPRSA-N
paper-d035a83486621e1f,14,14,14,source_drawing_transcription,,pending_independent_chemist_review,CS(=O)(=O)Oc1ccc(/C=C/c2cc(O)cc(O)c2)cc1,C15H14O5S,QSUCEQXOZRJHDR-NSCUHMNNSA-N
paper-d035a83486621e1f,15,15 (article); S2 (SI p4),15,source_drawing_transcription,diastereomeric_state_not_fully_specified,pending_independent_chemist_review,CC(C)[Si](C1=CC(=CC(c2cc(OCc3ccccc3)cc(OCc3ccccc3)c2)C(C=C2C=C([Si](C(C)C)(C(C)C)C(C)C)C(=O)C([Si](C(C)C)(C(C)C)C(C)C)=C2)c2cc(OCc3ccccc3)cc(OCc3ccccc3)c2)C=C([Si](C(C)C)(C(C)C)C(C)C)C1=O)(C(C)C)C(C)C,C92H126O6Si4,NBKCFEFMFHCDMB-UHFFFAOYSA-N
paper-d035a83486621e1f,16,16,16,source_drawing_transcription,relative_only,pending_independent_chemist_review,CC(C)[Si](Oc1ccc(/C=C/c2cc(O)cc3c2[C@H](c2cc(OCc4ccccc4)cc(OCc4ccccc4)c2)[C@@H](c2cc([Si](C(C)C)(C(C)C)C(C)C)c(O)c([Si](C(C)C)(C(C)C)C(C)C)c2)O3)cc1)(C(C)C)C(C)C,C69H94O6Si3,GSPIONRDONPKPT-VOICYSTJSA-N
paper-d035a83486621e1f,17,17,17,source_drawing_transcription,relative_only,pending_independent_chemist_review,CC(C)[Si](Oc1ccc(/C=C/c2cc(O)c3c(c2)O[C@H](c2cc([Si](C(C)C)(C(C)C)C(C)C)c(O)c([Si](C(C)C)(C(C)C)C(C)C)c2)[C@H]3c2cc(OCc3ccccc3)cc(OCc3ccccc3)c2)cc1)(C(C)C)C(C)C,C69H94O6Si3,KILZRZDTAOPMSQ-ZWWBATHLSA-N
paper-d035a83486621e1f,18,18,18,source_drawing_transcription,diastereomeric_mixture,pending_independent_chemist_review,CC(C)[Si](Oc1cc(O[Si](C(C)C)(C(C)C)C(C)C)cc(C(C=C2C=C([Si](C(C)C)(C(C)C)C(C)C)C(=O)C([Si](C(C)C)(C(C)C)C(C)C)=C2)C(C=C2C=C([Si](C(C)C)(C(C)C)C(C)C)C(=O)C([Si](C(C)C)(C(C)C)C(C)C)=C2)c2cc(O[Si](C(C)C)(C(C)C)C(C)C)cc(O[Si](C(C)C)(C(C)C)C(C)C)c2)c1)(C(C)C)C(C)C,C100H182O6Si8,GNEWUMOOVYCMQX-UHFFFAOYSA-N
paper-d035a83486621e1f,19,19,19,source_drawing_transcription,relative_only,pending_independent_chemist_review,CC(C)[Si](Oc1cc(/C=C/c2ccc3c(c2)[C@H](c2cc(O[Si](C(C)C)(C(C)C)C(C)C)cc(O[Si](C(C)C)(C(C)C)C(C)C)c2)[C@@H](c2cc([Si](C(C)C)(C(C)C)C(C)C)c(O)c([Si](C(C)C)(C(C)C)C(C)C)c2)O3)cc(O[Si](C(C)C)(C(C)C)C(C)C)c1)(C(C)C)C(C)C,C82H142O6Si6,BVDPAUYAECQPFN-SHQXKEIWSA-N
paper-d035a83486621e1f,2,2,2,source_drawing_transcription,relative_only,pending_independent_chemist_review,Oc1ccc([C@H]2Oc3ccc(/C=C/c4cc(O)cc(O)c4)cc3[C@@H]2c2cc(O)cc(O)c2)cc1,C28H22O6,LILPTCHQLRKZNG-LPGNHZEISA-N
paper-d035a83486621e1f,20,20,20,source_drawing_transcription,relative_only,pending_independent_chemist_review,CC(C)[Si](Oc1ccc(/C=C/c2cc(O)c3c(c2)O[C@H](c2cc([Si](C(C)C)(C(C)C)C(C)C)c(O)c([Si](C(C)C)(C(C)C)C(C)C)c2)[C@H]3c2cc(O[Si](C(C)C)(C(C)C)C(C)C)cc(O[Si](C(C)C)(C(C)C)C(C)C)c2)cc1)(C(C)C)C(C)C,C73H122O6Si5,XIALDKMKQDZDQL-SIVMLIJYSA-N
paper-d035a83486621e1f,21,21,21,source_drawing_transcription,relative_only,pending_independent_chemist_review,CC(C)[Si](Oc1ccc(/C=C/c2cc(O)cc3c2[C@H](c2cc(O[Si](C(C)C)(C(C)C)C(C)C)cc(O[Si](C(C)C)(C(C)C)C(C)C)c2)[C@@H](c2cc([Si](C(C)C)(C(C)C)C(C)C)c(O)c([Si](C(C)C)(C(C)C)C(C)C)c2)O3)cc1)(C(C)C)C(C)C,C73H122O6Si5,PCDVDUQTMLPGFD-CQYZIDONSA-N
paper-d035a83486621e1f,3,3,3,source_drawing_transcription,relative_only,pending_independent_chemist_review,Oc1ccc(/C=C/c2cc(O)cc3c2[C@H](c2cc(O)cc(O)c2)[C@@H](c2ccc(O)cc2)O3)cc1,C28H22O6,FQWLMRXWKZGLFI-BQYFGGCBSA-N
paper-d035a83486621e1f,30,30,30,source_drawing_transcription,relative_only,pending_independent_chemist_review,CC(C)[Si](Oc1cc(O[Si](C(C)C)(C(C)C)C(C)C)cc([C@H]2c3c(O)cc(/C=C/c4ccc(OS(C)(=O)=O)cc4)cc3O[C@@H]2c2cc([Si](C(C)C)(C(C)C)C(C)C)c(O)c([Si](C(C)C)(C(C)C)C(C)C)c2)c1)(C(C)C)C(C)C,C65H104O8SSi4,GYTWHVZDDASBIW-BEXNQGTNSA-N
paper-d035a83486621e1f,31,31,31,source_drawing_transcription,relative_only,pending_independent_chemist_review,CC(C)[Si](Oc1cc(O[Si](C(C)C)(C(C)C)C(C)C)cc([C@H]2c3c(/C=C/c4ccc(OS(C)(=O)=O)cc4)cc(O)cc3O[C@@H]2c2cc([Si](C(C)C)(C(C)C)C(C)C)c(O)c([Si](C(C)C)(C(C)C)C(C)C)c2)c1)(C(C)C)C(C)C,C65H104O8SSi4,ODCMFVVHVQDDAK-PMJYNFKZSA-N
paper-d035a83486621e1f,32,32,32,source_drawing_transcription,relative_only,pending_independent_chemist_review,CS(=O)(=O)Oc1ccc(/C=C/c2cc(O)cc3c2[C@H](c2cc(O)cc(O)c2)[C@@H](c2ccc(O)cc2)O3)cc1,C29H24O8S,ZHPRXYNYLNCZGZ-XQMSLDBFSA-N
paper-d035a83486621e1f,35,35,ampelopsin F protected core 35,source_drawing_transcription,relative_perspective_not_encoded,pending_independent_chemist_review,CC(C)[Si](Oc1ccc(C2c3c(O)cc(O)cc3C3c4c(O)cc(O)cc4C2C3c2cc([Si](C(C)C)(C(C)C)C(C)C)c(O)c([Si](C(C)C)(C(C)C)C(C)C)c2)cc1)(C(C)C)C(C)C,C55H82O6Si3,KYDYRDCMDGJRLZ-UHFFFAOYSA-N
paper-d035a83486621e1f,36,36,ampelopsin F protected core 36,source_drawing_transcription,relative_perspective_not_encoded,pending_independent_chemist_review,CC(C)[Si](Oc1ccc(C2c3c(O[Si](C(C)C)(C(C)C)C(C)C)cc(O[Si](C(C)C)(C(C)C)C(C)C)cc3C3c4c(O)cc(O)cc4C2C3c2cc([Si](C(C)C)(C(C)C)C(C)C)c(O)c([Si](C(C)C)(C(C)C)C(C)C)c2)cc1)(C(C)C)C(C)C,C73H122O6Si5,QKTSRNGLXWQJQF-UHFFFAOYSA-N
paper-d035a83486621e1f,4,4,4,source_drawing_transcription,relative_only,pending_independent_chemist_review,Oc1ccc(/C=C/c2cc(O)c3c(c2)O[C@H](c2ccc(O)cc2)[C@H]3c2cc(O)cc(O)c2)cc1,C28H22O6,KVGHRSAHESCTFR-PDCCCBJGSA-N
paper-d035a83486621e1f,8,8,ampelopsin B,source_drawing_transcription,relative_only,pending_independent_chemist_review,Oc1ccc([C@@H]2Cc3cc(O)cc4c3[C@H](c3cc(O)cc(O)c32)[C@@H](c2ccc(O)cc2)O4)cc1,C28H22O6,JJCVXDDMIRXVJA-YNOBPPCASA-N
paper-d035a83486621e1f,9,9,ampelopsin F,source_drawing_transcription,relative_perspective_not_encoded,pending_independent_chemist_review,Oc1ccc(C2c3c(O)cc(O)cc3C3c4c(O)cc(O)cc4C2C3c2ccc(O)cc2)cc1,C28H22O6,LJHNYAXAPRDORG-UHFFFAOYSA-N
paper-d035a83486621e1f,LIT-S1,S1 (SI p4),Literature benzyloxy stilbene; upstream synthesis outside paper,source_drawing_transcription,,pending_independent_chemist_review,CC(C)[Si](c1cc(/C=C/c2cc(OCc3ccccc3)cc(OCc3ccccc3)c2)cc([Si](C(C)C)(C(C)C)C(C)C)c1O)(C(C)C)C(C)C,C46H64O3Si2,PWXOJUXJGWPLMG-WCWDXBQESA-N
paper-d035a83486621e1f,S3,S3,S3,source_drawing_transcription,,pending_independent_chemist_review,CC(C)[Si](c1cc(/C=C/c2cc(O)cc(O)c2)cc([Si](C(C)C)(C(C)C)C(C)C)c1O)(C(C)C)C(C)C,C32H52O3Si2,AINSLRKLGHTICE-BUHFOSPRSA-N
paper-d035a83486621e1f,S4,S4,S4,source_drawing_transcription,,pending_independent_chemist_review,CC(C)[Si](Oc1cc(/C=C/c2cc([Si](C(C)C)(C(C)C)C(C)C)c(O)c([Si](C(C)C)(C(C)C)C(C)C)c2)cc(O[Si](C(C)C)(C(C)C)C(C)C)c1)(C(C)C)C(C)C,C50H92O3Si4,BPYNYMZMDZXKFC-OCEACIFDSA-N
paper-d035a83486621e1f,S5,S5,S5,source_drawing_transcription,relative_only,pending_independent_chemist_review,CC(C)[Si](Oc1cc(O[Si](C(C)C)(C(C)C)C(C)C)cc([C@H]2c3cc(/C=C/c4cc(OS(C)(=O)=O)cc(OS(C)(=O)=O)c4)ccc3O[C@@H]2c2cc([Si](C(C)C)(C(C)C)C(C)C)c(O)c([Si](C(C)C)(C(C)C)C(C)C)c2)c1)(C(C)C)C(C)C,C66H106O10S2Si4,JZFBYWGFGMIPBZ-YRTBRUQYSA-N
paper-d035a83486621e1f,SI-S1-TBS,S1 (SI p11),SI-S1-TBS,source_drawing_transcription,,pending_independent_chemist_review,CC(C)(C)[Si](C)(C)Oc1ccc(/C=C/c2cc(O[Si](C)(C)C(C)(C)C)cc(O[Si](C)(C)C(C)(C)C)c2)cc1,C32H54O3Si3,AUCYGSFTOPARAH-WUKNDPDISA-N
paper-d035a83486621e1f,SI-S2-Ms,S2 (SI p19),SI-S2-Ms,source_drawing_transcription,,pending_independent_chemist_review,CC(C)[Si](Oc1cc(/C=C/c2ccc(OS(C)(=O)=O)cc2)cc(O[Si](C(C)C)(C(C)C)C(C)C)c1)(C(C)C)C(C)C,C33H54O5SSi2,KPLDWUFHKHDNRN-CCEZHUSRSA-N
paper-d137f8265a6d2e32,1,1,SI compound 1,source_drawing_transcription,Achiral or source-unspecified configuration; no enantiopurity inferred.,pending_independent_chemist_review,COc1c(Cl)c(C(Cl)(Cl)Cl)cc2ccc3c(c12)C(=O)c1c(O)c2c(c(O)c1C3=O)C(C)(OC)OC2=O,C24H14Cl4O8,PNZJZIIJLGYVCU-UHFFFAOYSA-N
paper-d137f8265a6d2e32,10,10,SI compound 10,source_drawing_transcription,Achiral or source-unspecified configuration; no enantiopurity inferred.,pending_independent_chemist_review,COC(=O)c1cc(C)c(N)c(OC)c1,C10H13NO3,CSWZREXERMQEOR-UHFFFAOYSA-N
paper-d137f8265a6d2e32,11,11,SI compound 11,source_drawing_transcription,Achiral or source-unspecified configuration; no enantiopurity inferred.,pending_independent_chemist_review,COc1ccc(OCc2ccccc2)c(C(=O)N(C)C)c1,C17H19NO3,XXHNUANIVQTLRE-UHFFFAOYSA-N
paper-d137f8265a6d2e32,12,12,SI compound 12,source_drawing_transcription,Achiral or source-unspecified configuration; no enantiopurity inferred.,pending_independent_chemist_review,COc1ccc(OCc2ccccc2)c(C(=O)N(C)C)c1C=O,C18H19NO4,UBHGAJCJRKDFPO-UHFFFAOYSA-N
paper-d137f8265a6d2e32,13,13,SI compound 13,source_drawing_transcription,Achiral or source-unspecified configuration; no enantiopurity inferred.,pending_independent_chemist_review,COc1ccc(OCc2ccccc2)c2c(O)c3c(c(O)c12)C(C)(OC)OC3=O,C22H20O7,LYQWEEXSMQMWEF-UHFFFAOYSA-N
paper-d137f8265a6d2e32,14,14,SI compound 14,source_drawing_transcription,Achiral or source-unspecified configuration; no enantiopurity inferred.,pending_independent_chemist_review,COc1ccc(OCc2ccccc2)c2c(OCC[Si](C)(C)C)c3c(c(OCC[Si](C)(C)C)c12)C(C)(OC)OC3=O,C32H44O7Si2,FSUWLRREQHZGLS-UHFFFAOYSA-N
paper-d137f8265a6d2e32,15,15,SI compound 15,source_drawing_transcription,Achiral or source-unspecified configuration; no enantiopurity inferred.,pending_independent_chemist_review,COc1ccc(O)c2c(OCC[Si](C)(C)C)c3c(c(OCC[Si](C)(C)C)c12)C(C)(OC)OC3=O,C25H38O7Si2,XRVKSYBMZLLQQR-UHFFFAOYSA-N
paper-d137f8265a6d2e32,16,16,SI compound 16,source_drawing_transcription,Achiral or source-unspecified configuration; no enantiopurity inferred.,pending_independent_chemist_review,COc1cc(Br)c(O)c2c(OCC[Si](C)(C)C)c3c(c(OCC[Si](C)(C)C)c12)C(C)(OC)OC3=O,C25H37BrO7Si2,XWZMOICUIITBSD-UHFFFAOYSA-N
paper-d137f8265a6d2e32,17,17,SI compound 17,source_drawing_transcription,Achiral or source-unspecified configuration; no enantiopurity inferred.,pending_independent_chemist_review,COC1(C)OC(=O)c2c(OCC[Si](C)(C)C)c3c(c(OCC[Si](C)(C)C)c21)C(=O)C=C(Br)C3=O,C24H33BrO7Si2,AQFJHDGWRCNQDL-UHFFFAOYSA-N
paper-d137f8265a6d2e32,19,19,SI compound 19,source_drawing_transcription,Achiral or source-unspecified configuration; no enantiopurity inferred.,pending_independent_chemist_review,COc1cc(C=O)cc(C)c1Cl,C9H9ClO2,KNFDYXNFTVJXFI-UHFFFAOYSA-N
paper-d137f8265a6d2e32,2,2,SI compound 2,source_drawing_transcription,Achiral or source-unspecified configuration; no enantiopurity inferred.,pending_independent_chemist_review,COc1c(Cl)c(C)cc2ccc3c(c12)C(=O)c1c(O)c2c(c(O)c1C3=O)C(C)(OC)OC2=O,C24H17ClO8,YGQKBWQSVIZGFS-UHFFFAOYSA-N
paper-d137f8265a6d2e32,21,21,SI compound 21,source_drawing_transcription,Achiral or source-unspecified configuration; no enantiopurity inferred.,pending_independent_chemist_review,COc1c(Cl)c(C)cc(C=O)c1Br,C9H8BrClO2,AEKOEVIKTKJSKP-UHFFFAOYSA-N
paper-d137f8265a6d2e32,23,23,SI compound 23,source_drawing_transcription,Achiral or source-unspecified configuration; no enantiopurity inferred.,pending_independent_chemist_review,COc1c(Cl)c(C)cc(CCC2=C(Br)C(=O)c3c(OCC[Si](C)(C)C)c4c(c(OCC[Si](C)(C)C)c3C2=O)C(C)(OC)OC4=O)c1Br,C34H43Br2ClO8Si2,IZRILTKSNVTVQS-UHFFFAOYSA-N
paper-d137f8265a6d2e32,24,24,SI compound 24,source_drawing_transcription,Achiral or source-unspecified configuration; no enantiopurity inferred.,pending_independent_chemist_review,COc1c(Cl)c(C)cc2c1C1=C(CC2)C(=O)c2c(OCC[Si](C)(C)C)c3c(c(OCC[Si](C)(C)C)c2C1=O)C(=O)OC3(C)OC,C34H43ClO8Si2,RUGZNZLHFVHSDS-UHFFFAOYSA-N
paper-d137f8265a6d2e32,25,25,SI compound 25,source_drawing_transcription,Achiral or source-unspecified configuration; no enantiopurity inferred.,pending_independent_chemist_review,COc1c(Cl)c(C(F)(F)F)cc2ccc3c(c12)C(=O)c1c(O)c2c(c(O)c1C3=O)C(C)(OC)OC2=O,C24H14ClF3O8,KNPBAHQOYGSGAX-UHFFFAOYSA-N
paper-d137f8265a6d2e32,26,26,SI compound 26,source_drawing_transcription,Achiral or source-unspecified configuration; no enantiopurity inferred.,pending_independent_chemist_review,COc1c(Cl)c(C(F)(F)F)cc(CCC(=O)O)c1Br,C11H9BrClF3O3,JRKDJMRYUPLVIA-UHFFFAOYSA-N
paper-d137f8265a6d2e32,27,27,SI compound 27,source_drawing_transcription,Achiral or source-unspecified configuration; no enantiopurity inferred.,pending_independent_chemist_review,COC(=O)c1ccc(N)c(OC)c1,C9H11NO3,DJLFOMMCQBAMAA-UHFFFAOYSA-N
paper-d137f8265a6d2e32,28,28,SI compound 28,source_drawing_transcription,Achiral or source-unspecified configuration; no enantiopurity inferred.,pending_independent_chemist_review,COC(=O)c1cc(OC)c(N)c(C(F)(F)F)c1,C10H10F3NO3,ZTSIVNFSISAMKC-UHFFFAOYSA-N
paper-d137f8265a6d2e32,29,29,SI compound 29,source_drawing_transcription,Achiral or source-unspecified configuration; no enantiopurity inferred.,pending_independent_chemist_review,COc1cc(C=O)cc(C(F)(F)F)c1Cl,C9H6ClF3O2,REDPQVUMFMVEST-UHFFFAOYSA-N
paper-d137f8265a6d2e32,30,30,SI compound 30,source_drawing_transcription,Achiral or source-unspecified configuration; no enantiopurity inferred.,pending_independent_chemist_review,CCOC(=O)/C=C/c1cc(C(F)(F)F)c(Cl)c(OC)c1Br,C13H11BrClF3O3,XOMBRGSKNKALCP-SNAWJCMRSA-N
paper-d137f8265a6d2e32,31,31,SI compound 31,source_drawing_transcription,Achiral or source-unspecified configuration; no enantiopurity inferred.,pending_independent_chemist_review,COc1c(Cl)c(C(F)(F)F)cc(CCC2=C(Br)C(=O)c3c(OCC[Si](C)(C)C)c4c(c(OCC[Si](C)(C)C)c3C2=O)C(C)(OC)OC4=O)c1Br,C34H40Br2ClF3O8Si2,YRCQRUONPBXKBB-UHFFFAOYSA-N
paper-d137f8265a6d2e32,5,5,SI compound 5,source_drawing_transcription,Achiral or source-unspecified configuration; no enantiopurity inferred.,pending_independent_chemist_review,COC1(C)C=CC(=O)O1,C6H8O3,AZDJIRFELVPPKG-UHFFFAOYSA-N
paper-d137f8265a6d2e32,7,7,SI compound 7,source_drawing_transcription,Achiral or source-unspecified configuration; no enantiopurity inferred.,pending_independent_chemist_review,COc1ccc(OCc2ccccc2)c2c1C(Sc1ccccc1)OC2=O,C22H18O4S,MJCJSOWGCFWLKS-UHFFFAOYSA-N
paper-d137f8265a6d2e32,8,8,SI compound 8,source_drawing_transcription,Achiral or source-unspecified configuration; no enantiopurity inferred.,pending_independent_chemist_review,COc1ccc(O)c(C(=O)O)c1,C8H8O4,IZZIWIAOVZOBLF-UHFFFAOYSA-N
paper-d137f8265a6d2e32,9,9,SI compound 9,source_drawing_transcription,Achiral or source-unspecified configuration; no enantiopurity inferred.,pending_independent_chemist_review,COc1c(Cl)c(C)cc(CCC(=O)O)c1Br,C11H12BrClO3,LEVUCFGHTKVGBJ-UHFFFAOYSA-N
paper-d137f8265a6d2e32,S1,S1,SI compound S1,source_drawing_transcription,Achiral or source-unspecified configuration; no enantiopurity inferred.,pending_independent_chemist_review,COc1ccc(OCc2ccccc2)c2c(OCOCC[Si](C)(C)C)c3c(c(OCOCC[Si](C)(C)C)c12)C(C)(OC)OC3=O,C34H48O9Si2,KBJLKPLYSQMORS-UHFFFAOYSA-N
paper-d137f8265a6d2e32,S3,S3,SI compound S3,source_drawing_transcription,Achiral or source-unspecified configuration; no enantiopurity inferred.,pending_independent_chemist_review,COC1(C)OC(=O)c2c(OCC[Si](C)(C)C)c3c(c(OCC[Si](C)(C)C)c21)C(=O)C=CC3=O,C24H34O7Si2,BRLJVRIKICJSCV-UHFFFAOYSA-N
paper-d137f8265a6d2e32,S4,S4,SI compound S4,source_drawing_transcription,Achiral or source-unspecified configuration; no enantiopurity inferred.,pending_independent_chemist_review,[2H]c1c(C=O)cc(C)c(Cl)c1OC,C9H9ClO2,KNFDYXNFTVJXFI-QYKNYGDISA-N
paper-d137f8265a6d2e32,S5,S5,SI compound S5,source_drawing_transcription,Achiral or source-unspecified configuration; no enantiopurity inferred.,pending_independent_chemist_review,CCOC(=O)/C=C/c1cc(C)c(Cl)c(OC)c1Br,C13H14BrClO3,MCVIIBZGIRIXPW-AATRIKPKSA-N
paper-d137f8265a6d2e32,S6,S6,SI compound S6,source_drawing_transcription,Achiral or source-unspecified configuration; no enantiopurity inferred.,pending_independent_chemist_review,CCOC(=O)CCc1cc(C)c(Cl)c(OC)c1Br,C13H16BrClO3,WUWRCUAVAZZQPD-UHFFFAOYSA-N
paper-d137f8265a6d2e32,S7,S7,SI compound S7,source_drawing_transcription,Achiral or source-unspecified configuration; no enantiopurity inferred.,pending_independent_chemist_review,COC(=O)c1cc(OC)c(Cl)c(C(F)(F)F)c1,C10H8ClF3O3,JKBRWQWKHKPGRU-UHFFFAOYSA-N
paper-d137f8265a6d2e32,S8,S8,SI compound S8,source_drawing_transcription,Achiral or source-unspecified configuration; no enantiopurity inferred.,pending_independent_chemist_review,COc1c(Cl)c(C(F)(F)F)cc(C=O)c1Br,C9H5BrClF3O2,QOUSKLIADYLITB-UHFFFAOYSA-N
paper-d137f8265a6d2e32,S9,S9,SI compound S9,source_drawing_transcription,Achiral or source-unspecified configuration; no enantiopurity inferred.,pending_independent_chemist_review,CCOC(=O)CCc1cc(C(F)(F)F)c(Cl)c(OC)c1Br,C13H13BrClF3O3,LCMLHLYQVHJJQD-UHFFFAOYSA-N
paper-d137f8265a6d2e32,phosphonoacetate,phosphonoacetate,SI compound phosphonoacetate,source_drawing_transcription,Achiral or source-unspecified configuration; no enantiopurity inferred.,pending_independent_chemist_review,CCOC(=O)CP(=O)(OCC)OCC,C8H17O5P,GGUBFICZYGKNTD-UHFFFAOYSA-N
paper-d4852cb652b4d31f,10,10,9-methoxy-9-oxononanoic acid,procedural_interpretation,Source-specified stereochemistry retained; wavy alcohol and THP/lactol anomeric centers unspecified; mixture metadata governs sample identity,pending_independent_chemist_review,COC(=O)CCCCCCCC(=O)O,C10H18O4,VVWPSAPZUZXYCM-UHFFFAOYSA-N
paper-d4852cb652b4d31f,11,11,(R)-4-((4-methoxybenzyl)oxy)dihydrofuran-2(3H)-one,source_drawing_transcription,Source-specified stereochemistry retained; wavy alcohol and THP/lactol anomeric centers unspecified; mixture metadata governs sample identity,pending_independent_chemist_review,COc1ccc(CO[C@H]2COC(=O)C2)cc1,C12H14O4,JMEJRZPYFQCFLG-LLVKDONJSA-N
paper-d4852cb652b4d31f,12,12,"(2R,4Z)-2-((4-methoxybenzyl)oxy)hept-4-en-1-ol",source_drawing_transcription,Source-specified stereochemistry retained; wavy alcohol and THP/lactol anomeric centers unspecified; mixture metadata governs sample identity,pending_independent_chemist_review,CC/C=C\C[C@H](CO)OCc1ccc(OC)cc1,C15H22O3,JEWRUKMYPCYKMD-FOSCPCJNSA-N
paper-d4852cb652b4d31f,13,13,methyl 9-oxo-11-(trimethylsilyl)undec-10-ynoate,source_drawing_transcription,Source-specified stereochemistry retained; wavy alcohol and THP/lactol anomeric centers unspecified; mixture metadata governs sample identity,pending_independent_chemist_review,COC(=O)CCCCCCCC(=O)C#C[Si](C)(C)C,C15H26O3Si,YMBAXOMSTXAONE-UHFFFAOYSA-N
paper-d4852cb652b4d31f,14,14,methyl (R)-9-((tert-butyldimethylsilyl)oxy)-11-(trimethylsilyl)undec-10-ynoate,source_drawing_transcription,Source-specified stereochemistry retained; wavy alcohol and THP/lactol anomeric centers unspecified; mixture metadata governs sample identity,pending_independent_chemist_review,COC(=O)CCCCCCC[C@H](C#C[Si](C)(C)C)O[Si](C)(C)C(C)(C)C,C21H42O3Si2,FSYIOVRQDXHTHZ-LJQANCHMSA-N
paper-d4852cb652b4d31f,15,15,"methyl (9R,13R,15Z)-9-((tert-butyldimethylsilyl)oxy)-12-hydroxy-13-((4-methoxybenzyl)oxy)octadec-15-en-10-ynoate",source_drawing_transcription,Source-specified stereochemistry retained; wavy alcohol and THP/lactol anomeric centers unspecified; mixture metadata governs sample identity,pending_independent_chemist_review,CC/C=C\C[C@@H](OCc1ccc(OC)cc1)C(O)C#C[C@@H](CCCCCCCC(=O)OC)O[Si](C)(C)C(C)(C)C,C33H54O6Si,RMDQRCNGUCBWEH-AWNAYGIQSA-N
paper-d4852cb652b4d31f,16,16,(R)-5-butyl-13-((tert-butyldimethylsilyl)oxy)pentadec-14-yn-5-ol,source_drawing_transcription,Source-specified stereochemistry retained; wavy alcohol and THP/lactol anomeric centers unspecified; mixture metadata governs sample identity,pending_independent_chemist_review,C#C[C@@H](CCCCCCCC(O)(CCCC)CCCC)O[Si](C)(C)C(C)(C)C,C25H50O2Si,PFOCJEPARJZNLP-QHCPKHFHSA-N
paper-d4852cb652b4d31f,17,17,tert-butyldimethyl(((3R)-11-((tetrahydro-2H-pyran-2-yl)oxy)-1-(trimethylsilyl)undec-1-yn-3-yl)oxy)silane,source_drawing_transcription,Source-specified stereochemistry retained; wavy alcohol and THP/lactol anomeric centers unspecified; mixture metadata governs sample identity,pending_independent_chemist_review,CC(C)(C)[Si](C)(C)O[C@@H](C#C[Si](C)(C)C)CCCCCCCCOC1CCCCO1,C25H50O3Si2,JDVZZHRCQJFCSY-MIHMCVIASA-N
paper-d4852cb652b4d31f,18,18,tert-butyldimethyl(((3R)-11-((tetrahydro-2H-pyran-2-yl)oxy)undec-1-yn-3-yl)oxy)silane,source_drawing_transcription,Source-specified stereochemistry retained; wavy alcohol and THP/lactol anomeric centers unspecified; mixture metadata governs sample identity,pending_independent_chemist_review,C#C[C@@H](CCCCCCCCOC1CCCCO1)O[Si](C)(C)C(C)(C)C,C22H42O3Si,KYZBZLKWHLPPPR-BGERDNNASA-N
paper-d4852cb652b4d31f,19,19,"(3Z,6R,10R)-10-((tert-butyldimethylsilyl)oxy)-6-((4-methoxybenzyl)oxy)-18-((tetrahydro-2H-pyran-2-yl)oxy)octadec-3-en-8-yn-7-ol",source_drawing_transcription,Source-specified stereochemistry retained; wavy alcohol and THP/lactol anomeric centers unspecified; mixture metadata governs sample identity,pending_independent_chemist_review,CC/C=C\C[C@@H](OCc1ccc(OC)cc1)C(O)C#C[C@@H](CCCCCCCCOC1CCCCO1)O[Si](C)(C)C(C)(C)C,C37H62O6Si,UGNJQMHDCZRCPQ-DNGCBIOXSA-N
paper-d4852cb652b4d31f,20,20,"(9R,10E,13R,15Z)-9-((tert-butyldimethylsilyl)oxy)-13-((4-methoxybenzyl)oxy)octadeca-10,15-diene-1,12-diol",source_drawing_transcription,Source-specified stereochemistry retained; wavy alcohol and THP/lactol anomeric centers unspecified; mixture metadata governs sample identity,pending_independent_chemist_review,CC/C=C\C[C@@H](OCc1ccc(OC)cc1)C(O)/C=C/[C@@H](CCCCCCCCO)O[Si](C)(C)C(C)(C)C,C32H56O5Si,RYGOKBOATZOFSR-KRBYEFMHSA-N
paper-d4852cb652b4d31f,21,21,"(9R,10E,13R,15Z)-9-((tert-butyldimethylsilyl)oxy)-13-hydroxy-12-oxooctadeca-10,15-dienoic acid",source_drawing_transcription,Source-specified stereochemistry retained; wavy alcohol and THP/lactol anomeric centers unspecified; mixture metadata governs sample identity,pending_independent_chemist_review,CC/C=C\C[C@@H](O)C(=O)/C=C/[C@@H](CCCCCCCC(=O)O)O[Si](C)(C)C(C)(C)C,C24H44O5Si,KIOABUMLZBVHBU-YSJJWOPYSA-N
paper-d4852cb652b4d31f,5,5,Sacrolide A,source_drawing_transcription,Source-specified stereochemistry retained; wavy alcohol and THP/lactol anomeric centers unspecified; mixture metadata governs sample identity,pending_independent_chemist_review,CC/C=C\C[C@H]1OC(=O)CCCCCCC[C@@H](O)/C=C/C1=O,C18H28O4,UYLKXNMQPMQPNW-USYDTVFMSA-N
paper-d4852cb652b4d31f,5-9epi,,9-epi-Sacrolide A,procedural_interpretation,Source-specified stereochemistry retained; wavy alcohol and THP/lactol anomeric centers unspecified; mixture metadata governs sample identity,pending_independent_chemist_review,CC/C=C\C[C@H]1OC(=O)CCCCCCC[C@H](O)/C=C/C1=O,C18H28O4,UYLKXNMQPMQPNW-JAYJKSFCSA-N
paper-d4852cb652b4d31f,6,6,"(9R,10E,13R,15Z)-9-((tert-butyldimethylsilyl)oxy)-13-((4-methoxybenzyl)oxy)-12-oxooctadeca-10,15-dienal",source_drawing_transcription,Source-specified stereochemistry retained; wavy alcohol and THP/lactol anomeric centers unspecified; mixture metadata governs sample identity,pending_independent_chemist_review,CC/C=C\C[C@@H](OCc1ccc(OC)cc1)C(=O)/C=C/[C@@H](CCCCCCCC=O)O[Si](C)(C)C(C)(C)C,C32H52O5Si,JOVODFIMTQJGEE-DCHQCKSPSA-N
paper-d4852cb652b4d31f,7,7,"(2R,4Z)-2-((4-methoxybenzyl)oxy)hept-4-enal",source_drawing_transcription,Source-specified stereochemistry retained; wavy alcohol and THP/lactol anomeric centers unspecified; mixture metadata governs sample identity,pending_independent_chemist_review,CC/C=C\C[C@H](C=O)OCc1ccc(OC)cc1,C15H20O3,YMYRPRKBQRWHHS-FOSCPCJNSA-N
paper-d4852cb652b4d31f,8,8,methyl (R)-9-((tert-butyldimethylsilyl)oxy)undec-10-ynoate,source_drawing_transcription,Source-specified stereochemistry retained; wavy alcohol and THP/lactol anomeric centers unspecified; mixture metadata governs sample identity,pending_independent_chemist_review,C#C[C@@H](CCCCCCCC(=O)OC)O[Si](C)(C)C(C)(C)C,C18H34O3Si,UTTKCOLYUJFDRP-INIZCTEOSA-N
paper-d4852cb652b4d31f,9,9,dimethyl (R)-2-hydroxysuccinate,procedural_interpretation,Source-specified stereochemistry retained; wavy alcohol and THP/lactol anomeric centers unspecified; mixture metadata governs sample identity,pending_independent_chemist_review,COC(=O)C[C@@H](O)C(=O)OC,C6H10O5,YSEKNCXYRGKTBJ-SCSAIBSYSA-N
paper-d4852cb652b4d31f,DHP,,"3,4-dihydro-2H-pyran",procedural_interpretation,Source-specified stereochemistry retained; wavy alcohol and THP/lactol anomeric centers unspecified; mixture metadata governs sample identity,pending_independent_chemist_review,C1=COCCC1,C5H8O,BUDQDWGNQVEFAC-UHFFFAOYSA-N
paper-d4852cb652b4d31f,PMB-imidate,,"4-methoxybenzyl 2,2,2-trichloroacetimidate",procedural_interpretation,Source-specified stereochemistry retained; wavy alcohol and THP/lactol anomeric centers unspecified; mixture metadata governs sample identity,pending_independent_chemist_review,COc1ccc(COC(=N)C(Cl)(Cl)Cl)cc1,C10H10Cl3NO2,TYHGKLBJBHACOI-UHFFFAOYSA-N
paper-d4852cb652b4d31f,S1,S1,(R)-4-hydroxydihydrofuran-2(3H)-one,source_drawing_transcription,Source-specified stereochemistry retained; wavy alcohol and THP/lactol anomeric centers unspecified; mixture metadata governs sample identity,pending_independent_chemist_review,O=C1C[C@@H](O)CO1,C4H6O3,FUDDLSHBRSNCBV-GSVOUGTGSA-N
paper-d4852cb652b4d31f,S2,S2,(4R)-4-((4-methoxybenzyl)oxy)tetrahydrofuran-2-ol,source_drawing_transcription,Source-specified stereochemistry retained; wavy alcohol and THP/lactol anomeric centers unspecified; mixture metadata governs sample identity,pending_independent_chemist_review,COc1ccc(CO[C@H]2COC(O)C2)cc1,C12H16O4,KWQUSHGCCMNPOZ-JHJMLUEUSA-N
paper-d4852cb652b4d31f,S3,S3,methyl 9-chloro-9-oxononanoate,source_drawing_transcription,Source-specified stereochemistry retained; wavy alcohol and THP/lactol anomeric centers unspecified; mixture metadata governs sample identity,pending_independent_chemist_review,COC(=O)CCCCCCCC(=O)Cl,C10H17ClO3,LIZJAMAJAXTVJS-UHFFFAOYSA-N
paper-d4852cb652b4d31f,S4,S4,methyl (R)-9-hydroxy-11-(trimethylsilyl)undec-10-ynoate,source_drawing_transcription,Source-specified stereochemistry retained; wavy alcohol and THP/lactol anomeric centers unspecified; mixture metadata governs sample identity,pending_independent_chemist_review,COC(=O)CCCCCCC[C@@H](O)C#C[Si](C)(C)C,C15H28O3Si,QUYQTYNHLTZTMB-CQSZACIVSA-N
paper-d4852cb652b4d31f,S5,S5,(R)-9-((tert-butyldimethylsilyl)oxy)-11-(trimethylsilyl)undec-10-yn-1-ol,source_drawing_transcription,Source-specified stereochemistry retained; wavy alcohol and THP/lactol anomeric centers unspecified; mixture metadata governs sample identity,pending_independent_chemist_review,CC(C)(C)[Si](C)(C)O[C@@H](C#C[Si](C)(C)C)CCCCCCCCO,C20H42O2Si2,BXSJIVRCYYFAGO-LJQANCHMSA-N
paper-d4852cb652b4d31f,S6,S6,"(3Z,6R,8E,10R)-10-((tert-butyldimethylsilyl)oxy)-6-((4-methoxybenzyl)oxy)-18-((tetrahydro-2H-pyran-2-yl)oxy)octadeca-3,8-dien-7-ol",source_drawing_transcription,Source-specified stereochemistry retained; wavy alcohol and THP/lactol anomeric centers unspecified; mixture metadata governs sample identity,pending_independent_chemist_review,CC/C=C\C[C@@H](OCc1ccc(OC)cc1)C(O)/C=C/[C@@H](CCCCCCCCOC1CCCCO1)O[Si](C)(C)C(C)(C)C,C37H64O6Si,WNFBNEVHAOUMEZ-DEKXKTQSSA-N
paper-d4852cb652b4d31f,S7,S7,"(9R,10E,13R,15Z)-9-((tert-butyldimethylsilyl)oxy)-13-((4-methoxybenzyl)oxy)-12-oxooctadeca-10,15-dienoic acid",source_drawing_transcription,Source-specified stereochemistry retained; wavy alcohol and THP/lactol anomeric centers unspecified; mixture metadata governs sample identity,pending_independent_chemist_review,CC/C=C\C[C@@H](OCc1ccc(OC)cc1)C(=O)/C=C/[C@@H](CCCCCCCC(=O)O)O[Si](C)(C)C(C)(C)C,C32H52O6Si,IBEOVAQIQUTJAA-XVBMCICPSA-N
paper-d4852cb652b4d31f,S8,S8,"(10R,14R,11E)-10-((tert-butyldimethylsilyl)oxy)-14-((Z)-pent-2-en-1-yl)oxacyclotetradec-11-ene-2,13-dione",source_drawing_transcription,Source-specified stereochemistry retained; wavy alcohol and THP/lactol anomeric centers unspecified; mixture metadata governs sample identity,pending_independent_chemist_review,CC/C=C\C[C@H]1OC(=O)CCCCCCC[C@@H](O[Si](C)(C)C(C)(C)C)/C=C/C1=O,C24H42O4Si,SXSJNYUEXMBQQQ-SMCMXFPHSA-N
paper-d4852cb652b4d31f,S8-9epi,,"(10S,14R,11E)-10-((tert-butyldimethylsilyl)oxy)-14-((Z)-pent-2-en-1-yl)oxacyclotetradec-11-ene-2,13-dione",procedural_interpretation,Source-specified stereochemistry retained; wavy alcohol and THP/lactol anomeric centers unspecified; mixture metadata governs sample identity,pending_independent_chemist_review,CC/C=C\C[C@H]1OC(=O)CCCCCCC[C@H](O[Si](C)(C)C(C)(C)C)/C=C/C1=O,C24H42O4Si,SXSJNYUEXMBQQQ-FERBGQCNSA-N
paper-d4852cb652b4d31f,TBSCl,,tert-butyldimethylsilyl chloride,procedural_interpretation,Source-specified stereochemistry retained; wavy alcohol and THP/lactol anomeric centers unspecified; mixture metadata governs sample identity,pending_independent_chemist_review,CC(C)(C)[Si](C)(C)Cl,C6H15ClSi,BCNZYOJHNLTNEZ-UHFFFAOYSA-N
paper-d4852cb652b4d31f,bis-TMS-acetylene,,bis(trimethylsilyl)acetylene,procedural_interpretation,Source-specified stereochemistry retained; wavy alcohol and THP/lactol anomeric centers unspecified; mixture metadata governs sample identity,pending_independent_chemist_review,C[Si](C)(C)C#C[Si](C)(C)C,C8H18Si2,ZDWYFWIBTZJGOR-UHFFFAOYSA-N
paper-d4852cb652b4d31f,diol,,"methyl (R)-3,4-dihydroxybutanoate",procedural_interpretation,Source-specified stereochemistry retained; wavy alcohol and THP/lactol anomeric centers unspecified; mixture metadata governs sample identity,pending_independent_chemist_review,COC(=O)C[C@@H](O)CO,C5H10O4,KCKWOJWPEXHLOQ-SCSAIBSYSA-N
paper-d4852cb652b4d31f,nBuLi,,"n-butyllithium, ionic convention",procedural_interpretation,Source-specified stereochemistry retained; wavy alcohol and THP/lactol anomeric centers unspecified; mixture metadata governs sample identity,pending_independent_chemist_review,[CH2-]CCC.[Li+],C4H9Li,DLEDOFVPSDKWEF-UHFFFAOYSA-N
paper-d4852cb652b4d31f,propyl-phosphonium,,propyltriphenylphosphonium bromide,procedural_interpretation,Source-specified stereochemistry retained; wavy alcohol and THP/lactol anomeric centers unspecified; mixture metadata governs sample identity,pending_independent_chemist_review,CCC[P+](c1ccccc1)(c1ccccc1)c1ccccc1.[Br-],C21H22BrP,XMQSELBBYSAURN-UHFFFAOYSA-M
paper-d5b6a4cfeaa21ccf,10a,10a,SI compound 10a,source_drawing_transcription,,pending_independent_chemist_review,CC1(C)CCC[C@]2(C)[C@@H]1CC[C@]1(C)C(CO)C(=O)CC[C@@H]21,C19H32O2,MDVZIDFHPYFLIM-LHHAEKBSSA-N
paper-d5b6a4cfeaa21ccf,11a,11a,SI compound 11a,source_drawing_transcription,,pending_independent_chemist_review,C=C1C(=O)CC[C@H]2[C@]3(C)CCCC(C)(C)[C@H]3CC[C@]12C,C19H30O,NPXRIDJZQUFLCP-PSBWJHGTSA-N
paper-d5b6a4cfeaa21ccf,12a,12a,SI compound 12a,source_drawing_transcription,,pending_independent_chemist_review,Cc1oc(=O)c2c(c1C)OC1=C(C2)[C@@]2(C)CC[C@@H]3C(C)(C)CCC[C@@]3(C)[C@@H]2CC1,C26H36O3,ZAKNZNPWJYNZHE-FJIJVGMHSA-N
paper-d5b6a4cfeaa21ccf,13a,13a,SI compound 13a,source_drawing_transcription,,pending_independent_chemist_review,Cc1oc(=O)c2c(c1C)O[C@@]1(C2)C(=O)CC[C@H]2[C@]3(C)CCCC(C)(C)[C@H]3CC[C@@]21C,C26H36O4,KELPGZBROIXUQK-IFLLHHOSSA-N
paper-d5b6a4cfeaa21ccf,13b,13b,SI compound 13b,source_drawing_transcription,,pending_independent_chemist_review,Cc1cc2c(c(=O)o1)C[C@]1(O2)C(=O)CC[C@H]2[C@]3(C)CCCC(C)(C)[C@H]3CC[C@@]21C,C25H34O4,IOYOFOSMDWLLEO-KPSKLQJESA-N
paper-d5b6a4cfeaa21ccf,13c,13c,SI compound 13c,source_drawing_transcription,,pending_independent_chemist_review,Cc1c(C(C)C)oc(=O)c2c1O[C@@]1(C2)C(=O)CC[C@H]2[C@]3(C)CCCC(C)(C)[C@H]3CC[C@@]21C,C28H40O4,QDBWFWHNPFNDKF-CUFLOJEWSA-N
paper-d5b6a4cfeaa21ccf,13d,13d,SI compound 13d,source_drawing_transcription,,pending_independent_chemist_review,CC1(C)CCC[C@]2(C)[C@@H]1CC[C@@]1(C)[C@H]2CCC(=O)[C@@]12Cc1c(c3c(oc1=O)CCC3)O2,C27H36O4,PHGWRGBAPZJXDK-LHCKHCKQSA-N
paper-d5b6a4cfeaa21ccf,13e,13e,SI compound 13e,source_drawing_transcription,,pending_independent_chemist_review,CC1(C)CCC[C@]2(C)[C@@H]1CC[C@@]1(C)[C@H]2CCC(=O)[C@@]12Cc1c(cc(-c3ccccc3)oc1=O)O2,C30H36O4,KNDUDDYHTZGPBQ-VHZSPIRKSA-N
paper-d5b6a4cfeaa21ccf,13f,13f,SI compound 13f,source_drawing_transcription,,pending_independent_chemist_review,CC1(C)CCC[C@]2(C)[C@@H]1CC[C@@]1(C)[C@H]2CCC(=O)[C@@]12Cc1c(c3ccccc3oc1=O)O2,C28H34O4,CMRDFOKRSLZICB-OHXCWLKESA-N
paper-d5b6a4cfeaa21ccf,14,14,SI compound 14,source_drawing_transcription,,pending_independent_chemist_review,COC(=O)CC(=O)CCC1=C(C)CC[C@@H]2C(C)CC(OCc3ccccc3)CC[C@@]12C,C27H38O4,AONZFEZMKZZPNQ-YHWKERFPSA-N
paper-d5b6a4cfeaa21ccf,15,15,SI compound 15,source_drawing_transcription,,pending_independent_chemist_review,CC(=O)CCC1=C(C)CC[C@@H]2C(C)(CO)C(O)CC[C@@]12C,C18H30O3,JJXVCFDHLCYGAC-NALMEZQBSA-N
paper-d5b6a4cfeaa21ccf,15',15',SI compound 15',source_drawing_transcription,,pending_independent_chemist_review,CC(=O)CC[C@@H]1C(C)=CC[C@@H]2C(C)(CO)C(O)CC[C@@]12C,C18H30O3,IRSASXFMBHEFSG-VDOXHLPDSA-N
paper-d5b6a4cfeaa21ccf,15a,15a,SI compound 15a,source_drawing_transcription,,pending_independent_chemist_review,CC(=O)CCC1=C(C)CC[C@@H]2C(C)(COC(=S)Oc3ccccc3)C(O)CC[C@@]12C,C25H34O4S,URCASNOLIAHBAX-ZTTAGTIYSA-N
paper-d5b6a4cfeaa21ccf,16,16,SI compound 16,source_drawing_transcription,,pending_independent_chemist_review,CC(=O)CC/C=C(\C)CC/C=C(\C)CC[C@@H]1O[C@@]1(C)CO,C18H30O3,UAXJBGFVPRPUQE-GXKRQMSLSA-N
paper-d5b6a4cfeaa21ccf,17a,17a,SI compound 17a,source_drawing_transcription,,pending_independent_chemist_review,Cc1oc(=O)c(CC2C(=O)CC[C@H]3[C@]4(C)CCCC(C)(C)[C@H]4CC[C@]23C)c(O)c1C,C26H38O4,VJUZSOZGADZDLK-PEDGEKETSA-N
paper-d5b6a4cfeaa21ccf,18a,18a,SI compound 18a,source_drawing_transcription,,pending_independent_chemist_review,Cc1oc(=O)c2c(c1C)OC13CC[C@H]4[C@]5(C)CCCC(C)(C)[C@H]5CC[C@]4(C)C1(C2)O3,C26H36O4,HQAQWDCEPFYPRD-ZJKDMTGZSA-N
paper-d5b6a4cfeaa21ccf,18e,18e,SI compound 18e,source_drawing_transcription,,pending_independent_chemist_review,CC1(C)CCC[C@]2(C)[C@@H]1CC[C@@]1(C)[C@H]2CCC23Oc4cc(-c5ccccc5)oc(=O)c4CC21O3,C30H36O4,VZDDTGJTAHBAOJ-HPZOBDDVSA-N
paper-d5b6a4cfeaa21ccf,18f,18f,SI compound 18f,source_drawing_transcription,,pending_independent_chemist_review,CC1(C)CCC[C@]2(C)[C@@H]1CC[C@@]1(C)[C@H]2CCC23Oc4c(c(=O)oc5ccccc45)CC21O3,C28H34O4,MSHQKMPVHRQACG-UPBNTPBZSA-N
paper-d5b6a4cfeaa21ccf,19a,19a,SI compound 19a,source_drawing_transcription,,pending_independent_chemist_review,Cc1oc(=O)c(CC2(O)C(=O)CC[C@H]3[C@]4(C)CCCC(C)(C)[C@H]4CC[C@@]32C)c(O)c1C,C26H38O5,RYKJGQSSBDNLLL-JEZBJKONSA-N
paper-d5b6a4cfeaa21ccf,19b,19b,SI compound 19b,source_drawing_transcription,,pending_independent_chemist_review,Cc1cc(O)c(CC2(O)C(=O)CC[C@H]3[C@]4(C)CCCC(C)(C)[C@H]4CC[C@@]32C)c(=O)o1,C25H36O5,TVMWXXVCVLGVJS-RUHSFPEWSA-N
paper-d5b6a4cfeaa21ccf,19c,19c,SI compound 19c,source_drawing_transcription,,pending_independent_chemist_review,Cc1c(C(C)C)oc(=O)c(CC2(O)C(=O)CC[C@H]3[C@]4(C)CCCC(C)(C)[C@H]4CC[C@@]32C)c1O,C28H42O5,XHPPPRXDGVQNMM-XTUDVQOTSA-N
paper-d5b6a4cfeaa21ccf,19d,19d,SI compound 19d,source_drawing_transcription,,pending_independent_chemist_review,CC1(C)CCC[C@]2(C)[C@@H]1CC[C@@]1(C)[C@H]2CCC(=O)C1(O)Cc1c(O)c2c(oc1=O)CCC2,C27H38O5,BRBYPUQXOUKGBJ-PFOOGRORSA-N
paper-d5b6a4cfeaa21ccf,2,2,SI compound 2,source_drawing_transcription,,pending_independent_chemist_review,CC1=CC[C@H]2[C@]3(C)CCC(=O)C(C)(C)[C@H]3CC[C@]2(C)[C@]12Cc1c(c(C)c(C)oc1=O)O2,C27H36O4,BYXZSSYEJYOJRF-LHCKHCKQSA-N
paper-d5b6a4cfeaa21ccf,20a,20a,SI compound 20a,source_drawing_transcription,,pending_independent_chemist_review,Cc1oc(=O)c2c(c1C)OC13CC[C@H]4[C@]5(C)CCCC(C)(C)[C@H]5CC[C@]4(C)C1(C2)O3,C26H36O4,HQAQWDCEPFYPRD-ZJKDMTGZSA-N
paper-d5b6a4cfeaa21ccf,21,21,SI compound 21,source_drawing_transcription,,pending_independent_chemist_review,CC(=O)OC/C=C(\C)CC/C=C(\C)CC/C=C(\C)CCC=C(C)C,C22H36O2,NHYSRKKHKHCRGR-RFRQLJORSA-N
paper-d5b6a4cfeaa21ccf,22,22,SI compound 22,source_drawing_transcription,,pending_independent_chemist_review,CC(=O)OC/C=C(\C)CC/C=C(\C)CC/C=C(\C)CC[C@@H](O)C(C)(C)O,C22H38O4,XNZPYYPUDUCWEQ-SIBRMPQESA-N
paper-d5b6a4cfeaa21ccf,23,23,SI compound 23,source_drawing_transcription,,pending_independent_chemist_review,CC(=O)OC/C=C(\C)CC/C=C(\C)CC/C=C(\C)CC[C@@H]1OC1(C)C,C22H36O3,HKPBOWPNAGAPQJ-UKPNPJJCSA-N
paper-d5b6a4cfeaa21ccf,24,24,SI compound 24,source_drawing_transcription,,pending_independent_chemist_review,C=C1CC[C@H]2[C@]3(C)CCC(O)C(C)(C)[C@H]3CC[C@]2(C)C1COC(C)=O,C22H36O3,PZRDENMKWDCIIM-NAOBMKSQSA-N
paper-d5b6a4cfeaa21ccf,25,25,SI compound 25,source_drawing_transcription,,pending_independent_chemist_review,C=C1CC[C@H]2[C@]3(C)CCC(OCc4ccccc4)C(C)(C)[C@H]3CC[C@]2(C)C1COC(C)=O,C29H42O3,PONCXRKNBGVHJV-NKMOHFCBSA-N
paper-d5b6a4cfeaa21ccf,26,26,SI compound 26,source_drawing_transcription,,pending_independent_chemist_review,CC(=O)OCC1C(=O)CC[C@H]2[C@]3(C)CCC(OCc4ccccc4)C(C)(C)[C@H]3CC[C@]12C,C28H40O4,MEGOPDCAMOIBBR-PHCKLLOCSA-N
paper-d5b6a4cfeaa21ccf,27,27,SI compound 27,source_drawing_transcription,,pending_independent_chemist_review,Cc1oc(=O)c2c(c1C)OC1=C(C2)[C@@]2(C)CC[C@@H]3C(C)(C)C(OCc4ccccc4)CC[C@@]3(C)[C@@H]2CC1,C33H42O4,RGRGAEGQMXVUKJ-WPSPYCSGSA-N
paper-d5b6a4cfeaa21ccf,28,28,SI compound 28,source_drawing_transcription,,pending_independent_chemist_review,Cc1oc(=O)c2c(c1C)OC13CC[C@H]4[C@]5(C)CCC(OCc6ccccc6)C(C)(C)[C@H]5CC[C@]4(C)C1(C2)O3,C33H42O5,XGIOHTQOSOXOEG-OCNKMHQRSA-N
paper-d5b6a4cfeaa21ccf,29,29,SI compound 29,source_drawing_transcription,,pending_independent_chemist_review,Cc1oc(=O)c(CC2(O)C(=O)CC[C@H]3[C@]4(C)CCC(OCc5ccccc5)C(C)(C)[C@H]4CC[C@@]32C)c(O)c1C,C33H44O6,ZBHHIPPHOKFYQQ-OGVJMCOISA-N
paper-d5b6a4cfeaa21ccf,3,3,SI compound 3,source_drawing_transcription,,pending_independent_chemist_review,CC1=CC[C@H]2[C@]3(C)CCC(O)C(C)(C)[C@H]3CC[C@]2(C)[C@]12Cc1c(c(C)c(C)oc1=O)O2,C27H38O4,INPPATGNIRFERR-JSEMZYTRSA-N
paper-d5b6a4cfeaa21ccf,30,30,SI compound 30,source_drawing_transcription,,pending_independent_chemist_review,Cc1oc(=O)c2c(c1C)O[C@@]1(C2)C(=O)CC[C@H]2[C@]3(C)CCC(OCc4ccccc4)C(C)(C)[C@H]3CC[C@@]21C,C33H42O5,VEKVIUQROCDYAF-YYBCWATOSA-N
paper-d5b6a4cfeaa21ccf,31,31,SI compound 31,source_drawing_transcription,,pending_independent_chemist_review,Cc1oc(=O)c2c(c1C)O[C@@]1(C2)C(C)(O)CC[C@H]2[C@]3(C)CCC(OCc4ccccc4)C(C)(C)[C@H]3CC[C@@]21C,C34H46O5,WIWYNFZGDSKHRJ-PVTZDYSYSA-N
paper-d5b6a4cfeaa21ccf,31',31',SI compound 31',source_drawing_transcription,,pending_independent_chemist_review,CC1=CC[C@H]2[C@]3(C)CCC(OCc4ccccc4)C(C)(C)[C@H]3CC[C@]2(C)[C@]12Cc1c(c(C)c(C)oc1=O)O2,C34H44O4,UHJGQCJGAGRIMV-NVASHJDWSA-N
paper-d5b6a4cfeaa21ccf,32,32,SI compound 32,source_drawing_transcription,,pending_independent_chemist_review,CC(=O)CC/C=C(\C)CC/C=C(\C)CC/C=C(\C)CO,C18H30O2,BCMCYUUFPFCEKN-JHMVWKFASA-N
paper-d5b6a4cfeaa21ccf,33,33,SI compound 33,source_drawing_transcription,,pending_independent_chemist_review,CC1=C(CCC2(C)OCCO2)[C@]2(C)CCC(=O)C(C)(COC(=S)Oc3ccccc3)[C@H]2CC1,C27H36O5S,QZRHRBOLYKWDSB-UQVBRKOYSA-N
paper-d5b6a4cfeaa21ccf,34,34,SI compound 34,source_drawing_transcription,,pending_independent_chemist_review,CC1=C(CCC2(C)OCCO2)[C@]2(C)CCC(=O)CC(C)[C@H]2CC1,C20H32O3,RPMSYEGLTJSFTE-GERZZCHPSA-N
paper-d5b6a4cfeaa21ccf,35,35,SI compound 35,source_drawing_transcription,,pending_independent_chemist_review,CC1=C(CCC2(C)OCCO2)[C@]2(C)CCC(O)CC(C)[C@H]2CC1,C20H34O3,INDVHJRYQFTRIF-HTPOPCQBSA-N
paper-d5b6a4cfeaa21ccf,36,36,SI compound 36,source_drawing_transcription,,pending_independent_chemist_review,CC(=O)CCC1=C(C)CC[C@@H]2C(C)CC(OCc3ccccc3)CC[C@@]12C,C25H36O2,GEBBPOMJCOEAJZ-MFZAFACFSA-N
paper-d5b6a4cfeaa21ccf,38,38,SI compound 38,source_drawing_transcription,,pending_independent_chemist_review,COC(=O)C1C(=O)CC[C@H]2[C@]3(C)CCC(OCc4ccccc4)CC(C)[C@H]3CC[C@]12C,C27H38O4,NAMLBDLFTNKFDT-XWUUQJHWSA-N
paper-d5b6a4cfeaa21ccf,39,39,SI compound 39,source_drawing_transcription,,pending_independent_chemist_review,Cc1oc(=O)c2c(c1C)OC1=C(C2)[C@@]2(C)CC[C@@H]3C(C)CC(OCc4ccccc4)CC[C@@]3(C)[C@@H]2CC1,C33H42O4,CJBHKTPUYIAGNP-OVADVJRSSA-N
paper-d5b6a4cfeaa21ccf,4,4,SI compound 4,source_drawing_transcription,,pending_independent_chemist_review,CC1=CC(=O)C=C[C@]2(C)[C@@H]1CC[C@@]1(C)[C@H]2CC=C(C)[C@@]12Cc1c(c(C)c(C)oc1=O)O2,C27H32O4,YIMHQYHZZQFOJT-CJGIVLMVSA-N
paper-d5b6a4cfeaa21ccf,40,40,SI compound 40,source_drawing_transcription,,pending_independent_chemist_review,Cc1oc(=O)c2c(c1C)OC13CC[C@H]4[C@]5(C)CCC(OCc6ccccc6)CC(C)[C@H]5CC[C@]4(C)C1(C2)O3,C33H42O5,DRRLOFXKMZKMPS-YCMXRLGTSA-N
paper-d5b6a4cfeaa21ccf,41,41,SI compound 41,source_drawing_transcription,,pending_independent_chemist_review,Cc1oc(=O)c(CC2(O)C(=O)CC[C@H]3[C@]4(C)CCC(OCc5ccccc5)CC(C)[C@H]4CC[C@@]32C)c(O)c1C,C33H44O6,VVKCFIRCGMWNTA-YRHUQCATSA-N
paper-d5b6a4cfeaa21ccf,42,42,SI compound 42,source_drawing_transcription,,pending_independent_chemist_review,CC1=CC[C@H]2[C@]3(C)CCC(OCc4ccccc4)CC(C)[C@H]3CC[C@]2(C)[C@]12Cc1c(c(C)c(C)oc1=O)O2,C34H44O4,RPWASWATWUQBOT-DAJARZCMSA-N
paper-d5b6a4cfeaa21ccf,43,43,SI compound 43,source_drawing_transcription,,pending_independent_chemist_review,CC1=CC[C@H]2[C@]3(C)CCC(O)CC(C)[C@H]3CC[C@]2(C)[C@]12Cc1c(c(C)c(C)oc1=O)O2,C27H38O4,GSSRKXNVQDMFBL-OHKSHTHFSA-N
paper-d5b6a4cfeaa21ccf,7,7,SI compound 7,source_drawing_transcription,,pending_independent_chemist_review,Cc1oc(=O)c2c(c1C)O[C@@]1(C2)C(=O)CC[C@H]2[C@]3(C)CCC(OCc4ccccc4)CC(C)[C@H]3CC[C@@]21C,C33H42O5,BAOGIDHJTHHZES-SHRNBMNOSA-N
paper-d5b6a4cfeaa21ccf,8,8,SI compound 8,source_drawing_transcription,,pending_independent_chemist_review,CC1CC(OCc2ccccc2)CC[C@]2(C)[C@@H]1CC[C@]1(C)C(CO)C(=O)CC[C@@H]21,C26H38O3,KMNJVXDECRUIMK-ZHDJSTIGSA-N
paper-d5b6a4cfeaa21ccf,9a,9a,SI compound 9a,source_drawing_transcription,,pending_independent_chemist_review,Cc1oc(=O)cc(O)c1C,C7H8O3,FADNXPYGPCOODY-UHFFFAOYSA-N
paper-d5b6a4cfeaa21ccf,9b,9b,SI compound 9b,source_drawing_transcription,,pending_independent_chemist_review,Cc1cc(O)cc(=O)o1,C6H6O3,NSYSSMYQPLSPOD-UHFFFAOYSA-N
paper-d5b6a4cfeaa21ccf,9c,9c,SI compound 9c,source_drawing_transcription,,pending_independent_chemist_review,Cc1c(O)cc(=O)oc1C(C)C,C9H12O3,IIJRIORHAUICMP-UHFFFAOYSA-N
paper-d5b6a4cfeaa21ccf,9d,9d,SI compound 9d,source_drawing_transcription,,pending_independent_chemist_review,O=c1cc(O)c2c(o1)CCC2,C8H8O3,BUHCKGLTQBPQCV-UHFFFAOYSA-N
paper-d5b6a4cfeaa21ccf,9e,9e,SI compound 9e,source_drawing_transcription,,pending_independent_chemist_review,O=c1cc(O)cc(-c2ccccc2)o1,C11H8O3,UWCSWBPHENSQNW-UHFFFAOYSA-N
paper-d5b6a4cfeaa21ccf,9f,9f,SI compound 9f,source_drawing_transcription,,pending_independent_chemist_review,O=c1cc(O)c2ccccc2o1,C9H6O3,VXIXUWQIVKSKSA-UHFFFAOYSA-N
paper-d5b6a4cfeaa21ccf,farnesyl acetone,farnesyl acetone,SI compound farnesyl acetone,source_drawing_transcription,,pending_independent_chemist_review,CC(=O)CC/C=C(\C)CC/C=C(\C)CCC=C(C)C,C18H30O,LTUMRKDLVGQMJU-IUBLYSDUSA-N
paper-d5b6a4cfeaa21ccf,geranylgeraniol,geranylgeraniol,SI compound geranylgeraniol,source_drawing_transcription,,pending_independent_chemist_review,CC(C)=CCC/C(C)=C/CC/C(C)=C/CC/C(C)=C/CO,C20H34O,OJISWRZIEWCUBN-QIRCYJPOSA-N
paper-d5b6a4cfeaa21ccf,known-sclareol-ketoester,known-sclareol-ketoester,SI compound known-sclareol-ketoester,source_drawing_transcription,,pending_independent_chemist_review,COC(=O)C1C(=O)CC[C@H]2[C@]3(C)CCCC(C)(C)[C@H]3CC[C@]12C,C20H32O3,MOJCCLDTNZSEGO-YWEGSRERSA-N
paper-d644e28e46d9de75,1,1,SI compound 1,source_drawing_transcription,"Racemic synthetic scandine; one source-drawn relative stereoisomer represented, not an enantiopure assignment.",pending_independent_chemist_review,C=C[C@]12C=CCN3CC[C@@]4(c5ccccc5NC(=O)[C@@]4(C(=O)OC)C1)[C@@H]32,C21H22N2O3,JTSSMMKHJYRYEG-VRXWPRPYSA-N
paper-d644e28e46d9de75,10,10,SI compound 10,source_drawing_transcription,Source stereochemistry unspecified or achiral; no enantiopurity inferred.,pending_independent_chemist_review,COC(=O)C(CC1(CO[Si](C)(C)C(C)(C)C)C=C1)C(=O)Nc1ccccc1I,C21H30INO4Si,GKVNTKFOUOQGHS-UHFFFAOYSA-N
paper-d644e28e46d9de75,11,11,SI compound 11,source_drawing_transcription,Source stereochemistry unspecified or achiral; no enantiopurity inferred.,pending_independent_chemist_review,C=CC(C=C)(CO)CO[Si](C)(C)C(C)(C)C,C13H26O2Si,LVRZEKZODXBHNK-UHFFFAOYSA-N
paper-d644e28e46d9de75,12,12,SI compound 12,source_drawing_transcription,Source stereochemistry unspecified or achiral; no enantiopurity inferred.,pending_independent_chemist_review,C#CC(CC1(CO[Si](C)(C)C(C)(C)C)C=C1)(C(=O)Nc1ccccc1I)C(=O)OC,C23H30INO4Si,ORQWAQIOGCSKBT-UHFFFAOYSA-N
paper-d644e28e46d9de75,14,14,SI compound 14,source_drawing_transcription,Source stereochemistry unspecified or achiral; no enantiopurity inferred.,pending_independent_chemist_review,C=CC(C=C)(CO[Si](C)(C)C(C)(C)C)CC(C(=O)Nc1ccccc1I)C(=O)OC,C23H34INO4Si,PNHFQBJUWJSCNX-UHFFFAOYSA-N
paper-d644e28e46d9de75,15,15,SI compound 15,source_drawing_transcription,Source stereochemistry unspecified or achiral; no enantiopurity inferred.,pending_independent_chemist_review,C#CC(CC(C=C)(C=C)CO[Si](C)(C)C(C)(C)C)(C(=O)Nc1ccccc1I)C(=O)OC,C25H34INO4Si,LDSUDCZEEFDDCZ-UHFFFAOYSA-N
paper-d644e28e46d9de75,16,16,SI compound 16,source_drawing_transcription,Source stereochemistry unspecified or achiral; no enantiopurity inferred.,pending_independent_chemist_review,C=CC(C=C)(CO[Si](C)(C)C(C)(C)C)CC1(C(=O)OC)C(=C)c2ccccc2NC1=O,C25H35NO4Si,HDNTYLOMZBXACS-UHFFFAOYSA-N
paper-d644e28e46d9de75,17,17,SI compound 17,source_drawing_transcription,Source stereochemistry unspecified or achiral; no enantiopurity inferred.,pending_independent_chemist_review,C#CC(CC(C=C)(C=C)CO[Si](C)(C)C(C)(C)C)(C(=O)Nc1ccccc1)C(=O)OC,C25H35NO4Si,OMRJMEJFJIJPPD-UHFFFAOYSA-N
paper-d644e28e46d9de75,18,18,SI compound 18,source_drawing_transcription,Source stereochemistry unspecified or achiral; no enantiopurity inferred.,pending_independent_chemist_review,C=CC(C=C)(CO)CC1(C(=O)OC)C(=C)c2ccccc2NC1=O,C19H21NO4,ZJQQYCBLPYMBFY-UHFFFAOYSA-N
paper-d644e28e46d9de75,19,19,SI compound 19,source_drawing_transcription,Source stereochemistry unspecified or achiral; no enantiopurity inferred.,pending_independent_chemist_review,C=CC(C=C)(C=O)CC1(C(=O)OC)C(=C)c2ccccc2NC1=O,C19H19NO4,WVUXVRIIBKQWPI-UHFFFAOYSA-N
paper-d644e28e46d9de75,20a,20a,SI compound 20a,source_drawing_transcription,Source stereochemistry unspecified or achiral; no enantiopurity inferred.,pending_independent_chemist_review,C=CCNCC(=O)O,C5H9NO2,YVWGGGZYGSZDKW-UHFFFAOYSA-N
paper-d644e28e46d9de75,20b,20b,SI compound 20b,source_drawing_transcription,Source stereochemistry unspecified or achiral; no enantiopurity inferred.,pending_independent_chemist_review,C=CCNCC(=O)[O-].[Na+],C5H8NNaO2,QXCJLVLHWWVUPG-UHFFFAOYSA-M
paper-d644e28e46d9de75,21,21,SI compound 21,source_drawing_transcription,Racemic; source relative configuration represented by one enantiomer. Gem-divinyl carbon7 is achiral before RCM.,pending_independent_chemist_review,C=CCN1CC[C@]23c4ccccc4NC(=O)[C@@]2(C(=O)OC)CC(C=C)(C=C)[C@H]13,C23H26N2O3,DANQTSLFPIHBEP-CDNPAEQRSA-N
paper-d644e28e46d9de75,23,23,SI compound 23,source_drawing_transcription,Observed side product; OH-bearing former aldehyde center and ester center configurations not specified.,pending_independent_chemist_review,C=CC1(C=C)CC2(C(=O)OC)C(=O)Nc3ccccc3C2=CC1O,C19H19NO4,QRXUZJJKLCWAGU-UHFFFAOYSA-N
paper-d644e28e46d9de75,4,4,SI compound 4,source_drawing_transcription,Source stereochemistry unspecified or achiral; no enantiopurity inferred.,pending_independent_chemist_review,COC(=O)CC(=O)OC,C5H8O4,BEPAFCGSDWSTEL-UHFFFAOYSA-N
paper-d644e28e46d9de75,5,5,SI compound 5,source_drawing_transcription,Source stereochemistry unspecified or achiral; no enantiopurity inferred.,pending_independent_chemist_review,COC(=O)C(=[N+]=[N-])C(=O)OC,C5H6N2O4,UFAZHCVBGMSJHS-UHFFFAOYSA-N
paper-d644e28e46d9de75,6,6,SI compound 6,source_drawing_transcription,Source stereochemistry unspecified or achiral; no enantiopurity inferred.,pending_independent_chemist_review,COC(=O)C1(C(=O)OC)C=C1[Si](C)(C)C,C10H16O4Si,FPCIWSVQIRUICZ-UHFFFAOYSA-N
paper-d644e28e46d9de75,7,7,SI compound 7,source_drawing_transcription,Source stereochemistry unspecified or achiral; no enantiopurity inferred.,pending_independent_chemist_review,C[Si](C)(C)C1=CC1(CO)CO,C8H16O2Si,WLTQVKOURNRLMB-UHFFFAOYSA-N
paper-d644e28e46d9de75,8,8,SI compound 8,source_drawing_transcription,Source stereochemistry unspecified or achiral; no enantiopurity inferred.,pending_independent_chemist_review,OCC1(CO)C=C1,C5H8O2,YIPXQDDRORYSFT-UHFFFAOYSA-N
paper-d644e28e46d9de75,9,9,SI compound 9,source_drawing_transcription,Source stereochemistry unspecified or achiral; no enantiopurity inferred.,pending_independent_chemist_review,CC(C)(C)[Si](C)(C)OCC1(CO)C=C1,C11H22O2Si,HSMHIKGAKWQYLR-UHFFFAOYSA-N
paper-d644e28e46d9de75,A,A,SI compound A,source_drawing_transcription,Source stereochemistry unspecified or achiral; no enantiopurity inferred.,pending_independent_chemist_review,COC(=O)CC(=O)Nc1ccccc1I,C10H10INO3,WCZFNXGKEVAJQA-UHFFFAOYSA-N
paper-d644e28e46d9de75,B,B,SI compound B,source_drawing_transcription,Source stereochemistry unspecified or achiral; no enantiopurity inferred.,pending_independent_chemist_review,C[Si](C)(C)C#CI1OC(=O)c2ccccc21,C12H13IO2Si,KUCCHAADRXRBFZ-UHFFFAOYSA-N
paper-d644e28e46d9de75,TMS-acetylene,TMS-acetylene,SI compound TMS-acetylene,source_drawing_transcription,Source stereochemistry unspecified or achiral; no enantiopurity inferred.,pending_independent_chemist_review,C#C[Si](C)(C)C,C5H10Si,CWMFRHBXRUITQE-UHFFFAOYSA-N
paper-d644e28e46d9de75,ethylene,ethylene,SI compound ethylene,source_drawing_transcription,Source stereochemistry unspecified or achiral; no enantiopurity inferred.,pending_independent_chemist_review,C=C,C2H4,VGGSQFUCUMXWEO-UHFFFAOYSA-N
paper-d7ad71a4c6e665ca,1,1,proposed R-schibitubin G,source_drawing_transcription,,pending_independent_chemist_review,C=C(Cc1ccc2c(c1)OCO2)[C@H](C)Cc1ccc(O)c(OC)c1,C20H22O4,RRRLWEMDXHIDHR-CYBMUJFWSA-N
paper-d7ad71a4c6e665ca,10,10,SI compound 10,source_drawing_transcription,,pending_independent_chemist_review,COc1cc(C=O)ccc1OCc1ccccc1,C15H14O3,JSHLOPGSDZTEGQ-UHFFFAOYSA-N
paper-d7ad71a4c6e665ca,11,11,SI compound 11,source_drawing_transcription,,pending_independent_chemist_review,COc1cc(CC=O)ccc1OCc1ccccc1,C16H16O3,PNNULHYEVCNQRF-UHFFFAOYSA-N
paper-d7ad71a4c6e665ca,12,12,SI compound 12,source_drawing_transcription,,pending_independent_chemist_review,COC(=O)CP(=O)(OC)OC,C5H11O5P,SIGOIUCRXKUEIG-UHFFFAOYSA-N
paper-d7ad71a4c6e665ca,13,13,SI compound 13,source_drawing_transcription,diastereomeric_mixture,pending_independent_chemist_review,COc1cc(C[C@@H](C)C(COS(C)(=O)=O)Cc2ccc3c(c2)OCO3)ccc1OCc1ccccc1,C28H32O7S,KKDGAVCFCCIEMZ-CGHJUBPDSA-N
paper-d7ad71a4c6e665ca,14,14,X-ray-assigned R alkene,source_drawing_transcription,,pending_independent_chemist_review,C=C(Cc1ccc2c(c1)OCO2)[C@H](C)Cc1ccc(OCc2ccccc2)c(OC)c1,C27H28O4,PAZRPMUFWFJTMY-LJQANCHMSA-N
paper-d7ad71a4c6e665ca,1p,1p,revised natural S-schibitubin G,source_drawing_transcription,,pending_independent_chemist_review,C=C(Cc1ccc2c(c1)OCO2)[C@@H](C)Cc1ccc(O)c(OC)c1,C20H22O4,RRRLWEMDXHIDHR-ZDUSSCGKSA-N
paper-d7ad71a4c6e665ca,5,5,SI compound 5,source_drawing_transcription,diastereomeric_mixture,pending_independent_chemist_review,COC(=O)C(Cc1ccc2c(c1)OCO2)[C@H](C)Cc1ccc(OCc2ccccc2)c(OC)c1,C28H30O6,RDNPBYCTGXKKJG-HWYAHNCWSA-N
paper-d7ad71a4c6e665ca,6,6,SI compound 6,source_drawing_transcription,,pending_independent_chemist_review,BrCc1ccc2c(c1)OCO2,C8H7BrO2,UNYHRXLMTSXVIB-UHFFFAOYSA-N
paper-d7ad71a4c6e665ca,7m,(-)-7,SI compound 7m,source_drawing_transcription,enantioenriched_S_86percent_ee,pending_independent_chemist_review,COC(=O)C[C@@H](C)Cc1ccc(OCc2ccccc2)c(OC)c1,C20H24O4,CMIWJSCVUTVAFK-HNNXBMFYSA-N
paper-d7ad71a4c6e665ca,7p,(+)-7,SI compound 7p,source_drawing_transcription,enantioenriched_R_84percent_ee,pending_independent_chemist_review,COC(=O)C[C@H](C)Cc1ccc(OCc2ccccc2)c(OC)c1,C20H24O4,CMIWJSCVUTVAFK-OAHLLOKOSA-N
paper-d7ad71a4c6e665ca,8,8,SI compound 8,source_drawing_transcription,,pending_independent_chemist_review,COC(=O)/C=C/Cc1ccc(OCc2ccccc2)c(OC)c1,C19H20O4,UVSWSTNGAGUJSP-UXBLZVDNSA-N
paper-d7ad71a4c6e665ca,9,9,SI compound 9,source_drawing_transcription,,pending_independent_chemist_review,COc1cc(C=O)ccc1O,C8H8O3,MWOOGOJBHIARFG-UHFFFAOYSA-N
paper-d7ad71a4c6e665ca,BnBr,BnBr,SI compound BnBr,source_drawing_transcription,,pending_independent_chemist_review,BrCc1ccccc1,C7H7Br,AGEZXYOZHKGVCM-UHFFFAOYSA-N
paper-d7ad71a4c6e665ca,CH3MgBr,CH3MgBr,SI compound CH3MgBr,source_drawing_transcription,,pending_independent_chemist_review,[Br-].[CH3-].[Mg+2],CH3BrMg,NXPHGHWWQRMDIA-UHFFFAOYSA-M
paper-d7ad71a4c6e665ca,Wittig-salt,Wittig-salt,SI compound Wittig-salt,source_drawing_transcription,,pending_independent_chemist_review,COC[P+](c1ccccc1)(c1ccccc1)c1ccccc1.[Cl-],C20H20ClOP,SJFNDMHZXCUXSA-UHFFFAOYSA-M
paper-d7ad71a4c6e665ca,piperonyl-alcohol,piperonyl-alcohol,SI compound piperonyl-alcohol,source_drawing_transcription,,pending_independent_chemist_review,OCc1ccc2c(c1)OCO2,C8H8O3,BHUIUXNAPJIDOG-UHFFFAOYSA-N
paper-d7ad71a4c6e665ca,rac-7,rac-7,SI compound rac-7,source_drawing_transcription,racemic_unspecified,pending_independent_chemist_review,COC(=O)CC(C)Cc1ccc(OCc2ccccc2)c(OC)c1,C20H24O4,CMIWJSCVUTVAFK-UHFFFAOYSA-N
paper-d9dcbe7ff94b3396,1,1,SI compound 1,source_drawing_transcription,source-defined stereochemistry; cage bridge and absolute assignments pending independent atom-level transcription,pending_independent_chemist_review,COc1cccc2c1[C@H]1O[C@]34C[C@@H]([S@](C)=O)C1(O)C1C3[C@@](OC)(C[C@](C)(O)C4)O[C@@H]21,C22H28O7S,BNAIJPXWXSOOHM-TYFOOOHWSA-N
paper-d9dcbe7ff94b3396,10,10,SI compound 10,source_drawing_transcription,,pending_independent_chemist_review,C=C(CCl)Cc1ccc(O)c(=O)o1,C9H9ClO3,XXOCODAXNQDNEX-UHFFFAOYSA-N
paper-d9dcbe7ff94b3396,11,11,SI compound 11,source_drawing_transcription,,pending_independent_chemist_review,COC(=O)/C=C/C(=O)c1cc(OC)cc(O[Si](C(C)C)(C(C)C)C(C)C)c1,C21H32O5Si,WDKONVYUXQSYOZ-MDZDMXLPSA-N
paper-d9dcbe7ff94b3396,12,12,SI compound 12,source_drawing_transcription,source-defined stereochemistry; cage bridge and absolute assignments pending independent atom-level transcription,pending_independent_chemist_review,C=C(CCl)CC12C=CC(O)(C(=O)O1)C(C(=O)c1cc(OC)cc(O[Si](C(C)C)(C(C)C)C(C)C)c1)C2C(=O)OC,C30H41ClO8Si,PCOGKRFUDLJEDR-UHFFFAOYSA-N
paper-d9dcbe7ff94b3396,13,13,SI compound 13,source_drawing_transcription,source-defined stereochemistry; cage bridge and absolute assignments pending independent atom-level transcription,pending_independent_chemist_review,C=C(CCl)CC12C=CC(O[Si](C)(C)C)(C(=O)O1)C(C(=O)c1cc(OC)cc(O[Si](C(C)C)(C(C)C)C(C)C)c1)C2C(=O)OC,C33H49ClO8Si2,CWLGJKQTRRFQQR-UHFFFAOYSA-N
paper-d9dcbe7ff94b3396,16,16,SI compound 16,source_drawing_transcription,source-defined stereochemistry; cage bridge and absolute assignments pending independent atom-level transcription,pending_independent_chemist_review,C=C(CCl)CC1(O)C=CC2(O)C(O)OC(c3cc(OC)cc(O[Si](C(C)C)(C(C)C)C(C)C)c3)C2C1C(=O)OC,C30H45ClO8Si,XTNSESNHSBZBTH-UHFFFAOYSA-N
paper-d9dcbe7ff94b3396,18,18,SI compound 18,source_drawing_transcription,source-defined stereochemistry; cage bridge and absolute assignments pending independent atom-level transcription,pending_independent_chemist_review,C=C(CCl)CC12C=CC3(O)C(O1)c1c(OC)cc(O[Si](C(C)C)(C(C)C)C(C)C)cc1C(O)C3C2C(=O)OC,C30H43ClO7Si,AAJBAOJWUBHINW-UHFFFAOYSA-N
paper-d9dcbe7ff94b3396,19,19,SI compound 19,source_drawing_transcription,source-defined stereochemistry; cage bridge and absolute assignments pending independent atom-level transcription,pending_independent_chemist_review,COc1cc(O[Si](C(C)C)(C(C)C)C(C)C)cc2c1C1OC34C=CC1(O)C(C2O)C3C(=O)C=C(C)C4,C29H40O6Si,RBAJXZIRTZLVFK-UHFFFAOYSA-N
paper-d9dcbe7ff94b3396,20,20,SI compound 20,source_drawing_transcription,source-defined stereochemistry; cage bridge and absolute assignments pending independent atom-level transcription,pending_independent_chemist_review,COc1cc(O[Si](C(C)C)(C(C)C)C(C)C)cc2c1C1OC34C=CC1(O)C(C2O)C3C(=O)CC(C)(O)C4,C29H42O7Si,XKULQUDJYXMDJA-UHFFFAOYSA-N
paper-d9dcbe7ff94b3396,21,21,SI compound 21,source_drawing_transcription,source-defined stereochemistry; cage bridge and absolute assignments pending independent atom-level transcription,pending_independent_chemist_review,COc1cc(O[Si](C(C)C)(C(C)C)C(C)C)cc2c1C(O)C1(O)C=CC3=C(C(=O)CC(C)(O)C3)C1C2O,C29H42O7Si,GZRRRRKECLNMJU-UHFFFAOYSA-N
paper-d9dcbe7ff94b3396,24,24,SI compound 24,source_drawing_transcription,source-defined stereochemistry; cage bridge and absolute assignments pending independent atom-level transcription,pending_independent_chemist_review,COc1cc(O[Si](C(C)C)(C(C)C)C(C)C)cc2c1[C@H]1O[C@]34C[C@@H](SC)C1(O)C1C3[C@@](O)(C[C@](C)(O)C4)O[C@@H]21,C30H46O7SSi,GZZMBLXQNLPURQ-OUQDGDOESA-N
paper-d9dcbe7ff94b3396,25,25,SI compound 25,source_drawing_transcription,source-defined stereochemistry; cage bridge and absolute assignments pending independent atom-level transcription,pending_independent_chemist_review,COc1cc(O[Si](C(C)C)(C(C)C)C(C)C)cc2c1[C@H]1O[C@]34C[C@@H]([S@](C)=O)C1(O)C1C3[C@@](OC)(C[C@](C)(O)C4)O[C@@H]21,C31H48O8SSi,CYMAWZSLFHCQKA-WYRXFISNSA-N
paper-d9dcbe7ff94b3396,3-hydroxypyrone,3-hydroxypyrone,SI compound 3-hydroxypyrone,source_drawing_transcription,,pending_independent_chemist_review,O=c1occcc1O,C5H4O3,LIPRKYKMVQPYPG-UHFFFAOYSA-N
paper-d9dcbe7ff94b3396,S-methylisothiourea,S-methylisothiourea,SI compound S-methylisothiourea,source_drawing_transcription,reactive free-base moiety of reported hemisulfate salt,pending_independent_chemist_review,CSC(=N)N,C2H6N2S,SDDKIZNHOCEXTF-UHFFFAOYSA-N
paper-d9dcbe7ff94b3396,SI-1,SI-1,SI compound SI-1,source_drawing_transcription,,pending_independent_chemist_review,CC(C)[Si](Oc1cccoc1=O)(C(C)C)C(C)C,C14H24O3Si,WFMMLAQKLLDCJG-UHFFFAOYSA-N
paper-d9dcbe7ff94b3396,SI-2,SI-2,SI compound SI-2,source_drawing_transcription,,pending_independent_chemist_review,C=C(CCl)Cc1ccc(O[Si](C(C)C)(C(C)C)C(C)C)c(=O)o1,C18H29ClO3Si,PLUVXVRUHJFIPZ-UHFFFAOYSA-N
paper-d9dcbe7ff94b3396,SI-3,SI-3,SI compound SI-3,source_drawing_transcription,,pending_independent_chemist_review,COc1cc(C=O)cc(O[Si](C(C)C)(C(C)C)C(C)C)c1,C17H28O3Si,HVDQKEYSEHMCEZ-UHFFFAOYSA-N
paper-d9dcbe7ff94b3396,SI-4,SI-4,SI compound SI-4,source_drawing_transcription,"racemic alcohol, source stereochemistry unspecified",pending_independent_chemist_review,COC(=O)C#CC(O)c1cc(OC)cc(O[Si](C(C)C)(C(C)C)C(C)C)c1,C21H32O5Si,RLPOZECVKZFJKT-UHFFFAOYSA-N
paper-d9dcbe7ff94b3396,SI-5,SI-5,SI compound SI-5,source_drawing_transcription,source-defined stereochemistry; cage bridge and absolute assignments pending independent atom-level transcription,pending_independent_chemist_review,C=C(CI)CC12C=CC3(O)C(O1)c1c(OC)cc(O[Si](C(C)C)(C(C)C)C(C)C)cc1C(O)C3C2C(=O)OC,C30H43IO7Si,KSNSGLLHEDEIOA-UHFFFAOYSA-N
paper-d9dcbe7ff94b3396,SI-6,SI-6,SI compound SI-6,source_drawing_transcription,source-defined stereochemistry; cage bridge and absolute assignments pending independent atom-level transcription,pending_independent_chemist_review,COc1cc(OS(=O)(=O)C(F)(F)F)cc2c1[C@H]1O[C@]34C[C@@H]([S@](C)=O)C1(O)C1C3[C@@](OC)(C[C@](C)(O)C4)O[C@@H]21,C23H27F3O10S2,SLVQGWLSEXZGMR-LEMDZJHLSA-N
paper-d9dcbe7ff94b3396,alkylating-iodide,alkylating-iodide,SI compound alkylating-iodide,source_drawing_transcription,,pending_independent_chemist_review,C=C(CCl)CI,C4H6ClI,UQMLDUCYQZVFAR-UHFFFAOYSA-N
paper-d9dcbe7ff94b3396,aryl-aldehyde,aryl-aldehyde,SI compound aryl-aldehyde,source_drawing_transcription,,pending_independent_chemist_review,COc1cc(O)cc(C=O)c1,C8H8O3,FGQOOHJZONJGDT-UHFFFAOYSA-N
paper-d9dcbe7ff94b3396,methyl-propiolate,methyl-propiolate,SI compound methyl-propiolate,source_drawing_transcription,,pending_independent_chemist_review,C#CC(=O)OC,C4H4O2,IMAKHNTVDGLIRY-UHFFFAOYSA-N
paper-da15a4605bb00cb4,10,10,SI compound 10,source_drawing_transcription,butanediacetal_centers_unspecified_in_source,pending_independent_chemist_review,CO[C@H]1O[C@@H](CO)[C@@H](O)[C@@H]2OC(C)(OC)C(C)(OC)O[C@@H]12,C13H24O8,SKMDFLHBENPLHE-TZPOADPCSA-N
paper-da15a4605bb00cb4,10a,10a,SI compound 10a,source_drawing_transcription,butanediacetal_centers_unspecified_in_source,pending_independent_chemist_review,CO[C@H]1O[C@H](CO)[C@H]2OC(C)(OC)C(C)(OC)O[C@@H]2[C@H]1O,C13H24O8,OQNZILFNAYTNTQ-MTSUSVCASA-N
paper-da15a4605bb00cb4,11,11,SI compound 11,source_drawing_transcription,,pending_independent_chemist_review,COC(=O)C[C@@H]1O[C@H](c2ccccc2)[C@@H]2OC(C)(OC)C(C)(OC)O[C@H]2[C@@H]1O,C20H28O8,ZCEYDUSUSVZZFZ-VOVURLQFSA-N
paper-da15a4605bb00cb4,6a,6a,SI compound 6a,source_drawing_transcription,,pending_independent_chemist_review,C=C[C@H](O)[C@@H]1OC(C)(OC)C(C)(OC)O[C@H]1[C@@H](O)c1ccccc1,C18H26O6,OLJBFQULUQDSBD-HRXFFOBWSA-N
paper-da15a4605bb00cb4,6b,6b,SI compound 6b,source_drawing_transcription,,pending_independent_chemist_review,C=C[C@H](O)[C@@H]1OC(C)(OC)C(C)(OC)O[C@H]1[C@H](O)c1ccccc1,C18H26O6,OLJBFQULUQDSBD-XYSPWKNWSA-N
paper-da15a4605bb00cb4,7a,7a,SI compound 7a,source_drawing_transcription,,pending_independent_chemist_review,COC(=O)/C=C/[C@H](O)[C@@H]1OC(C)(OC)C(C)(OC)O[C@H]1[C@@H](O)c1ccccc1,C20H28O8,UVCJOFWBJFNTIY-DLCZKUOGSA-N
paper-da15a4605bb00cb4,7b,7b,SI compound 7b,source_drawing_transcription,,pending_independent_chemist_review,COC(=O)/C=C/[C@H](O)[C@@H]1OC(C)(OC)C(C)(OC)O[C@H]1[C@H](O)c1ccccc1,C20H28O8,UVCJOFWBJFNTIY-UKXFMWQASA-N
paper-da15a4605bb00cb4,8,8,SI compound 8,source_drawing_transcription,butanediacetal_centers_unspecified_in_source,pending_independent_chemist_review,CO[C@H]1O[C@@H](CI)[C@@H](O)[C@@H]2OC(C)(OC)C(C)(OC)O[C@@H]12,C13H23IO7,AAMOYERHGQIWGQ-TZPOADPCSA-N
paper-da15a4605bb00cb4,8a,8a,SI compound 8a,source_drawing_transcription,butanediacetal_centers_unspecified_in_source,pending_independent_chemist_review,CO[C@H]1O[C@H](CI)[C@H]2OC(C)(OC)C(C)(OC)O[C@@H]2[C@H]1O,C13H23IO7,VMKVEVPNWZKVGV-MTSUSVCASA-N
paper-da15a4605bb00cb4,9,9,SI compound 9,source_drawing_transcription,,pending_independent_chemist_review,CO[C@@H]1O[C@H](CO)[C@@H](O)[C@H](O)[C@H]1O,C7H14O6,HOVAGTYPODGVJG-XUUWZHRGSA-N
paper-da15a4605bb00cb4,butanedione,butanedione,SI compound butanedione,source_drawing_transcription,,pending_independent_chemist_review,CC(=O)C(C)=O,C4H6O2,QSJXEFYPDANLFS-UHFFFAOYSA-N
paper-da15a4605bb00cb4,cinnamic-acid,cinnamic-acid,SI compound cinnamic-acid,source_drawing_transcription,,pending_independent_chemist_review,O=C(O)/C=C/c1ccccc1,C9H8O2,WBYWAXJHAXSJNI-VOTSOKGWSA-N
paper-da15a4605bb00cb4,ent-1,ent-1,SI compound ent-1,source_drawing_transcription,,pending_independent_chemist_review,O=C1C[C@H]2O[C@@H]([C@H](O)c3ccccc3)[C@@H](O)[C@@H]2O1,C13H14O5,OGSSCWFZICJOMO-ZMHPAJMFSA-N
paper-da15a4605bb00cb4,ent-2,ent-2,SI compound ent-2,source_drawing_transcription,,pending_independent_chemist_review,O=C1C[C@@H]2O[C@@H](c3ccccc3)[C@H](O1)[C@@H](O)[C@@H]2O,C13H14O5,HEQKGGLPIMFJKL-XZDSOIIUSA-N
paper-da15a4605bb00cb4,ent-3,ent-3,SI compound ent-3,source_drawing_transcription,,pending_independent_chemist_review,O=C1C[C@H]2O[C@@H]([C@@H](O)c3ccccc3)[C@@H](O)[C@@H]2O1,C13H14O5,OGSSCWFZICJOMO-QLDMKTHXSA-N
paper-da15a4605bb00cb4,ent-4,ent-4,SI compound ent-4,source_drawing_transcription,,pending_independent_chemist_review,O=C(/C=C/c1ccccc1)O[C@@H]1[C@H]([C@H](O)c2ccccc2)O[C@@H]2CC(=O)O[C@@H]12,C22H20O6,FHGDRFDHIZAQKE-IBXQNDSPSA-N
paper-da15a4605bb00cb4,ent-5,ent-5,SI compound ent-5,source_drawing_transcription,,pending_independent_chemist_review,O=C(/C=C/c1ccccc1)O[C@@H](c1ccccc1)[C@@H]1O[C@@H]2CC(=O)O[C@H]2[C@@H]1O,C22H20O6,GDYNBHXFRSGEGM-XIDGZMOSSA-N
paper-da15a4605bb00cb4,methyl-acrylate,methyl-acrylate,SI compound methyl-acrylate,source_drawing_transcription,,pending_independent_chemist_review,C=CC(=O)OC,C4H6O2,BAPJBEWLBFYGME-UHFFFAOYSA-N
paper-da15a4605bb00cb4,phenyllithium,phenyllithium,SI compound phenyllithium,source_drawing_transcription,,pending_independent_chemist_review,[Li][c]1ccccc1,C6H5Li,NHKJPPKXDNZFBJ-UHFFFAOYSA-N
paper-dc4e60df4035666e,1,1,SI compound 1,source_drawing_transcription,absolute_configuration_unspecified_in_source,pending_independent_chemist_review,CC(C)=CCC12OC1C(=O)c1c(O)ccc(O)c1C2=O,C15H14O5,TWESJUCJKWFWQV-UHFFFAOYSA-N
paper-dc4e60df4035666e,2,2,SI compound 2,source_drawing_transcription,,pending_independent_chemist_review,CC(C)=CCC1=CC(=O)c2c(O)ccc(O)c2C1=O,C15H14O4,YZIAERAWFAQPKS-UHFFFAOYSA-N
paper-dc4e60df4035666e,3,3,SI compound 3,source_drawing_transcription,,pending_independent_chemist_review,O=C1C=C(Br)C(=O)c2c(O)ccc(O)c21,C10H5BrO4,IBKXPWMILRITGB-UHFFFAOYSA-N
paper-dc4e60df4035666e,4,4,SI compound 4,source_drawing_transcription,,pending_independent_chemist_review,O=C1C=CC(=O)c2c(O)ccc(O)c21,C10H6O4,RQNVIKXOOKXAJQ-UHFFFAOYSA-N
paper-dc4e60df4035666e,prenyl-bromide,prenyl-bromide,SI compound prenyl-bromide,source_drawing_transcription,,pending_independent_chemist_review,CC(C)=CCBr,C5H9Br,LOYZVRIHVZEDMW-UHFFFAOYSA-N
paper-e1019ba02f1e20ab,1,1,SI compound 1,source_drawing_transcription,,pending_independent_chemist_review,CC1(C)CC[C@]2(O)CC[C@]3(C)C(=CC[C@@H]4[C@@]5(C)CC[C@H](O)C(C)(C)[C@@H]5CC[C@]43C)C(=O)[C@@H]12,C29H46O3,FVOWORKDHNVRMM-MDLWDXDPSA-N
paper-e1019ba02f1e20ab,10,10,SI compound 10,source_drawing_transcription,,pending_independent_chemist_review,CC(=O)O[C@H]1CC[C@]2(C)[C@H]3CC=C4[C@@]5(O)CC(C)(C)CCC(=O)[C@@H]5C[C@@]4(C)[C@]3(C)CC[C@H]2C1(C)C,C31H48O4,QISBDVIRWHKSGE-XBTXPGCCSA-N
paper-e1019ba02f1e20ab,11,11,SI compound 11,source_drawing_transcription,,pending_independent_chemist_review,CC(=O)O[C@H]1CC[C@]2(C)[C@H]3CC=C4C5=C(C[C@@]4(C)[C@]3(C)CC[C@H]2C1(C)C)C(=O)CCC(C)(C)C5,C31H46O3,PPZQTMUXEMWEHN-LVMULPTPSA-N
paper-e1019ba02f1e20ab,12,12,SI compound 12,source_drawing_transcription,,pending_independent_chemist_review,CC(=O)O[C@H]1CC[C@]2(C)[C@H]3CC=C4C(O[Si](C)(C)C)=CC(C)(C)CCC5(CC[C@@]4(C)[C@]3(C)CC[C@H]2C1(C)C)SCCS5,C36H60O3S2Si,ACMWRNSJCGIVRI-NUGCZBJFSA-N
paper-e1019ba02f1e20ab,13,13,SI compound 13,source_drawing_transcription,,pending_independent_chemist_review,CC(=O)O[C@H]1CC[C@]2(C)[C@H]3CC=C4C(=O)C5=C(CCC5(C)C)CC[C@@]4(C)[C@]3(C)CC[C@H]2C1(C)C,C31H46O3,DQMGQMBIQNVFRS-QTGDZLGFSA-N
paper-e1019ba02f1e20ab,14,14,SI compound 14,source_drawing_transcription,,pending_independent_chemist_review,CC(=O)O[C@H]1CC[C@]2(C)[C@H]3CC=C4C5=C(CCC(C)(C)C5)CC[C@@]4(C)[C@]3(C)CC[C@H]2C1(C)C,C31H48O2,RIPQWZIUFGPIKM-LVMULPTPSA-N
paper-e1019ba02f1e20ab,16,16,SI compound 16,source_drawing_transcription,,pending_independent_chemist_review,CC(=O)O[C@H]1CC[C@]2(C)[C@H]3CC=C4C5=CC(C)(C)CC[C@]5(OO)CC[C@@]4(C)[C@]3(C)CC[C@H]2C1(C)C,C31H48O4,IHPBHUFCNLYNRW-UDFGETQOSA-N
paper-e1019ba02f1e20ab,19,19,SI compound 19,source_drawing_transcription,,pending_independent_chemist_review,CC(=O)O[C@H]1CC[C@]2(C)[C@H]3CC=C4C(=O)[C@H]5C(C)(C)CC[C@]5(O)CC[C@@]4(C)[C@]3(C)CC[C@H]2C1(C)C,C31H48O4,UHKQWZXGQLKUSX-HACQJDIUSA-N
paper-e1019ba02f1e20ab,2,2,SI compound 2,source_drawing_transcription,,pending_independent_chemist_review,CC1(C)CC[C@]2(O)CC[C@]3(C)[C@H](CC[C@@H]4[C@@]5(C)CCC(=O)C(C)(C)[C@@H]5CC[C@]43C)C(=O)[C@@H]12,C29H46O3,TWEWAISLOSLYOB-LODVPJKNSA-N
paper-e1019ba02f1e20ab,20,20,SI compound 20,source_drawing_transcription,,pending_independent_chemist_review,CC(=O)O[C@H]1CC[C@]2(C)[C@H]3C[C@@H]4OO[C@H]5C6=C4[C@@](C)(CC[C@@]6(OO)CCC5(C)C)[C@]3(C)CC[C@H]2C1(C)C,C31H48O6,WRALHRQZMJQTJY-WMJVDIPLSA-N
paper-e1019ba02f1e20ab,21,21,SI compound 21,source_drawing_transcription,,pending_independent_chemist_review,CC(=O)O[C@H]1CC[C@]2(C)[C@H]3CC=C4C5=CC(C)(C)CC[C@]5(O)CC[C@@]4(C)[C@]3(C)CC[C@H]2C1(C)C,C31H48O3,IEIJNVUZYIVMGC-UDFGETQOSA-N
paper-e1019ba02f1e20ab,22,22,SI compound 22,source_drawing_transcription,,pending_independent_chemist_review,CC1(C)CC[C@]2(C(=O)ON3C(=O)c4ccccc4C3=O)CC[C@]3(C)C(=CC[C@@H]4[C@@]5(C)CC[C@H](O)C(C)(C)[C@@H]5CC[C@]43C)[C@@H]2C1,C38H51NO5,GJSPNLUAHFLVRK-HZGSLRQESA-N
paper-e1019ba02f1e20ab,23,23,SI compound 23,source_drawing_transcription,,pending_independent_chemist_review,CC1(C)CCC2=C(C1)C1=CC[C@@H]3[C@@]4(C)CC[C@H](O)C(C)(C)[C@@H]4CC[C@@]3(C)[C@]1(C)CC2,C29H46O,UNULJZGBTGCCHL-WAJDCHDJSA-N
paper-e1019ba02f1e20ab,24a,24a,SI compound 24a,source_drawing_transcription,,pending_independent_chemist_review,CC1(C)CCC2=C(C1)C1=CC[C@@H]3[C@@]4(C)CCC(=O)C(C)(C)[C@@H]4CC[C@@]3(C)[C@]1(C)CC2,C29H44O,UVJLSXQLVLAJMM-WSAXJSHVSA-N
paper-e1019ba02f1e20ab,24b,24b,SI compound 24b,source_drawing_transcription,,pending_independent_chemist_review,CC1(C)CC[C@]2(O)CC[C@]3(C)C(=CC[C@@H]4[C@@]5(C)CCC(=O)C(C)(C)[C@@H]5CC[C@]43C)C(=O)[C@@H]12,C29H44O3,RAJKAXKYCURQKG-NVNYKUQVSA-N
paper-e1019ba02f1e20ab,25a,25a,SI compound 25a,source_drawing_transcription,,pending_independent_chemist_review,CC1(C)CCC2=C(C1)C1=CC[C@@H]3[C@@]4(C)CCC(=NO)C(C)(C)[C@@H]4CC[C@@]3(C)[C@]1(C)CC2,C29H45NO,GRNZNPMDGARFEO-WSAXJSHVSA-N
paper-e1019ba02f1e20ab,25b,25b,SI compound 25b,source_drawing_transcription,,pending_independent_chemist_review,CC1(C)CC[C@]2(O)CC[C@]3(C)C(=CC[C@@H]4[C@@]5(C)CCC(=NO)C(C)(C)[C@@H]5CC[C@]43C)C(=O)[C@@H]12,C29H45NO3,PBBBTUHSWUDQAK-NVNYKUQVSA-N
paper-e1019ba02f1e20ab,26a,26a,SI compound 26a,source_drawing_transcription,,pending_independent_chemist_review,C#CCCC(=O)O[C@H]1CC[C@]2(C)[C@H]3CC=C4C5=C(CCC(C)(C)C5)CC[C@@]4(C)[C@]3(C)CC[C@H]2C1(C)C,C34H50O2,ANHVHSWBFAAJCL-OOJUYQPASA-N
paper-e1019ba02f1e20ab,26b,26b,SI compound 26b,source_drawing_transcription,,pending_independent_chemist_review,C#CCCC(=O)O[C@H]1CC[C@]2(C)[C@H]3CC=C4C(=O)[C@H]5C(C)(C)CC[C@]5(O)CC[C@@]4(C)[C@]3(C)CC[C@H]2C1(C)C,C34H50O4,NSSXOCODTQYVJS-LWIJHTOZSA-N
paper-e1019ba02f1e20ab,27a,27a,SI compound 27a,source_drawing_transcription,,pending_independent_chemist_review,COCO[C@H]1CC[C@]2(C)[C@H]3CC=C4C5=C(CCC(C)(C)C5)CC[C@@]4(C)[C@]3(C)CC[C@H]2C1(C)C,C31H50O2,QKNLFAUINJRUFS-LVMULPTPSA-N
paper-e1019ba02f1e20ab,27b,27b,SI compound 27b,source_drawing_transcription,,pending_independent_chemist_review,COCO[C@H]1CC[C@]2(C)[C@H]3CC=C4C(=O)[C@H]5C(C)(C)CC[C@]5(O)CC[C@@]4(C)[C@]3(C)CC[C@H]2C1(C)C,C31H50O4,SIOLBMIKOKBBCV-HACQJDIUSA-N
paper-e1019ba02f1e20ab,28a,28a,SI compound 28a,source_drawing_transcription,,pending_independent_chemist_review,CC(=O)O[C@H]1CC[C@@]2(C)C(=CC[C@@H]3[C@@H]2CC[C@]2(C)C(=O)CC[C@@H]32)C1,C21H30O3,NCMZQTLCXHGLOK-ZKHIMWLXSA-N
paper-e1019ba02f1e20ab,28b,28b,SI compound 28b,source_drawing_transcription,,pending_independent_chemist_review,CC(=O)O[C@H]1CC[C@]2(C)[C@H]3CC[C@]4(C)C(=O)CC[C@H]4[C@@H]3[C@@H](C=O)[C@]2(O)C1,C21H30O5,ZXHVFFVPBQRWKC-QOWSYNQHSA-N
paper-e1019ba02f1e20ab,29a,29a,SI compound 29a,source_drawing_transcription,,pending_independent_chemist_review,C[C@H](CO)[C@H]1CC[C@H]2[C@@H]3CC=C4C[C@@H](O)CC[C@]4(C)[C@H]3CC[C@]12C,C22H36O2,OHOZGQXXXVZLBJ-NBOCEFNVSA-N
paper-e1019ba02f1e20ab,29b,29b,SI compound 29b,source_drawing_transcription,,pending_independent_chemist_review,C[C@H](CO)[C@H]1CC[C@H]2[C@@H]3[C@@H](C=O)[C@]4(O)C[C@@H](O)CC[C@]4(C)[C@H]3CC[C@]12C,C22H36O4,JCMFWQWTJKRCTA-BHZOPZLFSA-N
paper-e1019ba02f1e20ab,3,3,SI compound 3,source_drawing_transcription,,pending_independent_chemist_review,C[C@@H]1CC[C@@]2(OC1)O[C@H]1C[C@H]3[C@@H]4[C@@H](C=O)[C@]5(O)C[C@@H](O)CC[C@]5(C)[C@H]4CC[C@]3(C)[C@H]1[C@@H]2C,C27H42O5,GKGKOBNJESCNOE-PHYFNPPMSA-N
paper-e1019ba02f1e20ab,30a,30a,SI compound 30a,source_drawing_transcription,,pending_independent_chemist_review,C[C@@H]1CC[C@@]2(OC1)O[C@H]1C[C@H]3[C@@H]4CC=C5C[C@@H](O)CC[C@]5(C)[C@H]4CC[C@]3(C)[C@H]1[C@@H]2C,C27H42O3,WQLVFSAGQJTQCK-VKROHFNGSA-N
paper-e1019ba02f1e20ab,31a,31a,SI compound 31a,source_drawing_transcription,,pending_independent_chemist_review,C1CCC2=C(C1)CCCC2,C10H16,ZKZCHOVDCNLSKG-UHFFFAOYSA-N
paper-e1019ba02f1e20ab,31b,31b,SI compound 31b,source_drawing_transcription,,pending_independent_chemist_review,O=C1CCCCC2=C1CCC2,C10H14O,OLJRBKILAOTYOI-UHFFFAOYSA-N
paper-e1019ba02f1e20ab,32a,32a,SI compound 32a,source_drawing_transcription,,pending_independent_chemist_review,CCOC(=O)C1(C(=O)OCC)C[C@H]2CC3=C(CCCC3)C[C@H]2C1,C19H28O4,QFJKPJOXJBGCFF-IYBDPMFKSA-N
paper-e1019ba02f1e20ab,32b,32b,SI compound 32b,source_drawing_transcription,,pending_independent_chemist_review,CCOC(=O)C1(C(=O)OCC)C[C@@H]2CC3=C(C(=O)CCCC3)[C@@H]2C1,C19H26O5,MZBCUNNSNPODEU-UONOGXRCSA-N
paper-e1019ba02f1e20ab,33a,33a,SI compound 33a,source_drawing_transcription,,pending_independent_chemist_review,C1CCC2=C(C1)C[C@H]1COC[C@H]1C2,C12H18O,AAIDHSXRXGIKDH-TXEJJXNPSA-N
paper-e1019ba02f1e20ab,33b,33b,SI compound 33b,source_drawing_transcription,,pending_independent_chemist_review,O=C1CCCCC2=C1C[C@H]1COC[C@@H]21,C12H16O2,VZGXDHWOHACRDY-GZMMTYOYSA-N
paper-e1019ba02f1e20ab,34,34,SI compound 34,source_drawing_transcription,,pending_independent_chemist_review,CC(=O)O[C@H]1CC[C@]2(C)[C@H]3CC=C4[C@@H]5CC(C)(C)CC[C@]5(C)CC[C@@]4(C)[C@]3(C)CC[C@H]2C1(C)C,C32H52O2,UMRPOGLIBDXFNK-ZYGITSNFSA-N
paper-e1019ba02f1e20ab,4,4,SI compound 4,source_drawing_transcription,,pending_independent_chemist_review,CC(=O)O[C@H]1CC[C@]2(C)[C@H]3[C@@H]4O[C@@H]4[C@]4(C)C(=CC[C@@]5(C)CCC(C)(C)C[C@H]54)[C@]3(C)CC[C@H]2C1(C)C,C32H50O3,QOGCRIPTNFPMGC-YGEHHLFGSA-N
paper-e1019ba02f1e20ab,5,5,SI compound 5,source_drawing_transcription,,pending_independent_chemist_review,CC1(C)CC[C@]2(C(=O)O)CC[C@]3(C)C(=CC[C@@H]4[C@@]5(C)CC[C@H](O)C(C)(C)[C@@H]5CC[C@]43C)[C@@H]2C1,C30H48O3,MIJYXULNPSFWEK-GTOFXWBISA-N
paper-e1019ba02f1e20ab,8,8,SI compound 8,source_drawing_transcription,,pending_independent_chemist_review,CC(=O)O[C@H]1CC[C@]2(C)[C@H]3CC=C4C(=O)CC(C)(C)CCC(=O)CC[C@@]4(C)[C@]3(C)CC[C@H]2C1(C)C,C31H48O4,LBDRFYITCAYDTO-LVMULPTPSA-N
paper-e1019ba02f1e20ab,9,9,SI compound 9,source_drawing_transcription,,pending_independent_chemist_review,CC(=O)O[C@H]1CC[C@]2(C)[C@H]3CC=C4[C@@]5(O)CC(C)(C)CCC(=O)[C@H]5C[C@@]4(C)[C@]3(C)CC[C@H]2C1(C)C,C31H48O4,QISBDVIRWHKSGE-MMTFJMANSA-N
paper-e1019ba02f1e20ab,S1,S1,SI compound S1,source_drawing_transcription,,pending_independent_chemist_review,CC(=O)O[C@H]1CC[C@]2(C)[C@H]3CC=C4[C@@H]5CC(C)(C)CC[C@]5(C(=O)ON5C(=O)c6ccccc6C5=O)CC[C@@]4(C)[C@]3(C)CC[C@H]2C1(C)C,C40H53NO6,YATLLDUNSQMAIX-HMXQJACTSA-N
paper-e1019ba02f1e20ab,S2,S2,SI compound S2,source_drawing_transcription,,pending_independent_chemist_review,CC(=O)O[C@H]1CC[C@]2(C)[C@H]3CC=C4C(=O)CC(C)(C)CCC5(CC[C@@]4(C)[C@]3(C)CC[C@H]2C1(C)C)SCCS5,C33H52O3S2,DTMHDEAYRBWTBT-YOAZJDOJSA-N
paper-e1019ba02f1e20ab,S4,S4,SI compound S4,source_drawing_transcription,,pending_independent_chemist_review,C=C1CCCCC1=C,C8H12,DYEQHQNRKZJUCT-UHFFFAOYSA-N
paper-e1019ba02f1e20ab,S5,S5,SI compound S5,source_drawing_transcription,,pending_independent_chemist_review,OC[C@@H]1CC2=C(CCCC2)C[C@@H]1CO,C12H20O2,HOWSAQAKUXPKNQ-TXEJJXNPSA-N
paper-e1019ba02f1e20ab,S6,S6,SI compound S6,source_drawing_transcription,,pending_independent_chemist_review,CO[C@@H]1C=C2[C@@H]3CC(C)(C)CC[C@]3(C)CC[C@@]2(C)[C@]2(C)CC[C@H]3C(C)(C)[C@@H](OC(C)=O)CC[C@]3(C)[C@@H]12,C33H54O3,SRLINJZFVRVICT-OROGYXCHSA-N
paper-e1019ba02f1e20ab,S7,S7,SI compound S7,source_drawing_transcription,,pending_independent_chemist_review,CC(=O)O[C@H]1CC[C@]2(C)[C@H]3C(=O)C=C4[C@@H]5CC(C)(C)CC[C@]5(C)CC[C@@]4(C)[C@]3(C)CC[C@H]2C1(C)C,C32H50O3,SOINDUWJQBFDIH-BJFAYYBWSA-N
paper-e1019ba02f1e20ab,maleic-anhydride,maleic-anhydride,SI compound maleic-anhydride,source_drawing_transcription,,pending_independent_chemist_review,O=C1C=CC(=O)O1,C4H2O3,FPYJFEHAWHCUMM-UHFFFAOYSA-N
paper-e1019ba02f1e20ab,tetrahydrophthalic-anhydride,tetrahydrophthalic-anhydride,SI compound tetrahydrophthalic-anhydride,source_drawing_transcription,,pending_independent_chemist_review,O=C1OC(=O)C2=C1CCCC2,C8H8O3,HMMBJOWWRLZEMI-UHFFFAOYSA-N
paper-e33dda994e3c8017,1,1,Compound 1,source_drawing_transcription,racemate,pending_independent_chemist_review,COc1cc(CC(O)c2cc(OC)c(O)c(OC)c2)ccc1O,C17H20O6,SCNNIVKGPABBOM-UHFFFAOYSA-N
paper-e33dda994e3c8017,10,10,Compound 10,source_drawing_transcription,,pending_independent_chemist_review,C=Cc1cc(C(=O)OC)c(OCc2ccccc2)c(OC)c1Cl,C18H17ClO4,ZBUDVVMUNJQCKQ-UHFFFAOYSA-N
paper-e33dda994e3c8017,11,11,Compound 11,source_drawing_transcription,,pending_independent_chemist_review,C=Cc1cc(C=O)c(OCc2ccccc2)c(OC)c1Cl,C17H15ClO3,NXSZFMWUOBWSIH-UHFFFAOYSA-N
paper-e33dda994e3c8017,12,12,Compound 12,source_drawing_transcription,racemate,pending_independent_chemist_review,COC(=O)c1cc(C2CO2)c(Cl)c(OC)c1OCc1ccccc1,C18H17ClO5,QWUBDTMIMGAYHL-UHFFFAOYSA-N
paper-e33dda994e3c8017,13,13,Compound 13,source_drawing_transcription,racemate,pending_independent_chemist_review,COCC(O)c1cc(C(=O)OC)c(OCc2ccccc2)c(OC)c1Cl,C19H21ClO6,HDPJJCSIVQZRTK-UHFFFAOYSA-N
paper-e33dda994e3c8017,14,14,Compound 14,source_drawing_transcription,racemate,pending_independent_chemist_review,COC(=O)c1cc(C(CO)OC)c(Cl)c(OC)c1OCc1ccccc1,C19H21ClO6,FRVWTEYUAKSNCB-UHFFFAOYSA-N
paper-e33dda994e3c8017,15,15,Compound 15,source_drawing_transcription,,pending_independent_chemist_review,COc1c(Cl)c(CCBr)cc(C=O)c1OCc1ccccc1,C17H16BrClO3,VJSJZOFYCHUMFC-UHFFFAOYSA-N
paper-e33dda994e3c8017,16,16,Compound 16,source_drawing_transcription,,pending_independent_chemist_review,COc1c(Cl)c(CCBr)cc(O)c1OCc1ccccc1,C16H16BrClO3,UNPCAFRPEXUXCZ-UHFFFAOYSA-N
paper-e33dda994e3c8017,17,17,Compound 17,source_drawing_transcription,,pending_independent_chemist_review,C=Cc1cc(OC)c(OCc2ccccc2)c(OC)c1Cl,C17H17ClO3,UUTXIQKJXGGSIM-UHFFFAOYSA-N
paper-e33dda994e3c8017,18,18,Compound 18,source_drawing_transcription,,pending_independent_chemist_review,C=Cc1cc(OC)c(OCc2ccccc2)c(OC)c1,C17H18O3,BHULNFDAURHLLB-UHFFFAOYSA-N
paper-e33dda994e3c8017,19,19,Compound 19,source_drawing_transcription,racemate,pending_independent_chemist_review,COc1cc(C2CO2)cc(OC)c1OCc1ccccc1,C17H18O4,ITLWOIJFVMNHCO-UHFFFAOYSA-N
paper-e33dda994e3c8017,2,2,Compound 2,source_drawing_transcription,racemate,pending_independent_chemist_review,COc1cc(CC(O)c2cc(OC)c(OC)c(OC)c2)ccc1O,C18H22O6,QUNANEDZYDRVGK-UHFFFAOYSA-N
paper-e33dda994e3c8017,20,20,Compound 20,source_drawing_transcription,racemate,pending_independent_chemist_review,COc1cc(CC(O)c2cc(OC)c(OCc3ccccc3)c(OC)c2)ccc1OCc1ccccc1,C31H32O6,DDLCPMVGPUOFNQ-UHFFFAOYSA-N
paper-e33dda994e3c8017,21,21,Compound 21,source_drawing_transcription,racemate,pending_independent_chemist_review,COc1cc(CC(OC(C)=O)c2cc(OC)c(OCc3ccccc3)c(OC)c2)ccc1OCc1ccccc1,C33H34O7,OTFRDJBNXWTGNE-UHFFFAOYSA-N
paper-e33dda994e3c8017,22,22,Compound 22,source_drawing_transcription,racemate,pending_independent_chemist_review,COc1cc(CC(OC(=O)c2ccccc2)c2cc(OC)c(OCc3ccccc3)c(OC)c2)ccc1OCc1ccccc1,C38H36O7,CXGJEYRSCIHTKX-UHFFFAOYSA-N
paper-e33dda994e3c8017,23,23,Compound 23,source_drawing_transcription,,pending_independent_chemist_review,C=Cc1cc(OC)c(OC)c(OC)c1,C11H14O3,DBEJPQQGEMWGRE-UHFFFAOYSA-N
paper-e33dda994e3c8017,24,24,Compound 24,source_drawing_transcription,racemate,pending_independent_chemist_review,COc1cc(C2CO2)cc(OC)c1OC,C11H14O4,WXBAEPCTXMEJNV-UHFFFAOYSA-N
paper-e33dda994e3c8017,25,25,Compound 25,source_drawing_transcription,racemate,pending_independent_chemist_review,COc1cc(CC(O)c2cc(OC)c(OC)c(OC)c2)ccc1OCc1ccccc1,C25H28O6,RDPRHBHNLUHRNO-UHFFFAOYSA-N
paper-e33dda994e3c8017,26,26,Compound 26,source_drawing_transcription,racemate,pending_independent_chemist_review,COc1cc(CC(OC(C)=O)c2cc(OC)c(OC)c(OC)c2)ccc1OCc1ccccc1,C27H30O7,BZURFNYOMZJHQJ-UHFFFAOYSA-N
paper-e33dda994e3c8017,3,3,Compound 3,source_drawing_transcription,,pending_independent_chemist_review,COc1cc(CCc2cc(OC)c(O)c(OC)c2)ccc1O,C17H20O5,YTRAYUIKLRABOQ-UHFFFAOYSA-N
paper-e33dda994e3c8017,4,4,Compound 4,source_drawing_transcription,,pending_independent_chemist_review,COc1cc(CCc2cc(OC)c(OC)c(OC)c2)ccc1O,C18H22O5,NRAJPMHEOBLUQC-UHFFFAOYSA-N
paper-e33dda994e3c8017,5,5,Compound 5,source_drawing_transcription,relative_cage_stereochemistry_pending_review,pending_independent_chemist_review,COC1(OC)C2(Cl)CC(CCBr)C1(Cl)C(=O)C2=O,C11H13BrCl2O4,CTKPJQOCRGZSGF-UHFFFAOYSA-N
paper-e33dda994e3c8017,6,6,Compound 6,source_drawing_transcription,unisolated_regioisomer_relative_stereo_unassigned,pending_independent_chemist_review,COC(=O)C1(Cl)CC(CCBr)C(Cl)=C(OC)C1=O,C11H13BrCl2O4,FAAREPPFGPDUJR-UHFFFAOYSA-N
paper-e33dda994e3c8017,7,7,Compound 7,source_drawing_transcription,unisolated_regioisomer_relative_stereo_unassigned,pending_independent_chemist_review,COC(=O)C1(Cl)C(=O)C(OC)=C(Cl)CC1CCBr,C11H13BrCl2O4,IETLARPVZYXYFY-UHFFFAOYSA-N
paper-e33dda994e3c8017,8,8,Compound 8,source_drawing_transcription,,pending_independent_chemist_review,COC(=O)c1cc(CCBr)c(Cl)c(OC)c1OCc1ccccc1,C18H18BrClO4,HXYGNKNOCGWPPV-UHFFFAOYSA-N
paper-e33dda994e3c8017,9,9,Compound 9,source_drawing_transcription,,pending_independent_chemist_review,COC(=O)c1c(CCBr)cc(Cl)c(OC)c1OCc1ccccc1,C18H18BrClO4,IFBZQFFMWVDUJJ-UHFFFAOYSA-N
paper-e33dda994e3c8017,aryl-bromide,aryl-bromide,Compound aryl-bromide,source_drawing_transcription,,pending_independent_chemist_review,COc1cc(Br)ccc1OCc1ccccc1,C14H13BrO2,AEGJXXCGTFMRGY-UHFFFAOYSA-N
paper-e5ffb08ae89e3c60,1,1,Compound 1,source_drawing_transcription,,pending_independent_chemist_review,CCCC(=O)c1c(O)c(C/C=C(\C)CCC=C(C)C)c(O)c2c([C@@H](O)CC)cc(=O)oc12,C26H34O6,LVPCBEMZVHIBKU-BAILOTOSSA-N
paper-e5ffb08ae89e3c60,2,2,Compound 2,source_drawing_transcription,,pending_independent_chemist_review,CCCC(=O)c1c(O)c(C/C=C(\C)CCC=C(C)C)c(O)c2c([C@H](CC)OC(C)=O)cc(=O)oc12,C28H36O7,YSEYMBBIBGSBCM-OEHGHSTBSA-N
paper-e5ffb08ae89e3c60,20,20,Compound 20,source_drawing_transcription,,pending_independent_chemist_review,CCOC(=O)/C=C(\OS(=O)(=O)C(F)(F)F)[C@H](CC)OCOC,C11H17F3O7S,VFPKPXUKQQGCQK-HWPCKVLBSA-N
paper-e5ffb08ae89e3c60,21,21,Compound 21,source_drawing_transcription,,pending_independent_chemist_review,CCCC(=O)c1c(OC)cc(OC)c(B2OC(C)(C)C(C)(C)O2)c1OCOC,C20H31BO7,VTCYRKHQPGDUHI-UHFFFAOYSA-N
paper-e5ffb08ae89e3c60,22,22,Compound 22,source_drawing_transcription,,pending_independent_chemist_review,CC[C@H](OCOC)C(=O)O,C6H12O4,HBHPDAVIPCHIHE-YFKPBYRVSA-N
paper-e5ffb08ae89e3c60,23,23,Compound 23,source_drawing_transcription,,pending_independent_chemist_review,CCOC(=O)CC(=O)[O-].[K+],C5H7KO4,WVUCPRGADMCTBN-UHFFFAOYSA-M
paper-e5ffb08ae89e3c60,24,24,Compound 24,source_drawing_transcription,,pending_independent_chemist_review,CCOC(=O)CC(=O)[C@H](CC)OCOC,C10H18O5,OLNQXFZWKMDRNG-VIFPVBQESA-N
paper-e5ffb08ae89e3c60,25a,25a,Compound 25a,source_drawing_transcription,,pending_independent_chemist_review,CCCC(=O)c1c(OC)cc(OC)cc1OC,C13H18O4,ZHULVYHYRRXJIA-UHFFFAOYSA-N
paper-e5ffb08ae89e3c60,25b,25b,Compound 25b,source_drawing_transcription,,pending_independent_chemist_review,CCCC(=O)c1c(O)cc(OC)cc1OC,C12H16O4,ZGZRAVIBVIHXCL-UHFFFAOYSA-N
paper-e5ffb08ae89e3c60,26a,26a,Compound 26a,source_drawing_transcription,,pending_independent_chemist_review,CCCC(=O)c1c(OC)cc(OC)c(Br)c1O,C12H15BrO4,WTGRKLSRJDMSPB-UHFFFAOYSA-N
paper-e5ffb08ae89e3c60,26b,26b,Compound 26b,source_drawing_transcription,,pending_independent_chemist_review,CCCC(=O)c1c(OC)cc(OC)c(I)c1O,C12H15IO4,BPCMVZKXGXARLE-UHFFFAOYSA-N
paper-e5ffb08ae89e3c60,27a,27a,Compound 27a,source_drawing_transcription,,pending_independent_chemist_review,CCCC(=O)c1c(OC)cc(OC)c(Br)c1OCOC,C14H19BrO5,RVCLHRGGFNOGOM-UHFFFAOYSA-N
paper-e5ffb08ae89e3c60,27b,27b,Compound 27b,source_drawing_transcription,,pending_independent_chemist_review,CCCC(=O)c1c(OC)cc(OC)c(I)c1OCOC,C14H19IO5,XCGNMWMASVOQRD-UHFFFAOYSA-N
paper-e5ffb08ae89e3c60,28,28,Compound 28,source_drawing_transcription,,pending_independent_chemist_review,CCCC(=O)c1c(OC)cc(OC)cc1OCOC,C14H20O5,GQPGJTRRTUFBFC-UHFFFAOYSA-N
paper-e5ffb08ae89e3c60,29,29,Compound 29,source_drawing_transcription,,pending_independent_chemist_review,CCCC(=O)c1c(OC)cc(OC)c2c([C@@H](O)CC)cc(=O)oc12,C18H22O6,URUAFRGWZHBULY-NSHDSACASA-N
paper-e5ffb08ae89e3c60,30,30,Compound 30,source_drawing_transcription,,pending_independent_chemist_review,CCCC(=O)c1c(OC)cc(OC)c2c([C@H](CC)OCOC)cc(=O)oc12,C20H26O7,DYYZNEMEYZPVOX-AWEZNQCLSA-N
paper-e5ffb08ae89e3c60,31a,31a,Compound 31a,source_drawing_transcription,,pending_independent_chemist_review,CC[C@H](OCOC)c1cc(=O)oc2c(I)c(OC)cc(OC)c12,C16H19IO6,ZMHYLZMYTPXTCN-JTQLQIEISA-N
paper-e5ffb08ae89e3c60,31b,31b,Compound 31b,source_drawing_transcription,,pending_independent_chemist_review,CC[C@H](OCOC)c1cc(=O)oc2c(Br)c(OC)cc(OC)c12,C16H19BrO6,HFAJLXFSNKCLQD-JTQLQIEISA-N
paper-e5ffb08ae89e3c60,32,32,Compound 32,source_drawing_transcription,,pending_independent_chemist_review,CCCC(=O)c1c(O)cc(OC)c2c([C@@H](O)CC)cc(=O)oc12,C17H20O6,NMGDPSDLUBJWAP-JTQLQIEISA-N
paper-e5ffb08ae89e3c60,33,33,Compound 33,source_drawing_transcription,,pending_independent_chemist_review,CCCC(=O)c1c(O)cc(OC)c2c([C@H](CC)OCOC)cc(=O)oc12,C19H24O7,BRIJONFHMOUIJY-AWEZNQCLSA-N
paper-e5ffb08ae89e3c60,34a,34a,Compound 34a,source_drawing_transcription,,pending_independent_chemist_review,CCCC(=O)c1c(O)c(Br)c(OC)c2c([C@H](CC)OCOC)cc(=O)oc12,C19H23BrO7,DJPHWUMRMJDTBS-LBPRGKRZSA-N
paper-e5ffb08ae89e3c60,34b,34b,Compound 34b,source_drawing_transcription,,pending_independent_chemist_review,CCCC(=O)c1c(O)c(Br)c(OC)c2c([C@H](CC)OCOC)c(Br)c(=O)oc12,C19H22Br2O7,PITVLIVHFBLYLH-JTQLQIEISA-N
paper-e5ffb08ae89e3c60,35,35,Compound 35,source_drawing_transcription,,pending_independent_chemist_review,CCCC(=O)c1c(OC)c(Br)c(OC)c2c([C@H](CC)OCOC)cc(=O)oc12,C20H25BrO7,YNBRPUUZDJHLPY-ZDUSSCGKSA-N
paper-e5ffb08ae89e3c60,36,36,Compound 36,source_drawing_transcription,,pending_independent_chemist_review,CCCC(=O)c1c(OC)c(C/C=C(\C)CCC=C(C)C)c(OC)c2c([C@H](CC)OCOC)cc(=O)oc12,C30H42O7,ZNMOIPGUUKPSTQ-ATOQVSERSA-N
paper-e5ffb08ae89e3c60,37,37,Compound 37,source_drawing_transcription,,pending_independent_chemist_review,CCCC(=O)c1c(OC)cc(OC)c2c([C@H](CC)OC(=O)C(C)(C)C)cc(=O)oc12,C23H30O7,GBQVXIGXTWVUME-HNNXBMFYSA-N
paper-e5ffb08ae89e3c60,38,38,Compound 38,source_drawing_transcription,,pending_independent_chemist_review,CCCC(=O)c1c(O)cc(OC)c2c([C@H](CC)OC(=O)C(C)(C)C)cc(=O)oc12,C22H28O7,YRHQABRFANFGRX-HNNXBMFYSA-N
paper-e5ffb08ae89e3c60,39,39,Compound 39,source_drawing_transcription,,pending_independent_chemist_review,CCCC(=O)c1c(OC/C=C(\C)CCC=C(C)C)cc(OC)c2c([C@H](CC)OC(=O)C(C)(C)C)cc(=O)oc12,C32H44O7,IVLLFIQBBBEHOF-VGBYGFDOSA-N
paper-e5ffb08ae89e3c60,40,40,Compound 40,source_drawing_transcription,,pending_independent_chemist_review,CCCC(=O)c1c(O)c(C/C=C(\C)CCC=C(C)C)c(OC)c2c([C@H](CC)OC(=O)C(C)(C)C)cc(=O)oc12,C32H44O7,LTAJPWGVQSTVCR-YEZCMDQSSA-N
paper-e5ffb08ae89e3c60,41,41,Compound 41,source_drawing_transcription,,pending_independent_chemist_review,CCCC(=O)c1c(O)cc(O)c2c([C@@H](O)CC)cc(=O)oc12,C16H18O6,OKJPGIIPDCFJTO-VIFPVBQESA-N
paper-e5ffb08ae89e3c60,42a,42a,Compound 42a,source_drawing_transcription,,pending_independent_chemist_review,CCCC(=O)c1c(O)cc(OCOCC[Si](C)(C)C)c2c([C@@H](O)CC)cc(=O)oc12,C22H32O7Si,WQCJKEXRBLIFGU-HNNXBMFYSA-N
paper-e5ffb08ae89e3c60,42b,42b,Compound 42b,source_drawing_transcription,,pending_independent_chemist_review,CCCC(=O)c1c(OCOCC[Si](C)(C)C)cc(OCOCC[Si](C)(C)C)c2c([C@@H](O)CC)cc(=O)oc12,C28H46O8Si2,LJYSNWDZZSKZQG-NRFANRHFSA-N
paper-e5ffb08ae89e3c60,43,43,Compound 43,source_drawing_transcription,,pending_independent_chemist_review,CCCC(=O)c1c(OC/C=C(\C)CCC=C(C)C)cc(OCOCC[Si](C)(C)C)c2c([C@@H](O)CC)cc(=O)oc12,C32H48O7Si,VHZMTYNGMBQXJS-XXMKCSCWSA-N
paper-e5ffb08ae89e3c60,44,44,Compound 44,source_drawing_transcription,,pending_independent_chemist_review,CCCC(=O)c1c(OC/C=C(\C)CCC=C(C)C)cc(O)c2c([C@@H](O)CC)cc(=O)oc12,C26H34O6,JIMOOPRMPPSYJD-WPNIOXTASA-N
paper-e5ffb08ae89e3c60,45,45,Compound 45,source_drawing_transcription,,pending_independent_chemist_review,CCCC(=O)c1c(OC/C=C(\C)CCC=C(C)C)cc(OCOCC[Si](C)(C)C)c2c([C@H](CC)OC(C)=O)cc(=O)oc12,C34H50O8Si,VCFNGFQKGCTGFH-HCSHXEOKSA-N
paper-e5ffb08ae89e3c60,46,46,Compound 46,source_drawing_transcription,,pending_independent_chemist_review,CCCC(=O)c1c(OC/C=C(\C)CCC=C(C)C)cc(O)c2c([C@H](CC)OC(C)=O)cc(=O)oc12,C28H36O7,AADKNBLVASKYJM-HKRNCWMRSA-N
paper-e5ffb08ae89e3c60,47,47,Compound 47,source_drawing_transcription,,pending_independent_chemist_review,CCCC(=O)c1c(O)cc(O)c2c([C@H](CC)OC(C)=O)cc(=O)oc12,C18H20O7,FTDOJQVSYMWDFQ-AWEZNQCLSA-N
paper-e5ffb08ae89e3c60,butanoyl-chloride,butanoyl-chloride,Compound butanoyl-chloride,source_drawing_transcription,,pending_independent_chemist_review,CCCC(=O)Cl,C4H7ClO,DVECBJCOGJRVPX-UHFFFAOYSA-N
paper-e5ffb08ae89e3c60,geranyl-bromide,geranyl-bromide,Compound geranyl-bromide,source_drawing_transcription,,pending_independent_chemist_review,CC(C)=CCC/C(C)=C/CBr,C10H17Br,JSCUZAYKVZXKQE-JXMROGBWSA-N
paper-e5ffb08ae89e3c60,geranyl-stannane,geranyl-stannane,Compound geranyl-stannane,source_drawing_transcription,,pending_independent_chemist_review,CCC[CH2][Sn]([CH2]/C=C(\C)CCC=C(C)C)([CH2]CCC)[CH2]CCC,C22H44Sn,XUMIQBYPDMNTPE-UHYPDGJZSA-N
paper-e5ffb08ae89e3c60,hydroxybutyric-acid,hydroxybutyric-acid,Compound hydroxybutyric-acid,source_drawing_transcription,,pending_independent_chemist_review,CC[C@H](O)C(=O)O,C4H8O3,AFENDNXGAFYKQO-VKHMYHEASA-N
paper-e5ffb08ae89e3c60,trimethoxybenzene,trimethoxybenzene,Compound trimethoxybenzene,source_drawing_transcription,,pending_independent_chemist_review,COc1cc(OC)cc(OC)c1,C9H12O3,LKUDPHPHKOZXCD-UHFFFAOYSA-N
paper-e6385b951e04c2da,17,17,SI compound 17,source_drawing_transcription,source_absolute_series,pending_independent_chemist_review,COc1ccc(COC[C@@H]2CO2)cc1,C11H14O3,QWWVSLBMMUDNTB-LLVKDONJSA-N
paper-e6385b951e04c2da,18,18,SI compound 18,source_drawing_transcription,source_absolute_series,pending_independent_chemist_review,C=C[C@H](O)COCc1ccc(OC)cc1,C12H16O3,KZXQTHXHYOMGCD-NSHDSACASA-N
paper-e6385b951e04c2da,19,19,SI compound 19,source_drawing_transcription,source_absolute_series,pending_independent_chemist_review,C=C[C@@H](COCc1ccc(OC)cc1)OCC#CC,C16H20O3,HRWDZRJHPBBCTR-HNNXBMFYSA-N
paper-e6385b951e04c2da,2,2,(+)-daphnepapytone A,source_drawing_transcription,source_absolute_series,pending_independent_chemist_review,CC1=C2[C@@H](O)[C@H]3CC(=O)[C@@]4(C)[C@]2(CC1=O)C[C@@]34C,C15H18O3,IALQJWIMLOJMIM-JMEDSEKFSA-N
paper-e6385b951e04c2da,20,20,SI compound 20,source_drawing_transcription,source_absolute_series,pending_independent_chemist_review,COc1ccc(COC[C@H]2OCC3=C(C)C(=O)C[C@@H]32)cc1,C17H20O4,JBBPIFZJXTUMOJ-WMLDXEAASA-N
paper-e6385b951e04c2da,21a,21a,SI compound 21a,source_drawing_transcription,source_absolute_series,pending_independent_chemist_review,COc1ccc(COC[C@@H](O)[C@H]2CC(=O)C(C)=C2C)cc1,C17H22O4,IENAIJUULKQKAT-DOTOQJQBSA-N
paper-e6385b951e04c2da,21b,21b,SI compound 21b,source_drawing_transcription,source_absolute_series,pending_independent_chemist_review,CC1=C(C)[C@@H]([C@H](O)CO)CC1=O,C9H14O3,KBXOEYYLKJPHHR-IONNQARKSA-N
paper-e6385b951e04c2da,21c,21c,SI compound 21c,source_drawing_transcription,source_absolute_series,pending_independent_chemist_review,COc1ccc(COC[C@@H](O[Si](C)(C)C(C)(C)C)[C@H]2CC(=O)C(C)=C2C)cc1,C23H36O4Si,WTKJACYQLBTHEJ-RBBKRZOGSA-N
paper-e6385b951e04c2da,22a,22a,SI compound 22a,source_drawing_transcription,source_absolute_series,pending_independent_chemist_review,C=C1C[C@]2(C)[C@@H]([C@H](O)COCc3ccc(OC)cc3)CC(=O)[C@]12C,C20H26O4,QOPBYQXMLIRHKV-LFGUQSLTSA-N
paper-e6385b951e04c2da,22b,22b,SI compound 22b,source_drawing_transcription,source_absolute_series,pending_independent_chemist_review,C=C1C[C@]2(C)[C@@H]([C@H](O)CO)CC(=O)[C@]12C,C12H18O3,RCNANNWLUXLHMC-IQIPOGNMSA-N
paper-e6385b951e04c2da,22c,22c,SI compound 22c,source_drawing_transcription,source_absolute_series,pending_independent_chemist_review,C=C1C[C@]2(C)[C@@H]([C@@H](COCc3ccc(OC)cc3)O[Si](C)(C)C(C)(C)C)CC(=O)[C@]12C,C26H40O4Si,KSQFOMHVKQQFGS-QMWXCIFZSA-N
paper-e6385b951e04c2da,23a,23a,SI compound 23a,source_drawing_transcription,source_absolute_series,pending_independent_chemist_review,C=C1C[C@@]2(C)[C@@H]([C@H](O)COCc3ccc(OC)cc3)CC(=O)[C@@]12C,C20H26O4,QOPBYQXMLIRHKV-IZBJGVDFSA-N
paper-e6385b951e04c2da,23b,23b,SI compound 23b,source_drawing_transcription,source_absolute_series,pending_independent_chemist_review,C=C1C[C@@]2(C)[C@@H]([C@H](O)CO)CC(=O)[C@@]12C,C12H18O3,RCNANNWLUXLHMC-PKZYVASSSA-N
paper-e6385b951e04c2da,23c,23c,SI compound 23c,source_drawing_transcription,source_absolute_series,pending_independent_chemist_review,C=C1C[C@@]2(C)[C@@H]([C@@H](COCc3ccc(OC)cc3)O[Si](C)(C)C(C)(C)C)CC(=O)[C@@]12C,C26H40O4Si,KSQFOMHVKQQFGS-ULDOEVFSSA-N
paper-e6385b951e04c2da,24a,24a,SI compound 24a,source_drawing_transcription,source_absolute_series,pending_independent_chemist_review,C=C1C[C@]2(C)[C@@H](C=O)CC(=O)[C@]12C,C11H14O2,DDWUDJYOIMIAJM-IEBDPFPHSA-N
paper-e6385b951e04c2da,24b,24b,SI compound 24b,source_drawing_transcription,source_absolute_series,pending_independent_chemist_review,C=C1C[C@@]2(C)[C@@H](C=O)CC(=O)[C@@]12C,C11H14O2,DDWUDJYOIMIAJM-DVVUODLYSA-N
paper-e6385b951e04c2da,25,25,SI compound 25,source_drawing_transcription,source_absolute_series,pending_independent_chemist_review,C=C1C[C@@]2(C)[C@@H](C(=O)C#CC)CC(=O)[C@@]12C,C14H16O2,MSMGHCZGXDMUCE-DDTOSNHZSA-N
paper-e6385b951e04c2da,27,27,SI compound 27,source_drawing_transcription,source_absolute_series,pending_independent_chemist_review,CC1=C2C(=O)[C@H]3CC(=O)[C@@]4(C)[C@]2(CC1=O)C[C@@]34C,C15H16O3,LQINBKIYMDCADN-FPILIMHBSA-N
paper-e6385b951e04c2da,28,28,SI compound 28,source_drawing_transcription,partial_new_cage_stereocentres_unresolved,pending_independent_chemist_review,CC1C(=O)C[C@@]23C[C@@]4(C)[C@@H]5CC(OC12[C@H]5O)[C@@]34C,C15H20O3,LSAKRJGFFSUVPF-XSKRIIDESA-N
paper-e6385b951e04c2da,CO,CO,SI compound CO,source_drawing_transcription,source_absolute_series,pending_independent_chemist_review,[C-]#[O+],CO,UGFAIRIUMAVXCW-UHFFFAOYSA-N
paper-e6385b951e04c2da,PMBCl,PMBCl,SI compound PMBCl,source_drawing_transcription,source_absolute_series,pending_independent_chemist_review,COc1ccc(CCl)cc1,C8H9ClO,MOHYOXXOKFQHDC-UHFFFAOYSA-N
paper-e6385b951e04c2da,R-glycidol,R-glycidol,SI compound R-glycidol,source_drawing_transcription,source_absolute_series,pending_independent_chemist_review,OC[C@@H]1CO1,C3H6O2,CTKINSOISVBQLD-GSVOUGTGSA-N
paper-e6385b951e04c2da,S-glycidol,S-glycidol,SI compound S-glycidol,source_drawing_transcription,source_absolute_series,pending_independent_chemist_review,OC[C@H]1CO1,C3H6O2,CTKINSOISVBQLD-VKHMYHEASA-N
paper-e6385b951e04c2da,allene,allene,SI compound allene,source_drawing_transcription,source_absolute_series,pending_independent_chemist_review,C=C=C,C3H4,IYABWNGZIDDRAK-UHFFFAOYSA-N
paper-e6385b951e04c2da,bromobutyne,bromobutyne,SI compound bromobutyne,source_drawing_transcription,source_absolute_series,pending_independent_chemist_review,CC#CCBr,C4H5Br,LNNXOEHOXSYWLD-UHFFFAOYSA-N
paper-e6385b951e04c2da,bromopropene,bromopropene,SI compound bromopropene,source_drawing_transcription,alkene_geometry_not_specified,pending_independent_chemist_review,CC=CBr,C3H5Br,NNQDMQVWOWCVEM-UHFFFAOYSA-N
paper-e6385b951e04c2da,ent21c,ent21c,SI compound ent21c,source_drawing_transcription,source_absolute_series,pending_independent_chemist_review,COc1ccc(COC[C@H](O[Si](C)(C)C(C)(C)C)[C@@H]2CC(=O)C(C)=C2C)cc1,C23H36O4Si,WTKJACYQLBTHEJ-IRLDBZIGSA-N
paper-e6385b951e04c2da,ent22b,ent22b,SI compound ent22b,source_drawing_transcription,source_absolute_series,pending_independent_chemist_review,C=C1C[C@@]2(C)[C@H]([C@@H](O)CO)CC(=O)[C@@]12C,C12H18O3,RCNANNWLUXLHMC-FSZOTQKASA-N
paper-e6385b951e04c2da,ent22c,ent22c,SI compound ent22c,source_drawing_transcription,source_absolute_series,pending_independent_chemist_review,C=C1C[C@@]2(C)[C@H]([C@H](COCc3ccc(OC)cc3)O[Si](C)(C)C(C)(C)C)CC(=O)[C@@]12C,C26H40O4Si,KSQFOMHVKQQFGS-LIOHBJMPSA-N
paper-e6385b951e04c2da,ent24a,ent24a,SI compound ent24a,source_drawing_transcription,source_absolute_series,pending_independent_chemist_review,C=C1C[C@@]2(C)[C@H](C=O)CC(=O)[C@@]12C,C11H14O2,DDWUDJYOIMIAJM-INTQDDNPSA-N
paper-e6385b951e04c2da,ent24b,ent24b,SI compound ent24b,source_drawing_transcription,source_absolute_series,pending_independent_chemist_review,C=C1C[C@]2(C)[C@H](C=O)CC(=O)[C@]12C,C11H14O2,DDWUDJYOIMIAJM-GDPRMGEGSA-N
paper-e6385b951e04c2da,trimethylsulfonium-iodide,trimethylsulfonium-iodide,SI compound trimethylsulfonium-iodide,source_drawing_transcription,source_absolute_series,pending_independent_chemist_review,C[S+](C)C.[I-],C3H9IS,VFJYIHQDILEQNR-UHFFFAOYSA-M
paper-e8695c1d3895d8c6,1,1,SI compound 1,source_drawing_transcription,,pending_independent_chemist_review,CC1(C)c2[nH]c3cc(Cl)ccc3c2C[C@@]23CN4CCC[C@]4(C[C@@H]12)C(=O)N3,C21H24ClN3O,DXPVAKSJZFQGSS-DQLDELGASA-N
paper-e8695c1d3895d8c6,10,10,SI compound 10,source_drawing_transcription,,pending_independent_chemist_review,COC(=O)[C@H](CO)NC(=O)OC(C)(C)C,C9H17NO5,SANNKFASHWONFD-LURJTMIESA-N
paper-e8695c1d3895d8c6,11,11,SI compound 11,source_drawing_transcription,,pending_independent_chemist_review,COC(=O)[C@@]1(CC=C(C)C)CCCN1,C11H19NO2,FIBDLUBGWIORDU-NSHDSACASA-N
paper-e8695c1d3895d8c6,12,12,SI compound 12,source_drawing_transcription,,pending_independent_chemist_review,COC(=O)[C@@H]1COS(=O)(=O)N1C(=O)OC(C)(C)C,C9H15NO7S,HJGPFSSCXYNPJJ-LURJTMIESA-N
paper-e8695c1d3895d8c6,13,13,SI compound 13,source_drawing_transcription,,pending_independent_chemist_review,COC(=O)[C@H](Cc1c[nH]c2cc(Cl)ccc12)NC(=O)OC(C)(C)C,C17H21ClN2O4,OZOJOIAZSMNENR-AWEZNQCLSA-N
paper-e8695c1d3895d8c6,14,14,SI compound 14,source_drawing_transcription,,pending_independent_chemist_review,COC(=O)[C@@]1(CC=C(C)C)CCCN1C(=O)[C@H](Cc1c[nH]c2cc(Cl)ccc12)NC(=O)OC(C)(C)C,C27H36ClN3O5,YNSYZQZIMIWQEJ-CUNXSJBXSA-N
paper-e8695c1d3895d8c6,15,15,SI compound 15,source_drawing_transcription,,pending_independent_chemist_review,C=C(C)[C@@H]1C[C@]23CCCN2C(=O)[C@@]1(Cc1cn(COC)c2cc(Cl)ccc12)N(COC)C3=O,C25H30ClN3O4,PFNKKJRVLQNHPG-OPXMRZJTSA-N
paper-e8695c1d3895d8c6,16,16,SI compound 16,source_drawing_transcription,,pending_independent_chemist_review,C=C(C)[C@@H]1C[C@]23CCCN2C(=O)[C@@]1(Cc1cn(CO)c2cc(Cl)ccc12)NC3=O,C22H24ClN3O3,DRUGYUJEDCMACZ-HSQYWUDLSA-N
paper-e8695c1d3895d8c6,17,17,SI compound 17,source_drawing_transcription,,pending_independent_chemist_review,CC1(C)c2[nH]c3cc(Cl)ccc3c2C[C@@]23NC(=O)[C@]4(CCCN4C2=O)C[C@@H]13,C21H22ClN3O2,FVUWYWRUTUPOIL-JHVJFLLYSA-N
paper-e8695c1d3895d8c6,20,20,SI compound 20,source_drawing_transcription,,pending_independent_chemist_review,CC(C)=CC[C@]12CCCN1C(=O)[C@@H]1C[C@]3(ON4C(C)(C)CCCC4(C)C)c4ccc(Cl)cc4N[C@@H]3N1C2=O,C30H41ClN4O3,ACNNZCQWIWNAFK-OOWRYOQSSA-N
paper-e8695c1d3895d8c6,23,23,SI compound 23,source_drawing_transcription,,pending_independent_chemist_review,C=C(C)[C@@H]1C[C@]23CCCN2C(=O)[C@]12Cc1c([nH]c4cc(Cl)ccc14)CN2C3=O,C22H22ClN3O2,IPLGVABIBTYVRF-SSKFGXFMSA-N
paper-e8695c1d3895d8c6,5,5,SI compound 5,source_drawing_transcription,,pending_independent_chemist_review,CC(C)(C)OC(=O)N[C@@H](Cc1c[nH]c2cc(Cl)ccc12)C(=O)O,C16H19ClN2O4,QIUZGOVYNVWFFN-ZDUSSCGKSA-N
paper-e8695c1d3895d8c6,8a,8a,SI compound 8a,source_drawing_transcription,,pending_independent_chemist_review,CC(C)=CC[C@]12CCCN1C(=O)[C@H](Cc1c[nH]c3cc(Cl)ccc13)NC2=O,C21H24ClN3O2,KQLATACGUYBVBJ-RXVVDRJESA-N
paper-e8695c1d3895d8c6,8b,8b,SI compound 8b,source_drawing_transcription,,pending_independent_chemist_review,COCN1C(=O)[C@@]2(CC=C(C)C)CCCN2C(=O)[C@@H]1Cc1cn(COC)c2cc(Cl)ccc12,C25H32ClN3O4,IYPOSDXJNJMFJJ-DHLKQENFSA-N
paper-e8695c1d3895d8c6,9,9,SI compound 9,source_drawing_transcription,,pending_independent_chemist_review,Clc1ccc2cc[nH]c2c1,C8H6ClN,YTYIMDRWPTUAHP-UHFFFAOYSA-N
paper-e9541a333b795ad2,1,1,SI compound 1,source_drawing_transcription,,pending_independent_chemist_review,CC1=CC[C@@]2(C)CC[C@@](O)(C(C)C)[C@@H]2[C@@H](OC(=O)c2ccc(O)cc2)C1,C22H30O4,CYSHNJQMYORNJI-YUVXSKOASA-N
paper-e9541a333b795ad2,10,10,SI compound 10,source_drawing_transcription,,pending_independent_chemist_review,C=C(C)C[C@H](O[Si](C)(C)C(C)(C)C)[C@H]1C(=O)CC[C@]1(C)C/C=C/S(=O)(=O)c1ccc(C)cc1,C27H42O4SSi,XFCBIIQVYRJVMZ-JOLFDDKNSA-N
paper-e9541a333b795ad2,10p,10p,SI compound 10p,source_drawing_transcription,,pending_independent_chemist_review,C=C(C)C[C@@H](O[Si](C)(C)C(C)(C)C)[C@H]1C(=O)CC[C@]1(C)C/C=C/S(=O)(=O)c1ccc(C)cc1,C27H42O4SSi,XFCBIIQVYRJVMZ-SUPJLFKYSA-N
paper-e9541a333b795ad2,11,11,SI compound 11,source_drawing_transcription,,pending_independent_chemist_review,CC1=CC[C@@]2(C)CC[C@@](O)(C(C)C)[C@@H]2[C@@H](O[Si](C)(C)C(C)(C)C)C1,C21H40O2Si,LHPFBYURFWWDOM-IZZBFERCSA-N
paper-e9541a333b795ad2,11p,11p,SI compound 11p,source_drawing_transcription,,pending_independent_chemist_review,CC1=CC[C@@]2(C)CC[C@@](O)(C(C)C)[C@@H]2[C@H](O[Si](C)(C)C(C)(C)C)C1,C21H40O2Si,LHPFBYURFWWDOM-RMVXJAJNSA-N
paper-e9541a333b795ad2,12,12,SI compound 12,source_drawing_transcription,,pending_independent_chemist_review,CC1=CC[C@@]2(C)CC[C@@](O)(C(C)C)[C@@H]2C(=O)C1,C15H24O2,PWHXRZGZOVGJRC-QLFBSQMISA-N
paper-e9541a333b795ad2,14,14,SI compound 14,source_drawing_transcription,,pending_independent_chemist_review,CC(C)(C)[Si](C)(C)Oc1ccc(C(=O)Cl)cc1,C13H19ClO2Si,YYPDIVSRDNORLI-UHFFFAOYSA-N
paper-e9541a333b795ad2,15,15,SI compound 15,source_drawing_transcription,,pending_independent_chemist_review,CC1=CC[C@@]2(C)CC[C@@](O)(C(C)C)[C@@H]2[C@@H](OC(=O)c2ccc(O[Si](C)(C)C(C)(C)C)cc2)C1,C28H44O4Si,IWGOWXBXNVIOJR-RQDZCNCFSA-N
paper-e9541a333b795ad2,2,2,SI compound 2,source_drawing_transcription,,pending_independent_chemist_review,CC1=CC[C@@]2(C)CC[C@@](O)(C(C)C)[C@@H]2[C@@H](O)C1,C15H26O2,SUAPQGLGNKUSLY-LJISPDSOSA-N
paper-e9541a333b795ad2,2p,2p,SI compound 2p,source_drawing_transcription,,pending_independent_chemist_review,CC1=CC[C@@]2(C)CC[C@@](O)(C(C)C)[C@@H]2[C@H](O)C1,C15H26O2,SUAPQGLGNKUSLY-APIJFGDWSA-N
paper-e9541a333b795ad2,3,3,SI compound 3,source_drawing_transcription,,pending_independent_chemist_review,CC1=CC[C@@]2(C)CCC(=O)[C@@H]2[C@@H](O[Si](C)(C)C(C)(C)C)C1,C18H32O2Si,BXNFINYTFFNIBV-JZXOWHBKSA-N
paper-e9541a333b795ad2,3p,3p,SI compound 3p,source_drawing_transcription,,pending_independent_chemist_review,CC1=CC[C@@]2(C)CCC(=O)[C@@H]2[C@H](O[Si](C)(C)C(C)(C)C)C1,C18H32O2Si,BXNFINYTFFNIBV-NUJGCVRESA-N
paper-e9541a333b795ad2,4,4,SI compound 4,source_drawing_transcription,,pending_independent_chemist_review,C=CC[C@@]1(C)CCC(=O)[C@@H]1[C@H](CC(=C)C)O[Si](C)(C)C(C)(C)C,C20H36O2Si,DDRKIXJAFGXACC-NSHGMRRFSA-N
paper-e9541a333b795ad2,4p,4p,SI compound 4p,source_drawing_transcription,,pending_independent_chemist_review,C=CC[C@@]1(C)CCC(=O)[C@@H]1[C@@H](CC(=C)C)O[Si](C)(C)C(C)(C)C,C20H36O2Si,DDRKIXJAFGXACC-GGPKGHCWSA-N
paper-e9541a333b795ad2,5,5,SI compound 5,source_drawing_transcription,,pending_independent_chemist_review,CC1=CC(=O)CC1,C6H8O,CHCCBPDEADMNCI-UHFFFAOYSA-N
paper-e9541a333b795ad2,6,6,SI compound 6,source_drawing_transcription,,pending_independent_chemist_review,C=CC[S@@+]([O-])c1ccc(C)cc1,C10H12OS,LFVGJPZLPJBICF-GFCCVEGCSA-N
paper-e9541a333b795ad2,7,7,SI compound 7,source_drawing_transcription,,pending_independent_chemist_review,C=C(C)CC=O,C5H8O,VEEFADFWCHSFIU-UHFFFAOYSA-N
paper-e9541a333b795ad2,8,8,SI compound 8,source_drawing_transcription,,pending_independent_chemist_review,C=C(C)C[C@H](O)[C@H]1C(=O)CC[C@]1(C)C/C=C/[S@+]([O-])c1ccc(C)cc1,C21H28O3S,AOMFWUTXWZGGEG-BGIBBWSGSA-N
paper-e9541a333b795ad2,8p,8p,SI compound 8p,source_drawing_transcription,,pending_independent_chemist_review,C=C(C)C[C@@H](O)[C@H]1C(=O)CC[C@]1(C)C/C=C/[S@+]([O-])c1ccc(C)cc1,C21H28O3S,AOMFWUTXWZGGEG-HOCSSTBESA-N
paper-e9541a333b795ad2,9,9,SI compound 9,source_drawing_transcription,,pending_independent_chemist_review,C=C(C)C[C@H](O[Si](C)(C)C(C)(C)C)[C@H]1C(=O)CC[C@]1(C)C/C=C/[S@+]([O-])c1ccc(C)cc1,C27H42O3SSi,RBPMJAUCSHJELA-UHGRCCHUSA-N
paper-e9541a333b795ad2,9p,9p,SI compound 9p,source_drawing_transcription,,pending_independent_chemist_review,C=C(C)C[C@@H](O[Si](C)(C)C(C)(C)C)[C@H]1C(=O)CC[C@]1(C)C/C=C/[S@+]([O-])c1ccc(C)cc1,C27H42O3SSi,RBPMJAUCSHJELA-SDCAFJAHSA-N
paper-e9541a333b795ad2,alcohol,alcohol,SI compound alcohol,source_drawing_transcription,,pending_independent_chemist_review,C=C(C)CCO,C5H10O,CPJRRXSHAYUTGL-UHFFFAOYSA-N
paper-e9541a333b795ad2,iPrLi,iPrLi,SI compound iPrLi,source_drawing_transcription,,pending_independent_chemist_review,[Li][CH](C)C,C3H7Li,HDSLTIHESBGENB-UHFFFAOYSA-N
paper-ed2bb8684ec5aaae,1,1,Compound 1,source_drawing_transcription,explicit_racemate,pending_independent_chemist_review,COc1ccc(CCC(=O)c2c(O)c3c(c4c2OC(C(C)(C)O)C4)OC(C)(C)C=C3)cc1,C26H30O6,ICFJHRYTUSANOL-UHFFFAOYSA-N
paper-ed2bb8684ec5aaae,10,10,Compound 10,source_drawing_transcription,explicit_racemate,pending_independent_chemist_review,C#CC(C)(C)Oc1cc(OC)c(C(C)=O)c2c1CC(C(C)(C)O)O2,C19H24O5,BOJNBBXFFJDPJJ-UHFFFAOYSA-N
paper-ed2bb8684ec5aaae,10a,10a,Compound 10a,source_drawing_transcription,source_assigned_absolute_configuration,pending_independent_chemist_review,C#CC(C)(C)Oc1cc(OC)c(C(C)=O)c2c1C[C@H](C(C)(C)O)O2,C19H24O5,BOJNBBXFFJDPJJ-OAHLLOKOSA-N
paper-ed2bb8684ec5aaae,10b,10b,Compound 10b,source_drawing_transcription,source_assigned_absolute_configuration,pending_independent_chemist_review,C#CC(C)(C)Oc1cc(OC)c(C(C)=O)c2c1C[C@@H](C(C)(C)O)O2,C19H24O5,BOJNBBXFFJDPJJ-HNNXBMFYSA-N
paper-ed2bb8684ec5aaae,11,11,Compound 11,source_drawing_transcription,explicit_racemate,pending_independent_chemist_review,COc1c2c(c3c(c1C(C)=O)OC(C(C)(C)O)C3)OC(C)(C)C=C2,C19H24O5,LQPFXCUUCLJJQW-UHFFFAOYSA-N
paper-ed2bb8684ec5aaae,11a,11a,Compound 11a,source_drawing_transcription,source_assigned_absolute_configuration,pending_independent_chemist_review,COc1c2c(c3c(c1C(C)=O)O[C@@H](C(C)(C)O)C3)OC(C)(C)C=C2,C19H24O5,LQPFXCUUCLJJQW-CYBMUJFWSA-N
paper-ed2bb8684ec5aaae,11b,11b,Compound 11b,source_drawing_transcription,source_assigned_absolute_configuration,pending_independent_chemist_review,COc1c2c(c3c(c1C(C)=O)O[C@H](C(C)(C)O)C3)OC(C)(C)C=C2,C19H24O5,LQPFXCUUCLJJQW-ZDUSSCGKSA-N
paper-ed2bb8684ec5aaae,12,12,Compound 12,source_drawing_transcription,explicit_racemate,pending_independent_chemist_review,COc1ccc(/C=C/C(=O)c2c(O)c3c(c4c2OC(C(C)(C)O)C4)OC(C)(C)C=C3)cc1,C26H28O6,CDBFXTLGKNULHG-DHZHZOJOSA-N
paper-ed2bb8684ec5aaae,12a,12a,Compound 12a,source_drawing_transcription,source_assigned_absolute_configuration,pending_independent_chemist_review,COc1ccc(/C=C/C(=O)c2c(O)c3c(c4c2O[C@@H](C(C)(C)O)C4)OC(C)(C)C=C3)cc1,C26H28O6,CDBFXTLGKNULHG-OJLWIZQOSA-N
paper-ed2bb8684ec5aaae,12b,12b,Compound 12b,source_drawing_transcription,source_assigned_absolute_configuration,pending_independent_chemist_review,COc1ccc(/C=C/C(=O)c2c(O)c3c(c4c2O[C@H](C(C)(C)O)C4)OC(C)(C)C=C3)cc1,C26H28O6,CDBFXTLGKNULHG-ZBWUASRJSA-N
paper-ed2bb8684ec5aaae,1a,1a,Compound 1a,source_drawing_transcription,source_assigned_absolute_configuration,pending_independent_chemist_review,COc1ccc(CCC(=O)c2c(O)c3c(c4c2O[C@@H](C(C)(C)O)C4)OC(C)(C)C=C3)cc1,C26H30O6,ICFJHRYTUSANOL-HXUWFJFHSA-N
paper-ed2bb8684ec5aaae,1b,1b,Compound 1b,source_drawing_transcription,source_assigned_absolute_configuration,pending_independent_chemist_review,COc1ccc(CCC(=O)c2c(O)c3c(c4c2O[C@H](C(C)(C)O)C4)OC(C)(C)C=C3)cc1,C26H30O6,ICFJHRYTUSANOL-FQEVSTJZSA-N
paper-ed2bb8684ec5aaae,2,2,Compound 2,source_drawing_transcription,,pending_independent_chemist_review,COc1ccc(C=O)cc1,C8H8O2,ZRSNZINYAWTAHE-UHFFFAOYSA-N
paper-ed2bb8684ec5aaae,3,3,Compound 3,source_drawing_transcription,explicit_racemate,pending_independent_chemist_review,CC(=O)c1c(O)c2c(c3c1OC(C(C)(C)O)C3)OC(C)(C)C=C2,C18H22O5,RQYHEKCFBQYWBP-UHFFFAOYSA-N
paper-ed2bb8684ec5aaae,3a,3a,Compound 3a,source_drawing_transcription,source_assigned_absolute_configuration,pending_independent_chemist_review,CC(=O)c1c(O)c2c(c3c1O[C@@H](C(C)(C)O)C3)OC(C)(C)C=C2,C18H22O5,RQYHEKCFBQYWBP-GFCCVEGCSA-N
paper-ed2bb8684ec5aaae,3b,3b,Compound 3b,source_drawing_transcription,source_assigned_absolute_configuration,pending_independent_chemist_review,CC(=O)c1c(O)c2c(c3c1O[C@H](C(C)(C)O)C3)OC(C)(C)C=C2,C18H22O5,RQYHEKCFBQYWBP-LBPRGKRZSA-N
paper-ed2bb8684ec5aaae,4,4,Compound 4,source_drawing_transcription,explicit_racemate,pending_independent_chemist_review,COc1cc(O)c2c(c1C(C)=O)OC(C(C)(C)O)C2,C14H18O5,WWMWMECXEKQBDP-UHFFFAOYSA-N
paper-ed2bb8684ec5aaae,4a,4a,Compound 4a,source_drawing_transcription,source_assigned_absolute_configuration,pending_independent_chemist_review,COc1cc(O)c2c(c1C(C)=O)O[C@@H](C(C)(C)O)C2,C14H18O5,WWMWMECXEKQBDP-LLVKDONJSA-N
paper-ed2bb8684ec5aaae,4b,4b,Compound 4b,source_drawing_transcription,source_assigned_absolute_configuration,pending_independent_chemist_review,COc1cc(O)c2c(c1C(C)=O)O[C@H](C(C)(C)O)C2,C14H18O5,WWMWMECXEKQBDP-NSHDSACASA-N
paper-ed2bb8684ec5aaae,5,5,Compound 5,source_drawing_transcription,explicit_racemate,pending_independent_chemist_review,COCOc1cc(OC)c(C(C)=O)c(O)c1CC1OC1(C)C,C16H22O6,DKHFUWLICBJEHU-UHFFFAOYSA-N
paper-ed2bb8684ec5aaae,5a,5a,Compound 5a,source_drawing_transcription,source_assigned_absolute_configuration,pending_independent_chemist_review,COCOc1cc(OC)c(C(C)=O)c(O)c1C[C@@H]1OC1(C)C,C16H22O6,DKHFUWLICBJEHU-ZDUSSCGKSA-N
paper-ed2bb8684ec5aaae,6,6,Compound 6,source_drawing_transcription,,pending_independent_chemist_review,COCOc1cc(OC)c(C(C)=O)c(O)c1CC=C(C)C,C16H22O5,CBGCCBFZAIEEKI-UHFFFAOYSA-N
paper-ed2bb8684ec5aaae,7,7,Compound 7,source_drawing_transcription,,pending_independent_chemist_review,COCOc1cc(OC)c(C(C)=O)c(O[Si](C)(C)C(C)(C)C)c1CC=C(C)C,C22H36O5Si,YWAKECNEGDDSHE-UHFFFAOYSA-N
paper-ed2bb8684ec5aaae,8a,8a,Compound 8a,source_drawing_transcription,source_assigned_absolute_configuration,pending_independent_chemist_review,COCOc1cc(OC)c(C(C)=O)c(O[Si](C)(C)C(C)(C)C)c1C[C@@H]1OC1(C)C,C22H36O6Si,MUWCYQZHKOGGOV-SFHVURJKSA-N
paper-ed2bb8684ec5aaae,8b,8b,Compound 8b,source_drawing_transcription,source_assigned_absolute_configuration,pending_independent_chemist_review,COCOc1cc(OC)c(C(C)=O)c(O[Si](C)(C)C(C)(C)C)c1C[C@H]1OC1(C)C,C22H36O6Si,MUWCYQZHKOGGOV-GOSISDBHSA-N
paper-ed2bb8684ec5aaae,9,9,Compound 9,source_drawing_transcription,explicit_racemate,pending_independent_chemist_review,COCOc1cc(OC)c(C(C)=O)c2c1CC(C(C)(C)O)O2,C16H22O6,KHUIPAVATWXXBW-UHFFFAOYSA-N
paper-ed2bb8684ec5aaae,9a,9a,Compound 9a,source_drawing_transcription,source_assigned_absolute_configuration,pending_independent_chemist_review,COCOc1cc(OC)c(C(C)=O)c2c1C[C@H](C(C)(C)O)O2,C16H22O6,KHUIPAVATWXXBW-CYBMUJFWSA-N
paper-ed2bb8684ec5aaae,9b,9b,Compound 9b,source_drawing_transcription,source_assigned_absolute_configuration,pending_independent_chemist_review,COCOc1cc(OC)c(C(C)=O)c2c1C[C@@H](C(C)(C)O)O2,C16H22O6,KHUIPAVATWXXBW-ZDUSSCGKSA-N
paper-ed2bb8684ec5aaae,propargyl-chloride,propargyl-chloride,Compound propargyl-chloride,source_drawing_transcription,,pending_independent_chemist_review,C#CC(C)(C)Cl,C5H7Cl,QSILYWCNPOLKPN-UHFFFAOYSA-N
paper-f01cc38f743d98f4,1,1,SI compound 1,source_drawing_transcription,,pending_independent_chemist_review,C[C@@H]1CC[C@@H]2[C@@H]3[C@H]1CC[C@](C)(OC2(C)C)[C@H]3O,C15H26O2,LEPZJUGXJVBWGQ-WZUGGRCDSA-N
paper-f01cc38f743d98f4,10,10,SI compound 10,source_drawing_transcription,,pending_independent_chemist_review,C=C(C)[C@@H]1CC[C@@H](C)[C@@H]2CCC(C)=C[C@@H]21,C15H24,HMTAHNDPLDKYJT-CBBWQLFWSA-N
paper-f01cc38f743d98f4,13,13,SI compound 13,source_drawing_transcription,,pending_independent_chemist_review,C=C(C)[C@@H]1CC[C@@H](C)[C@@H]2CC[C@@]3(C)O[C@H]3[C@@H]21,C15H24O,NVJMEJNOZCYMRG-ULXLPNHUSA-N
paper-f01cc38f743d98f4,14,14,SI compound 14,source_drawing_transcription,,pending_independent_chemist_review,C[C@@H]1CC[C@@H]2[C@@H]3[C@H]1CC[C@@](C)(OC(=O)c1ccc([N+](=O)[O-])cc1)[C@@H]3OC2(C)C,C22H29NO5,JXWJZYDYVBXLDH-NRMLWNTASA-N
paper-f01cc38f743d98f4,2,2,SI compound 2,source_drawing_transcription,,pending_independent_chemist_review,C[C@@H]1CC[C@@H]2[C@@H]3[C@H]1CC[C@@](C)(O)[C@@H]3OC2(C)C,C15H26O2,KBNLYDMXXATRTL-RGOPTCMMSA-N
paper-f01cc38f743d98f4,3,3,SI compound 3,source_drawing_transcription,,pending_independent_chemist_review,C[C@@H]1CC[C@@H](C(C)(C)O)[C@@H]2[C@H]1CC[C@@]1(C)O[C@@H]21,C15H26O2,BWJZBSITBJWYKF-YZDFOLFKSA-N
paper-f01cc38f743d98f4,PNBCl,PNBCl,SI compound PNBCl,source_drawing_transcription,,pending_independent_chemist_review,O=C(Cl)c1ccc([N+](=O)[O-])cc1,C7H4ClNO3,SKDHHIUENRGTHK-UHFFFAOYSA-N
paper-f0b88258787c03ae,10,10,2-(5-methoxy-2-(methoxymethoxy)-4-methylphenyl)acetic acid,source_drawing_transcription,Source-reported stereochemistry; canonical graph does not assert sample stereochemical purity,pending_independent_chemist_review,COCOc1cc(C)c(OC)cc1CC(=O)O,C12H16O5,RUVAFWDMAVWWLC-UHFFFAOYSA-N
paper-f0b88258787c03ae,11,11,1-Bromo-5-methoxy-2-(methoxymethoxy)-4-methylbenzene,source_drawing_transcription,Source-reported stereochemistry; canonical graph does not assert sample stereochemical purity,pending_independent_chemist_review,COCOc1cc(C)c(OC)cc1Br,C10H13BrO3,VQNDEQZFSOKAJN-UHFFFAOYSA-N
paper-f0b88258787c03ae,12,12,(R)-1-(1-iodo-3-methylbutan-2-yl)-5-methoxy-2-(methoxymethoxy)-4-methylbenzene,source_drawing_transcription,Source-reported stereochemistry; canonical graph does not assert sample stereochemical purity,pending_independent_chemist_review,COCOc1cc(C)c(OC)cc1[C@H](CI)C(C)C,C15H23IO3,JNDRUTFUVFKQBU-CYBMUJFWSA-N
paper-f0b88258787c03ae,13,13,source-drawn propargyllithium 13,source_drawing_transcription,Source-reported stereochemistry; canonical graph does not assert sample stereochemical purity,pending_independent_chemist_review,[Li][CH2]C#C[Si](C)(C)C,C6H11LiSi,PZXADZAUCUSIKE-UHFFFAOYSA-N
paper-f0b88258787c03ae,14a,14a,"(1R,5S)-1-isopropyl-9-methoxy-8-methyl-4-methylenespiro[4.5]deca-7,9-dien-6-one",source_drawing_transcription,Source-reported stereochemistry; canonical graph does not assert sample stereochemical purity,pending_independent_chemist_review,C=C1CC[C@H](C(C)C)[C@]12C=C(OC)C(C)=CC2=O,C16H22O2,NZZNAGIFFWUSSP-CJNGLKHVSA-N
paper-f0b88258787c03ae,14b,14b,"(1R,5R)-1-isopropyl-9-methoxy-8-methyl-4-methylenespiro[4.5]deca-7,9-dien-6-one",source_drawing_transcription,Source-reported stereochemistry; canonical graph does not assert sample stereochemical purity,pending_independent_chemist_review,C=C1CC[C@H](C(C)C)[C@@]12C=C(OC)C(C)=CC2=O,C16H22O2,NZZNAGIFFWUSSP-CZUORRHYSA-N
paper-f0b88258787c03ae,15,15,"(1R,4R,5R)-1-isopropyl-9-methoxy-4,8-dimethylspiro[4.5]deca-7,9-dien-6-one",source_drawing_transcription,Source-reported stereochemistry; canonical graph does not assert sample stereochemical purity,pending_independent_chemist_review,COC1=C[C@@]2(C(=O)C=C1C)[C@H](C)CC[C@@H]2C(C)C,C16H24O2,SSIHXPBRMQJMAB-XJKCOSOUSA-N
paper-f0b88258787c03ae,17,17,"(2'R,3R,5'R)-2'-isopropyl-5',6-dimethyl-7-oxaspiro[bicyclo[4.1.0]heptane-3,1'-cyclopentane]-2,5-dione",source_drawing_transcription,Source-reported stereochemistry; canonical graph does not assert sample stereochemical purity,pending_independent_chemist_review,CC(C)[C@H]1CC[C@@H](C)[C@]12CC(=O)C1(C)OC1C2=O,C15H22O3,XEVXZXDHSRLZFU-LHGXWBSOSA-N
paper-f0b88258787c03ae,18,18,"(1R,4R,5R)-7-hydroxy-1-isopropyl-4,8-dimethylspiro[4.5]dec-7-ene-6,9-dione",source_drawing_transcription,Source-reported stereochemistry; canonical graph does not assert sample stereochemical purity,pending_independent_chemist_review,CC1=C(O)C(=O)[C@]2(CC1=O)[C@H](C)CC[C@@H]2C(C)C,C15H22O3,AECQDIBRFXBRNX-XDMRBOTDSA-N
paper-f0b88258787c03ae,4,4,Rhodocorane C,source_drawing_transcription,Source-reported stereochemistry; canonical graph does not assert sample stereochemical purity,pending_independent_chemist_review,CC1=CC(=O)[C@]2(C(=O)C1=O)[C@H](C)CC[C@@H]2C(C)C,C15H20O3,AFVDYMFHZHCPNX-HFAKWTLXSA-N
paper-f0b88258787c03ae,5,5,Rhodocorane D,source_drawing_transcription,Source-reported stereochemistry; canonical graph does not assert sample stereochemical purity,pending_independent_chemist_review,CC1=C(N)C(=O)[C@]2(C(=O)C1=O)[C@H](C)CC[C@@H]2C(C)C,C15H21NO3,PIGBFRXBCWBHTG-FFIJEWMLSA-N
paper-f0b88258787c03ae,6,6,Rhodocorane E,source_drawing_transcription,Source-reported stereochemistry; canonical graph does not assert sample stereochemical purity,pending_independent_chemist_review,CC1=C(O)C(=O)[C@]2(C(=O)C1=O)[C@H](C)CC[C@@H]2C(C)C,C15H20O4,BQYFYCLMDKBLPO-FFIJEWMLSA-N
paper-f0b88258787c03ae,7,7,"(1R,4R,5R)-1-isopropyl-4,8-dimethylspiro[4.5]dec-7-ene-6,9-dione",source_drawing_transcription,Source-reported stereochemistry; canonical graph does not assert sample stereochemical purity,pending_independent_chemist_review,CC1=CC(=O)[C@]2(CC1=O)[C@H](C)CC[C@@H]2C(C)C,C15H22O2,DMFFNTTVMHLLDN-LALPHHSUSA-N
paper-f0b88258787c03ae,8,8,(R)-4-methoxy-5-methyl-2-(2-methylhept-6-yn-3-yl)phenol,source_drawing_transcription,Source-reported stereochemistry; canonical graph does not assert sample stereochemical purity,pending_independent_chemist_review,C#CCC[C@@H](c1cc(OC)c(C)cc1O)C(C)C,C16H22O2,MPECTURTYDKPPT-CYBMUJFWSA-N
paper-f0b88258787c03ae,9,9,(R)-2-(5-methoxy-2-(methoxymethoxy)-4-methylphenyl)-3-methylbutanoic acid,source_drawing_transcription,Source-reported stereochemistry; canonical graph does not assert sample stereochemical purity,pending_independent_chemist_review,COCOc1cc(C)c(OC)cc1[C@H](C(=O)O)C(C)C,C15H22O5,WXWJTOPPDXSQHD-CQSZACIVSA-N
paper-f0b88258787c03ae,ethyl-bromoacetate,,ethyl bromoacetate,procedural_interpretation,Source-reported stereochemistry; canonical graph does not assert sample stereochemical purity,pending_independent_chemist_review,CCOC(=O)CBr,C4H7BrO2,PQJJJMRNHATNKG-UHFFFAOYSA-N
paper-f0b88258787c03ae,iodopropane,,2-iodopropane,procedural_interpretation,Source-reported stereochemistry; canonical graph does not assert sample stereochemical purity,pending_independent_chemist_review,CC(C)I,C3H7I,FMKOJHQHASLBPH-UHFFFAOYSA-N
paper-f0b88258787c03ae,tms-propyne,,1-(trimethylsilyl)propyne,procedural_interpretation,Source-reported stereochemistry; canonical graph does not assert sample stereochemical purity,pending_independent_chemist_review,CC#C[Si](C)(C)C,C6H12Si,DCGLONGLPGISNX-UHFFFAOYSA-N
paper-f108ae1dc658cd85,10a,10a,"(3R,3aS,6S,7aS)-3a-(3,4-dimethoxyphenyl)-3,6-dimethoxy-1-tosyl-2,3,3a,6,7,7a-hexahydro-1H-indole",source_drawing_transcription,,pending_independent_chemist_review,COc1ccc([C@@]23C=C[C@@H](OC)C[C@@H]2N(S(=O)(=O)c2ccc(C)cc2)C[C@@H]3OC)cc1OC,C25H31NO6S,GHZDBHSHBYDQHI-RYCFVGSHSA-N
paper-f108ae1dc658cd85,10b,10b,"(3R,3aS,6S,7aS)-3a-(3,4-dimethoxyphenyl)-6-methoxy-1-tosyl-2,3,3a,6,7,7a-hexahydro-1H-indol-3-yl acetate",source_drawing_transcription,,pending_independent_chemist_review,COc1ccc([C@@]23C=C[C@@H](OC)C[C@@H]2N(S(=O)(=O)c2ccc(C)cc2)C[C@@H]3OC(C)=O)cc1OC,C26H31NO7S,XSUGEHLTPIJUHG-CHQQOIJLSA-N
paper-f108ae1dc658cd85,10b-free-amine,,Crude detosylated amine before cyclization,procedural_interpretation,,pending_independent_chemist_review,COc1ccc([C@@]23C=C[C@@H](OC)C[C@@H]2NC[C@@H]3OC(C)=O)cc1OC,C19H25NO5,CYKOFTTYGVXZLL-FCLVOEFKSA-N
paper-f108ae1dc658cd85,11,11,"(3S,4aS,10bR,11R)-3,8,9-trimethoxy-4,4a-dihydro-3H,6H-10b,5-ethanophenanthridin-11-yl acetate",source_drawing_transcription,,pending_independent_chemist_review,COc1cc2c(cc1OC)[C@]13C=C[C@@H](OC)C[C@@H]1N(C2)C[C@@H]3OC(C)=O,C20H25NO5,AXKGMPKXPWFZHQ-QRKUABHPSA-N
paper-f108ae1dc658cd85,1a,1a,(+)-Zephycitrine,source_drawing_transcription,,pending_independent_chemist_review,COc1cc2c(cc1OC)[C@]13C=C[C@@H](OC)C[C@@H]1N(C2)C[C@@H]3O,C18H23NO4,LIDPBBPVLVYZHF-PBZHRCKQSA-N
paper-f108ae1dc658cd85,3,3,"(3R,3aS,7aS)-3a-(3,4-dimethoxyphenyl)-1-tosyl-2,3,3a,6,7,7a-hexahydro-1H-indol-3-ol",source_drawing_transcription,,pending_independent_chemist_review,COc1ccc([C@@]23C=CCC[C@@H]2N(S(=O)(=O)c2ccc(C)cc2)C[C@@H]3O)cc1OC,C23H27NO5S,XWUHHVJBRYAVDN-VABKMULXSA-N
paper-f108ae1dc658cd85,4,4,"(S)-N-(3',4'-dimethoxy-2,3,4,5-tetrahydro-[1,1'-biphenyl]-2-yl)-4-methyl-N-(2-oxoethyl)benzenesulfonamide",source_drawing_transcription,,pending_independent_chemist_review,COc1ccc(C2=CCCC[C@@H]2N(CC=O)S(=O)(=O)c2ccc(C)cc2)cc1OC,C23H27NO5S,JETCTSGYSCURAQ-NRFANRHFSA-N
paper-f108ae1dc658cd85,5,5,"(R)-3',4'-dimethoxy-2,3,4,5-tetrahydro-[1,1'-biphenyl]-2-ol",source_drawing_transcription,,pending_independent_chemist_review,COc1ccc(C2=CCCC[C@H]2O)cc1OC,C14H18O3,WTJCEXLIRXILRS-GFCCVEGCSA-N
paper-f108ae1dc658cd85,6,6,"3',4'-dimethoxy-4,5-dihydro-[1,1'-biphenyl]-2(3H)-one",source_drawing_transcription,,pending_independent_chemist_review,COc1ccc(C2=CCCCC2=O)cc1OC,C14H16O3,ODLRVEVXIKJUQJ-UHFFFAOYSA-N
paper-f108ae1dc658cd85,7,7,"methyl (S)-N-(3',4'-dimethoxy-2,3,4,5-tetrahydro-[1,1'-biphenyl]-2-yl)-N-tosylglycinate",source_drawing_transcription,,pending_independent_chemist_review,COC(=O)CN([C@H]1CCCC=C1c1ccc(OC)c(OC)c1)S(=O)(=O)c1ccc(C)cc1,C24H29NO6S,NTYYQVKSDXUKFL-NRFANRHFSA-N
paper-f108ae1dc658cd85,7a,7a,"(S)-N-(3',4'-dimethoxy-2,3,4,5-tetrahydro-[1,1'-biphenyl]-2-yl)-N-(2-hydroxyethyl)-4-methylbenzenesulfonamide",source_drawing_transcription,,pending_independent_chemist_review,COc1ccc(C2=CCCC[C@@H]2N(CCO)S(=O)(=O)c2ccc(C)cc2)cc1OC,C23H29NO5S,RCXRGFLGFWDSKG-NRFANRHFSA-N
paper-f108ae1dc658cd85,8,8,"(3R,3aS,7aS)-3a-(3,4-dimethoxyphenyl)-1-tosyl-2,3,3a,6,7,7a-hexahydro-1H-indol-3-yl acetate",source_drawing_transcription,,pending_independent_chemist_review,COc1ccc([C@@]23C=CCC[C@@H]2N(S(=O)(=O)c2ccc(C)cc2)C[C@@H]3OC(C)=O)cc1OC,C25H29NO6S,SHAVUVQSJDBQDN-SDHOMARFSA-N
paper-f108ae1dc658cd85,9,9,"(3R,3aS,6S,7aS)-3a-(3,4-dimethoxyphenyl)-6-hydroxy-1-tosyl-2,3,3a,6,7,7a-hexahydro-1H-indol-3-yl acetate",source_drawing_transcription,,pending_independent_chemist_review,COc1ccc([C@@]23C=C[C@@H](O)C[C@@H]2N(S(=O)(=O)c2ccc(C)cc2)C[C@@H]3OC(C)=O)cc1OC,C25H29NO7S,VAMHXOCIKLCUOS-RYCFVGSHSA-N
paper-f108ae1dc658cd85,A,A,methyl N-tosylglycinate,source_drawing_transcription,,pending_independent_chemist_review,COC(=O)CNS(=O)(=O)c1ccc(C)cc1,C10H13NO4S,GYQBPYXMRNEAKZ-UHFFFAOYSA-N
paper-f108ae1dc658cd85,Eschenmoser-salt,,Eschenmoser's salt,source_drawing_transcription,,pending_independent_chemist_review,C=[N+](C)C.[I-],C3H8IN,VVDUZZGYBOWDSQ-UHFFFAOYSA-M
paper-f108ae1dc658cd85,SI-1,SI-1,2-iodocyclohex-2-en-1-one,source_drawing_transcription,,pending_independent_chemist_review,O=C1CCCC=C1I,C6H7IO,IPFSJCDRYRZTJU-UHFFFAOYSA-N
paper-f108ae1dc658cd85,SI-2,SI-2,"3,4-dimethoxyphenylboronic acid",source_drawing_transcription,,pending_independent_chemist_review,COc1ccc(B(O)O)cc1OC,C8H11BO4,RCVDPBFUMYUKPB-UHFFFAOYSA-N
paper-f108ae1dc658cd85,acetic-anhydride,,acetic anhydride,source_drawing_transcription,,pending_independent_chemist_review,CC(=O)OC(C)=O,C4H6O3,WFDIJRYMOXRFFG-UHFFFAOYSA-N
paper-f108ae1dc658cd85,iodomethane,,iodomethane,source_drawing_transcription,,pending_independent_chemist_review,CI,CH3I,INQOMBQAUSQDDS-UHFFFAOYSA-N
paper-f108ae1dc658cd85,rac-5,rac-5,Racemic alcohol 5,source_drawing_transcription,,pending_independent_chemist_review,COc1ccc(C2=CCCC[C@H]2O)cc1OC,C14H18O3,WTJCEXLIRXILRS-GFCCVEGCSA-N
paper-f1d4d3ac12fade5a,10,10,SI compound 10,source_drawing_transcription,,pending_independent_chemist_review,COc1ccc(I)cc1C=O,C8H7IO2,PIRKMHAREMCDPZ-UHFFFAOYSA-N
paper-f1d4d3ac12fade5a,4,4,paliurine E,source_drawing_transcription,,pending_independent_chemist_review,CC[C@H](C)[C@@H]1NC(=O)[C@@H]2[C@H](CCN2C(=O)[C@H](Cc2ccccc2)N(C)C)Oc2ccc(OC)c(c2)/C=C\NC1=O,C31H40N4O5,HNXUZKFGAGMGCX-GDLQCYRASA-N
paper-f1d4d3ac12fade5a,5,5,SI compound 5,source_drawing_transcription,,pending_independent_chemist_review,CC[C@H](C)[C@H](NC(=O)[C@@H]1[C@@H](O)CCN1C(=O)[C@H](Cc1ccccc1)N(C)C)C(N)=O,C22H34N4O4,YIVYSUAQEQYHSD-GBBGEASQSA-N
paper-f1d4d3ac12fade5a,6,6,SI compound 6,source_drawing_transcription,source_Z_major,pending_independent_chemist_review,COc1ccc(I)cc1/C=C\I,C9H8I2O,BUFVBTIFXHILQZ-PLNGDYQASA-N
paper-f1d4d3ac12fade5a,7,7,"N-Boc-(2S,3S)-3-hydroxyproline",source_drawing_transcription,,pending_independent_chemist_review,CC(C)(C)OC(=O)N1CC[C@H](O)[C@H]1C(=O)O,C10H17NO5,JLDHXHPQMBNKMC-BQBZGAKWSA-N
paper-f1d4d3ac12fade5a,8,8,SI compound 8,source_drawing_transcription,,pending_independent_chemist_review,CC[C@H](C)[C@H](NC(=O)[C@@H]1[C@@H](O)CCN1C(=O)OC(C)(C)C)C(N)=O,C16H29N3O5,AJWSDMAILYCZPC-BJDJZHNGSA-N
paper-f1d4d3ac12fade5a,9,9,salicylaldehyde,source_drawing_transcription,,pending_independent_chemist_review,O=Cc1ccccc1O,C7H6O2,SMQUZDBALVYZAC-UHFFFAOYSA-N
paper-f1d4d3ac12fade5a,Ile-amide,Ile-amide,L-isoleucinamide,source_drawing_transcription,,pending_independent_chemist_review,CC[C@H](C)[C@H](N)C(N)=O,C6H14N2O,JDAMFKGXSUOWBV-WHFBIAKZSA-N
paper-f1d4d3ac12fade5a,Me2Phe,Me2Phe,"N,N-dimethyl-L-phenylalanine",source_drawing_transcription,,pending_independent_chemist_review,CN(C)[C@@H](Cc1ccccc1)C(=O)O,C11H15NO2,HOGIQTACRLIOHC-JTQLQIEISA-N
paper-f1d4d3ac12fade5a,S1,S1,SI compound S1,source_drawing_transcription,source_Z_assignment_conflicting_ratio_text,pending_independent_chemist_review,CC[C@H](C)[C@H](NC(=O)[C@@H]1[C@@H](O)CCN1C(=O)OC(C)(C)C)C(=O)N/C=C\c1cc(I)ccc1OC,C25H36IN3O6,SUZMBQKTCKWSTG-WRFCVBCGSA-N
paper-f1d4d3ac12fade5a,S2,S2,SI compound S2,source_drawing_transcription,,pending_independent_chemist_review,CC[C@H](C)[C@@H]1NC(=O)[C@@H]2[C@H](CCN2C(=O)OC(C)(C)C)Oc2ccc(OC)c(c2)/C=C\NC1=O,C25H35N3O6,MTRTVJPPRFTJHN-BMLKJEJGSA-N
paper-f1d4d3ac12fade5a,S3,S3,SI compound S3,source_drawing_transcription,,pending_independent_chemist_review,O=Cc1cc(I)ccc1O,C7H5IO2,PDFVIWFKGYODKD-UHFFFAOYSA-N
paper-f1d4d3ac12fade5a,S4,S4,dipeptide hydrochloride,source_drawing_transcription,,pending_independent_chemist_review,CC[C@H](C)[C@H](NC(=O)[C@H]1[NH2+]CC[C@@H]1O)C(N)=O.[Cl-],C11H22ClN3O3,OOZPJSLPOZFCEG-GONFKSLHSA-N
paper-f1d4d3ac12fade5a,Wittig-salt,Wittig-salt,iodomethyltriphenylphosphonium iodide,source_drawing_transcription,,pending_independent_chemist_review,IC[P+](c1ccccc1)(c1ccccc1)c1ccccc1.[I-],C19H17I2P,NAVMMSRRNOXQMJ-UHFFFAOYSA-M
paper-f1d4d3ac12fade5a,Z-11,Z-11,SI compound Z-11,source_drawing_transcription,,pending_independent_chemist_review,CC[C@H](C)[C@H](NC(=O)[C@@H]1[C@@H](O)CCN1C(=O)[C@H](Cc1ccccc1)N(C)C)C(=O)N/C=C\c1cc(I)ccc1OC,C31H41IN4O5,ZFVRPHCTZJIQLZ-UUJRSGAMSA-N
paper-f30e351117a5b6cc,1,1,(+)-Bisabosqual A,source_drawing_transcription,,pending_independent_chemist_review,CC(C)=CCC[C@]1(C)Oc2cc(C=O)c(C=O)c3c2[C@H]2[C@@H](O3)[C@@](C)(O)CC[C@H]21,C23H28O5,JBVANMOFCVQYLP-MQRVUQIVSA-N
paper-f30e351117a5b6cc,18,18,Source compound 18,source_drawing_transcription,,pending_independent_chemist_review,C=C(C(=O)OC)C(=O)OC,C6H8O4,KTLZQSZGORXBED-UHFFFAOYSA-N
paper-f30e351117a5b6cc,19,19,Source compound 19,source_drawing_transcription,,pending_independent_chemist_review,C=CO[Si](C)(C)C,C5H12OSi,HFTNNOZFRQLFQB-UHFFFAOYSA-N
paper-f30e351117a5b6cc,24,24,Source compound 24,source_drawing_transcription,,pending_independent_chemist_review,[CH2-]CC=C(C)C.[Li+],C6H11Li,RUGJJSGAWMCRQS-UHFFFAOYSA-N
paper-f30e351117a5b6cc,3,3,(-)-Bisabosqual F,source_drawing_transcription,,pending_independent_chemist_review,CC(C)=CCC[C@]1(C)Oc2cc3c(c4c2[C@H]2[C@@H](O4)[C@@](C)(O)CC[C@H]21)C(=O)OC3,C23H28O5,QZAMLQUPBWZQNJ-NTTBKCQASA-N
paper-f30e351117a5b6cc,3-diol,,Source compound 3-diol,procedural_interpretation,,pending_independent_chemist_review,CC(C)=CCC[C@]1(C)Oc2cc(CO)c(CO)c3c2[C@H]2[C@@H](O3)[C@@](C)(O)CC[C@H]21,C23H32O5,ZMZSSMNQQCNJHM-MQRVUQIVSA-N
paper-f30e351117a5b6cc,47,47,Source compound 47,source_drawing_transcription,,pending_independent_chemist_review,COc1cc(COC(C)(C)C)cc(OC)c1/C=C/C(=O)F,C16H21FO4,XNYVHAAXUVKYKQ-VOTSOKGWSA-N
paper-f30e351117a5b6cc,52c,52c,Source compound 52c,source_drawing_transcription,,pending_independent_chemist_review,COC(=O)C1(C(=O)OC)CC[C@H]2OC(=O)[C@H]2[C@@H]1c1c(OC)cc(COC(C)(C)C)cc1OC,C24H32O9,ZWDDDWWWUMOGQD-ZMYBRWDISA-N
paper-f30e351117a5b6cc,54c,54c,Source compound 54c,source_drawing_transcription,,pending_independent_chemist_review,COc1cc(COC(C)(C)C)cc2c1[C@H]1C=CCC[C@H]1C(=O)O2,C19H24O4,KPNUNZMDKLRYON-UONOGXRCSA-N
paper-f30e351117a5b6cc,55-E,55-E,Source compound 55-E,procedural_interpretation,,pending_independent_chemist_review,COC(=O)C(C/C=C/OC(=O)/C=C/c1c(OC)cc(COC(C)(C)C)cc1OC)C(=O)OC,C24H32O9,IGXTWUSLGTUUOF-HKCCEGKBSA-N
paper-f30e351117a5b6cc,55-Z,55-Z,Source compound 55-Z,source_drawing_transcription,,pending_independent_chemist_review,COC(=O)C(C/C=C\OC(=O)/C=C/c1c(OC)cc(COC(C)(C)C)cc1OC)C(=O)OC,C24H32O9,IGXTWUSLGTUUOF-LMWGADSXSA-N
paper-f30e351117a5b6cc,56,56,Source compound 56,source_drawing_transcription,,pending_independent_chemist_review,COc1cc(COC(C)(C)C)cc(OC)c1[C@H]1C=CCC[C@H]1C(=O)N(C)OC,C22H33NO5,OQKHIKFQYGKLHS-DLBZAZTESA-N
paper-f30e351117a5b6cc,57,57,Source compound 57,source_drawing_transcription,,pending_independent_chemist_review,COc1cc(COC(C)(C)C)cc(OC)c1[C@H]1C=CCC[C@H]1C(=O)CCC=C(C)C,C26H38O4,WKWBYKIFNWGSQD-RTWAWAEBSA-N
paper-f30e351117a5b6cc,57-methyl-adduct,,Source compound 57-methyl-adduct,procedural_interpretation,,pending_independent_chemist_review,COc1cc(COC(C)(C)C)cc(OC)c1[C@H]1C=CCC[C@H]1[C@](C)(O)CCC=C(C)C,C27H42O4,HXSLQKKPMGFIQH-OREGWCPLSA-N
paper-f30e351117a5b6cc,58,58,Source compound 58,source_drawing_transcription,,pending_independent_chemist_review,CC(C)=CCC[C@@](C)(O)[C@@H]1CCC=C[C@@H]1c1c(O)cc(CO)cc1O,C21H30O4,JPQRTGPCWNMTTC-CSODHUTKSA-N
paper-f30e351117a5b6cc,59,59,Source compound 59,source_drawing_transcription,,pending_independent_chemist_review,CC(C)=CCC[C@]1(C)Oc2cc(Cc3ccccc3)cc(O)c2[C@H]2C=CCC[C@H]21,C27H32O2,WODWNFFINZAMAK-OBTVHEKISA-N
paper-f30e351117a5b6cc,60a,60a,Source compound 60a,source_drawing_transcription,,pending_independent_chemist_review,CC(C)=CCC[C@]1(C)Oc2cc(COS(=O)(=O)c3ccc(C)cc3)cc(O)c2[C@H]2C=CCC[C@H]21,C28H34O5S,KNRDGQIVXIPCGF-JPYHZWLXSA-N
paper-f30e351117a5b6cc,60b,60b,Source compound 60b,source_drawing_transcription,,pending_independent_chemist_review,CC(C)=CCC[C@]1(C)Oc2cc(CO)cc(O)c2[C@H]2C=CCC[C@H]21,C21H28O3,BWRRPPBDZQRXMR-FVJLSDCUSA-N
paper-f30e351117a5b6cc,61a,61a,Source compound 61a,source_drawing_transcription,,pending_independent_chemist_review,CC(C)(CCC[C@]1(C)Oc2cc(COC(=O)C(F)(F)F)cc(O)c2[C@H]2C=CCC[C@H]21)OC(=O)C(F)(F)F,C25H28F6O6,QNFWSDKQOWTPIW-PXAQALGRSA-N
paper-f30e351117a5b6cc,61b,61b,Source compound 61b,source_drawing_transcription,,pending_independent_chemist_review,CC(C)(CCC[C@]1(C)Oc2cc(CO)cc(O)c2[C@H]2C=CCC[C@H]21)OC(=O)C(F)(F)F,C23H29F3O5,FRKZYFWXBUTEIA-DMPWYTOCSA-N
paper-f30e351117a5b6cc,62a,62a,Source compound 62a,source_drawing_transcription,,pending_independent_chemist_review,CC(C)(CCC[C@]1(C)Oc2cc(COC(=O)C(F)(F)F)c(C=O)c(O)c2[C@H]2C=CCC[C@H]21)OC(=O)C(F)(F)F,C26H28F6O7,ZFHIXKLVHRWRNQ-ICKUNSISSA-N
paper-f30e351117a5b6cc,62b,62b,Source compound 62b,source_drawing_transcription,,pending_independent_chemist_review,CC(C)(Cl)CCC[C@]1(C)Oc2cc(COC(=O)C(F)(F)F)c(C=O)c(O)c2[C@H]2C=CCC[C@H]21,C24H28ClF3O5,BGYZROKIQQQQOL-JCEJCQQGSA-N
paper-f30e351117a5b6cc,64,64,Source compound 64,source_drawing_transcription,,pending_independent_chemist_review,CC(C)(Cl)CCC[C@]1(C)Oc2cc3c(c(O)c2[C@H]2C=CCC[C@H]21)C(=O)OC3,C22H27ClO4,SLWWESMKPWTOJH-KIMHZCHSSA-N
paper-f30e351117a5b6cc,64-productive-epoxide,,Source compound 64-productive-epoxide,procedural_interpretation,,pending_independent_chemist_review,CC(C)(Cl)CCC[C@]1(C)Oc2cc3c(c(O)c2[C@H]2[C@@H]4O[C@@H]4CC[C@H]21)C(=O)OC3,C22H27ClO5,XTGAIULSLUPFQV-AAIMEMBOSA-N
paper-f30e351117a5b6cc,65,65,Source compound 65,source_drawing_transcription,,pending_independent_chemist_review,CC(C)(Cl)CCC[C@]1(C)Oc2cc3c(c4c2[C@H]2[C@@H](O4)[C@H](O)CC[C@H]21)C(=O)OC3,C22H27ClO5,LJOIIKYYXBRIAY-HKJFIZFOSA-N
paper-f30e351117a5b6cc,66,66,Source compound 66,source_drawing_transcription,,pending_independent_chemist_review,CC(C)(Cl)CCC[C@]1(C)Oc2cc3c(c(O)c2[C@H]2[C@H]4O[C@H]4CC[C@H]21)C(=O)OC3,C22H27ClO5,XTGAIULSLUPFQV-KNFIEULWSA-N
paper-f30e351117a5b6cc,67,67,Source compound 67,source_drawing_transcription,,pending_independent_chemist_review,CC(C)=CCC[C@]1(C)Oc2cc3c(c4c2[C@H]2[C@@H](O4)[C@H](O)CC[C@H]21)C(=O)OC3,C22H26O5,ZGMRNFJANWFZNR-BHBCQUSDSA-N
paper-f30e351117a5b6cc,SI17,SI17,Source compound SI17,source_drawing_transcription,,pending_independent_chemist_review,COc1cc(COC(C)(C)C)cc(OC)c1,C13H20O3,XWMCKUHTZJPJMR-UHFFFAOYSA-N
paper-f30e351117a5b6cc,SI18,SI18,Source compound SI18,source_drawing_transcription,,pending_independent_chemist_review,COc1cc(COC(C)(C)C)cc(OC)c1C=O,C14H20O4,FXCYDNSZMNDDHP-UHFFFAOYSA-N
paper-f30e351117a5b6cc,SI19,SI19,Source compound SI19,source_drawing_transcription,,pending_independent_chemist_review,COc1cc(COC(C)(C)C)cc(OC)c1/C=C/C(=O)O,C16H22O5,FQUHUGBIJBULOZ-VOTSOKGWSA-N
paper-f30e351117a5b6cc,SI20,SI20,Source compound SI20,source_drawing_transcription,,pending_independent_chemist_review,COc1cc(COC(C)(C)C)cc(O)c1[C@H]1C=CCC[C@H]1C(=O)N(C)OC,C21H31NO5,AWIXSWUUWUMASB-JKSUJKDBSA-N
paper-f30e351117a5b6cc,SI21,SI21,Source compound SI21,source_drawing_transcription,,pending_independent_chemist_review,CC(C)(CCC[C@]1(C)Oc2cc(CO)cc(O)c2[C@H]2C=CCC[C@H]21)OC(=O)C(F)(F)F,C23H29F3O5,FRKZYFWXBUTEIA-DMPWYTOCSA-N
paper-f30e351117a5b6cc,SI22,SI22,Source compound SI22,source_drawing_transcription,,pending_independent_chemist_review,CC(C)=CCC[C@]1(C)Oc2cc3c(c4c2[C@@H]2[C@H]1CCC(=O)[C@@H]2O4)C(=O)OC3,C22H24O5,WOBKSHIXBUZCJF-LNWIONQCSA-N
paper-f30e351117a5b6cc,THF-feedstock,,Source compound THF-feedstock,source_drawing_transcription,,pending_independent_chemist_review,C1CCOC1,C4H8O,WYURNTSHIVDZCO-UHFFFAOYSA-N
paper-f30e351117a5b6cc,arene-alcohol,,Source compound arene-alcohol,source_drawing_transcription,,pending_independent_chemist_review,COc1cc(CO)cc(OC)c1,C9H12O3,AUDBREYGQOXIFT-UHFFFAOYSA-N
paper-f30e351117a5b6cc,bromo-sidechain,,Source compound bromo-sidechain,source_drawing_transcription,,pending_independent_chemist_review,CC(C)=CCCBr,C6H11Br,UNXURIHDFUQNOC-UHFFFAOYSA-N
paper-f30e351117a5b6cc,cis-53c,cis-53c,Source compound cis-53c,source_drawing_transcription,,pending_independent_chemist_review,COC(=O)[C@@H]1CCC=C[C@@H]1c1c(OC)cc(COC(C)(C)C)cc1OC,C21H30O5,BBDSGPYLCZKUJN-JKSUJKDBSA-N
paper-f30e351117a5b6cc,dimethyl-malonate,,Source compound dimethyl-malonate,source_drawing_transcription,,pending_independent_chemist_review,COC(=O)CC(=O)OC,C5H8O4,BEPAFCGSDWSTEL-UHFFFAOYSA-N
paper-f30e351117a5b6cc,epi-59,epi-59,Source compound epi-59,procedural_interpretation,,pending_independent_chemist_review,CC(C)=CCC[C@@]1(C)Oc2cc(Cc3ccccc3)cc(O)c2[C@H]2C=CCC[C@H]21,C27H32O2,WODWNFFINZAMAK-QHWMMSMNSA-N
paper-f30e351117a5b6cc,epi-61a,epi-61a,Source compound epi-61a,procedural_interpretation,,pending_independent_chemist_review,CC(C)(CCC[C@@]1(C)Oc2cc(COC(=O)C(F)(F)F)cc(O)c2[C@H]2C=CCC[C@H]21)OC(=O)C(F)(F)F,C25H28F6O6,QNFWSDKQOWTPIW-NXHTTZLHSA-N
paper-f30e351117a5b6cc,epi-62a,epi-62a,Source compound epi-62a,procedural_interpretation,,pending_independent_chemist_review,CC(C)(CCC[C@@]1(C)Oc2cc(COC(=O)C(F)(F)F)c(C=O)c(O)c2[C@H]2C=CCC[C@H]21)OC(=O)C(F)(F)F,C26H28F6O7,ZFHIXKLVHRWRNQ-KPNPRUKOSA-N
paper-f30e351117a5b6cc,epi-62b,epi-62b,Source compound epi-62b,procedural_interpretation,,pending_independent_chemist_review,CC(C)(Cl)CCC[C@@]1(C)Oc2cc(COC(=O)C(F)(F)F)c(C=O)c(O)c2[C@H]2C=CCC[C@H]21,C24H28ClF3O5,BGYZROKIQQQQOL-XSSDXNQZSA-N
paper-f30e351117a5b6cc,epi-64,epi-64,Source compound epi-64,source_drawing_transcription,,pending_independent_chemist_review,CC(C)(Cl)CCC[C@@]1(C)Oc2cc3c(c(O)c2[C@H]2C=CCC[C@H]21)C(=O)OC3,C22H27ClO4,SLWWESMKPWTOJH-SMASLZHESA-N
paper-f30e351117a5b6cc,exo-67,exo-67,Source compound exo-67,source_drawing_transcription,,pending_independent_chemist_review,C=C(C)CCC[C@]1(C)Oc2cc3c(c4c2[C@H]2[C@@H](O4)[C@H](O)CC[C@H]21)C(=O)OC3,C22H26O5,YEXQEHNPRWUDJF-BHBCQUSDSA-N
paper-f30e351117a5b6cc,malonic-acid,,Source compound malonic-acid,source_drawing_transcription,,pending_independent_chemist_review,O=C(O)CC(=O)O,C3H4O4,OFOBLEOULBTSOW-UHFFFAOYSA-N
paper-f30e351117a5b6cc,rac-11,rac-11,Source compound rac-11,source_drawing_transcription,,pending_independent_chemist_review,COC(=O)C1(C(=O)OC)CCC1O[Si](C)(C)C,C11H20O5Si,OKZBXKDZIPHFSN-UHFFFAOYSA-N
paper-f30e351117a5b6cc,tert-butanol,,Source compound tert-butanol,source_drawing_transcription,,pending_independent_chemist_review,CC(C)(C)O,C4H10O,DKGAVHZHDRPRBM-UHFFFAOYSA-N
paper-f30e351117a5b6cc,trans-53c,trans-53c,Source compound trans-53c,source_drawing_transcription,,pending_independent_chemist_review,COC(=O)[C@H]1CCC=C[C@@H]1c1c(OC)cc(COC(C)(C)C)cc1OC,C21H30O5,BBDSGPYLCZKUJN-HOTGVXAUSA-N
paper-f30e351117a5b6cc,trans-56,trans-56,Source compound trans-56,source_drawing_transcription,,pending_independent_chemist_review,COc1cc(COC(C)(C)C)cc(OC)c1[C@H]1C=CCC[C@@H]1C(=O)N(C)OC,C22H33NO5,OQKHIKFQYGKLHS-IRXDYDNUSA-N
paper-f6b5505f9a462a36,13,13,SI compound 13,source_drawing_transcription,"Source wedge-defined absolute centers encoded; any other stereocenter remains unresolved, not inferred.",pending_independent_chemist_review,Cc1cc2ccccc2[nH]1,C9H9N,BHNHHSOHWZKFOX-UHFFFAOYSA-N
paper-f6b5505f9a462a36,14,14,SI compound 14,source_drawing_transcription,Source explicitly R sulfinylimine; imine E/Z unresolved at this stage.,pending_independent_chemist_review,Cc1c(C=N[S@@](=O)C(C)(C)C)c2ccccc2n1S(=O)(=O)c1ccccc1,C20H22N2O3S2,OUZAFUWTOFVONL-SANMLTNESA-N
paper-f6b5505f9a462a36,15,15,SI compound 15,source_drawing_transcription,"Source wedge-defined absolute centers encoded; any other stereocenter remains unresolved, not inferred.",pending_independent_chemist_review,C=C(CCO[Si](C(C)C)(C(C)C)C(C)C)C(=O)OC,C15H30O3Si,LOPIUUQCDUTUCX-UHFFFAOYSA-N
paper-f6b5505f9a462a36,16,16,SI compound 16,source_drawing_transcription,"Source wedge-defined absolute centers encoded; any other stereocenter remains unresolved, not inferred.",pending_independent_chemist_review,C=CCN([C@@H]1c2c(n(S(=O)(=O)c3ccccc3)c3ccccc23)CC[C@]1(CCO[Si](C(C)C)(C(C)C)C(C)C)C(=O)OC)[S@@](=O)C(C)(C)C,C38H56N2O6S2Si,GVRFYDATHCARHU-RNVBZZRDSA-N
paper-f6b5505f9a462a36,17,17,SI compound 17,source_drawing_transcription,"Source wedge-defined absolute centers encoded; any other stereocenter remains unresolved, not inferred.",pending_independent_chemist_review,CC(C)[Si](OCC[C@@]12C=CCN([S@@](=O)C(C)(C)C)[C@@H]1c1c(n(S(=O)(=O)c3ccccc3)c3ccccc13)CC2)(C(C)C)C(C)C,C36H52N2O4S2Si,MRODHECVMNMBMZ-ACXZJHFHSA-N
paper-f6b5505f9a462a36,18,18,SI compound 18,source_drawing_transcription,"Source wedge-defined absolute centers encoded; any other stereocenter remains unresolved, not inferred.",pending_independent_chemist_review,CC(C)[Si](OCC[C@@]12C=CCN(CCO)[C@@H]1c1c(n(S(=O)(=O)c3ccccc3)c3ccccc13)CC2)(C(C)C)C(C)C,C34H48N2O4SSi,SPDYFXPCBJMMKV-NOCHOARKSA-N
paper-f6b5505f9a462a36,19,19,SI compound 19,source_drawing_transcription,"Source wedge-defined absolute centers encoded; any other stereocenter remains unresolved, not inferred.",pending_independent_chemist_review,COC(=O)C1=C2Nc3ccccc3[C@@]23CCN2CC=C[C@@](CCO)(C1)[C@H]23,C21H24N2O3,VHXBOPKXNCSODP-HBMCJLEFSA-N
paper-f6b5505f9a462a36,20,20,SI compound 20,source_drawing_transcription,"Source wedge-defined absolute centers encoded; any other stereocenter remains unresolved, not inferred.",pending_independent_chemist_review,COC(=O)C1=C2Nc3ccccc3[C@@]23CCN2CC=C[C@@](CCOC(=O)c4ccc([N+](=O)[O-])cc4)(C1)[C@H]23,C28H27N3O6,LCULWOJEDPQUBA-IARZGTGTSA-N
paper-f6b5505f9a462a36,21,21,SI compound 21,source_drawing_transcription,"Reporteddr11:1; major structure drawn, C3 cyanide face unresolved in present transcription; mixture yield not split.",pending_independent_chemist_review,COC(=O)C1=C2Nc3ccccc3[C@@]23CCN2C(C#N)C[C@@H]4OCC[C@]4(C1)[C@H]23,C22H23N3O3,RBDGTIBLZSPPSI-UOVDPJKCSA-N
paper-f6b5505f9a462a36,22,22,SI compound 22,source_drawing_transcription,"Source wedge-defined absolute centers encoded; any other stereocenter remains unresolved, not inferred.",pending_independent_chemist_review,COC(=O)C1=C2Nc3c(OC)cccc3[C@@]23CCN2CC[C@@H]4OCC[C@]4(C1)[C@H]23,C22H26N2O4,ZNSYUJIWGALMLV-ZIPUMODLSA-N
paper-f6b5505f9a462a36,23,23,SI compound 23,source_drawing_transcription,Main drawn indoline reduction product; C2/C16 stereochemistry unspecified pending SI/source-detail review.,pending_independent_chemist_review,COc1cccc2c1NC1C(CO)C[C@]34CCO[C@H]3CCN3CC[C@]21[C@@H]34,C21H28N2O3,PGFAEMSVJBJLMJ-KTBPRTOLSA-N
paper-f6b5505f9a462a36,24,24,SI compound 24,source_drawing_transcription,"Source wedge-defined absolute centers encoded; any other stereocenter remains unresolved, not inferred.",pending_independent_chemist_review,C=[N+](C)C.[I-],C3H8IN,VVDUZZGYBOWDSQ-UHFFFAOYSA-M
paper-f6b5505f9a462a36,26,26,SI compound 26,source_drawing_transcription,Author states C14 stereochemistry initially undetermined and later only likely same as3. C14/C3 left unspecified; single diastereomer isolated.,pending_independent_chemist_review,COC(=O)C1=C2Nc3ccccc3[C@@]23CCN2C(C#N)C4(CC5=C6N(C4)c4c(OC)cccc4[C@@]64CCN6CC[C@@H]7OCC[C@]7(C5)[C@H]64)[C@@H]4OCC[C@]4(C1)[C@H]23,C44H47N5O5,RYUREUOIFWVDHY-VMPRXZBUSA-N
paper-f6b5505f9a462a36,29,29,SI compound 29,source_drawing_transcription,"Tentative ring-opened structure: authors say seems plausible by2DNMR, not a definitive assignment. New/stated-uncertain centers remain unspecified.",pending_independent_chemist_review,COC(=O)C1=C2Nc3ccccc3[C@@]23CCN2C(C#N)C4(CC5C[C@]67CCO[C@H]6CCN(CCc6c5n(c5c(OC)cccc65)C4)C7)[C@@H]4OCC[C@]4(C1)[C@H]23,C44H49N5O5,BQEQUKIWXPGSAA-DTHFXNLBSA-N
paper-f6b5505f9a462a36,3,3,SI compound 3,source_drawing_transcription,"C14 spiroface transcribed from sourceScheme5 hashed C14-C22 bond, supported by sourceNOESY; remaining inherited stereocenters retained from source5.",pending_independent_chemist_review,COC(=O)C1=C2Nc3ccccc3[C@@]23CCN2C[C@@]4(CC5=C6N(C4)c4c(OC)cccc4[C@@]64CCN6CC[C@@H]7OCC[C@]7(C5)[C@H]64)[C@@H]4OCC[C@]4(C1)[C@H]23,C43H48N4O5,ZOHOIFNOQXLADO-ZCYQQEHDSA-N
paper-f6b5505f9a462a36,31,31,SI compound 31,source_drawing_transcription,Isolated homodimer; new upperC3 face remains unspecified because connecting bond is unwedged.,pending_independent_chemist_review,COC(=O)C1=C2Nc3ccccc3[C@@]23CCN2C=C(C4C[C@@H]5OCC[C@@]56CC(C(=O)OC)=C5Nc7ccccc7[C@@]57CCN4[C@@H]67)[C@@H]4OCC[C@]4(C1)[C@H]23,C42H44N4O6,VAOZTZWJIZLNQE-JAKKILOBSA-N
paper-f6b5505f9a462a36,5,5,SI compound 5,source_drawing_transcription,"Source wedge-defined absolute centers encoded; any other stereocenter remains unresolved, not inferred.",pending_independent_chemist_review,COC(=O)C1=C2Nc3ccccc3[C@@]23CCN2CC[C@@H]4OCC[C@]4(C1)[C@H]23,C21H24N2O3,VCQDLWMBEJFDFJ-DVWBAYGPSA-N
paper-f6b5505f9a462a36,9,9,SI compound 9,source_drawing_transcription,"Source wedge-defined absolute centers encoded; any other stereocenter remains unresolved, not inferred.",pending_independent_chemist_review,C=C1C[C@]23CCO[C@H]2CCN2CC[C@]4(C1=Nc1c(OC)cccc14)[C@@H]23,C21H24N2O2,VWOQPJWXUJHTQG-DVWBAYGPSA-N
paper-fc94daed8713ef1e,1,1,SI compound 1,source_drawing_transcription,,pending_independent_chemist_review,C=CC[C@]1(C)[C@@H](C#CC)[C@@H]2[C@@H](CC=C(C)C)[C@H](C)CC[C@@H]2C1(C)C,C24H38,DMOHCXCOFFZOJU-HFAAFMBOSA-N
paper-fc94daed8713ef1e,15,15,SI compound 15,source_drawing_transcription,source_unmarked_carbinol_center,pending_independent_chemist_review,C=CC[C@@]1(C)C(C)(C)C2=C([C@@H](CC=C(C)C)[C@H](C)CC2)C1(O)C(=C)OCC,C25H40O2,UDFZKZCWYBSUSM-NUFGEUAZSA-N
paper-fc94daed8713ef1e,16,16,SI compound 16,source_drawing_transcription,,pending_independent_chemist_review,C=CC[C@]1(C)C(C(C)=O)=C2C(=CC[C@@H](C)[C@@H]2CC=C(C)C)C1(C)C,C23H34O,CSKXAFVZRDOYRT-WLENULPWSA-N
paper-fc94daed8713ef1e,17,17,SI compound 17,source_drawing_transcription,source_unmarked_carbinol_center,pending_independent_chemist_review,C=CC[C@@]1(C)C(C)(C)C2=C([C@@H](CC=C(C)C)[C@H](C)CC2)C1(O)C(C)=O,C23H36O2,MOAIBULKDQPGDF-NIOPORGNSA-N
paper-fc94daed8713ef1e,18,18,SI compound 18,source_drawing_transcription,,pending_independent_chemist_review,C=CC[C@]1(C)[C@H](C(C)=O)C2=C(CC[C@@H](C)[C@@H]2CC=C(C)C)C1(C)C,C23H36O,BULJHERBLHRNFS-QBXAIUQQSA-N
paper-fc94daed8713ef1e,19,19,SI compound 19,source_drawing_transcription,C3_wavy_diastereomeric_mixture,pending_independent_chemist_review,C=CCOC(=O)C1(CCCOCc2ccccc2)C(=O)C2=C(CC[C@@H](C)[C@@H]2CC=C(C)C)C1(C)C,C31H42O4,RSWDWHOAHYGPSR-NQNUOMTCSA-N
paper-fc94daed8713ef1e,2,2,SI compound 2,source_drawing_transcription,,pending_independent_chemist_review,C=CC[C@]1(CCC=O)C(=O)[C@H]2[C@@H](CC=C(C)C)[C@H](C)CC[C@@H]2C1(C)C,C23H36O2,LQHUXOZCWAASMF-FYTJFPQHSA-N
paper-fc94daed8713ef1e,20,20,SI compound 20,source_drawing_transcription,,pending_independent_chemist_review,C=CC[C@]1(CCCOCc2ccccc2)C(=O)C2=C(CC[C@@H](C)[C@@H]2CC=C(C)C)C1(C)C,C30H42O2,XIAVGWRKIRMFGY-BWQBABIRSA-N
paper-fc94daed8713ef1e,21,21,SI compound 21,source_drawing_transcription,,pending_independent_chemist_review,C=CC[C@]1(CCCO)C(=O)[C@H]2[C@@H](CC=C(C)C)[C@H](C)CC[C@@H]2C1(C)C,C23H38O2,ONHTYKAXGIETRZ-FYTJFPQHSA-N
paper-fc94daed8713ef1e,22,22,SI compound 22,source_drawing_transcription,,pending_independent_chemist_review,C=CC[C@]12CC[C@H](O)[C@@]1(O)[C@H]1[C@@H](CC=C(C)C)[C@H](C)CC[C@@H]1C2(C)C,C23H38O2,OFIKZEYXFVEPBQ-RBUUZVBHSA-N
paper-fc94daed8713ef1e,23,23,SI compound 23,source_drawing_transcription,,pending_independent_chemist_review,C=CC[C@]12CCC(=O)C1=C1[C@@H](CC=C(C)C)[C@H](C)CC[C@@H]1C2(C)C,C23H34O,DGCDQHAJQWLLLR-YDSTWLSQSA-N
paper-fc94daed8713ef1e,24,24,SI compound 24,source_drawing_transcription,,pending_independent_chemist_review,C=CC[C@]12CCC(=O)[C@H]1[C@@H]1[C@@H](CC=C(C)C)[C@H](C)CC[C@@H]1C2(C)C,C23H36O,ZGMMCMBWSXQXMR-DIKOVSIJSA-N
paper-fc94daed8713ef1e,26,26,SI compound 26,source_drawing_transcription,,pending_independent_chemist_review,C=CC[C@]12C[C@@H](O)C(=O)[C@H]1[C@@H]1[C@@H](CC=C(C)C)[C@H](C)CC[C@@H]1C2(C)C,C23H36O2,SEKIWXOLTLTTMU-FINRGODKSA-N
paper-fc94daed8713ef1e,27,27,SI compound 27,source_drawing_transcription,,pending_independent_chemist_review,C=CC[C@]1(CC=O)[C@@H](C(=O)OC)[C@@H]2[C@@H](CC=C(C)C)[C@H](C)CC[C@@H]2C1(C)C,C24H38O3,HEOQANBKPWHRGX-BXTUOXETSA-N
paper-fc94daed8713ef1e,28,28,SI compound 28,source_drawing_transcription,,pending_independent_chemist_review,C=CC[C@]1(C)[C@@H](C(=O)OC)[C@@H]2[C@@H](CC=C(C)C)[C@H](C)CC[C@@H]2C1(C)C,C23H38O2,RYTMTMQYAVDNNL-LXTOUSOVSA-N
paper-fc94daed8713ef1e,29,29,SI compound 29,source_drawing_transcription,,pending_independent_chemist_review,C=CC[C@]1(C)[C@@H](CO)[C@@H]2[C@@H](CC=C(C)C)[C@H](C)CC[C@@H]2C1(C)C,C22H38O,ZAGUKGALGFDSIU-LVCSPDSFSA-N
paper-fc94daed8713ef1e,3,3,SI compound 3,source_drawing_transcription,,pending_independent_chemist_review,CC(C)=CC[C@@H]1C2=C(CC[C@H]1C)C(C)(C)CC2=O,C17H26O,SBFHSGPVDUGQLH-OLZOCXBDSA-N
paper-fc94daed8713ef1e,30,30,SI compound 30,source_drawing_transcription,,pending_independent_chemist_review,CC1=CC[C@@H]2[C@@H]3[C@H](CC[C@H]2C)C(C)(C)[C@]2(C)CC=C1[C@@H]32,C20H30,SKSYVXPRMREJGQ-BAVNXMDOSA-N
paper-fc94daed8713ef1e,4,4,SI compound 4,source_drawing_transcription,,pending_independent_chemist_review,CC(C)=CC[C@@H]1C(=O)C(=C(C)C)CC[C@H]1C,C15H24O,QSAZQWANIGTLRS-OCCSQVGLSA-N
paper-fc94daed8713ef1e,5,5,SI compound 5,source_drawing_transcription,source_unmarked_carbinol_center,pending_independent_chemist_review,C=CC1(O)C(=C(C)C)CC[C@@H](C)[C@@H]1CC=C(C)C,C17H28O,IXDXXVKHYHRXIA-UMFITKPXSA-N
paper-fc94daed8713ef1e,7,7,SI compound 7,source_drawing_transcription,,pending_independent_chemist_review,C=CC[C@]1(C)C(=O)C2=C(CC[C@@H](C)[C@@H]2CC=C(C)C)C1(C)C,C21H32O,YWFNQBCVILEIIW-VWKPWSFCSA-N
paper-fc94daed8713ef1e,8,8,SI compound 8,source_drawing_transcription,,pending_independent_chemist_review,C=CC[C@]1(C)C(=O)[C@H]2[C@@H](CC=C(C)C)[C@H](C)CC[C@@H]2C1(C)C,C21H34O,CRZAPHBPFGTAID-DLUQJKKWSA-N
paper-fc94daed8713ef1e,9,9,SI compound 9,source_drawing_transcription,,pending_independent_chemist_review,C=CC[C@]1(C)C(=O)[C@@H]2[C@@H](CC=C(C)C)[C@H](C)CC[C@@H]2C1(C)C,C21H34O,CRZAPHBPFGTAID-BWZHCXAASA-N
paper-fc94daed8713ef1e,MeI,MeI,SI compound MeI,source_drawing_transcription,,pending_independent_chemist_review,CI,CH3I,INQOMBQAUSQDDS-UHFFFAOYSA-N
paper-fc94daed8713ef1e,SI-1,SI-1,SI compound SI-1,source_drawing_transcription,,pending_independent_chemist_review,C=CC[C@]12CC[C@H](O[Si](CC)(CC)CC)[C@@]1(O)[C@H]1[C@@H](CC=C(C)C)[C@H](C)CC[C@@H]1C2(C)C,C29H52O2Si,GYJOVCUTFZQLPW-UWWNFQKQSA-N
paper-fc94daed8713ef1e,SI-2,SI-2,SI compound SI-2,source_drawing_transcription,,pending_independent_chemist_review,C=CC[C@]12CC[C@H](O[Si](CC)(CC)CC)C1=C1[C@@H](CC=C(C)C)[C@H](C)CC[C@@H]1C2(C)C,C29H50OSi,UDSPTYNMURGWSQ-LNRIAWFQSA-N
paper-fc94daed8713ef1e,SI-3,SI-3,SI compound SI-3,source_drawing_transcription,,pending_independent_chemist_review,C#C[C@H]1[C@@H]2[C@@H](CC=C(C)C)[C@H](C)CC[C@@H]2C(C)(C)[C@]1(C)CC=C,C23H36,VXQFLXGSVJYFKQ-ZFBQMQJZSA-N
paper-fc94daed8713ef1e,SI-4,SI-4,SI compound SI-4,source_drawing_transcription,C3_wavy_diastereomeric_mixture,pending_independent_chemist_review,C=CCOC(=O)C1(C)C(=O)C2=C(CC[C@@H](C)[C@@H]2CC=C(C)C)C1(C)C,C22H32O3,QTHIZTTYNDKYPX-JWQBTQOVSA-N
paper-fc94daed8713ef1e,TMS-diazomethane,TMS-diazomethane,SI compound TMS-diazomethane,source_drawing_transcription,,pending_independent_chemist_review,C[Si](C)(C)C=[N+]=[N-],C4H10N2Si,ONDSBJMLAHVLMI-UHFFFAOYSA-N
paper-fc94daed8713ef1e,Venezuelaene-A,Venezuelaene-A,SI compound Venezuelaene-A,source_drawing_transcription,,pending_independent_chemist_review,CC1=C2CC[C@]3(C)[C@@H]2[C@@H]2[C@@H](CC1)[C@H](C)CC[C@@H]2C3(C)C,C20H32,KUBSYTGZGDYOSY-BAVNXMDOSA-N
paper-fc94daed8713ef1e,allyl-chloroformate,allyl-chloroformate,SI compound allyl-chloroformate,source_drawing_transcription,,pending_independent_chemist_review,C=CCOC(=O)Cl,C4H5ClO2,CAEWJEXPFKNBQL-UHFFFAOYSA-N
paper-fc94daed8713ef1e,ethoxyethene,ethoxyethene,SI compound ethoxyethene,source_drawing_transcription,,pending_independent_chemist_review,C=COCC,C4H8O,FJKIXWOMBXYWOQ-UHFFFAOYSA-N
paper-fc94daed8713ef1e,iodopropyl-OBn,iodopropyl-OBn,SI compound iodopropyl-OBn,source_drawing_transcription,,pending_independent_chemist_review,ICCCOCc1ccccc1,C10H13IO,YWWINYLTVDEBAA-UHFFFAOYSA-N
paper-fc94daed8713ef1e,prenyl-Br,prenyl-Br,SI compound prenyl-Br,source_drawing_transcription,,pending_independent_chemist_review,CC(C)=CCBr,C5H9Br,LOYZVRIHVZEDMW-UHFFFAOYSA-N
paper-fc94daed8713ef1e,pulegone,pulegone,SI compound pulegone,source_drawing_transcription,,pending_independent_chemist_review,CC(C)=C1CC[C@@H](C)CC1=O,C10H16O,NZGWDASTMWDZIW-MRVPVSSYSA-N
paper-fc94daed8713ef1e,vinylMgBr,vinylMgBr,SI compound vinylMgBr,source_drawing_transcription,,pending_independent_chemist_review,[Br-].[CH-]=C.[Mg+2],C2H3BrMg,RMGJCSHZTFKPNO-UHFFFAOYSA-M
paper-fd21dcae86bb47e8,1,1,SI compound 1,source_drawing_transcription,,pending_independent_chemist_review,C=C1CC[C@H]2C(=C)CC[C@H]3C(=C)C(=O)O[C@@H]3[C@@H]12,C15H18O2,NETSQGRTUNRXEO-XUXIUFHCSA-N
paper-fd21dcae86bb47e8,10a,10a,SI compound 10a,source_drawing_transcription,Source alpha-OH at C4 recorded as relative descriptor; wavy bond not forced to absolute SMILES.,pending_independent_chemist_review,C=C1CC[C@H]2C(=C)C(=O)O[C@@H]2[C@@H]2[C@H]1C(O)[C@@]13O[C@@]45C[C@H]6C(=C)CC[C@H]7C(=C)C(=O)O[C@@H]7[C@H]6[C@]4(CC[C@]21O5)O3,C30H32O8,FIKNYAUJQHGXDC-FDMANFMJSA-N
paper-fd21dcae86bb47e8,10b,10b,SI compound 10b,source_drawing_transcription,Source beta-OH at C4 recorded as relative descriptor; wavy bond not forced to absolute SMILES.,pending_independent_chemist_review,C=C1CC[C@H]2C(=C)C(=O)O[C@@H]2[C@@H]2[C@H]1C(O)[C@@]13O[C@@]45C[C@H]6C(=C)CC[C@H]7C(=C)C(=O)O[C@@H]7[C@H]6[C@]4(CC[C@]21O5)O3,C30H32O8,FIKNYAUJQHGXDC-FDMANFMJSA-N
paper-fd21dcae86bb47e8,11,11,SI compound 11,source_drawing_transcription,,pending_independent_chemist_review,C=C1C(=O)O[C@@H]2[C@@H]3[C@@H](C[C@@]45OO[C@@]34CC[C@@]3(O5)C(=O)C[C@H]4C(=C)CC[C@H]5C(=C)C(=O)O[C@@H]5[C@H]43)C(=C)CC[C@@H]12,C30H32O8,AYHVQNUZESESIB-VFWHPPESSA-N
paper-fd21dcae86bb47e8,12,12,SI compound 12,source_drawing_transcription,,pending_independent_chemist_review,C=C1CC[C@H]2C(=C)C(=O)O[C@@H]2[C@@H]2[C@H]1C=C1O[C@]34C[C@H]5C(=C)CC[C@H]6C(=C)C(=O)O[C@@H]6[C@H]5[C@]3(OO)CC[C@@]12O4,C30H32O8,UEHBVWAYRPIFRM-HBKORAQUSA-N
paper-fd21dcae86bb47e8,13,13,SI compound 13,source_drawing_transcription,,pending_independent_chemist_review,C=C1CC[C@H]2C(=C)C(=O)O[C@@H]2[C@@H]2[C@H]1C=C(O)[C@]21CCC(=O)[C@@H]2[C@H]3OC(=O)C(=C)[C@@H]3CCC(=C)[C@@H]2CC(=O)O1,C30H32O8,BARJGEWZJBCOKW-UNISBZQOSA-N
paper-fd21dcae86bb47e8,14,14,SI compound 14,source_drawing_transcription,,pending_independent_chemist_review,C=C1CC[C@H]2C(=C)C(=O)O[C@@H]2[C@@H]2[C@H]1C=C1OC(=O)C[C@H]3C(=C)CC[C@H]4C(=C)C(=O)O[C@@H]4[C@H]3C(=O)CC[C@@]12O,C30H32O8,ZCZRNLCLGDJMBY-UNISBZQOSA-N
paper-fd21dcae86bb47e8,2,2,SI compound 2,source_drawing_transcription,,pending_independent_chemist_review,C=C1C(=O)C[C@H]2C(=C)CC[C@H]3C(=C)C(=O)O[C@@H]3[C@@H]12,C15H16O3,KNQLJJDOGQIMMT-IMIFBBOLSA-N
paper-fd21dcae86bb47e8,3,3,SI compound 3,source_drawing_transcription,,pending_independent_chemist_review,C=C1C(=O)O[C@@H]2[C@H]3C4=C(C[C@H]3C(=C)CC[C@@H]12)O[C@]1(CC4)C(=O)C[C@H]2C(=C)CC[C@H]3C(=C)C(=O)O[C@@H]3[C@H]21,C30H32O6,ADNPTMGTMPXZQQ-WUSQBNJRSA-N
paper-fd21dcae86bb47e8,5,5,SI compound 5,source_drawing_transcription,,pending_independent_chemist_review,C=C1C(=O)O[C@@H]2[C@@H]3[C@@H](CC(=O)O[C@@]34CC[C@@]3(O4)C(=O)C[C@H]4C(=C)CC[C@H]5C(=C)C(=O)O[C@@H]5[C@H]43)C(=C)CC[C@@H]12,C30H32O8,NBCZBRYGFYOYAS-MLHCDQFLSA-N
paper-fd21dcae86bb47e8,7,7,SI compound 7,source_drawing_transcription,,pending_independent_chemist_review,C=C1C(=O)O[C@@H]2[C@@H]3[C@@H](CC(=O)[C@]34CC[C@]35O[C@]3(C[C@H]3C(=C)CC[C@H]6C(=C)C(=O)O[C@@H]6[C@H]35)O4)C(=C)CC[C@@H]12,C30H32O7,ASBXJBKPAAVFHX-HBKORAQUSA-N
paper-fd21dcae86bb47e8,8,8,SI compound 8,source_drawing_transcription,,pending_independent_chemist_review,C=C1CC[C@H]2C(=C)C(=O)O[C@@H]2[C@@H]2[C@H]1C=C1O[C@]34C[C@H]5C(=C)CC[C@H]6C(=C)C(=O)O[C@@H]6[C@H]5[C@]3(O)CC[C@@]12O4,C30H32O7,YAGZPNYRRLLOBP-HBKORAQUSA-N
paper-fd21dcae86bb47e8,9,9,SI compound 9,source_drawing_transcription,Core and epoxide-derived stereochemistry assigned; tertiary hydroxyl-bearing C3 perspective-only center left unassigned pending SI/independent review.,pending_independent_chemist_review,C=C1C(=O)O[C@@H]2[C@@H]3[C@@H](CC4(O)O[C@]56C[C@H]7C(=C)CC[C@H]8C(=C)C(=O)O[C@@H]8[C@H]7[C@]5(O)CC[C@]34O6)C(=C)CC[C@@H]12,C30H34O8,YOCMHBQHSYINQT-NQLWPUCMSA-N
