paper_id,embedded_candidate_id,molecule_id,canonical_smiles,paper_label,reaction_role,reaction_id,structure_basis,stereo_basis,review_status,native_molecule_index_1based,source_id,local_path,source_sha256,page_number,locator,source_member,embedded_object_sha256,cdx_sha256,ole_stream,signature_offset_in_stream,document_contexts_json
paper-12c087bbcec8cc4c,paper-12c087bbcec8cc4c:embedded:0e3f88677430cbd3e6bb:1,mol-db416c8db08dd8804f6ef909285ac9d2c2060dedd54c48ae903f7120dd6057c2,COC(=O)C(C)N(CCC#N)CCCCNC(=O)OC(C)(C)C,,,,native_CDX_conversion_candidate,RDKit native ChemDraw CDX interpretation of source bonds; independent stereochemistry review pending,pending_native_source_and_label_review,1,archive-001,papers/paper-12c087bbcec8cc4c/supporting_information/si-001.docx,56c4b259d9d1373bccfda452bb884366b725eb8a2029e09bd3b48072d1031581,,OOXML member word/embeddings/oleObject78.bin / CONTENTS; CDX 0e3f88677430cbd3e6bbd31af9464e8499e19a1183eca10820bddf36313bc547; native molecule index 1,word/embeddings/oleObject78.bin,f7f0e199fe1f97ba7c526cee0cedd4576fedc3bcc656b2bf54a9ea45e28b5196,0e3f88677430cbd3e6bbd31af9464e8499e19a1183eca10820bddf36313bc547,CONTENTS,0,"[{""source_label"":null,""xml_paragraph_index_1based"":290}]"
paper-12c087bbcec8cc4c,paper-12c087bbcec8cc4c:embedded:111a07142a66b191e03a:1,mol-d9041a74fa5c493d474e3c366aae067aee0a9c52b773b6eef2770c4620b68bbf,COc1ccc(/C=C/C(=O)NCCCCN(CCCNC(=O)CCc2ccc(OC)c(OC)c2)C(C)C(=O)O)cc1OC,,,,native_CDX_conversion_candidate,RDKit native ChemDraw CDX interpretation of source bonds; independent stereochemistry review pending,pending_native_source_and_label_review,1,archive-001,papers/paper-12c087bbcec8cc4c/supporting_information/si-001.docx,56c4b259d9d1373bccfda452bb884366b725eb8a2029e09bd3b48072d1031581,,OOXML member word/embeddings/oleObject16.bin / CONTENTS; CDX 111a07142a66b191e03a4556dce5e5e9137b52f024db7fc6e7511a0b71da2a12; native molecule index 1,word/embeddings/oleObject16.bin,20891fa110d79c5660f0f1a997ee87228cf697f62b6fc8248fd5fc6e29de79be,111a07142a66b191e03a4556dce5e5e9137b52f024db7fc6e7511a0b71da2a12,CONTENTS,0,"[{""source_label"":null,""xml_paragraph_index_1based"":68}]"
paper-12c087bbcec8cc4c,paper-12c087bbcec8cc4c:embedded:111a07142a66b191e03a:3,mol-11a9441a239b6e1544c24e757d5aaa99c561f3688b051bef715f3a9af3b5eedb,CC(C(=O)O)N(CCCCNC(=O)/C=C/c1ccc(O)c(O)c1)CCCNC(=O)CCc1ccc(O)c(O)c1,,,,native_CDX_conversion_candidate,RDKit native ChemDraw CDX interpretation of source bonds; independent stereochemistry review pending,pending_native_source_and_label_review,3,archive-001,papers/paper-12c087bbcec8cc4c/supporting_information/si-001.docx,56c4b259d9d1373bccfda452bb884366b725eb8a2029e09bd3b48072d1031581,,OOXML member word/embeddings/oleObject16.bin / CONTENTS; CDX 111a07142a66b191e03a4556dce5e5e9137b52f024db7fc6e7511a0b71da2a12; native molecule index 3,word/embeddings/oleObject16.bin,20891fa110d79c5660f0f1a997ee87228cf697f62b6fc8248fd5fc6e29de79be,111a07142a66b191e03a4556dce5e5e9137b52f024db7fc6e7511a0b71da2a12,CONTENTS,0,"[{""source_label"":null,""xml_paragraph_index_1based"":68}]"
paper-12c087bbcec8cc4c,paper-12c087bbcec8cc4c:embedded:1e692208a08e4d9e288e:1,mol-11a9441a239b6e1544c24e757d5aaa99c561f3688b051bef715f3a9af3b5eedb,CC(C(=O)O)N(CCCCNC(=O)/C=C/c1ccc(O)c(O)c1)CCCNC(=O)CCc1ccc(O)c(O)c1,,,,native_CDX_conversion_candidate,RDKit native ChemDraw CDX interpretation of source bonds; independent stereochemistry review pending,pending_native_source_and_label_review,1,archive-001,papers/paper-12c087bbcec8cc4c/supporting_information/si-001.docx,56c4b259d9d1373bccfda452bb884366b725eb8a2029e09bd3b48072d1031581,,OOXML member word/embeddings/oleObject83.bin / CONTENTS; CDX 1e692208a08e4d9e288ef4da5613f1db98fbd901a8d54f9f84e1a83ee49f27b5; native molecule index 1,word/embeddings/oleObject83.bin,7a9cb2fdbae7ba7f114e21d43bdd15effd5b2a8560de4aa5903f689a37445649,1e692208a08e4d9e288ef4da5613f1db98fbd901a8d54f9f84e1a83ee49f27b5,CONTENTS,0,"[{""source_label"":null,""xml_paragraph_index_1based"":295}]"
paper-12c087bbcec8cc4c,paper-12c087bbcec8cc4c:embedded:1f809bf26ebe7e02af87:1,mol-eb4b943533bc81948e1d2059dab3bf0ae198fec4ae424506939e28f6b93baa6f,COC(=O)C(C)N(CCCCNC(=O)OC(C)(C)C)CCCNC(=O)CCc1ccc(OC)c(OC)c1,,,,native_CDX_conversion_candidate,RDKit native ChemDraw CDX interpretation of source bonds; independent stereochemistry review pending,pending_native_source_and_label_review,1,archive-001,papers/paper-12c087bbcec8cc4c/supporting_information/si-001.docx,56c4b259d9d1373bccfda452bb884366b725eb8a2029e09bd3b48072d1031581,,OOXML member word/embeddings/oleObject58.bin / CONTENTS; CDX 1f809bf26ebe7e02af876fb091be9f840bd0332291533c677e30711c1031affa; native molecule index 1,word/embeddings/oleObject58.bin,805fd0d8bac7bdd98cee6af931e39eed2d4db4f38b4cbd2fa3f3383cc2da9ff4,1f809bf26ebe7e02af876fb091be9f840bd0332291533c677e30711c1031affa,CONTENTS,0,"[{""source_label"":null,""xml_paragraph_index_1based"":278}]"
paper-12c087bbcec8cc4c,paper-12c087bbcec8cc4c:embedded:1f809bf26ebe7e02af87:1,mol-eb4b943533bc81948e1d2059dab3bf0ae198fec4ae424506939e28f6b93baa6f,COC(=O)C(C)N(CCCCNC(=O)OC(C)(C)C)CCCNC(=O)CCc1ccc(OC)c(OC)c1,,,,native_CDX_conversion_candidate,RDKit native ChemDraw CDX interpretation of source bonds; independent stereochemistry review pending,pending_native_source_and_label_review,1,archive-001,papers/paper-12c087bbcec8cc4c/supporting_information/si-001.docx,56c4b259d9d1373bccfda452bb884366b725eb8a2029e09bd3b48072d1031581,,OOXML member word/embeddings/oleObject60.bin / CONTENTS; CDX 1f809bf26ebe7e02af876fb091be9f840bd0332291533c677e30711c1031affa; native molecule index 1,word/embeddings/oleObject60.bin,805fd0d8bac7bdd98cee6af931e39eed2d4db4f38b4cbd2fa3f3383cc2da9ff4,1f809bf26ebe7e02af876fb091be9f840bd0332291533c677e30711c1031affa,CONTENTS,0,"[{""source_label"":null,""xml_paragraph_index_1based"":279}]"
paper-12c087bbcec8cc4c,paper-12c087bbcec8cc4c:embedded:2413ab04d9ffbaed7768:1,mol-8dfc42af6bdfcffc6d7fcff13e2b869712d962972547691d622a5b321d1f5f5b,COc1ccc(CCC(=O)NCCCN(CCCCN)C(=O)OCc2ccccc2)cc1OC,,,,native_CDX_conversion_candidate,RDKit native ChemDraw CDX interpretation of source bonds; independent stereochemistry review pending,pending_native_source_and_label_review,1,archive-001,papers/paper-12c087bbcec8cc4c/supporting_information/si-001.docx,56c4b259d9d1373bccfda452bb884366b725eb8a2029e09bd3b48072d1031581,,OOXML member word/embeddings/oleObject8.bin / CONTENTS; CDX 2413ab04d9ffbaed776838eb448f1d25db583944f52dae110f02e53dd5a58d5e; native molecule index 1,word/embeddings/oleObject8.bin,19afb140b75762ffbdaf7b56bd83ad6c22b59d534d6c37f22d475858fe63cd0e,2413ab04d9ffbaed776838eb448f1d25db583944f52dae110f02e53dd5a58d5e,CONTENTS,0,"[{""source_label"":null,""xml_paragraph_index_1based"":44}]"
paper-12c087bbcec8cc4c,paper-12c087bbcec8cc4c:embedded:2413ab04d9ffbaed7768:2,mol-b6bc8411b77c1ae6333ef2d306ca8d58840d79f73a86a0b5deb36a1fd44ab39c,COc1ccc(/C=C/C(=O)NCCCCN(CCCNC(=O)CCc2ccc(OC)c(OC)c2)C(=O)OCc2ccccc2)cc1OC,,,,native_CDX_conversion_candidate,RDKit native ChemDraw CDX interpretation of source bonds; independent stereochemistry review pending,pending_native_source_and_label_review,2,archive-001,papers/paper-12c087bbcec8cc4c/supporting_information/si-001.docx,56c4b259d9d1373bccfda452bb884366b725eb8a2029e09bd3b48072d1031581,,OOXML member word/embeddings/oleObject8.bin / CONTENTS; CDX 2413ab04d9ffbaed776838eb448f1d25db583944f52dae110f02e53dd5a58d5e; native molecule index 2,word/embeddings/oleObject8.bin,19afb140b75762ffbdaf7b56bd83ad6c22b59d534d6c37f22d475858fe63cd0e,2413ab04d9ffbaed776838eb448f1d25db583944f52dae110f02e53dd5a58d5e,CONTENTS,0,"[{""source_label"":null,""xml_paragraph_index_1based"":44}]"
paper-12c087bbcec8cc4c,paper-12c087bbcec8cc4c:embedded:2413ab04d9ffbaed7768:3,mol-bda635cadfd4c0caf8cf80c3537fb0016518f55ea27c7b919c16fa5be8163d30,COc1ccc(/C=C/C(=O)ON2C(=O)CCC2=O)cc1OC,,,,native_CDX_conversion_candidate,RDKit native ChemDraw CDX interpretation of source bonds; independent stereochemistry review pending,pending_native_source_and_label_review,3,archive-001,papers/paper-12c087bbcec8cc4c/supporting_information/si-001.docx,56c4b259d9d1373bccfda452bb884366b725eb8a2029e09bd3b48072d1031581,,OOXML member word/embeddings/oleObject8.bin / CONTENTS; CDX 2413ab04d9ffbaed776838eb448f1d25db583944f52dae110f02e53dd5a58d5e; native molecule index 3,word/embeddings/oleObject8.bin,19afb140b75762ffbdaf7b56bd83ad6c22b59d534d6c37f22d475858fe63cd0e,2413ab04d9ffbaed776838eb448f1d25db583944f52dae110f02e53dd5a58d5e,CONTENTS,0,"[{""source_label"":null,""xml_paragraph_index_1based"":44}]"
paper-12c087bbcec8cc4c,paper-12c087bbcec8cc4c:embedded:243cdc2a1a77ecc1ad72:1,mol-d9520968acd6ef9d2e541c97b943f82e6e487fe174c7767a06ab3cedae2dd8ca,COC(=O)C(C)N(CCCCN)CCCNC(=O)CCc1ccc(OC)c(OC)c1,,,,native_CDX_conversion_candidate,RDKit native ChemDraw CDX interpretation of source bonds; independent stereochemistry review pending,pending_native_source_and_label_review,1,archive-001,papers/paper-12c087bbcec8cc4c/supporting_information/si-001.docx,56c4b259d9d1373bccfda452bb884366b725eb8a2029e09bd3b48072d1031581,,OOXML member word/embeddings/oleObject80.bin / CONTENTS; CDX 243cdc2a1a77ecc1ad728b7095fdf992b8dd46808d4b8e51fc45c6a734792670; native molecule index 1,word/embeddings/oleObject80.bin,9af4f35c91726fb654c27e787c881d803608e039c140e6f7c9ac9459ea13b842,243cdc2a1a77ecc1ad728b7095fdf992b8dd46808d4b8e51fc45c6a734792670,CONTENTS,0,"[{""source_label"":null,""xml_paragraph_index_1based"":292}]"
paper-12c087bbcec8cc4c,paper-12c087bbcec8cc4c:embedded:243cdc2a1a77ecc1ad72:2,mol-68bd1bd95ba465c01242172601c742e27c193936ade6718ca7f8c8b4764c40d4,Cl,,,,native_CDX_conversion_candidate,RDKit native ChemDraw CDX interpretation of source bonds; independent stereochemistry review pending,pending_native_source_and_label_review,2,archive-001,papers/paper-12c087bbcec8cc4c/supporting_information/si-001.docx,56c4b259d9d1373bccfda452bb884366b725eb8a2029e09bd3b48072d1031581,,OOXML member word/embeddings/oleObject80.bin / CONTENTS; CDX 243cdc2a1a77ecc1ad728b7095fdf992b8dd46808d4b8e51fc45c6a734792670; native molecule index 2,word/embeddings/oleObject80.bin,9af4f35c91726fb654c27e787c881d803608e039c140e6f7c9ac9459ea13b842,243cdc2a1a77ecc1ad728b7095fdf992b8dd46808d4b8e51fc45c6a734792670,CONTENTS,0,"[{""source_label"":null,""xml_paragraph_index_1based"":292}]"
paper-12c087bbcec8cc4c,paper-12c087bbcec8cc4c:embedded:292d410e28d14f79a1d4:1,mol-db416c8db08dd8804f6ef909285ac9d2c2060dedd54c48ae903f7120dd6057c2,COC(=O)C(C)N(CCC#N)CCCCNC(=O)OC(C)(C)C,,,,native_CDX_conversion_candidate,RDKit native ChemDraw CDX interpretation of source bonds; independent stereochemistry review pending,pending_native_source_and_label_review,1,archive-001,papers/paper-12c087bbcec8cc4c/supporting_information/si-001.docx,56c4b259d9d1373bccfda452bb884366b725eb8a2029e09bd3b48072d1031581,,OOXML member word/embeddings/oleObject54.bin / CONTENTS; CDX 292d410e28d14f79a1d412f264ae973b232620e435be68db0e8239aa64617322; native molecule index 1,word/embeddings/oleObject54.bin,6204a23a46aea7dcf267817d49fe6537e88c1273c4505c12046cb81435afa225,292d410e28d14f79a1d412f264ae973b232620e435be68db0e8239aa64617322,CONTENTS,0,"[{""source_label"":null,""xml_paragraph_index_1based"":276}]"
paper-12c087bbcec8cc4c,paper-12c087bbcec8cc4c:embedded:292d410e28d14f79a1d4:1,mol-db416c8db08dd8804f6ef909285ac9d2c2060dedd54c48ae903f7120dd6057c2,COC(=O)C(C)N(CCC#N)CCCCNC(=O)OC(C)(C)C,,,,native_CDX_conversion_candidate,RDKit native ChemDraw CDX interpretation of source bonds; independent stereochemistry review pending,pending_native_source_and_label_review,1,archive-001,papers/paper-12c087bbcec8cc4c/supporting_information/si-001.docx,56c4b259d9d1373bccfda452bb884366b725eb8a2029e09bd3b48072d1031581,,OOXML member word/embeddings/oleObject56.bin / CONTENTS; CDX 292d410e28d14f79a1d412f264ae973b232620e435be68db0e8239aa64617322; native molecule index 1,word/embeddings/oleObject56.bin,6204a23a46aea7dcf267817d49fe6537e88c1273c4505c12046cb81435afa225,292d410e28d14f79a1d412f264ae973b232620e435be68db0e8239aa64617322,CONTENTS,0,"[{""source_label"":null,""xml_paragraph_index_1based"":277}]"
paper-12c087bbcec8cc4c,paper-12c087bbcec8cc4c:embedded:2e065aaf46bcccfe4535:1,mol-3661b540d2483bf0caaeeeb83d7a6cbb667d72bac3e483659ff3d7621300f286,COC(=O)C(C)N(CCCCNC(=O)/C=C/c1ccc(OC)c(OC)c1)CCCNC(=O)CCc1ccc(OC)c(OC)c1,,,,native_CDX_conversion_candidate,RDKit native ChemDraw CDX interpretation of source bonds; independent stereochemistry review pending,pending_native_source_and_label_review,1,archive-001,papers/paper-12c087bbcec8cc4c/supporting_information/si-001.docx,56c4b259d9d1373bccfda452bb884366b725eb8a2029e09bd3b48072d1031581,,OOXML member word/embeddings/oleObject81.bin / CONTENTS; CDX 2e065aaf46bcccfe45353bddb7b0902f32ffb62cf01d49699033bb9795e9ddea; native molecule index 1,word/embeddings/oleObject81.bin,d668bd6831bad4a1f230580b8fdba6fad983a6c545f91616a1d449e6d5dd41f6,2e065aaf46bcccfe45353bddb7b0902f32ffb62cf01d49699033bb9795e9ddea,CONTENTS,0,"[{""source_label"":null,""xml_paragraph_index_1based"":293}]"
paper-12c087bbcec8cc4c,paper-12c087bbcec8cc4c:embedded:313b50c04934f1727914:1,mol-b6bc8411b77c1ae6333ef2d306ca8d58840d79f73a86a0b5deb36a1fd44ab39c,COc1ccc(/C=C/C(=O)NCCCCN(CCCNC(=O)CCc2ccc(OC)c(OC)c2)C(=O)OCc2ccccc2)cc1OC,,,,native_CDX_conversion_candidate,RDKit native ChemDraw CDX interpretation of source bonds; independent stereochemistry review pending,pending_native_source_and_label_review,1,archive-001,papers/paper-12c087bbcec8cc4c/supporting_information/si-001.docx,56c4b259d9d1373bccfda452bb884366b725eb8a2029e09bd3b48072d1031581,,OOXML member word/embeddings/oleObject42.bin / CONTENTS; CDX 313b50c04934f1727914af6557ce75ee0a3819221c1cac4eb294baf4d973316f; native molecule index 1,word/embeddings/oleObject42.bin,888f3fec692af7688632f169dbb398e548726d655011402bda59c72f9b7c39de,313b50c04934f1727914af6557ce75ee0a3819221c1cac4eb294baf4d973316f,CONTENTS,0,"[{""source_label"":null,""xml_paragraph_index_1based"":269}]"
paper-12c087bbcec8cc4c,paper-12c087bbcec8cc4c:embedded:313b50c04934f1727914:1,mol-b6bc8411b77c1ae6333ef2d306ca8d58840d79f73a86a0b5deb36a1fd44ab39c,COc1ccc(/C=C/C(=O)NCCCCN(CCCNC(=O)CCc2ccc(OC)c(OC)c2)C(=O)OCc2ccccc2)cc1OC,,,,native_CDX_conversion_candidate,RDKit native ChemDraw CDX interpretation of source bonds; independent stereochemistry review pending,pending_native_source_and_label_review,1,archive-001,papers/paper-12c087bbcec8cc4c/supporting_information/si-001.docx,56c4b259d9d1373bccfda452bb884366b725eb8a2029e09bd3b48072d1031581,,OOXML member word/embeddings/oleObject44.bin / CONTENTS; CDX 313b50c04934f1727914af6557ce75ee0a3819221c1cac4eb294baf4d973316f; native molecule index 1,word/embeddings/oleObject44.bin,888f3fec692af7688632f169dbb398e548726d655011402bda59c72f9b7c39de,313b50c04934f1727914af6557ce75ee0a3819221c1cac4eb294baf4d973316f,CONTENTS,0,"[{""source_label"":null,""xml_paragraph_index_1based"":270}]"
paper-12c087bbcec8cc4c,paper-12c087bbcec8cc4c:embedded:3856ea8b7cdd1f787c04:1,mol-c9b9b0c38cbd7a02a60255f5a7e7227dde86ac4ef6a2cf8b656c42e3cb1b15a0,COc1ccc(/C=C/C(=O)O)cc1OC,,,,native_CDX_conversion_candidate,RDKit native ChemDraw CDX interpretation of source bonds; independent stereochemistry review pending,pending_native_source_and_label_review,1,archive-001,papers/paper-12c087bbcec8cc4c/supporting_information/si-001.docx,56c4b259d9d1373bccfda452bb884366b725eb8a2029e09bd3b48072d1031581,,OOXML member word/embeddings/oleObject2.bin / CONTENTS; CDX 3856ea8b7cdd1f787c04c17ccdec327aea73a59342e0a3ab7fb5231a212a05bc; native molecule index 1,word/embeddings/oleObject2.bin,df0caa3ec09eecf628683b16e5200d1c8630d6929e8431843a04cac7f7bf1c99,3856ea8b7cdd1f787c04c17ccdec327aea73a59342e0a3ab7fb5231a212a05bc,CONTENTS,0,"[{""source_label"":null,""xml_paragraph_index_1based"":26}]"
paper-12c087bbcec8cc4c,paper-12c087bbcec8cc4c:embedded:3856ea8b7cdd1f787c04:2,mol-bda635cadfd4c0caf8cf80c3537fb0016518f55ea27c7b919c16fa5be8163d30,COc1ccc(/C=C/C(=O)ON2C(=O)CCC2=O)cc1OC,,,,native_CDX_conversion_candidate,RDKit native ChemDraw CDX interpretation of source bonds; independent stereochemistry review pending,pending_native_source_and_label_review,2,archive-001,papers/paper-12c087bbcec8cc4c/supporting_information/si-001.docx,56c4b259d9d1373bccfda452bb884366b725eb8a2029e09bd3b48072d1031581,,OOXML member word/embeddings/oleObject2.bin / CONTENTS; CDX 3856ea8b7cdd1f787c04c17ccdec327aea73a59342e0a3ab7fb5231a212a05bc; native molecule index 2,word/embeddings/oleObject2.bin,df0caa3ec09eecf628683b16e5200d1c8630d6929e8431843a04cac7f7bf1c99,3856ea8b7cdd1f787c04c17ccdec327aea73a59342e0a3ab7fb5231a212a05bc,CONTENTS,0,"[{""source_label"":null,""xml_paragraph_index_1based"":26}]"
paper-12c087bbcec8cc4c,paper-12c087bbcec8cc4c:embedded:48272d2d2ea4be63df2b:1,mol-e8820ee195891653fbae761f22203db1fb249cdb3d9fddaedce59a6076b10efc,COc1ccc(CCC(=O)ON2C(=O)CCC2=O)cc1OC,,,,native_CDX_conversion_candidate,RDKit native ChemDraw CDX interpretation of source bonds; independent stereochemistry review pending,pending_native_source_and_label_review,1,archive-001,papers/paper-12c087bbcec8cc4c/supporting_information/si-001.docx,56c4b259d9d1373bccfda452bb884366b725eb8a2029e09bd3b48072d1031581,,OOXML member word/embeddings/oleObject6.bin / CONTENTS; CDX 48272d2d2ea4be63df2bd4d0f2e4975ad5b0eb2c0d4dc8d8fef3c57aada168f0; native molecule index 1,word/embeddings/oleObject6.bin,a2724a4063426bb810fd7664fa23c6745bc3ced25182944907ceacc2dbe41569,48272d2d2ea4be63df2bd4d0f2e4975ad5b0eb2c0d4dc8d8fef3c57aada168f0,CONTENTS,0,"[{""source_label"":null,""xml_paragraph_index_1based"":38}]"
paper-12c087bbcec8cc4c,paper-12c087bbcec8cc4c:embedded:48272d2d2ea4be63df2b:3,mol-2393a316dbb48547fbdcdb0334a72d9926aa8383953e4e22c2083dbd91ac88b2,CC(C)(C)OC(=O)NCCCCN(CCC#N)C(=O)OCc1ccccc1,,,,native_CDX_conversion_candidate,RDKit native ChemDraw CDX interpretation of source bonds; independent stereochemistry review pending,pending_native_source_and_label_review,3,archive-001,papers/paper-12c087bbcec8cc4c/supporting_information/si-001.docx,56c4b259d9d1373bccfda452bb884366b725eb8a2029e09bd3b48072d1031581,,OOXML member word/embeddings/oleObject6.bin / CONTENTS; CDX 48272d2d2ea4be63df2bd4d0f2e4975ad5b0eb2c0d4dc8d8fef3c57aada168f0; native molecule index 3,word/embeddings/oleObject6.bin,a2724a4063426bb810fd7664fa23c6745bc3ced25182944907ceacc2dbe41569,48272d2d2ea4be63df2bd4d0f2e4975ad5b0eb2c0d4dc8d8fef3c57aada168f0,CONTENTS,0,"[{""source_label"":null,""xml_paragraph_index_1based"":38}]"
paper-12c087bbcec8cc4c,paper-12c087bbcec8cc4c:embedded:48272d2d2ea4be63df2b:4,mol-6b4ada68d1435b724e4a8fbf541a5a02f44eb0e2f6290ed272f425b1ec11c66f,COc1ccc(CCC(=O)NCCCN(CCCCNC(=O)OC(C)(C)C)C(=O)OCc2ccccc2)cc1OC,,,,native_CDX_conversion_candidate,RDKit native ChemDraw CDX interpretation of source bonds; independent stereochemistry review pending,pending_native_source_and_label_review,4,archive-001,papers/paper-12c087bbcec8cc4c/supporting_information/si-001.docx,56c4b259d9d1373bccfda452bb884366b725eb8a2029e09bd3b48072d1031581,,OOXML member word/embeddings/oleObject6.bin / CONTENTS; CDX 48272d2d2ea4be63df2bd4d0f2e4975ad5b0eb2c0d4dc8d8fef3c57aada168f0; native molecule index 4,word/embeddings/oleObject6.bin,a2724a4063426bb810fd7664fa23c6745bc3ced25182944907ceacc2dbe41569,48272d2d2ea4be63df2bd4d0f2e4975ad5b0eb2c0d4dc8d8fef3c57aada168f0,CONTENTS,0,"[{""source_label"":null,""xml_paragraph_index_1based"":38}]"
paper-12c087bbcec8cc4c,paper-12c087bbcec8cc4c:embedded:4f090800b9dd27bc1041:1,mol-69a446f380f6673593ee46f94936333900feb14fb9e32d2aac0336b7b1325309,CC(C)(C)OC(=O)NCCCCN,,,,native_CDX_conversion_candidate,RDKit native ChemDraw CDX interpretation of source bonds; independent stereochemistry review pending,pending_native_source_and_label_review,1,archive-001,papers/paper-12c087bbcec8cc4c/supporting_information/si-001.docx,56c4b259d9d1373bccfda452bb884366b725eb8a2029e09bd3b48072d1031581,,OOXML member word/embeddings/oleObject3.bin / CONTENTS; CDX 4f090800b9dd27bc1041358824dc42f944d8e2d91060190c02a2aaee8e4d3147; native molecule index 1,word/embeddings/oleObject3.bin,4651b24d9022723991c9d653c0c9e6727c62d3cc85e7a71c2df776aa11cf280c,4f090800b9dd27bc1041358824dc42f944d8e2d91060190c02a2aaee8e4d3147,CONTENTS,0,"[{""source_label"":null,""xml_paragraph_index_1based"":28}]"
paper-12c087bbcec8cc4c,paper-12c087bbcec8cc4c:embedded:4f090800b9dd27bc1041:2,mol-594c832f2c6e321501ece9c3dfbddfaf5c3ff6acc026592409d0bcd569dabd3e,CC(C)(C)OC(=O)NCCCCNCCC#N,,,,native_CDX_conversion_candidate,RDKit native ChemDraw CDX interpretation of source bonds; independent stereochemistry review pending,pending_native_source_and_label_review,2,archive-001,papers/paper-12c087bbcec8cc4c/supporting_information/si-001.docx,56c4b259d9d1373bccfda452bb884366b725eb8a2029e09bd3b48072d1031581,,OOXML member word/embeddings/oleObject3.bin / CONTENTS; CDX 4f090800b9dd27bc1041358824dc42f944d8e2d91060190c02a2aaee8e4d3147; native molecule index 2,word/embeddings/oleObject3.bin,4651b24d9022723991c9d653c0c9e6727c62d3cc85e7a71c2df776aa11cf280c,4f090800b9dd27bc1041358824dc42f944d8e2d91060190c02a2aaee8e4d3147,CONTENTS,0,"[{""source_label"":null,""xml_paragraph_index_1based"":28}]"
paper-12c087bbcec8cc4c,paper-12c087bbcec8cc4c:embedded:4f090800b9dd27bc1041:3,mol-2393a316dbb48547fbdcdb0334a72d9926aa8383953e4e22c2083dbd91ac88b2,CC(C)(C)OC(=O)NCCCCN(CCC#N)C(=O)OCc1ccccc1,,,,native_CDX_conversion_candidate,RDKit native ChemDraw CDX interpretation of source bonds; independent stereochemistry review pending,pending_native_source_and_label_review,3,archive-001,papers/paper-12c087bbcec8cc4c/supporting_information/si-001.docx,56c4b259d9d1373bccfda452bb884366b725eb8a2029e09bd3b48072d1031581,,OOXML member word/embeddings/oleObject3.bin / CONTENTS; CDX 4f090800b9dd27bc1041358824dc42f944d8e2d91060190c02a2aaee8e4d3147; native molecule index 3,word/embeddings/oleObject3.bin,4651b24d9022723991c9d653c0c9e6727c62d3cc85e7a71c2df776aa11cf280c,4f090800b9dd27bc1041358824dc42f944d8e2d91060190c02a2aaee8e4d3147,CONTENTS,0,"[{""source_label"":null,""xml_paragraph_index_1based"":28}]"
paper-12c087bbcec8cc4c,paper-12c087bbcec8cc4c:embedded:4f090800b9dd27bc1041:4,mol-6b4ada68d1435b724e4a8fbf541a5a02f44eb0e2f6290ed272f425b1ec11c66f,COc1ccc(CCC(=O)NCCCN(CCCCNC(=O)OC(C)(C)C)C(=O)OCc2ccccc2)cc1OC,,,,native_CDX_conversion_candidate,RDKit native ChemDraw CDX interpretation of source bonds; independent stereochemistry review pending,pending_native_source_and_label_review,4,archive-001,papers/paper-12c087bbcec8cc4c/supporting_information/si-001.docx,56c4b259d9d1373bccfda452bb884366b725eb8a2029e09bd3b48072d1031581,,OOXML member word/embeddings/oleObject3.bin / CONTENTS; CDX 4f090800b9dd27bc1041358824dc42f944d8e2d91060190c02a2aaee8e4d3147; native molecule index 4,word/embeddings/oleObject3.bin,4651b24d9022723991c9d653c0c9e6727c62d3cc85e7a71c2df776aa11cf280c,4f090800b9dd27bc1041358824dc42f944d8e2d91060190c02a2aaee8e4d3147,CONTENTS,0,"[{""source_label"":null,""xml_paragraph_index_1based"":28}]"
paper-12c087bbcec8cc4c,paper-12c087bbcec8cc4c:embedded:4f090800b9dd27bc1041:5,mol-8dfc42af6bdfcffc6d7fcff13e2b869712d962972547691d622a5b321d1f5f5b,COc1ccc(CCC(=O)NCCCN(CCCCN)C(=O)OCc2ccccc2)cc1OC,,,,native_CDX_conversion_candidate,RDKit native ChemDraw CDX interpretation of source bonds; independent stereochemistry review pending,pending_native_source_and_label_review,5,archive-001,papers/paper-12c087bbcec8cc4c/supporting_information/si-001.docx,56c4b259d9d1373bccfda452bb884366b725eb8a2029e09bd3b48072d1031581,,OOXML member word/embeddings/oleObject3.bin / CONTENTS; CDX 4f090800b9dd27bc1041358824dc42f944d8e2d91060190c02a2aaee8e4d3147; native molecule index 5,word/embeddings/oleObject3.bin,4651b24d9022723991c9d653c0c9e6727c62d3cc85e7a71c2df776aa11cf280c,4f090800b9dd27bc1041358824dc42f944d8e2d91060190c02a2aaee8e4d3147,CONTENTS,0,"[{""source_label"":null,""xml_paragraph_index_1based"":28}]"
paper-12c087bbcec8cc4c,paper-12c087bbcec8cc4c:embedded:4f090800b9dd27bc1041:6,mol-b6bc8411b77c1ae6333ef2d306ca8d58840d79f73a86a0b5deb36a1fd44ab39c,COc1ccc(/C=C/C(=O)NCCCCN(CCCNC(=O)CCc2ccc(OC)c(OC)c2)C(=O)OCc2ccccc2)cc1OC,,,,native_CDX_conversion_candidate,RDKit native ChemDraw CDX interpretation of source bonds; independent stereochemistry review pending,pending_native_source_and_label_review,6,archive-001,papers/paper-12c087bbcec8cc4c/supporting_information/si-001.docx,56c4b259d9d1373bccfda452bb884366b725eb8a2029e09bd3b48072d1031581,,OOXML member word/embeddings/oleObject3.bin / CONTENTS; CDX 4f090800b9dd27bc1041358824dc42f944d8e2d91060190c02a2aaee8e4d3147; native molecule index 6,word/embeddings/oleObject3.bin,4651b24d9022723991c9d653c0c9e6727c62d3cc85e7a71c2df776aa11cf280c,4f090800b9dd27bc1041358824dc42f944d8e2d91060190c02a2aaee8e4d3147,CONTENTS,0,"[{""source_label"":null,""xml_paragraph_index_1based"":28}]"
paper-12c087bbcec8cc4c,paper-12c087bbcec8cc4c:embedded:4f090800b9dd27bc1041:7,mol-af99959c9777390ca423650fa71dd6d77b30bdcc5d7c67f5ddd24cf99672e3dd,O=C(/C=C/c1ccc(O)c(O)c1)NCCCCNCCCNC(=O)CCc1ccc(O)c(O)c1,,,,native_CDX_conversion_candidate,RDKit native ChemDraw CDX interpretation of source bonds; independent stereochemistry review pending,pending_native_source_and_label_review,7,archive-001,papers/paper-12c087bbcec8cc4c/supporting_information/si-001.docx,56c4b259d9d1373bccfda452bb884366b725eb8a2029e09bd3b48072d1031581,,OOXML member word/embeddings/oleObject3.bin / CONTENTS; CDX 4f090800b9dd27bc1041358824dc42f944d8e2d91060190c02a2aaee8e4d3147; native molecule index 7,word/embeddings/oleObject3.bin,4651b24d9022723991c9d653c0c9e6727c62d3cc85e7a71c2df776aa11cf280c,4f090800b9dd27bc1041358824dc42f944d8e2d91060190c02a2aaee8e4d3147,CONTENTS,0,"[{""source_label"":null,""xml_paragraph_index_1based"":28}]"
paper-12c087bbcec8cc4c,paper-12c087bbcec8cc4c:embedded:4f090800b9dd27bc1041:8,mol-68bd1bd95ba465c01242172601c742e27c193936ade6718ca7f8c8b4764c40d4,Cl,,,,native_CDX_conversion_candidate,RDKit native ChemDraw CDX interpretation of source bonds; independent stereochemistry review pending,pending_native_source_and_label_review,8,archive-001,papers/paper-12c087bbcec8cc4c/supporting_information/si-001.docx,56c4b259d9d1373bccfda452bb884366b725eb8a2029e09bd3b48072d1031581,,OOXML member word/embeddings/oleObject3.bin / CONTENTS; CDX 4f090800b9dd27bc1041358824dc42f944d8e2d91060190c02a2aaee8e4d3147; native molecule index 8,word/embeddings/oleObject3.bin,4651b24d9022723991c9d653c0c9e6727c62d3cc85e7a71c2df776aa11cf280c,4f090800b9dd27bc1041358824dc42f944d8e2d91060190c02a2aaee8e4d3147,CONTENTS,0,"[{""source_label"":null,""xml_paragraph_index_1based"":28}]"
paper-12c087bbcec8cc4c,paper-12c087bbcec8cc4c:embedded:4f090800b9dd27bc1041:9,mol-68bd1bd95ba465c01242172601c742e27c193936ade6718ca7f8c8b4764c40d4,Cl,,,,native_CDX_conversion_candidate,RDKit native ChemDraw CDX interpretation of source bonds; independent stereochemistry review pending,pending_native_source_and_label_review,9,archive-001,papers/paper-12c087bbcec8cc4c/supporting_information/si-001.docx,56c4b259d9d1373bccfda452bb884366b725eb8a2029e09bd3b48072d1031581,,OOXML member word/embeddings/oleObject3.bin / CONTENTS; CDX 4f090800b9dd27bc1041358824dc42f944d8e2d91060190c02a2aaee8e4d3147; native molecule index 9,word/embeddings/oleObject3.bin,4651b24d9022723991c9d653c0c9e6727c62d3cc85e7a71c2df776aa11cf280c,4f090800b9dd27bc1041358824dc42f944d8e2d91060190c02a2aaee8e4d3147,CONTENTS,0,"[{""source_label"":null,""xml_paragraph_index_1based"":28}]"
paper-12c087bbcec8cc4c,paper-12c087bbcec8cc4c:embedded:541afa9caf1469dcbe6c:1,mol-d9041a74fa5c493d474e3c366aae067aee0a9c52b773b6eef2770c4620b68bbf,COc1ccc(/C=C/C(=O)NCCCCN(CCCNC(=O)CCc2ccc(OC)c(OC)c2)C(C)C(=O)O)cc1OC,,,,native_CDX_conversion_candidate,RDKit native ChemDraw CDX interpretation of source bonds; independent stereochemistry review pending,pending_native_source_and_label_review,1,archive-001,papers/paper-12c087bbcec8cc4c/supporting_information/si-001.docx,56c4b259d9d1373bccfda452bb884366b725eb8a2029e09bd3b48072d1031581,,OOXML member word/embeddings/oleObject82.bin / CONTENTS; CDX 541afa9caf1469dcbe6c1c028361e63def88493574b2028819f69ed86580f967; native molecule index 1,word/embeddings/oleObject82.bin,dcb9b2408a2fde223195dd818e0d525e099f88917192ed4d4cde93fbd8422e99,541afa9caf1469dcbe6c1c028361e63def88493574b2028819f69ed86580f967,CONTENTS,0,"[{""source_label"":null,""xml_paragraph_index_1based"":294}]"
paper-12c087bbcec8cc4c,paper-12c087bbcec8cc4c:embedded:5549a7660c165d68da84:1,mol-b6bc8411b77c1ae6333ef2d306ca8d58840d79f73a86a0b5deb36a1fd44ab39c,COc1ccc(/C=C/C(=O)NCCCCN(CCCNC(=O)CCc2ccc(OC)c(OC)c2)C(=O)OCc2ccccc2)cc1OC,,,,native_CDX_conversion_candidate,RDKit native ChemDraw CDX interpretation of source bonds; independent stereochemistry review pending,pending_native_source_and_label_review,1,archive-001,papers/paper-12c087bbcec8cc4c/supporting_information/si-001.docx,56c4b259d9d1373bccfda452bb884366b725eb8a2029e09bd3b48072d1031581,,OOXML member word/embeddings/oleObject9.bin / CONTENTS; CDX 5549a7660c165d68da84773033b7d0ca0f2e69bf33c70e17227bf9d358bf6f50; native molecule index 1,word/embeddings/oleObject9.bin,501d06df66763275e078453d8d46c2e632ffe4101f0ba1736705dbec46dd918d,5549a7660c165d68da84773033b7d0ca0f2e69bf33c70e17227bf9d358bf6f50,CONTENTS,0,"[{""source_label"":null,""xml_paragraph_index_1based"":47}]"
paper-12c087bbcec8cc4c,paper-12c087bbcec8cc4c:embedded:5549a7660c165d68da84:2,mol-af99959c9777390ca423650fa71dd6d77b30bdcc5d7c67f5ddd24cf99672e3dd,O=C(/C=C/c1ccc(O)c(O)c1)NCCCCNCCCNC(=O)CCc1ccc(O)c(O)c1,,,,native_CDX_conversion_candidate,RDKit native ChemDraw CDX interpretation of source bonds; independent stereochemistry review pending,pending_native_source_and_label_review,2,archive-001,papers/paper-12c087bbcec8cc4c/supporting_information/si-001.docx,56c4b259d9d1373bccfda452bb884366b725eb8a2029e09bd3b48072d1031581,,OOXML member word/embeddings/oleObject9.bin / CONTENTS; CDX 5549a7660c165d68da84773033b7d0ca0f2e69bf33c70e17227bf9d358bf6f50; native molecule index 2,word/embeddings/oleObject9.bin,501d06df66763275e078453d8d46c2e632ffe4101f0ba1736705dbec46dd918d,5549a7660c165d68da84773033b7d0ca0f2e69bf33c70e17227bf9d358bf6f50,CONTENTS,0,"[{""source_label"":null,""xml_paragraph_index_1based"":47}]"
paper-12c087bbcec8cc4c,paper-12c087bbcec8cc4c:embedded:5549a7660c165d68da84:4,mol-753613a9a368ba5f7eca567c8e146f0ba5a10e6283efa04671b6a10e2c9d0158,Br,,,,native_CDX_conversion_candidate,RDKit native ChemDraw CDX interpretation of source bonds; independent stereochemistry review pending,pending_native_source_and_label_review,4,archive-001,papers/paper-12c087bbcec8cc4c/supporting_information/si-001.docx,56c4b259d9d1373bccfda452bb884366b725eb8a2029e09bd3b48072d1031581,,OOXML member word/embeddings/oleObject9.bin / CONTENTS; CDX 5549a7660c165d68da84773033b7d0ca0f2e69bf33c70e17227bf9d358bf6f50; native molecule index 4,word/embeddings/oleObject9.bin,501d06df66763275e078453d8d46c2e632ffe4101f0ba1736705dbec46dd918d,5549a7660c165d68da84773033b7d0ca0f2e69bf33c70e17227bf9d358bf6f50,CONTENTS,0,"[{""source_label"":null,""xml_paragraph_index_1based"":47}]"
paper-12c087bbcec8cc4c,paper-12c087bbcec8cc4c:embedded:6c54f74e6aec8eb6a7e0:1,mol-594c832f2c6e321501ece9c3dfbddfaf5c3ff6acc026592409d0bcd569dabd3e,CC(C)(C)OC(=O)NCCCCNCCC#N,,,,native_CDX_conversion_candidate,RDKit native ChemDraw CDX interpretation of source bonds; independent stereochemistry review pending,pending_native_source_and_label_review,1,archive-001,papers/paper-12c087bbcec8cc4c/supporting_information/si-001.docx,56c4b259d9d1373bccfda452bb884366b725eb8a2029e09bd3b48072d1031581,,OOXML member word/embeddings/oleObject26.bin / CONTENTS; CDX 6c54f74e6aec8eb6a7e0d47ee0d7c51a9b25f61388f72208056bb4af6bb90a7c; native molecule index 1,word/embeddings/oleObject26.bin,fd19c32da476c8af122f6150a049cd5bd54bd17efaeceac9923db002ddf51b89,6c54f74e6aec8eb6a7e0d47ee0d7c51a9b25f61388f72208056bb4af6bb90a7c,CONTENTS,0,"[{""source_label"":null,""xml_paragraph_index_1based"":260}]"
paper-12c087bbcec8cc4c,paper-12c087bbcec8cc4c:embedded:6c54f74e6aec8eb6a7e0:1,mol-594c832f2c6e321501ece9c3dfbddfaf5c3ff6acc026592409d0bcd569dabd3e,CC(C)(C)OC(=O)NCCCCNCCC#N,,,,native_CDX_conversion_candidate,RDKit native ChemDraw CDX interpretation of source bonds; independent stereochemistry review pending,pending_native_source_and_label_review,1,archive-001,papers/paper-12c087bbcec8cc4c/supporting_information/si-001.docx,56c4b259d9d1373bccfda452bb884366b725eb8a2029e09bd3b48072d1031581,,OOXML member word/embeddings/oleObject28.bin / CONTENTS; CDX 6c54f74e6aec8eb6a7e0d47ee0d7c51a9b25f61388f72208056bb4af6bb90a7c; native molecule index 1,word/embeddings/oleObject28.bin,fd19c32da476c8af122f6150a049cd5bd54bd17efaeceac9923db002ddf51b89,6c54f74e6aec8eb6a7e0d47ee0d7c51a9b25f61388f72208056bb4af6bb90a7c,CONTENTS,0,"[{""source_label"":null,""xml_paragraph_index_1based"":261}]"
paper-12c087bbcec8cc4c,paper-12c087bbcec8cc4c:embedded:6cb0c47880898b129be7:1,mol-6b4ada68d1435b724e4a8fbf541a5a02f44eb0e2f6290ed272f425b1ec11c66f,COc1ccc(CCC(=O)NCCCN(CCCCNC(=O)OC(C)(C)C)C(=O)OCc2ccccc2)cc1OC,,,,native_CDX_conversion_candidate,RDKit native ChemDraw CDX interpretation of source bonds; independent stereochemistry review pending,pending_native_source_and_label_review,1,archive-001,papers/paper-12c087bbcec8cc4c/supporting_information/si-001.docx,56c4b259d9d1373bccfda452bb884366b725eb8a2029e09bd3b48072d1031581,,OOXML member word/embeddings/oleObject74.bin / CONTENTS; CDX 6cb0c47880898b129be7ac3b0d53cfe9c48f9991d56c537ab66071b7bd5b6563; native molecule index 1,word/embeddings/oleObject74.bin,276fbfda9f4f795275876296a802afd671ab7960bc1a166204f49779134ac329,6cb0c47880898b129be7ac3b0d53cfe9c48f9991d56c537ab66071b7bd5b6563,CONTENTS,0,"[{""source_label"":null,""xml_paragraph_index_1based"":286}]"
paper-12c087bbcec8cc4c,paper-12c087bbcec8cc4c:embedded:7966852913e890327d93:1,mol-eb4b943533bc81948e1d2059dab3bf0ae198fec4ae424506939e28f6b93baa6f,COC(=O)C(C)N(CCCCNC(=O)OC(C)(C)C)CCCNC(=O)CCc1ccc(OC)c(OC)c1,,,,native_CDX_conversion_candidate,RDKit native ChemDraw CDX interpretation of source bonds; independent stereochemistry review pending,pending_native_source_and_label_review,1,archive-001,papers/paper-12c087bbcec8cc4c/supporting_information/si-001.docx,56c4b259d9d1373bccfda452bb884366b725eb8a2029e09bd3b48072d1031581,,OOXML member word/embeddings/oleObject13.bin / CONTENTS; CDX 7966852913e890327d93fe63d024d6588d2be31b1fb651daf61e48de994c07d5; native molecule index 1,word/embeddings/oleObject13.bin,d0a786577ec79ed1845d6be2e4c8dcf4005e292489cb82e57c354f7b7dce7ccb,7966852913e890327d93fe63d024d6588d2be31b1fb651daf61e48de994c07d5,CONTENTS,0,"[{""source_label"":null,""xml_paragraph_index_1based"":59}]"
paper-12c087bbcec8cc4c,paper-12c087bbcec8cc4c:embedded:7966852913e890327d93:2,mol-d9520968acd6ef9d2e541c97b943f82e6e487fe174c7767a06ab3cedae2dd8ca,COC(=O)C(C)N(CCCCN)CCCNC(=O)CCc1ccc(OC)c(OC)c1,,,,native_CDX_conversion_candidate,RDKit native ChemDraw CDX interpretation of source bonds; independent stereochemistry review pending,pending_native_source_and_label_review,2,archive-001,papers/paper-12c087bbcec8cc4c/supporting_information/si-001.docx,56c4b259d9d1373bccfda452bb884366b725eb8a2029e09bd3b48072d1031581,,OOXML member word/embeddings/oleObject13.bin / CONTENTS; CDX 7966852913e890327d93fe63d024d6588d2be31b1fb651daf61e48de994c07d5; native molecule index 2,word/embeddings/oleObject13.bin,d0a786577ec79ed1845d6be2e4c8dcf4005e292489cb82e57c354f7b7dce7ccb,7966852913e890327d93fe63d024d6588d2be31b1fb651daf61e48de994c07d5,CONTENTS,0,"[{""source_label"":null,""xml_paragraph_index_1based"":59}]"
paper-12c087bbcec8cc4c,paper-12c087bbcec8cc4c:embedded:7966852913e890327d93:3,mol-68bd1bd95ba465c01242172601c742e27c193936ade6718ca7f8c8b4764c40d4,Cl,,,,native_CDX_conversion_candidate,RDKit native ChemDraw CDX interpretation of source bonds; independent stereochemistry review pending,pending_native_source_and_label_review,3,archive-001,papers/paper-12c087bbcec8cc4c/supporting_information/si-001.docx,56c4b259d9d1373bccfda452bb884366b725eb8a2029e09bd3b48072d1031581,,OOXML member word/embeddings/oleObject13.bin / CONTENTS; CDX 7966852913e890327d93fe63d024d6588d2be31b1fb651daf61e48de994c07d5; native molecule index 3,word/embeddings/oleObject13.bin,d0a786577ec79ed1845d6be2e4c8dcf4005e292489cb82e57c354f7b7dce7ccb,7966852913e890327d93fe63d024d6588d2be31b1fb651daf61e48de994c07d5,CONTENTS,0,"[{""source_label"":null,""xml_paragraph_index_1based"":59}]"
paper-12c087bbcec8cc4c,paper-12c087bbcec8cc4c:embedded:82a27ac99a3afb5a6946:1,mol-6b4ada68d1435b724e4a8fbf541a5a02f44eb0e2f6290ed272f425b1ec11c66f,COc1ccc(CCC(=O)NCCCN(CCCCNC(=O)OC(C)(C)C)C(=O)OCc2ccccc2)cc1OC,,,,native_CDX_conversion_candidate,RDKit native ChemDraw CDX interpretation of source bonds; independent stereochemistry review pending,pending_native_source_and_label_review,1,archive-001,papers/paper-12c087bbcec8cc4c/supporting_information/si-001.docx,56c4b259d9d1373bccfda452bb884366b725eb8a2029e09bd3b48072d1031581,,OOXML member word/embeddings/oleObject34.bin / CONTENTS; CDX 82a27ac99a3afb5a694636d53f7462e7f240efe01966d887ef30343d4fd14bfc; native molecule index 1,word/embeddings/oleObject34.bin,9448a157143dff33e7dcd51c1312bf0f248c064c711e2d53c095f15b49ef4e4b,82a27ac99a3afb5a694636d53f7462e7f240efe01966d887ef30343d4fd14bfc,CONTENTS,0,"[{""source_label"":null,""xml_paragraph_index_1based"":265}]"
paper-12c087bbcec8cc4c,paper-12c087bbcec8cc4c:embedded:832f403211ae29d304a2:1,mol-594c832f2c6e321501ece9c3dfbddfaf5c3ff6acc026592409d0bcd569dabd3e,CC(C)(C)OC(=O)NCCCCNCCC#N,,,,native_CDX_conversion_candidate,RDKit native ChemDraw CDX interpretation of source bonds; independent stereochemistry review pending,pending_native_source_and_label_review,1,archive-001,papers/paper-12c087bbcec8cc4c/supporting_information/si-001.docx,56c4b259d9d1373bccfda452bb884366b725eb8a2029e09bd3b48072d1031581,,OOXML member word/embeddings/oleObject10.bin / CONTENTS; CDX 832f403211ae29d304a23ad20a8ae403b3da00c8b75b78f92c3902168cd64e2c; native molecule index 1,word/embeddings/oleObject10.bin,c22c69be502496fe8a7d310e4161a84c8b8c101d92157cfc3143459be4ae3193,832f403211ae29d304a23ad20a8ae403b3da00c8b75b78f92c3902168cd64e2c,CONTENTS,0,"[{""source_label"":null,""xml_paragraph_index_1based"":50}]"
paper-12c087bbcec8cc4c,paper-12c087bbcec8cc4c:embedded:832f403211ae29d304a2:2,mol-db416c8db08dd8804f6ef909285ac9d2c2060dedd54c48ae903f7120dd6057c2,COC(=O)C(C)N(CCC#N)CCCCNC(=O)OC(C)(C)C,,,,native_CDX_conversion_candidate,RDKit native ChemDraw CDX interpretation of source bonds; independent stereochemistry review pending,pending_native_source_and_label_review,2,archive-001,papers/paper-12c087bbcec8cc4c/supporting_information/si-001.docx,56c4b259d9d1373bccfda452bb884366b725eb8a2029e09bd3b48072d1031581,,OOXML member word/embeddings/oleObject10.bin / CONTENTS; CDX 832f403211ae29d304a23ad20a8ae403b3da00c8b75b78f92c3902168cd64e2c; native molecule index 2,word/embeddings/oleObject10.bin,c22c69be502496fe8a7d310e4161a84c8b8c101d92157cfc3143459be4ae3193,832f403211ae29d304a23ad20a8ae403b3da00c8b75b78f92c3902168cd64e2c,CONTENTS,0,"[{""source_label"":null,""xml_paragraph_index_1based"":50}]"
paper-12c087bbcec8cc4c,paper-12c087bbcec8cc4c:embedded:832f403211ae29d304a2:3,mol-eb4b943533bc81948e1d2059dab3bf0ae198fec4ae424506939e28f6b93baa6f,COC(=O)C(C)N(CCCCNC(=O)OC(C)(C)C)CCCNC(=O)CCc1ccc(OC)c(OC)c1,,,,native_CDX_conversion_candidate,RDKit native ChemDraw CDX interpretation of source bonds; independent stereochemistry review pending,pending_native_source_and_label_review,3,archive-001,papers/paper-12c087bbcec8cc4c/supporting_information/si-001.docx,56c4b259d9d1373bccfda452bb884366b725eb8a2029e09bd3b48072d1031581,,OOXML member word/embeddings/oleObject10.bin / CONTENTS; CDX 832f403211ae29d304a23ad20a8ae403b3da00c8b75b78f92c3902168cd64e2c; native molecule index 3,word/embeddings/oleObject10.bin,c22c69be502496fe8a7d310e4161a84c8b8c101d92157cfc3143459be4ae3193,832f403211ae29d304a23ad20a8ae403b3da00c8b75b78f92c3902168cd64e2c,CONTENTS,0,"[{""source_label"":null,""xml_paragraph_index_1based"":50}]"
paper-12c087bbcec8cc4c,paper-12c087bbcec8cc4c:embedded:832f403211ae29d304a2:4,mol-d9520968acd6ef9d2e541c97b943f82e6e487fe174c7767a06ab3cedae2dd8ca,COC(=O)C(C)N(CCCCN)CCCNC(=O)CCc1ccc(OC)c(OC)c1,,,,native_CDX_conversion_candidate,RDKit native ChemDraw CDX interpretation of source bonds; independent stereochemistry review pending,pending_native_source_and_label_review,4,archive-001,papers/paper-12c087bbcec8cc4c/supporting_information/si-001.docx,56c4b259d9d1373bccfda452bb884366b725eb8a2029e09bd3b48072d1031581,,OOXML member word/embeddings/oleObject10.bin / CONTENTS; CDX 832f403211ae29d304a23ad20a8ae403b3da00c8b75b78f92c3902168cd64e2c; native molecule index 4,word/embeddings/oleObject10.bin,c22c69be502496fe8a7d310e4161a84c8b8c101d92157cfc3143459be4ae3193,832f403211ae29d304a23ad20a8ae403b3da00c8b75b78f92c3902168cd64e2c,CONTENTS,0,"[{""source_label"":null,""xml_paragraph_index_1based"":50}]"
paper-12c087bbcec8cc4c,paper-12c087bbcec8cc4c:embedded:832f403211ae29d304a2:5,mol-3661b540d2483bf0caaeeeb83d7a6cbb667d72bac3e483659ff3d7621300f286,COC(=O)C(C)N(CCCCNC(=O)/C=C/c1ccc(OC)c(OC)c1)CCCNC(=O)CCc1ccc(OC)c(OC)c1,,,,native_CDX_conversion_candidate,RDKit native ChemDraw CDX interpretation of source bonds; independent stereochemistry review pending,pending_native_source_and_label_review,5,archive-001,papers/paper-12c087bbcec8cc4c/supporting_information/si-001.docx,56c4b259d9d1373bccfda452bb884366b725eb8a2029e09bd3b48072d1031581,,OOXML member word/embeddings/oleObject10.bin / CONTENTS; CDX 832f403211ae29d304a23ad20a8ae403b3da00c8b75b78f92c3902168cd64e2c; native molecule index 5,word/embeddings/oleObject10.bin,c22c69be502496fe8a7d310e4161a84c8b8c101d92157cfc3143459be4ae3193,832f403211ae29d304a23ad20a8ae403b3da00c8b75b78f92c3902168cd64e2c,CONTENTS,0,"[{""source_label"":null,""xml_paragraph_index_1based"":50}]"
paper-12c087bbcec8cc4c,paper-12c087bbcec8cc4c:embedded:832f403211ae29d304a2:6,mol-d9041a74fa5c493d474e3c366aae067aee0a9c52b773b6eef2770c4620b68bbf,COc1ccc(/C=C/C(=O)NCCCCN(CCCNC(=O)CCc2ccc(OC)c(OC)c2)C(C)C(=O)O)cc1OC,,,,native_CDX_conversion_candidate,RDKit native ChemDraw CDX interpretation of source bonds; independent stereochemistry review pending,pending_native_source_and_label_review,6,archive-001,papers/paper-12c087bbcec8cc4c/supporting_information/si-001.docx,56c4b259d9d1373bccfda452bb884366b725eb8a2029e09bd3b48072d1031581,,OOXML member word/embeddings/oleObject10.bin / CONTENTS; CDX 832f403211ae29d304a23ad20a8ae403b3da00c8b75b78f92c3902168cd64e2c; native molecule index 6,word/embeddings/oleObject10.bin,c22c69be502496fe8a7d310e4161a84c8b8c101d92157cfc3143459be4ae3193,832f403211ae29d304a23ad20a8ae403b3da00c8b75b78f92c3902168cd64e2c,CONTENTS,0,"[{""source_label"":null,""xml_paragraph_index_1based"":50}]"
paper-12c087bbcec8cc4c,paper-12c087bbcec8cc4c:embedded:832f403211ae29d304a2:7,mol-11a9441a239b6e1544c24e757d5aaa99c561f3688b051bef715f3a9af3b5eedb,CC(C(=O)O)N(CCCCNC(=O)/C=C/c1ccc(O)c(O)c1)CCCNC(=O)CCc1ccc(O)c(O)c1,,,,native_CDX_conversion_candidate,RDKit native ChemDraw CDX interpretation of source bonds; independent stereochemistry review pending,pending_native_source_and_label_review,7,archive-001,papers/paper-12c087bbcec8cc4c/supporting_information/si-001.docx,56c4b259d9d1373bccfda452bb884366b725eb8a2029e09bd3b48072d1031581,,OOXML member word/embeddings/oleObject10.bin / CONTENTS; CDX 832f403211ae29d304a23ad20a8ae403b3da00c8b75b78f92c3902168cd64e2c; native molecule index 7,word/embeddings/oleObject10.bin,c22c69be502496fe8a7d310e4161a84c8b8c101d92157cfc3143459be4ae3193,832f403211ae29d304a23ad20a8ae403b3da00c8b75b78f92c3902168cd64e2c,CONTENTS,0,"[{""source_label"":null,""xml_paragraph_index_1based"":50}]"
paper-12c087bbcec8cc4c,paper-12c087bbcec8cc4c:embedded:832f403211ae29d304a2:8,mol-68bd1bd95ba465c01242172601c742e27c193936ade6718ca7f8c8b4764c40d4,Cl,,,,native_CDX_conversion_candidate,RDKit native ChemDraw CDX interpretation of source bonds; independent stereochemistry review pending,pending_native_source_and_label_review,8,archive-001,papers/paper-12c087bbcec8cc4c/supporting_information/si-001.docx,56c4b259d9d1373bccfda452bb884366b725eb8a2029e09bd3b48072d1031581,,OOXML member word/embeddings/oleObject10.bin / CONTENTS; CDX 832f403211ae29d304a23ad20a8ae403b3da00c8b75b78f92c3902168cd64e2c; native molecule index 8,word/embeddings/oleObject10.bin,c22c69be502496fe8a7d310e4161a84c8b8c101d92157cfc3143459be4ae3193,832f403211ae29d304a23ad20a8ae403b3da00c8b75b78f92c3902168cd64e2c,CONTENTS,0,"[{""source_label"":null,""xml_paragraph_index_1based"":50}]"
paper-12c087bbcec8cc4c,paper-12c087bbcec8cc4c:embedded:876094c16565e6f8048a:1,mol-d9520968acd6ef9d2e541c97b943f82e6e487fe174c7767a06ab3cedae2dd8ca,COC(=O)C(C)N(CCCCN)CCCNC(=O)CCc1ccc(OC)c(OC)c1,,,,native_CDX_conversion_candidate,RDKit native ChemDraw CDX interpretation of source bonds; independent stereochemistry review pending,pending_native_source_and_label_review,1,archive-001,papers/paper-12c087bbcec8cc4c/supporting_information/si-001.docx,56c4b259d9d1373bccfda452bb884366b725eb8a2029e09bd3b48072d1031581,,OOXML member word/embeddings/oleObject62.bin / CONTENTS; CDX 876094c16565e6f8048a9a60bc82b6fbcc9202bd6da94190b6a3c051f6aa9c78; native molecule index 1,word/embeddings/oleObject62.bin,fa8a1f72e941b616400553b7ee2089dab1779226be29f43f6e5a93e05a47990d,876094c16565e6f8048a9a60bc82b6fbcc9202bd6da94190b6a3c051f6aa9c78,CONTENTS,0,"[{""source_label"":null,""xml_paragraph_index_1based"":280}]"
paper-12c087bbcec8cc4c,paper-12c087bbcec8cc4c:embedded:876094c16565e6f8048a:2,mol-68bd1bd95ba465c01242172601c742e27c193936ade6718ca7f8c8b4764c40d4,Cl,,,,native_CDX_conversion_candidate,RDKit native ChemDraw CDX interpretation of source bonds; independent stereochemistry review pending,pending_native_source_and_label_review,2,archive-001,papers/paper-12c087bbcec8cc4c/supporting_information/si-001.docx,56c4b259d9d1373bccfda452bb884366b725eb8a2029e09bd3b48072d1031581,,OOXML member word/embeddings/oleObject62.bin / CONTENTS; CDX 876094c16565e6f8048a9a60bc82b6fbcc9202bd6da94190b6a3c051f6aa9c78; native molecule index 2,word/embeddings/oleObject62.bin,fa8a1f72e941b616400553b7ee2089dab1779226be29f43f6e5a93e05a47990d,876094c16565e6f8048a9a60bc82b6fbcc9202bd6da94190b6a3c051f6aa9c78,CONTENTS,0,"[{""source_label"":null,""xml_paragraph_index_1based"":280}]"
paper-12c087bbcec8cc4c,paper-12c087bbcec8cc4c:embedded:87903b4593651a3abbb4:1,mol-11a9441a239b6e1544c24e757d5aaa99c561f3688b051bef715f3a9af3b5eedb,CC(C(=O)O)N(CCCCNC(=O)/C=C/c1ccc(O)c(O)c1)CCCNC(=O)CCc1ccc(O)c(O)c1,,,,native_CDX_conversion_candidate,RDKit native ChemDraw CDX interpretation of source bonds; independent stereochemistry review pending,pending_native_source_and_label_review,1,archive-001,papers/paper-12c087bbcec8cc4c/supporting_information/si-001.docx,56c4b259d9d1373bccfda452bb884366b725eb8a2029e09bd3b48072d1031581,,OOXML member word/embeddings/oleObject70.bin / CONTENTS; CDX 87903b4593651a3abbb41bd24862562b8ef1629eb8ba4d0f5b0c17a0a09ca0b6; native molecule index 1,word/embeddings/oleObject70.bin,bbd58508b093092fc3014ea5c75f5411ebb40a325316b7e6b10d940cf6f55c42,87903b4593651a3abbb41bd24862562b8ef1629eb8ba4d0f5b0c17a0a09ca0b6,CONTENTS,0,"[{""source_label"":null,""xml_paragraph_index_1based"":284}]"
paper-12c087bbcec8cc4c,paper-12c087bbcec8cc4c:embedded:87903b4593651a3abbb4:1,mol-11a9441a239b6e1544c24e757d5aaa99c561f3688b051bef715f3a9af3b5eedb,CC(C(=O)O)N(CCCCNC(=O)/C=C/c1ccc(O)c(O)c1)CCCNC(=O)CCc1ccc(O)c(O)c1,,,,native_CDX_conversion_candidate,RDKit native ChemDraw CDX interpretation of source bonds; independent stereochemistry review pending,pending_native_source_and_label_review,1,archive-001,papers/paper-12c087bbcec8cc4c/supporting_information/si-001.docx,56c4b259d9d1373bccfda452bb884366b725eb8a2029e09bd3b48072d1031581,,OOXML member word/embeddings/oleObject72.bin / CONTENTS; CDX 87903b4593651a3abbb41bd24862562b8ef1629eb8ba4d0f5b0c17a0a09ca0b6; native molecule index 1,word/embeddings/oleObject72.bin,bbd58508b093092fc3014ea5c75f5411ebb40a325316b7e6b10d940cf6f55c42,87903b4593651a3abbb41bd24862562b8ef1629eb8ba4d0f5b0c17a0a09ca0b6,CONTENTS,0,"[{""source_label"":null,""xml_paragraph_index_1based"":285}]"
paper-12c087bbcec8cc4c,paper-12c087bbcec8cc4c:embedded:89eb76c2e5a853aad151:1,mol-e8820ee195891653fbae761f22203db1fb249cdb3d9fddaedce59a6076b10efc,COc1ccc(CCC(=O)ON2C(=O)CCC2=O)cc1OC,,,,native_CDX_conversion_candidate,RDKit native ChemDraw CDX interpretation of source bonds; independent stereochemistry review pending,pending_native_source_and_label_review,1,archive-001,papers/paper-12c087bbcec8cc4c/supporting_information/si-001.docx,56c4b259d9d1373bccfda452bb884366b725eb8a2029e09bd3b48072d1031581,,OOXML member word/embeddings/oleObject12.bin / CONTENTS; CDX 89eb76c2e5a853aad1512af6001bd877767f014f97b1c9e9aeb7131796dd7fd0; native molecule index 1,word/embeddings/oleObject12.bin,d3774bffd4b7ba8d38623e79145a73792489d6675363f4e2b149d12badfccb75,89eb76c2e5a853aad1512af6001bd877767f014f97b1c9e9aeb7131796dd7fd0,CONTENTS,0,"[{""source_label"":null,""xml_paragraph_index_1based"":56}]"
paper-12c087bbcec8cc4c,paper-12c087bbcec8cc4c:embedded:89eb76c2e5a853aad151:2,mol-db416c8db08dd8804f6ef909285ac9d2c2060dedd54c48ae903f7120dd6057c2,COC(=O)C(C)N(CCC#N)CCCCNC(=O)OC(C)(C)C,,,,native_CDX_conversion_candidate,RDKit native ChemDraw CDX interpretation of source bonds; independent stereochemistry review pending,pending_native_source_and_label_review,2,archive-001,papers/paper-12c087bbcec8cc4c/supporting_information/si-001.docx,56c4b259d9d1373bccfda452bb884366b725eb8a2029e09bd3b48072d1031581,,OOXML member word/embeddings/oleObject12.bin / CONTENTS; CDX 89eb76c2e5a853aad1512af6001bd877767f014f97b1c9e9aeb7131796dd7fd0; native molecule index 2,word/embeddings/oleObject12.bin,d3774bffd4b7ba8d38623e79145a73792489d6675363f4e2b149d12badfccb75,89eb76c2e5a853aad1512af6001bd877767f014f97b1c9e9aeb7131796dd7fd0,CONTENTS,0,"[{""source_label"":null,""xml_paragraph_index_1based"":56}]"
paper-12c087bbcec8cc4c,paper-12c087bbcec8cc4c:embedded:89eb76c2e5a853aad151:3,mol-eb4b943533bc81948e1d2059dab3bf0ae198fec4ae424506939e28f6b93baa6f,COC(=O)C(C)N(CCCCNC(=O)OC(C)(C)C)CCCNC(=O)CCc1ccc(OC)c(OC)c1,,,,native_CDX_conversion_candidate,RDKit native ChemDraw CDX interpretation of source bonds; independent stereochemistry review pending,pending_native_source_and_label_review,3,archive-001,papers/paper-12c087bbcec8cc4c/supporting_information/si-001.docx,56c4b259d9d1373bccfda452bb884366b725eb8a2029e09bd3b48072d1031581,,OOXML member word/embeddings/oleObject12.bin / CONTENTS; CDX 89eb76c2e5a853aad1512af6001bd877767f014f97b1c9e9aeb7131796dd7fd0; native molecule index 3,word/embeddings/oleObject12.bin,d3774bffd4b7ba8d38623e79145a73792489d6675363f4e2b149d12badfccb75,89eb76c2e5a853aad1512af6001bd877767f014f97b1c9e9aeb7131796dd7fd0,CONTENTS,0,"[{""source_label"":null,""xml_paragraph_index_1based"":56}]"
paper-12c087bbcec8cc4c,paper-12c087bbcec8cc4c:embedded:8b361208484641ca5b4f:1,mol-8dfc42af6bdfcffc6d7fcff13e2b869712d962972547691d622a5b321d1f5f5b,COc1ccc(CCC(=O)NCCCN(CCCCN)C(=O)OCc2ccccc2)cc1OC,,,,native_CDX_conversion_candidate,RDKit native ChemDraw CDX interpretation of source bonds; independent stereochemistry review pending,pending_native_source_and_label_review,1,archive-001,papers/paper-12c087bbcec8cc4c/supporting_information/si-001.docx,56c4b259d9d1373bccfda452bb884366b725eb8a2029e09bd3b48072d1031581,,OOXML member word/embeddings/oleObject38.bin / CONTENTS; CDX 8b361208484641ca5b4fc29b676a5127e932cac22d3f90c7a6e13c18f4a37bcb; native molecule index 1,word/embeddings/oleObject38.bin,6d22a89fb322e9eaf8ac2c18e5d4f55280eb66490b8b24851a508dbc8b003b3c,8b361208484641ca5b4fc29b676a5127e932cac22d3f90c7a6e13c18f4a37bcb,CONTENTS,0,"[{""source_label"":null,""xml_paragraph_index_1based"":267}]"
paper-12c087bbcec8cc4c,paper-12c087bbcec8cc4c:embedded:8b361208484641ca5b4f:1,mol-8dfc42af6bdfcffc6d7fcff13e2b869712d962972547691d622a5b321d1f5f5b,COc1ccc(CCC(=O)NCCCN(CCCCN)C(=O)OCc2ccccc2)cc1OC,,,,native_CDX_conversion_candidate,RDKit native ChemDraw CDX interpretation of source bonds; independent stereochemistry review pending,pending_native_source_and_label_review,1,archive-001,papers/paper-12c087bbcec8cc4c/supporting_information/si-001.docx,56c4b259d9d1373bccfda452bb884366b725eb8a2029e09bd3b48072d1031581,,OOXML member word/embeddings/oleObject40.bin / CONTENTS; CDX 8b361208484641ca5b4fc29b676a5127e932cac22d3f90c7a6e13c18f4a37bcb; native molecule index 1,word/embeddings/oleObject40.bin,6d22a89fb322e9eaf8ac2c18e5d4f55280eb66490b8b24851a508dbc8b003b3c,8b361208484641ca5b4fc29b676a5127e932cac22d3f90c7a6e13c18f4a37bcb,CONTENTS,0,"[{""source_label"":null,""xml_paragraph_index_1based"":268}]"
paper-12c087bbcec8cc4c,paper-12c087bbcec8cc4c:embedded:8d99fee0790d77406a8c:1,mol-8dfc42af6bdfcffc6d7fcff13e2b869712d962972547691d622a5b321d1f5f5b,COc1ccc(CCC(=O)NCCCN(CCCCN)C(=O)OCc2ccccc2)cc1OC,,,,native_CDX_conversion_candidate,RDKit native ChemDraw CDX interpretation of source bonds; independent stereochemistry review pending,pending_native_source_and_label_review,1,archive-001,papers/paper-12c087bbcec8cc4c/supporting_information/si-001.docx,56c4b259d9d1373bccfda452bb884366b725eb8a2029e09bd3b48072d1031581,,OOXML member word/embeddings/oleObject75.bin / CONTENTS; CDX 8d99fee0790d77406a8c4bd8c37af18b0c5d0e4670cf805682af379a8b2fb85c; native molecule index 1,word/embeddings/oleObject75.bin,de45fc3ebd351b58edc312b8a1b82758718fea465e554b06424ce667a70b2791,8d99fee0790d77406a8c4bd8c37af18b0c5d0e4670cf805682af379a8b2fb85c,CONTENTS,0,"[{""source_label"":null,""xml_paragraph_index_1based"":287}]"
paper-12c087bbcec8cc4c,paper-12c087bbcec8cc4c:embedded:8d99fee0790d77406a8c:2,mol-68bd1bd95ba465c01242172601c742e27c193936ade6718ca7f8c8b4764c40d4,Cl,,,,native_CDX_conversion_candidate,RDKit native ChemDraw CDX interpretation of source bonds; independent stereochemistry review pending,pending_native_source_and_label_review,2,archive-001,papers/paper-12c087bbcec8cc4c/supporting_information/si-001.docx,56c4b259d9d1373bccfda452bb884366b725eb8a2029e09bd3b48072d1031581,,OOXML member word/embeddings/oleObject75.bin / CONTENTS; CDX 8d99fee0790d77406a8c4bd8c37af18b0c5d0e4670cf805682af379a8b2fb85c; native molecule index 2,word/embeddings/oleObject75.bin,de45fc3ebd351b58edc312b8a1b82758718fea465e554b06424ce667a70b2791,8d99fee0790d77406a8c4bd8c37af18b0c5d0e4670cf805682af379a8b2fb85c,CONTENTS,0,"[{""source_label"":null,""xml_paragraph_index_1based"":287}]"
paper-12c087bbcec8cc4c,paper-12c087bbcec8cc4c:embedded:971a4ada0cd05b68774f:1,mol-3162505509207d0e8936071848a74807024c6c8c17fac3fd803db1b1ac561b8f,COc1ccc(CCC(=O)O)cc1OC,,,,native_CDX_conversion_candidate,RDKit native ChemDraw CDX interpretation of source bonds; independent stereochemistry review pending,pending_native_source_and_label_review,1,archive-001,papers/paper-12c087bbcec8cc4c/supporting_information/si-001.docx,56c4b259d9d1373bccfda452bb884366b725eb8a2029e09bd3b48072d1031581,,OOXML member word/embeddings/oleObject1.bin / CONTENTS; CDX 971a4ada0cd05b68774f4fa57eb22ec692141b4f8706557a0a9ead83dd5fd6d4; native molecule index 1,word/embeddings/oleObject1.bin,e6f47dbc6333785fdb68ec3e9b07d92c2223cf0e91c01b1cab0969f1b767fd3f,971a4ada0cd05b68774f4fa57eb22ec692141b4f8706557a0a9ead83dd5fd6d4,CONTENTS,0,"[{""source_label"":null,""xml_paragraph_index_1based"":23}]"
paper-12c087bbcec8cc4c,paper-12c087bbcec8cc4c:embedded:971a4ada0cd05b68774f:2,mol-e8820ee195891653fbae761f22203db1fb249cdb3d9fddaedce59a6076b10efc,COc1ccc(CCC(=O)ON2C(=O)CCC2=O)cc1OC,,,,native_CDX_conversion_candidate,RDKit native ChemDraw CDX interpretation of source bonds; independent stereochemistry review pending,pending_native_source_and_label_review,2,archive-001,papers/paper-12c087bbcec8cc4c/supporting_information/si-001.docx,56c4b259d9d1373bccfda452bb884366b725eb8a2029e09bd3b48072d1031581,,OOXML member word/embeddings/oleObject1.bin / CONTENTS; CDX 971a4ada0cd05b68774f4fa57eb22ec692141b4f8706557a0a9ead83dd5fd6d4; native molecule index 2,word/embeddings/oleObject1.bin,e6f47dbc6333785fdb68ec3e9b07d92c2223cf0e91c01b1cab0969f1b767fd3f,971a4ada0cd05b68774f4fa57eb22ec692141b4f8706557a0a9ead83dd5fd6d4,CONTENTS,0,"[{""source_label"":null,""xml_paragraph_index_1based"":23}]"
paper-12c087bbcec8cc4c,paper-12c087bbcec8cc4c:embedded:97ba2faab322ffd7573a:1,mol-b6bc8411b77c1ae6333ef2d306ca8d58840d79f73a86a0b5deb36a1fd44ab39c,COc1ccc(/C=C/C(=O)NCCCCN(CCCNC(=O)CCc2ccc(OC)c(OC)c2)C(=O)OCc2ccccc2)cc1OC,,,,native_CDX_conversion_candidate,RDKit native ChemDraw CDX interpretation of source bonds; independent stereochemistry review pending,pending_native_source_and_label_review,1,archive-001,papers/paper-12c087bbcec8cc4c/supporting_information/si-001.docx,56c4b259d9d1373bccfda452bb884366b725eb8a2029e09bd3b48072d1031581,,OOXML member word/embeddings/oleObject76.bin / CONTENTS; CDX 97ba2faab322ffd7573a864becbc1effebacb618e2c13d70a086ce0db713d3b6; native molecule index 1,word/embeddings/oleObject76.bin,a92d12931e1fe3767068c6ef75cc14ca06cc97e3b53c1ea744ee017c12ed65fe,97ba2faab322ffd7573a864becbc1effebacb618e2c13d70a086ce0db713d3b6,CONTENTS,0,"[{""source_label"":null,""xml_paragraph_index_1based"":288}]"
paper-12c087bbcec8cc4c,paper-12c087bbcec8cc4c:embedded:a3564c7e351afd5a277a:1,mol-bda635cadfd4c0caf8cf80c3537fb0016518f55ea27c7b919c16fa5be8163d30,COc1ccc(/C=C/C(=O)ON2C(=O)CCC2=O)cc1OC,,,,native_CDX_conversion_candidate,RDKit native ChemDraw CDX interpretation of source bonds; independent stereochemistry review pending,pending_native_source_and_label_review,1,archive-001,papers/paper-12c087bbcec8cc4c/supporting_information/si-001.docx,56c4b259d9d1373bccfda452bb884366b725eb8a2029e09bd3b48072d1031581,,OOXML member word/embeddings/oleObject22.bin / CONTENTS; CDX a3564c7e351afd5a277ae559590a87018249c1a5ed83e547d527a6d03553101e; native molecule index 1,word/embeddings/oleObject22.bin,a659a9ee4e3bbef7c8748367fe3a3dd3a0472563b944218d9ccbf707ad47f1b6,a3564c7e351afd5a277ae559590a87018249c1a5ed83e547d527a6d03553101e,CONTENTS,0,"[{""source_label"":null,""xml_paragraph_index_1based"":257}]"
paper-12c087bbcec8cc4c,paper-12c087bbcec8cc4c:embedded:a3564c7e351afd5a277a:1,mol-bda635cadfd4c0caf8cf80c3537fb0016518f55ea27c7b919c16fa5be8163d30,COc1ccc(/C=C/C(=O)ON2C(=O)CCC2=O)cc1OC,,,,native_CDX_conversion_candidate,RDKit native ChemDraw CDX interpretation of source bonds; independent stereochemistry review pending,pending_native_source_and_label_review,1,archive-001,papers/paper-12c087bbcec8cc4c/supporting_information/si-001.docx,56c4b259d9d1373bccfda452bb884366b725eb8a2029e09bd3b48072d1031581,,OOXML member word/embeddings/oleObject24.bin / CONTENTS; CDX a3564c7e351afd5a277ae559590a87018249c1a5ed83e547d527a6d03553101e; native molecule index 1,word/embeddings/oleObject24.bin,a659a9ee4e3bbef7c8748367fe3a3dd3a0472563b944218d9ccbf707ad47f1b6,a3564c7e351afd5a277ae559590a87018249c1a5ed83e547d527a6d03553101e,CONTENTS,0,"[{""source_label"":null,""xml_paragraph_index_1based"":258}]"
paper-12c087bbcec8cc4c,paper-12c087bbcec8cc4c:embedded:a77b5afe6fa6544f4c6a:1,mol-af99959c9777390ca423650fa71dd6d77b30bdcc5d7c67f5ddd24cf99672e3dd,O=C(/C=C/c1ccc(O)c(O)c1)NCCCCNCCCNC(=O)CCc1ccc(O)c(O)c1,,,,native_CDX_conversion_candidate,RDKit native ChemDraw CDX interpretation of source bonds; independent stereochemistry review pending,pending_native_source_and_label_review,1,archive-001,papers/paper-12c087bbcec8cc4c/supporting_information/si-001.docx,56c4b259d9d1373bccfda452bb884366b725eb8a2029e09bd3b48072d1031581,,OOXML member word/embeddings/oleObject17.bin / CONTENTS; CDX a77b5afe6fa6544f4c6a25c83d82af6eee08c79805efbfc33ad20e769b1c9a70; native molecule index 1,word/embeddings/oleObject17.bin,dec390d9a39acdd2b3fbeb1eb13c2a227581811795f2519d10e60fc18a765d8a,a77b5afe6fa6544f4c6a25c83d82af6eee08c79805efbfc33ad20e769b1c9a70,CONTENTS,0,"[{""source_label"":null,""xml_paragraph_index_1based"":72}]"
paper-12c087bbcec8cc4c,paper-12c087bbcec8cc4c:embedded:aa5fca2ee7f4d96e2481:1,mol-e8820ee195891653fbae761f22203db1fb249cdb3d9fddaedce59a6076b10efc,COc1ccc(CCC(=O)ON2C(=O)CCC2=O)cc1OC,,,,native_CDX_conversion_candidate,RDKit native ChemDraw CDX interpretation of source bonds; independent stereochemistry review pending,pending_native_source_and_label_review,1,archive-001,papers/paper-12c087bbcec8cc4c/supporting_information/si-001.docx,56c4b259d9d1373bccfda452bb884366b725eb8a2029e09bd3b48072d1031581,,OOXML member word/embeddings/oleObject18.bin / CONTENTS; CDX aa5fca2ee7f4d96e2481fe18f0d668d0ab666fa9ad05f983033c27257c931de0; native molecule index 1,word/embeddings/oleObject18.bin,3e792c668f870e1252b342bd09a5d7a810fd56d97d7be98341e722fb2012545c,aa5fca2ee7f4d96e2481fe18f0d668d0ab666fa9ad05f983033c27257c931de0,CONTENTS,0,"[{""source_label"":null,""xml_paragraph_index_1based"":255}]"
paper-12c087bbcec8cc4c,paper-12c087bbcec8cc4c:embedded:aa5fca2ee7f4d96e2481:1,mol-e8820ee195891653fbae761f22203db1fb249cdb3d9fddaedce59a6076b10efc,COc1ccc(CCC(=O)ON2C(=O)CCC2=O)cc1OC,,,,native_CDX_conversion_candidate,RDKit native ChemDraw CDX interpretation of source bonds; independent stereochemistry review pending,pending_native_source_and_label_review,1,archive-001,papers/paper-12c087bbcec8cc4c/supporting_information/si-001.docx,56c4b259d9d1373bccfda452bb884366b725eb8a2029e09bd3b48072d1031581,,OOXML member word/embeddings/oleObject20.bin / CONTENTS; CDX aa5fca2ee7f4d96e2481fe18f0d668d0ab666fa9ad05f983033c27257c931de0; native molecule index 1,word/embeddings/oleObject20.bin,3e792c668f870e1252b342bd09a5d7a810fd56d97d7be98341e722fb2012545c,aa5fca2ee7f4d96e2481fe18f0d668d0ab666fa9ad05f983033c27257c931de0,CONTENTS,0,"[{""source_label"":null,""xml_paragraph_index_1based"":256}]"
paper-12c087bbcec8cc4c,paper-12c087bbcec8cc4c:embedded:b04851a08dc48d20693c:1,mol-8dfc42af6bdfcffc6d7fcff13e2b869712d962972547691d622a5b321d1f5f5b,COc1ccc(CCC(=O)NCCCN(CCCCN)C(=O)OCc2ccccc2)cc1OC,,,,native_CDX_conversion_candidate,RDKit native ChemDraw CDX interpretation of source bonds; independent stereochemistry review pending,pending_native_source_and_label_review,1,archive-001,papers/paper-12c087bbcec8cc4c/supporting_information/si-001.docx,56c4b259d9d1373bccfda452bb884366b725eb8a2029e09bd3b48072d1031581,,OOXML member word/embeddings/oleObject7.bin / CONTENTS; CDX b04851a08dc48d20693cd8cf207dc4d4cf8923b279b1d5e9ed53d9d806c288b1; native molecule index 1,word/embeddings/oleObject7.bin,ff167bcd9e1057ccf91be1c8f0a31bc254ce091876c3cb9654169e047d84a59c,b04851a08dc48d20693cd8cf207dc4d4cf8923b279b1d5e9ed53d9d806c288b1,CONTENTS,0,"[{""source_label"":null,""xml_paragraph_index_1based"":41}]"
paper-12c087bbcec8cc4c,paper-12c087bbcec8cc4c:embedded:b04851a08dc48d20693c:2,mol-6b4ada68d1435b724e4a8fbf541a5a02f44eb0e2f6290ed272f425b1ec11c66f,COc1ccc(CCC(=O)NCCCN(CCCCNC(=O)OC(C)(C)C)C(=O)OCc2ccccc2)cc1OC,,,,native_CDX_conversion_candidate,RDKit native ChemDraw CDX interpretation of source bonds; independent stereochemistry review pending,pending_native_source_and_label_review,2,archive-001,papers/paper-12c087bbcec8cc4c/supporting_information/si-001.docx,56c4b259d9d1373bccfda452bb884366b725eb8a2029e09bd3b48072d1031581,,OOXML member word/embeddings/oleObject7.bin / CONTENTS; CDX b04851a08dc48d20693cd8cf207dc4d4cf8923b279b1d5e9ed53d9d806c288b1; native molecule index 2,word/embeddings/oleObject7.bin,ff167bcd9e1057ccf91be1c8f0a31bc254ce091876c3cb9654169e047d84a59c,b04851a08dc48d20693cd8cf207dc4d4cf8923b279b1d5e9ed53d9d806c288b1,CONTENTS,0,"[{""source_label"":null,""xml_paragraph_index_1based"":41}]"
paper-12c087bbcec8cc4c,paper-12c087bbcec8cc4c:embedded:b04851a08dc48d20693c:3,mol-68bd1bd95ba465c01242172601c742e27c193936ade6718ca7f8c8b4764c40d4,Cl,,,,native_CDX_conversion_candidate,RDKit native ChemDraw CDX interpretation of source bonds; independent stereochemistry review pending,pending_native_source_and_label_review,3,archive-001,papers/paper-12c087bbcec8cc4c/supporting_information/si-001.docx,56c4b259d9d1373bccfda452bb884366b725eb8a2029e09bd3b48072d1031581,,OOXML member word/embeddings/oleObject7.bin / CONTENTS; CDX b04851a08dc48d20693cd8cf207dc4d4cf8923b279b1d5e9ed53d9d806c288b1; native molecule index 3,word/embeddings/oleObject7.bin,ff167bcd9e1057ccf91be1c8f0a31bc254ce091876c3cb9654169e047d84a59c,b04851a08dc48d20693cd8cf207dc4d4cf8923b279b1d5e9ed53d9d806c288b1,CONTENTS,0,"[{""source_label"":null,""xml_paragraph_index_1based"":41}]"
paper-12c087bbcec8cc4c,paper-12c087bbcec8cc4c:embedded:bd471394f449b0fe986d:1,mol-af99959c9777390ca423650fa71dd6d77b30bdcc5d7c67f5ddd24cf99672e3dd,O=C(/C=C/c1ccc(O)c(O)c1)NCCCCNCCCNC(=O)CCc1ccc(O)c(O)c1,,,,native_CDX_conversion_candidate,RDKit native ChemDraw CDX interpretation of source bonds; independent stereochemistry review pending,pending_native_source_and_label_review,1,archive-001,papers/paper-12c087bbcec8cc4c/supporting_information/si-001.docx,56c4b259d9d1373bccfda452bb884366b725eb8a2029e09bd3b48072d1031581,,OOXML member word/embeddings/oleObject77.bin / CONTENTS; CDX bd471394f449b0fe986d64dd5d85be17ddc1377c91ec9a5a7fe704724bc227b6; native molecule index 1,word/embeddings/oleObject77.bin,771a946b074fecca0330b9fca1cb80c40831669685c157b9a5602acc93555ab6,bd471394f449b0fe986d64dd5d85be17ddc1377c91ec9a5a7fe704724bc227b6,CONTENTS,0,"[{""source_label"":null,""xml_paragraph_index_1based"":289}]"
paper-12c087bbcec8cc4c,paper-12c087bbcec8cc4c:embedded:bd471394f449b0fe986d:2,mol-753613a9a368ba5f7eca567c8e146f0ba5a10e6283efa04671b6a10e2c9d0158,Br,,,,native_CDX_conversion_candidate,RDKit native ChemDraw CDX interpretation of source bonds; independent stereochemistry review pending,pending_native_source_and_label_review,2,archive-001,papers/paper-12c087bbcec8cc4c/supporting_information/si-001.docx,56c4b259d9d1373bccfda452bb884366b725eb8a2029e09bd3b48072d1031581,,OOXML member word/embeddings/oleObject77.bin / CONTENTS; CDX bd471394f449b0fe986d64dd5d85be17ddc1377c91ec9a5a7fe704724bc227b6; native molecule index 2,word/embeddings/oleObject77.bin,771a946b074fecca0330b9fca1cb80c40831669685c157b9a5602acc93555ab6,bd471394f449b0fe986d64dd5d85be17ddc1377c91ec9a5a7fe704724bc227b6,CONTENTS,0,"[{""source_label"":null,""xml_paragraph_index_1based"":289}]"
paper-12c087bbcec8cc4c,paper-12c087bbcec8cc4c:embedded:cce658caf1e14ff41dae:1,mol-d9520968acd6ef9d2e541c97b943f82e6e487fe174c7767a06ab3cedae2dd8ca,COC(=O)C(C)N(CCCCN)CCCNC(=O)CCc1ccc(OC)c(OC)c1,,,,native_CDX_conversion_candidate,RDKit native ChemDraw CDX interpretation of source bonds; independent stereochemistry review pending,pending_native_source_and_label_review,1,archive-001,papers/paper-12c087bbcec8cc4c/supporting_information/si-001.docx,56c4b259d9d1373bccfda452bb884366b725eb8a2029e09bd3b48072d1031581,,OOXML member word/embeddings/oleObject14.bin / CONTENTS; CDX cce658caf1e14ff41dae507894534c18cb87ecef2b3665ef53b37bc3904d1704; native molecule index 1,word/embeddings/oleObject14.bin,124d445ef57c69fc526fc32b4d68f3e3efa1e6f1cec7f6cae9370c068fdaea5a,cce658caf1e14ff41dae507894534c18cb87ecef2b3665ef53b37bc3904d1704,CONTENTS,0,"[{""source_label"":null,""xml_paragraph_index_1based"":62}]"
paper-12c087bbcec8cc4c,paper-12c087bbcec8cc4c:embedded:cce658caf1e14ff41dae:2,mol-bda635cadfd4c0caf8cf80c3537fb0016518f55ea27c7b919c16fa5be8163d30,COc1ccc(/C=C/C(=O)ON2C(=O)CCC2=O)cc1OC,,,,native_CDX_conversion_candidate,RDKit native ChemDraw CDX interpretation of source bonds; independent stereochemistry review pending,pending_native_source_and_label_review,2,archive-001,papers/paper-12c087bbcec8cc4c/supporting_information/si-001.docx,56c4b259d9d1373bccfda452bb884366b725eb8a2029e09bd3b48072d1031581,,OOXML member word/embeddings/oleObject14.bin / CONTENTS; CDX cce658caf1e14ff41dae507894534c18cb87ecef2b3665ef53b37bc3904d1704; native molecule index 2,word/embeddings/oleObject14.bin,124d445ef57c69fc526fc32b4d68f3e3efa1e6f1cec7f6cae9370c068fdaea5a,cce658caf1e14ff41dae507894534c18cb87ecef2b3665ef53b37bc3904d1704,CONTENTS,0,"[{""source_label"":null,""xml_paragraph_index_1based"":62}]"
paper-12c087bbcec8cc4c,paper-12c087bbcec8cc4c:embedded:cce658caf1e14ff41dae:3,mol-3661b540d2483bf0caaeeeb83d7a6cbb667d72bac3e483659ff3d7621300f286,COC(=O)C(C)N(CCCCNC(=O)/C=C/c1ccc(OC)c(OC)c1)CCCNC(=O)CCc1ccc(OC)c(OC)c1,,,,native_CDX_conversion_candidate,RDKit native ChemDraw CDX interpretation of source bonds; independent stereochemistry review pending,pending_native_source_and_label_review,3,archive-001,papers/paper-12c087bbcec8cc4c/supporting_information/si-001.docx,56c4b259d9d1373bccfda452bb884366b725eb8a2029e09bd3b48072d1031581,,OOXML member word/embeddings/oleObject14.bin / CONTENTS; CDX cce658caf1e14ff41dae507894534c18cb87ecef2b3665ef53b37bc3904d1704; native molecule index 3,word/embeddings/oleObject14.bin,124d445ef57c69fc526fc32b4d68f3e3efa1e6f1cec7f6cae9370c068fdaea5a,cce658caf1e14ff41dae507894534c18cb87ecef2b3665ef53b37bc3904d1704,CONTENTS,0,"[{""source_label"":null,""xml_paragraph_index_1based"":62}]"
paper-12c087bbcec8cc4c,paper-12c087bbcec8cc4c:embedded:ce0ffe358d1e45b0f055:1,mol-af99959c9777390ca423650fa71dd6d77b30bdcc5d7c67f5ddd24cf99672e3dd,O=C(/C=C/c1ccc(O)c(O)c1)NCCCCNCCCNC(=O)CCc1ccc(O)c(O)c1,,,,native_CDX_conversion_candidate,RDKit native ChemDraw CDX interpretation of source bonds; independent stereochemistry review pending,pending_native_source_and_label_review,1,archive-001,papers/paper-12c087bbcec8cc4c/supporting_information/si-001.docx,56c4b259d9d1373bccfda452bb884366b725eb8a2029e09bd3b48072d1031581,,OOXML member word/embeddings/oleObject46.bin / CONTENTS; CDX ce0ffe358d1e45b0f055d033b6fd8d0a304bbcf503a25a1b34b774ff20d58bfc; native molecule index 1,word/embeddings/oleObject46.bin,15616a875bc57f1fdbf07aec9a970d2dbfe51490757a5999e246ca0cd92cf664,ce0ffe358d1e45b0f055d033b6fd8d0a304bbcf503a25a1b34b774ff20d58bfc,CONTENTS,0,"[{""source_label"":null,""xml_paragraph_index_1based"":271}]"
paper-12c087bbcec8cc4c,paper-12c087bbcec8cc4c:embedded:ce0ffe358d1e45b0f055:1,mol-af99959c9777390ca423650fa71dd6d77b30bdcc5d7c67f5ddd24cf99672e3dd,O=C(/C=C/c1ccc(O)c(O)c1)NCCCCNCCCNC(=O)CCc1ccc(O)c(O)c1,,,,native_CDX_conversion_candidate,RDKit native ChemDraw CDX interpretation of source bonds; independent stereochemistry review pending,pending_native_source_and_label_review,1,archive-001,papers/paper-12c087bbcec8cc4c/supporting_information/si-001.docx,56c4b259d9d1373bccfda452bb884366b725eb8a2029e09bd3b48072d1031581,,OOXML member word/embeddings/oleObject48.bin / CONTENTS; CDX ce0ffe358d1e45b0f055d033b6fd8d0a304bbcf503a25a1b34b774ff20d58bfc; native molecule index 1,word/embeddings/oleObject48.bin,15616a875bc57f1fdbf07aec9a970d2dbfe51490757a5999e246ca0cd92cf664,ce0ffe358d1e45b0f055d033b6fd8d0a304bbcf503a25a1b34b774ff20d58bfc,CONTENTS,0,"[{""source_label"":null,""xml_paragraph_index_1based"":272}]"
paper-12c087bbcec8cc4c,paper-12c087bbcec8cc4c:embedded:ce0ffe358d1e45b0f055:1,mol-af99959c9777390ca423650fa71dd6d77b30bdcc5d7c67f5ddd24cf99672e3dd,O=C(/C=C/c1ccc(O)c(O)c1)NCCCCNCCCNC(=O)CCc1ccc(O)c(O)c1,,,,native_CDX_conversion_candidate,RDKit native ChemDraw CDX interpretation of source bonds; independent stereochemistry review pending,pending_native_source_and_label_review,1,archive-001,papers/paper-12c087bbcec8cc4c/supporting_information/si-001.docx,56c4b259d9d1373bccfda452bb884366b725eb8a2029e09bd3b48072d1031581,,OOXML member word/embeddings/oleObject50.bin / CONTENTS; CDX ce0ffe358d1e45b0f055d033b6fd8d0a304bbcf503a25a1b34b774ff20d58bfc; native molecule index 1,word/embeddings/oleObject50.bin,15616a875bc57f1fdbf07aec9a970d2dbfe51490757a5999e246ca0cd92cf664,ce0ffe358d1e45b0f055d033b6fd8d0a304bbcf503a25a1b34b774ff20d58bfc,CONTENTS,0,"[{""source_label"":null,""xml_paragraph_index_1based"":273}]"
paper-12c087bbcec8cc4c,paper-12c087bbcec8cc4c:embedded:ce0ffe358d1e45b0f055:1,mol-af99959c9777390ca423650fa71dd6d77b30bdcc5d7c67f5ddd24cf99672e3dd,O=C(/C=C/c1ccc(O)c(O)c1)NCCCCNCCCNC(=O)CCc1ccc(O)c(O)c1,,,,native_CDX_conversion_candidate,RDKit native ChemDraw CDX interpretation of source bonds; independent stereochemistry review pending,pending_native_source_and_label_review,1,archive-001,papers/paper-12c087bbcec8cc4c/supporting_information/si-001.docx,56c4b259d9d1373bccfda452bb884366b725eb8a2029e09bd3b48072d1031581,,OOXML member word/embeddings/oleObject52.bin / CONTENTS; CDX ce0ffe358d1e45b0f055d033b6fd8d0a304bbcf503a25a1b34b774ff20d58bfc; native molecule index 1,word/embeddings/oleObject52.bin,15616a875bc57f1fdbf07aec9a970d2dbfe51490757a5999e246ca0cd92cf664,ce0ffe358d1e45b0f055d033b6fd8d0a304bbcf503a25a1b34b774ff20d58bfc,CONTENTS,0,"[{""source_label"":null,""xml_paragraph_index_1based"":274}]"
paper-12c087bbcec8cc4c,paper-12c087bbcec8cc4c:embedded:ce0ffe358d1e45b0f055:2,mol-753613a9a368ba5f7eca567c8e146f0ba5a10e6283efa04671b6a10e2c9d0158,Br,,,,native_CDX_conversion_candidate,RDKit native ChemDraw CDX interpretation of source bonds; independent stereochemistry review pending,pending_native_source_and_label_review,2,archive-001,papers/paper-12c087bbcec8cc4c/supporting_information/si-001.docx,56c4b259d9d1373bccfda452bb884366b725eb8a2029e09bd3b48072d1031581,,OOXML member word/embeddings/oleObject46.bin / CONTENTS; CDX ce0ffe358d1e45b0f055d033b6fd8d0a304bbcf503a25a1b34b774ff20d58bfc; native molecule index 2,word/embeddings/oleObject46.bin,15616a875bc57f1fdbf07aec9a970d2dbfe51490757a5999e246ca0cd92cf664,ce0ffe358d1e45b0f055d033b6fd8d0a304bbcf503a25a1b34b774ff20d58bfc,CONTENTS,0,"[{""source_label"":null,""xml_paragraph_index_1based"":271}]"
paper-12c087bbcec8cc4c,paper-12c087bbcec8cc4c:embedded:ce0ffe358d1e45b0f055:2,mol-753613a9a368ba5f7eca567c8e146f0ba5a10e6283efa04671b6a10e2c9d0158,Br,,,,native_CDX_conversion_candidate,RDKit native ChemDraw CDX interpretation of source bonds; independent stereochemistry review pending,pending_native_source_and_label_review,2,archive-001,papers/paper-12c087bbcec8cc4c/supporting_information/si-001.docx,56c4b259d9d1373bccfda452bb884366b725eb8a2029e09bd3b48072d1031581,,OOXML member word/embeddings/oleObject48.bin / CONTENTS; CDX ce0ffe358d1e45b0f055d033b6fd8d0a304bbcf503a25a1b34b774ff20d58bfc; native molecule index 2,word/embeddings/oleObject48.bin,15616a875bc57f1fdbf07aec9a970d2dbfe51490757a5999e246ca0cd92cf664,ce0ffe358d1e45b0f055d033b6fd8d0a304bbcf503a25a1b34b774ff20d58bfc,CONTENTS,0,"[{""source_label"":null,""xml_paragraph_index_1based"":272}]"
paper-12c087bbcec8cc4c,paper-12c087bbcec8cc4c:embedded:ce0ffe358d1e45b0f055:2,mol-753613a9a368ba5f7eca567c8e146f0ba5a10e6283efa04671b6a10e2c9d0158,Br,,,,native_CDX_conversion_candidate,RDKit native ChemDraw CDX interpretation of source bonds; independent stereochemistry review pending,pending_native_source_and_label_review,2,archive-001,papers/paper-12c087bbcec8cc4c/supporting_information/si-001.docx,56c4b259d9d1373bccfda452bb884366b725eb8a2029e09bd3b48072d1031581,,OOXML member word/embeddings/oleObject50.bin / CONTENTS; CDX ce0ffe358d1e45b0f055d033b6fd8d0a304bbcf503a25a1b34b774ff20d58bfc; native molecule index 2,word/embeddings/oleObject50.bin,15616a875bc57f1fdbf07aec9a970d2dbfe51490757a5999e246ca0cd92cf664,ce0ffe358d1e45b0f055d033b6fd8d0a304bbcf503a25a1b34b774ff20d58bfc,CONTENTS,0,"[{""source_label"":null,""xml_paragraph_index_1based"":273}]"
paper-12c087bbcec8cc4c,paper-12c087bbcec8cc4c:embedded:ce0ffe358d1e45b0f055:2,mol-753613a9a368ba5f7eca567c8e146f0ba5a10e6283efa04671b6a10e2c9d0158,Br,,,,native_CDX_conversion_candidate,RDKit native ChemDraw CDX interpretation of source bonds; independent stereochemistry review pending,pending_native_source_and_label_review,2,archive-001,papers/paper-12c087bbcec8cc4c/supporting_information/si-001.docx,56c4b259d9d1373bccfda452bb884366b725eb8a2029e09bd3b48072d1031581,,OOXML member word/embeddings/oleObject52.bin / CONTENTS; CDX ce0ffe358d1e45b0f055d033b6fd8d0a304bbcf503a25a1b34b774ff20d58bfc; native molecule index 2,word/embeddings/oleObject52.bin,15616a875bc57f1fdbf07aec9a970d2dbfe51490757a5999e246ca0cd92cf664,ce0ffe358d1e45b0f055d033b6fd8d0a304bbcf503a25a1b34b774ff20d58bfc,CONTENTS,0,"[{""source_label"":null,""xml_paragraph_index_1based"":274}]"
paper-12c087bbcec8cc4c,paper-12c087bbcec8cc4c:embedded:cf96d1d25efbfd9f8c60:1,mol-eb4b943533bc81948e1d2059dab3bf0ae198fec4ae424506939e28f6b93baa6f,COC(=O)C(C)N(CCCCNC(=O)OC(C)(C)C)CCCNC(=O)CCc1ccc(OC)c(OC)c1,,,,native_CDX_conversion_candidate,RDKit native ChemDraw CDX interpretation of source bonds; independent stereochemistry review pending,pending_native_source_and_label_review,1,archive-001,papers/paper-12c087bbcec8cc4c/supporting_information/si-001.docx,56c4b259d9d1373bccfda452bb884366b725eb8a2029e09bd3b48072d1031581,,OOXML member word/embeddings/oleObject79.bin / CONTENTS; CDX cf96d1d25efbfd9f8c605689f784fc71fb93d33b3931f39f7b2d1b72cfeb97af; native molecule index 1,word/embeddings/oleObject79.bin,e4fb7ef9c02d3812f4502d0b3e31c1de3c6282dc9ba146f05000678a183069f0,cf96d1d25efbfd9f8c605689f784fc71fb93d33b3931f39f7b2d1b72cfeb97af,CONTENTS,0,"[{""source_label"":null,""xml_paragraph_index_1based"":291}]"
paper-12c087bbcec8cc4c,paper-12c087bbcec8cc4c:embedded:d0bb0927b1c7c62ae89f:1,mol-6b4ada68d1435b724e4a8fbf541a5a02f44eb0e2f6290ed272f425b1ec11c66f,COc1ccc(CCC(=O)NCCCN(CCCCNC(=O)OC(C)(C)C)C(=O)OCc2ccccc2)cc1OC,,,,native_CDX_conversion_candidate,RDKit native ChemDraw CDX interpretation of source bonds; independent stereochemistry review pending,pending_native_source_and_label_review,1,archive-001,papers/paper-12c087bbcec8cc4c/supporting_information/si-001.docx,56c4b259d9d1373bccfda452bb884366b725eb8a2029e09bd3b48072d1031581,,OOXML member word/embeddings/oleObject36.bin / CONTENTS; CDX d0bb0927b1c7c62ae89fb08d15061edcb9ede4cad4ee54a23f68d3d23de1bb52; native molecule index 1,word/embeddings/oleObject36.bin,aaf940da42d226dfe70ac5b1fa4f0bbbcd06c0d085be52d67c060126f9f35b1b,d0bb0927b1c7c62ae89fb08d15061edcb9ede4cad4ee54a23f68d3d23de1bb52,CONTENTS,0,"[{""source_label"":null,""xml_paragraph_index_1based"":266}]"
paper-12c087bbcec8cc4c,paper-12c087bbcec8cc4c:embedded:dfdbe9fb1d7f06ac6410:1,mol-d9041a74fa5c493d474e3c366aae067aee0a9c52b773b6eef2770c4620b68bbf,COc1ccc(/C=C/C(=O)NCCCCN(CCCNC(=O)CCc2ccc(OC)c(OC)c2)C(C)C(=O)O)cc1OC,,,,native_CDX_conversion_candidate,RDKit native ChemDraw CDX interpretation of source bonds; independent stereochemistry review pending,pending_native_source_and_label_review,1,archive-001,papers/paper-12c087bbcec8cc4c/supporting_information/si-001.docx,56c4b259d9d1373bccfda452bb884366b725eb8a2029e09bd3b48072d1031581,,OOXML member word/embeddings/oleObject68.bin / CONTENTS; CDX dfdbe9fb1d7f06ac6410d826ea24dfddc43e5851a4735f873845d5b566b2fe6c; native molecule index 1,word/embeddings/oleObject68.bin,5f891409308cbadd1876048d411944e038bcc4967cdc54471cb79de5af626e40,dfdbe9fb1d7f06ac6410d826ea24dfddc43e5851a4735f873845d5b566b2fe6c,CONTENTS,0,"[{""source_label"":null,""xml_paragraph_index_1based"":283}]"
paper-12c087bbcec8cc4c,paper-12c087bbcec8cc4c:embedded:e21788162d371061176b:1,mol-3661b540d2483bf0caaeeeb83d7a6cbb667d72bac3e483659ff3d7621300f286,COC(=O)C(C)N(CCCCNC(=O)/C=C/c1ccc(OC)c(OC)c1)CCCNC(=O)CCc1ccc(OC)c(OC)c1,,,,native_CDX_conversion_candidate,RDKit native ChemDraw CDX interpretation of source bonds; independent stereochemistry review pending,pending_native_source_and_label_review,1,archive-001,papers/paper-12c087bbcec8cc4c/supporting_information/si-001.docx,56c4b259d9d1373bccfda452bb884366b725eb8a2029e09bd3b48072d1031581,,OOXML member word/embeddings/oleObject64.bin / CONTENTS; CDX e21788162d371061176ba49877dd650dd5c2ec50761afb336639c01cdbc327d0; native molecule index 1,word/embeddings/oleObject64.bin,1cae027c3e63e92d9ffacc843acf72a681d461dbbafa55452985ace67b7d199d,e21788162d371061176ba49877dd650dd5c2ec50761afb336639c01cdbc327d0,CONTENTS,0,"[{""source_label"":null,""xml_paragraph_index_1based"":281}]"
paper-12c087bbcec8cc4c,paper-12c087bbcec8cc4c:embedded:e21788162d371061176b:1,mol-3661b540d2483bf0caaeeeb83d7a6cbb667d72bac3e483659ff3d7621300f286,COC(=O)C(C)N(CCCCNC(=O)/C=C/c1ccc(OC)c(OC)c1)CCCNC(=O)CCc1ccc(OC)c(OC)c1,,,,native_CDX_conversion_candidate,RDKit native ChemDraw CDX interpretation of source bonds; independent stereochemistry review pending,pending_native_source_and_label_review,1,archive-001,papers/paper-12c087bbcec8cc4c/supporting_information/si-001.docx,56c4b259d9d1373bccfda452bb884366b725eb8a2029e09bd3b48072d1031581,,OOXML member word/embeddings/oleObject66.bin / CONTENTS; CDX e21788162d371061176ba49877dd650dd5c2ec50761afb336639c01cdbc327d0; native molecule index 1,word/embeddings/oleObject66.bin,1cae027c3e63e92d9ffacc843acf72a681d461dbbafa55452985ace67b7d199d,e21788162d371061176ba49877dd650dd5c2ec50761afb336639c01cdbc327d0,CONTENTS,0,"[{""source_label"":null,""xml_paragraph_index_1based"":282}]"
paper-12c087bbcec8cc4c,paper-12c087bbcec8cc4c:embedded:f336c75d96f5012dd7a2:1,mol-594c832f2c6e321501ece9c3dfbddfaf5c3ff6acc026592409d0bcd569dabd3e,CC(C)(C)OC(=O)NCCCCNCCC#N,,,,native_CDX_conversion_candidate,RDKit native ChemDraw CDX interpretation of source bonds; independent stereochemistry review pending,pending_native_source_and_label_review,1,archive-001,papers/paper-12c087bbcec8cc4c/supporting_information/si-001.docx,56c4b259d9d1373bccfda452bb884366b725eb8a2029e09bd3b48072d1031581,,OOXML member word/embeddings/oleObject5.bin / CONTENTS; CDX f336c75d96f5012dd7a2f9613b7c29885937b8b9e290c8610650358c90787f46; native molecule index 1,word/embeddings/oleObject5.bin,fbed56ecc82ce81b9889c155838d5f29878f59225e7369a49a9a64d0507eb8f0,f336c75d96f5012dd7a2f9613b7c29885937b8b9e290c8610650358c90787f46,CONTENTS,0,"[{""source_label"":null,""xml_paragraph_index_1based"":35}]"
paper-12c087bbcec8cc4c,paper-12c087bbcec8cc4c:embedded:f336c75d96f5012dd7a2:2,mol-2393a316dbb48547fbdcdb0334a72d9926aa8383953e4e22c2083dbd91ac88b2,CC(C)(C)OC(=O)NCCCCN(CCC#N)C(=O)OCc1ccccc1,,,,native_CDX_conversion_candidate,RDKit native ChemDraw CDX interpretation of source bonds; independent stereochemistry review pending,pending_native_source_and_label_review,2,archive-001,papers/paper-12c087bbcec8cc4c/supporting_information/si-001.docx,56c4b259d9d1373bccfda452bb884366b725eb8a2029e09bd3b48072d1031581,,OOXML member word/embeddings/oleObject5.bin / CONTENTS; CDX f336c75d96f5012dd7a2f9613b7c29885937b8b9e290c8610650358c90787f46; native molecule index 2,word/embeddings/oleObject5.bin,fbed56ecc82ce81b9889c155838d5f29878f59225e7369a49a9a64d0507eb8f0,f336c75d96f5012dd7a2f9613b7c29885937b8b9e290c8610650358c90787f46,CONTENTS,0,"[{""source_label"":null,""xml_paragraph_index_1based"":35}]"
paper-12c087bbcec8cc4c,paper-12c087bbcec8cc4c:embedded:f4b6f5a8af56d97c7e3e:1,mol-594c832f2c6e321501ece9c3dfbddfaf5c3ff6acc026592409d0bcd569dabd3e,CC(C)(C)OC(=O)NCCCCNCCC#N,,,,native_CDX_conversion_candidate,RDKit native ChemDraw CDX interpretation of source bonds; independent stereochemistry review pending,pending_native_source_and_label_review,1,archive-001,papers/paper-12c087bbcec8cc4c/supporting_information/si-001.docx,56c4b259d9d1373bccfda452bb884366b725eb8a2029e09bd3b48072d1031581,,OOXML member word/embeddings/oleObject11.bin / CONTENTS; CDX f4b6f5a8af56d97c7e3e0fc98774e4a6df4cf3ddec8d67b7409f1fc101000ee2; native molecule index 1,word/embeddings/oleObject11.bin,a2f1826fc4500936c68d0d9cd00df02e47070eca69d43c04ba82d98ac4c302e4,f4b6f5a8af56d97c7e3e0fc98774e4a6df4cf3ddec8d67b7409f1fc101000ee2,CONTENTS,0,"[{""source_label"":null,""xml_paragraph_index_1based"":53}]"
paper-12c087bbcec8cc4c,paper-12c087bbcec8cc4c:embedded:f4b6f5a8af56d97c7e3e:2,mol-3cc9f3e7257460481135be71b6f1895e0f83ee456ccbeace08544dd8af7d5d02,COC(=O)C(C)Br,,,,native_CDX_conversion_candidate,RDKit native ChemDraw CDX interpretation of source bonds; independent stereochemistry review pending,pending_native_source_and_label_review,2,archive-001,papers/paper-12c087bbcec8cc4c/supporting_information/si-001.docx,56c4b259d9d1373bccfda452bb884366b725eb8a2029e09bd3b48072d1031581,,OOXML member word/embeddings/oleObject11.bin / CONTENTS; CDX f4b6f5a8af56d97c7e3e0fc98774e4a6df4cf3ddec8d67b7409f1fc101000ee2; native molecule index 2,word/embeddings/oleObject11.bin,a2f1826fc4500936c68d0d9cd00df02e47070eca69d43c04ba82d98ac4c302e4,f4b6f5a8af56d97c7e3e0fc98774e4a6df4cf3ddec8d67b7409f1fc101000ee2,CONTENTS,0,"[{""source_label"":null,""xml_paragraph_index_1based"":53}]"
paper-12c087bbcec8cc4c,paper-12c087bbcec8cc4c:embedded:f4b6f5a8af56d97c7e3e:3,mol-db416c8db08dd8804f6ef909285ac9d2c2060dedd54c48ae903f7120dd6057c2,COC(=O)C(C)N(CCC#N)CCCCNC(=O)OC(C)(C)C,,,,native_CDX_conversion_candidate,RDKit native ChemDraw CDX interpretation of source bonds; independent stereochemistry review pending,pending_native_source_and_label_review,3,archive-001,papers/paper-12c087bbcec8cc4c/supporting_information/si-001.docx,56c4b259d9d1373bccfda452bb884366b725eb8a2029e09bd3b48072d1031581,,OOXML member word/embeddings/oleObject11.bin / CONTENTS; CDX f4b6f5a8af56d97c7e3e0fc98774e4a6df4cf3ddec8d67b7409f1fc101000ee2; native molecule index 3,word/embeddings/oleObject11.bin,a2f1826fc4500936c68d0d9cd00df02e47070eca69d43c04ba82d98ac4c302e4,f4b6f5a8af56d97c7e3e0fc98774e4a6df4cf3ddec8d67b7409f1fc101000ee2,CONTENTS,0,"[{""source_label"":null,""xml_paragraph_index_1based"":53}]"
paper-12c087bbcec8cc4c,paper-12c087bbcec8cc4c:embedded:fb2436e8e2bee2946d4d:1,mol-69a446f380f6673593ee46f94936333900feb14fb9e32d2aac0336b7b1325309,CC(C)(C)OC(=O)NCCCCN,,,,native_CDX_conversion_candidate,RDKit native ChemDraw CDX interpretation of source bonds; independent stereochemistry review pending,pending_native_source_and_label_review,1,archive-001,papers/paper-12c087bbcec8cc4c/supporting_information/si-001.docx,56c4b259d9d1373bccfda452bb884366b725eb8a2029e09bd3b48072d1031581,,OOXML member word/embeddings/oleObject4.bin / CONTENTS; CDX fb2436e8e2bee2946d4d768f3bbefcb42743c368bdbe7ad24eaf265cceb37be4; native molecule index 1,word/embeddings/oleObject4.bin,0eacfd86df27e28d723797d44da12c920478e9ffd9feed276b9ede62d4f2079b,fb2436e8e2bee2946d4d768f3bbefcb42743c368bdbe7ad24eaf265cceb37be4,CONTENTS,0,"[{""source_label"":null,""xml_paragraph_index_1based"":32}]"
paper-12c087bbcec8cc4c,paper-12c087bbcec8cc4c:embedded:fb2436e8e2bee2946d4d:2,mol-656b0c52e9f8a3f588907629edcab7822c79d46fe90fa04bf6dcc420417b2366,C=CC#N,,,,native_CDX_conversion_candidate,RDKit native ChemDraw CDX interpretation of source bonds; independent stereochemistry review pending,pending_native_source_and_label_review,2,archive-001,papers/paper-12c087bbcec8cc4c/supporting_information/si-001.docx,56c4b259d9d1373bccfda452bb884366b725eb8a2029e09bd3b48072d1031581,,OOXML member word/embeddings/oleObject4.bin / CONTENTS; CDX fb2436e8e2bee2946d4d768f3bbefcb42743c368bdbe7ad24eaf265cceb37be4; native molecule index 2,word/embeddings/oleObject4.bin,0eacfd86df27e28d723797d44da12c920478e9ffd9feed276b9ede62d4f2079b,fb2436e8e2bee2946d4d768f3bbefcb42743c368bdbe7ad24eaf265cceb37be4,CONTENTS,0,"[{""source_label"":null,""xml_paragraph_index_1based"":32}]"
paper-12c087bbcec8cc4c,paper-12c087bbcec8cc4c:embedded:fb2436e8e2bee2946d4d:4,mol-594c832f2c6e321501ece9c3dfbddfaf5c3ff6acc026592409d0bcd569dabd3e,CC(C)(C)OC(=O)NCCCCNCCC#N,,,,native_CDX_conversion_candidate,RDKit native ChemDraw CDX interpretation of source bonds; independent stereochemistry review pending,pending_native_source_and_label_review,4,archive-001,papers/paper-12c087bbcec8cc4c/supporting_information/si-001.docx,56c4b259d9d1373bccfda452bb884366b725eb8a2029e09bd3b48072d1031581,,OOXML member word/embeddings/oleObject4.bin / CONTENTS; CDX fb2436e8e2bee2946d4d768f3bbefcb42743c368bdbe7ad24eaf265cceb37be4; native molecule index 4,word/embeddings/oleObject4.bin,0eacfd86df27e28d723797d44da12c920478e9ffd9feed276b9ede62d4f2079b,fb2436e8e2bee2946d4d768f3bbefcb42743c368bdbe7ad24eaf265cceb37be4,CONTENTS,0,"[{""source_label"":null,""xml_paragraph_index_1based"":32}]"
paper-12c087bbcec8cc4c,paper-12c087bbcec8cc4c:embedded:fbceec69a96e4204e213:1,mol-3661b540d2483bf0caaeeeb83d7a6cbb667d72bac3e483659ff3d7621300f286,COC(=O)C(C)N(CCCCNC(=O)/C=C/c1ccc(OC)c(OC)c1)CCCNC(=O)CCc1ccc(OC)c(OC)c1,,,,native_CDX_conversion_candidate,RDKit native ChemDraw CDX interpretation of source bonds; independent stereochemistry review pending,pending_native_source_and_label_review,1,archive-001,papers/paper-12c087bbcec8cc4c/supporting_information/si-001.docx,56c4b259d9d1373bccfda452bb884366b725eb8a2029e09bd3b48072d1031581,,OOXML member word/embeddings/oleObject15.bin / CONTENTS; CDX fbceec69a96e4204e21387c927b72451c83c64f74b5dbe076bfcc0aaa3ecf06d; native molecule index 1,word/embeddings/oleObject15.bin,aa5fe3a6ee6cbdca274603f3b14c10b561b46a690acde8a91e8a1a98fc0d7975,fbceec69a96e4204e21387c927b72451c83c64f74b5dbe076bfcc0aaa3ecf06d,CONTENTS,0,"[{""source_label"":null,""xml_paragraph_index_1based"":65}]"
paper-12c087bbcec8cc4c,paper-12c087bbcec8cc4c:embedded:fbceec69a96e4204e213:3,mol-d9041a74fa5c493d474e3c366aae067aee0a9c52b773b6eef2770c4620b68bbf,COc1ccc(/C=C/C(=O)NCCCCN(CCCNC(=O)CCc2ccc(OC)c(OC)c2)C(C)C(=O)O)cc1OC,,,,native_CDX_conversion_candidate,RDKit native ChemDraw CDX interpretation of source bonds; independent stereochemistry review pending,pending_native_source_and_label_review,3,archive-001,papers/paper-12c087bbcec8cc4c/supporting_information/si-001.docx,56c4b259d9d1373bccfda452bb884366b725eb8a2029e09bd3b48072d1031581,,OOXML member word/embeddings/oleObject15.bin / CONTENTS; CDX fbceec69a96e4204e21387c927b72451c83c64f74b5dbe076bfcc0aaa3ecf06d; native molecule index 3,word/embeddings/oleObject15.bin,aa5fe3a6ee6cbdca274603f3b14c10b561b46a690acde8a91e8a1a98fc0d7975,fbceec69a96e4204e21387c927b72451c83c64f74b5dbe076bfcc0aaa3ecf06d,CONTENTS,0,"[{""source_label"":null,""xml_paragraph_index_1based"":65}]"
paper-12c087bbcec8cc4c,paper-12c087bbcec8cc4c:embedded:fd36f17237823e1e84fc:1,mol-2393a316dbb48547fbdcdb0334a72d9926aa8383953e4e22c2083dbd91ac88b2,CC(C)(C)OC(=O)NCCCCN(CCC#N)C(=O)OCc1ccccc1,,,,native_CDX_conversion_candidate,RDKit native ChemDraw CDX interpretation of source bonds; independent stereochemistry review pending,pending_native_source_and_label_review,1,archive-001,papers/paper-12c087bbcec8cc4c/supporting_information/si-001.docx,56c4b259d9d1373bccfda452bb884366b725eb8a2029e09bd3b48072d1031581,,OOXML member word/embeddings/oleObject30.bin / CONTENTS; CDX fd36f17237823e1e84fcba6002d5d935f0da498dd793b60ddb3fce7d03736374; native molecule index 1,word/embeddings/oleObject30.bin,e3065094079097127ada1fcfe09b867011d90997d37c8b11b30c6eee357af7bb,fd36f17237823e1e84fcba6002d5d935f0da498dd793b60ddb3fce7d03736374,CONTENTS,0,"[{""source_label"":null,""xml_paragraph_index_1based"":262}]"
paper-12c087bbcec8cc4c,paper-12c087bbcec8cc4c:embedded:fd36f17237823e1e84fc:1,mol-2393a316dbb48547fbdcdb0334a72d9926aa8383953e4e22c2083dbd91ac88b2,CC(C)(C)OC(=O)NCCCCN(CCC#N)C(=O)OCc1ccccc1,,,,native_CDX_conversion_candidate,RDKit native ChemDraw CDX interpretation of source bonds; independent stereochemistry review pending,pending_native_source_and_label_review,1,archive-001,papers/paper-12c087bbcec8cc4c/supporting_information/si-001.docx,56c4b259d9d1373bccfda452bb884366b725eb8a2029e09bd3b48072d1031581,,OOXML member word/embeddings/oleObject32.bin / CONTENTS; CDX fd36f17237823e1e84fcba6002d5d935f0da498dd793b60ddb3fce7d03736374; native molecule index 1,word/embeddings/oleObject32.bin,e3065094079097127ada1fcfe09b867011d90997d37c8b11b30c6eee357af7bb,fd36f17237823e1e84fcba6002d5d935f0da498dd793b60ddb3fce7d03736374,CONTENTS,0,"[{""source_label"":null,""xml_paragraph_index_1based"":263}]"
paper-327998a67c12eca6,paper-327998a67c12eca6:embedded:00c35bc9c4053dfa59a5:1,mol-cc045964a3d5dde5afd02a59d12d5743601508e9932f5c9c72254f011577f01e,C[C@]12C[C@@H]3[C@H](CO1)[C@@H](c1ccccc1)O[C@]3(C)O2,,,,native_CDX_conversion_candidate,RDKit native ChemDraw CDX interpretation of source bonds; independent stereochemistry review pending,pending_native_source_and_label_review,1,archive-002,papers/paper-327998a67c12eca6/supporting_information/si-001.zip,a5e6c00d8f09caf1e760dd49b95b2c41708a1f4a7ef5421d5240e2abd4ca32eb,,OOXML member word/embeddings/oleObject161.bin / CONTENTS; CDX 00c35bc9c4053dfa59a5c21c2fe575d473277a62b360f0a38a994e145d7f68a5; native molecule index 1,word/embeddings/oleObject161.bin,bdb39641be965ed64122d882e435b1d5ceb1d391f19f4f01fbd8aa6f33bd7d15,00c35bc9c4053dfa59a5c21c2fe575d473277a62b360f0a38a994e145d7f68a5,CONTENTS,0,"[{""source_label"":null,""xml_paragraph_index_1based"":869}]"
paper-327998a67c12eca6,paper-327998a67c12eca6:embedded:00c35bc9c4053dfa59a5:1,mol-cc045964a3d5dde5afd02a59d12d5743601508e9932f5c9c72254f011577f01e,C[C@]12C[C@@H]3[C@H](CO1)[C@@H](c1ccccc1)O[C@]3(C)O2,,,,native_CDX_conversion_candidate,RDKit native ChemDraw CDX interpretation of source bonds; independent stereochemistry review pending,pending_native_source_and_label_review,1,archive-002,papers/paper-327998a67c12eca6/supporting_information/si-001.zip,a5e6c00d8f09caf1e760dd49b95b2c41708a1f4a7ef5421d5240e2abd4ca32eb,,OOXML member word/embeddings/oleObject162.bin / CONTENTS; CDX 00c35bc9c4053dfa59a5c21c2fe575d473277a62b360f0a38a994e145d7f68a5; native molecule index 1,word/embeddings/oleObject162.bin,bdb39641be965ed64122d882e435b1d5ceb1d391f19f4f01fbd8aa6f33bd7d15,00c35bc9c4053dfa59a5c21c2fe575d473277a62b360f0a38a994e145d7f68a5,CONTENTS,0,"[{""source_label"":null,""xml_paragraph_index_1based"":871}]"
paper-327998a67c12eca6,paper-327998a67c12eca6:embedded:02124b09b2bae015a9e5:1,mol-e0febafa7cdfba94e2efc8a37fa7bc5f0129b22aeb505501586075abdf9992a0,C[C@]12C[C@@H]3[C@H](CO1)[C@@H](c1ccc(O)c(Cl)c1)O[C@]3(C)O2,,,,native_CDX_conversion_candidate,RDKit native ChemDraw CDX interpretation of source bonds; independent stereochemistry review pending,pending_native_source_and_label_review,1,archive-002,papers/paper-327998a67c12eca6/supporting_information/si-001.zip,a5e6c00d8f09caf1e760dd49b95b2c41708a1f4a7ef5421d5240e2abd4ca32eb,,OOXML member word/embeddings/oleObject68.bin / CONTENTS; CDX 02124b09b2bae015a9e561d95695903d3722349c9da2d76e385ffc7aef29bd9e; native molecule index 1,word/embeddings/oleObject68.bin,3534d590ff2bb31d027694043c5928b730a8692a3c0f6262343c5d1fa76af0a5,02124b09b2bae015a9e561d95695903d3722349c9da2d76e385ffc7aef29bd9e,CONTENTS,0,"[{""source_label"":null,""xml_paragraph_index_1based"":483}]"
paper-327998a67c12eca6,paper-327998a67c12eca6:embedded:02124b09b2bae015a9e5:1,mol-e0febafa7cdfba94e2efc8a37fa7bc5f0129b22aeb505501586075abdf9992a0,C[C@]12C[C@@H]3[C@H](CO1)[C@@H](c1ccc(O)c(Cl)c1)O[C@]3(C)O2,,,,native_CDX_conversion_candidate,RDKit native ChemDraw CDX interpretation of source bonds; independent stereochemistry review pending,pending_native_source_and_label_review,1,archive-002,papers/paper-327998a67c12eca6/supporting_information/si-001.zip,a5e6c00d8f09caf1e760dd49b95b2c41708a1f4a7ef5421d5240e2abd4ca32eb,,OOXML member word/embeddings/oleObject69.bin / CONTENTS; CDX 02124b09b2bae015a9e561d95695903d3722349c9da2d76e385ffc7aef29bd9e; native molecule index 1,word/embeddings/oleObject69.bin,3534d590ff2bb31d027694043c5928b730a8692a3c0f6262343c5d1fa76af0a5,02124b09b2bae015a9e561d95695903d3722349c9da2d76e385ffc7aef29bd9e,CONTENTS,0,"[{""source_label"":null,""xml_paragraph_index_1based"":483}]"
paper-327998a67c12eca6,paper-327998a67c12eca6:embedded:02124b09b2bae015a9e5:1,mol-e0febafa7cdfba94e2efc8a37fa7bc5f0129b22aeb505501586075abdf9992a0,C[C@]12C[C@@H]3[C@H](CO1)[C@@H](c1ccc(O)c(Cl)c1)O[C@]3(C)O2,,,,native_CDX_conversion_candidate,RDKit native ChemDraw CDX interpretation of source bonds; independent stereochemistry review pending,pending_native_source_and_label_review,1,archive-002,papers/paper-327998a67c12eca6/supporting_information/si-001.zip,a5e6c00d8f09caf1e760dd49b95b2c41708a1f4a7ef5421d5240e2abd4ca32eb,,OOXML member word/embeddings/oleObject71.bin / CONTENTS; CDX 02124b09b2bae015a9e561d95695903d3722349c9da2d76e385ffc7aef29bd9e; native molecule index 1,word/embeddings/oleObject71.bin,3534d590ff2bb31d027694043c5928b730a8692a3c0f6262343c5d1fa76af0a5,02124b09b2bae015a9e561d95695903d3722349c9da2d76e385ffc7aef29bd9e,CONTENTS,0,"[{""source_label"":null,""xml_paragraph_index_1based"":485}]"
paper-327998a67c12eca6,paper-327998a67c12eca6:embedded:02124b09b2bae015a9e5:1,mol-e0febafa7cdfba94e2efc8a37fa7bc5f0129b22aeb505501586075abdf9992a0,C[C@]12C[C@@H]3[C@H](CO1)[C@@H](c1ccc(O)c(Cl)c1)O[C@]3(C)O2,,,,native_CDX_conversion_candidate,RDKit native ChemDraw CDX interpretation of source bonds; independent stereochemistry review pending,pending_native_source_and_label_review,1,archive-002,papers/paper-327998a67c12eca6/supporting_information/si-001.zip,a5e6c00d8f09caf1e760dd49b95b2c41708a1f4a7ef5421d5240e2abd4ca32eb,,OOXML member word/embeddings/oleObject73.bin / CONTENTS; CDX 02124b09b2bae015a9e561d95695903d3722349c9da2d76e385ffc7aef29bd9e; native molecule index 1,word/embeddings/oleObject73.bin,3534d590ff2bb31d027694043c5928b730a8692a3c0f6262343c5d1fa76af0a5,02124b09b2bae015a9e561d95695903d3722349c9da2d76e385ffc7aef29bd9e,CONTENTS,0,"[{""source_label"":null,""xml_paragraph_index_1based"":487}]"
paper-327998a67c12eca6,paper-327998a67c12eca6:embedded:02124b09b2bae015a9e5:1,mol-e0febafa7cdfba94e2efc8a37fa7bc5f0129b22aeb505501586075abdf9992a0,C[C@]12C[C@@H]3[C@H](CO1)[C@@H](c1ccc(O)c(Cl)c1)O[C@]3(C)O2,,,,native_CDX_conversion_candidate,RDKit native ChemDraw CDX interpretation of source bonds; independent stereochemistry review pending,pending_native_source_and_label_review,1,archive-002,papers/paper-327998a67c12eca6/supporting_information/si-001.zip,a5e6c00d8f09caf1e760dd49b95b2c41708a1f4a7ef5421d5240e2abd4ca32eb,,OOXML member word/embeddings/oleObject74.bin / CONTENTS; CDX 02124b09b2bae015a9e561d95695903d3722349c9da2d76e385ffc7aef29bd9e; native molecule index 1,word/embeddings/oleObject74.bin,3534d590ff2bb31d027694043c5928b730a8692a3c0f6262343c5d1fa76af0a5,02124b09b2bae015a9e561d95695903d3722349c9da2d76e385ffc7aef29bd9e,CONTENTS,0,"[{""source_label"":null,""xml_paragraph_index_1based"":487}]"
paper-327998a67c12eca6,paper-327998a67c12eca6:embedded:071a13d8469e5f8f53f7:1,mol-b471ab9c6610f53ed3c20c4b98f615054d9b3be3e78d5eaae09917df92aafe79,COc1ccc([C@H]2O[C@]3(C)O[C@@]4(C)C[C@@H]3[C@@H]2CO4)cc1OC,,,,native_CDX_conversion_candidate,RDKit native ChemDraw CDX interpretation of source bonds; independent stereochemistry review pending,pending_native_source_and_label_review,1,archive-002,papers/paper-327998a67c12eca6/supporting_information/si-001.zip,a5e6c00d8f09caf1e760dd49b95b2c41708a1f4a7ef5421d5240e2abd4ca32eb,,OOXML member word/embeddings/oleObject23.bin / CONTENTS; CDX 071a13d8469e5f8f53f7c504bfd52ba92fb06dba5f367d9cbdd6264715fd6ccc; native molecule index 1,word/embeddings/oleObject23.bin,119b091a45a42247ebd4ac2027a420bc3e6627dc761b7299712e8af7eeda52ff,071a13d8469e5f8f53f7c504bfd52ba92fb06dba5f367d9cbdd6264715fd6ccc,CONTENTS,0,"[{""source_label"":null,""xml_paragraph_index_1based"":243}]"
paper-327998a67c12eca6,paper-327998a67c12eca6:embedded:0f7898b63ca7fa1b2529:1,mol-7c69c29f4947da4211b198de342aa9ef02ecaeee01b94c8a608feab909b7f8ae,CCOc1cc([C@H]2O[C@]3(C)O[C@@]4(C)C[C@@H]3[C@@H]2CO4)ccc1OC,,,,native_CDX_conversion_candidate,RDKit native ChemDraw CDX interpretation of source bonds; independent stereochemistry review pending,pending_native_source_and_label_review,1,archive-002,papers/paper-327998a67c12eca6/supporting_information/si-001.zip,a5e6c00d8f09caf1e760dd49b95b2c41708a1f4a7ef5421d5240e2abd4ca32eb,,OOXML member word/embeddings/oleObject101.bin / CONTENTS; CDX 0f7898b63ca7fa1b2529df2b9f4a85e991b138a56795f260c18c090382352209; native molecule index 1,word/embeddings/oleObject101.bin,ef87a3572c48ba15c735514a9055c654e954bf15311c16e30a3537f9a4a53f1e,0f7898b63ca7fa1b2529df2b9f4a85e991b138a56795f260c18c090382352209,CONTENTS,0,"[{""source_label"":null,""xml_paragraph_index_1based"":521}]"
paper-327998a67c12eca6,paper-327998a67c12eca6:embedded:0f7898b63ca7fa1b2529:1,mol-7c69c29f4947da4211b198de342aa9ef02ecaeee01b94c8a608feab909b7f8ae,CCOc1cc([C@H]2O[C@]3(C)O[C@@]4(C)C[C@@H]3[C@@H]2CO4)ccc1OC,,,,native_CDX_conversion_candidate,RDKit native ChemDraw CDX interpretation of source bonds; independent stereochemistry review pending,pending_native_source_and_label_review,1,archive-002,papers/paper-327998a67c12eca6/supporting_information/si-001.zip,a5e6c00d8f09caf1e760dd49b95b2c41708a1f4a7ef5421d5240e2abd4ca32eb,,OOXML member word/embeddings/oleObject102.bin / CONTENTS; CDX 0f7898b63ca7fa1b2529df2b9f4a85e991b138a56795f260c18c090382352209; native molecule index 1,word/embeddings/oleObject102.bin,ef87a3572c48ba15c735514a9055c654e954bf15311c16e30a3537f9a4a53f1e,0f7898b63ca7fa1b2529df2b9f4a85e991b138a56795f260c18c090382352209,CONTENTS,0,"[{""source_label"":null,""xml_paragraph_index_1based"":523}]"
paper-327998a67c12eca6,paper-327998a67c12eca6:embedded:1101c50c5b8cd8c65c73:1,mol-2909ab91802f0ccc9c5291e04bd98c0bac2ccf9aa82ae054b023e6c4d33b9d01,CCC[C@]12C[C@H]3[C@H](O[C@H](c4ccc(OC)cc4)[C@H]3CO1)O2,,,,native_CDX_conversion_candidate,RDKit native ChemDraw CDX interpretation of source bonds; independent stereochemistry review pending,pending_native_source_and_label_review,1,archive-002,papers/paper-327998a67c12eca6/supporting_information/si-001.zip,a5e6c00d8f09caf1e760dd49b95b2c41708a1f4a7ef5421d5240e2abd4ca32eb,,OOXML member word/embeddings/oleObject44.bin / CONTENTS; CDX 1101c50c5b8cd8c65c73e7101d9e129a6cee37ba90a241f6a16369f1bd86a306; native molecule index 1,word/embeddings/oleObject44.bin,c7ab6432cafad28fa92514feb69fb3f913cc46c2bb5ff09adcd92b561df657c2,1101c50c5b8cd8c65c73e7101d9e129a6cee37ba90a241f6a16369f1bd86a306,CONTENTS,0,"[{""source_label"":null,""xml_paragraph_index_1based"":287}]"
paper-327998a67c12eca6,paper-327998a67c12eca6:embedded:117d86fb2c5eef15c8d2:1,mol-49b148f44ff131f2643161c64fa984b17570a28e0e740f7e167e9c319549df0a,COc1cc([C@H]2O[C@]3(C)O[C@@]4(C)C[C@@H]3[C@@H]2CO4)cc(OC)c1O,,,,native_CDX_conversion_candidate,RDKit native ChemDraw CDX interpretation of source bonds; independent stereochemistry review pending,pending_native_source_and_label_review,1,archive-002,papers/paper-327998a67c12eca6/supporting_information/si-001.zip,a5e6c00d8f09caf1e760dd49b95b2c41708a1f4a7ef5421d5240e2abd4ca32eb,,OOXML member word/embeddings/oleObject91.bin / CONTENTS; CDX 117d86fb2c5eef15c8d20c7bae4ad17686e3f6fa23eb5ea73358894490ef7298; native molecule index 1,word/embeddings/oleObject91.bin,52cf32959c19e150910814348ff16b7d1b24e4e7e2fc5b1ca75e7bd9da2f056a,117d86fb2c5eef15c8d20c7bae4ad17686e3f6fa23eb5ea73358894490ef7298,CONTENTS,0,"[{""source_label"":null,""xml_paragraph_index_1based"":501}]"
paper-327998a67c12eca6,paper-327998a67c12eca6:embedded:117d86fb2c5eef15c8d2:1,mol-49b148f44ff131f2643161c64fa984b17570a28e0e740f7e167e9c319549df0a,COc1cc([C@H]2O[C@]3(C)O[C@@]4(C)C[C@@H]3[C@@H]2CO4)cc(OC)c1O,,,,native_CDX_conversion_candidate,RDKit native ChemDraw CDX interpretation of source bonds; independent stereochemistry review pending,pending_native_source_and_label_review,1,archive-002,papers/paper-327998a67c12eca6/supporting_information/si-001.zip,a5e6c00d8f09caf1e760dd49b95b2c41708a1f4a7ef5421d5240e2abd4ca32eb,,OOXML member word/embeddings/oleObject92.bin / CONTENTS; CDX 117d86fb2c5eef15c8d20c7bae4ad17686e3f6fa23eb5ea73358894490ef7298; native molecule index 1,word/embeddings/oleObject92.bin,52cf32959c19e150910814348ff16b7d1b24e4e7e2fc5b1ca75e7bd9da2f056a,117d86fb2c5eef15c8d20c7bae4ad17686e3f6fa23eb5ea73358894490ef7298,CONTENTS,0,"[{""source_label"":null,""xml_paragraph_index_1based"":503}]"
paper-327998a67c12eca6,paper-327998a67c12eca6:embedded:11d9cc91a07b32ce17cd:1,mol-39fe21e0fd3297de56a531b8908096d1e5a2bf16bf1f92b89678e6317e8a8e42,COc1ccc([C@H]2O[C@@H]3O[C@@]4(C)C[C@@H]3[C@@H]2CO4)cc1,,,,native_CDX_conversion_candidate,RDKit native ChemDraw CDX interpretation of source bonds; independent stereochemistry review pending,pending_native_source_and_label_review,1,archive-002,papers/paper-327998a67c12eca6/supporting_information/si-001.zip,a5e6c00d8f09caf1e760dd49b95b2c41708a1f4a7ef5421d5240e2abd4ca32eb,,OOXML member word/embeddings/oleObject141.bin / CONTENTS; CDX 11d9cc91a07b32ce17cd0eb392b6a5add15286a0383a71311ee6a9d2514743f2; native molecule index 1,word/embeddings/oleObject141.bin,7385b4dd25354888b9a43d2cf33eff5284c8409a08844efac70376a6685c2b72,11d9cc91a07b32ce17cd0eb392b6a5add15286a0383a71311ee6a9d2514743f2,CONTENTS,0,"[{""source_label"":null,""xml_paragraph_index_1based"":596}]"
paper-327998a67c12eca6,paper-327998a67c12eca6:embedded:11debc6b803e30e43f6c:1,mol-8f34af8584ff45310f383eef5f0f5fe5f18d6435b6a176d11e71bea1fbd2fd5d,C[C@]12C[C@@H]3[C@H](CO1)[C@@H](c1ccc(O)cc1)O[C@]3(C)O2,,,,native_CDX_conversion_candidate,RDKit native ChemDraw CDX interpretation of source bonds; independent stereochemistry review pending,pending_native_source_and_label_review,1,archive-002,papers/paper-327998a67c12eca6/supporting_information/si-001.zip,a5e6c00d8f09caf1e760dd49b95b2c41708a1f4a7ef5421d5240e2abd4ca32eb,,OOXML member word/embeddings/oleObject46.bin / CONTENTS; CDX 11debc6b803e30e43f6c84a1f6b4adccf814851c98c528c2bae763f9c6de9058; native molecule index 1,word/embeddings/oleObject46.bin,98607ffa268449945433bc70f21b1ac67c6007150a4b824824b2de5f995f64a8,11debc6b803e30e43f6c84a1f6b4adccf814851c98c528c2bae763f9c6de9058,CONTENTS,0,"[{""source_label"":null,""xml_paragraph_index_1based"":436}]"
paper-327998a67c12eca6,paper-327998a67c12eca6:embedded:122c5afc438b4ca317ef:1,mol-ed515c1e01495732f2086459e7fe06c90b3914df5191e6089f977e068e3086c4,COc1ccc([C@H]2O[C@]3(C)O[C@@]4(C)C[C@@H]3[C@@H]2CO4)c(OC)c1,,,,native_CDX_conversion_candidate,RDKit native ChemDraw CDX interpretation of source bonds; independent stereochemistry review pending,pending_native_source_and_label_review,1,archive-002,papers/paper-327998a67c12eca6/supporting_information/si-001.zip,a5e6c00d8f09caf1e760dd49b95b2c41708a1f4a7ef5421d5240e2abd4ca32eb,,OOXML member word/embeddings/oleObject103.bin / CONTENTS; CDX 122c5afc438b4ca317efa7314fdccf77456962dee02e17668b3d3da443f3f56c; native molecule index 1,word/embeddings/oleObject103.bin,97aea550232d31e72f3bbce9cfc69863b2bbd47608ecb4312cc069dc454a8b30,122c5afc438b4ca317efa7314fdccf77456962dee02e17668b3d3da443f3f56c,CONTENTS,0,"[{""source_label"":null,""xml_paragraph_index_1based"":525}]"
paper-327998a67c12eca6,paper-327998a67c12eca6:embedded:122c5afc438b4ca317ef:1,mol-ed515c1e01495732f2086459e7fe06c90b3914df5191e6089f977e068e3086c4,COc1ccc([C@H]2O[C@]3(C)O[C@@]4(C)C[C@@H]3[C@@H]2CO4)c(OC)c1,,,,native_CDX_conversion_candidate,RDKit native ChemDraw CDX interpretation of source bonds; independent stereochemistry review pending,pending_native_source_and_label_review,1,archive-002,papers/paper-327998a67c12eca6/supporting_information/si-001.zip,a5e6c00d8f09caf1e760dd49b95b2c41708a1f4a7ef5421d5240e2abd4ca32eb,,OOXML member word/embeddings/oleObject104.bin / CONTENTS; CDX 122c5afc438b4ca317efa7314fdccf77456962dee02e17668b3d3da443f3f56c; native molecule index 1,word/embeddings/oleObject104.bin,97aea550232d31e72f3bbce9cfc69863b2bbd47608ecb4312cc069dc454a8b30,122c5afc438b4ca317efa7314fdccf77456962dee02e17668b3d3da443f3f56c,CONTENTS,0,"[{""source_label"":null,""xml_paragraph_index_1based"":527}]"
paper-327998a67c12eca6,paper-327998a67c12eca6:embedded:19a5e6de1270f273a6e3:1,mol-2590d541b921a126449bca31a8b4a2b52551541dfb95bd9a0a7fd27f7ded704d,CSc1ccc([C@H]2O[C@]3(C)O[C@@]4(C)C[C@@H]3[C@@H]2CO4)cc1,,,,native_CDX_conversion_candidate,RDKit native ChemDraw CDX interpretation of source bonds; independent stereochemistry review pending,pending_native_source_and_label_review,1,archive-002,papers/paper-327998a67c12eca6/supporting_information/si-001.zip,a5e6c00d8f09caf1e760dd49b95b2c41708a1f4a7ef5421d5240e2abd4ca32eb,,OOXML member word/embeddings/oleObject137.bin / CONTENTS; CDX 19a5e6de1270f273a6e390a76d92d0c15cdab63445011fe741ac766090579031; native molecule index 1,word/embeddings/oleObject137.bin,5bf211fa3fc1ff348fcaf4b64bb39ddfa6b25c5565f661bfae67c02d6461fdcd,19a5e6de1270f273a6e390a76d92d0c15cdab63445011fe741ac766090579031,CONTENTS,0,"[{""source_label"":null,""xml_paragraph_index_1based"":589}]"
paper-327998a67c12eca6,paper-327998a67c12eca6:embedded:19a5e6de1270f273a6e3:1,mol-2590d541b921a126449bca31a8b4a2b52551541dfb95bd9a0a7fd27f7ded704d,CSc1ccc([C@H]2O[C@]3(C)O[C@@]4(C)C[C@@H]3[C@@H]2CO4)cc1,,,,native_CDX_conversion_candidate,RDKit native ChemDraw CDX interpretation of source bonds; independent stereochemistry review pending,pending_native_source_and_label_review,1,archive-002,papers/paper-327998a67c12eca6/supporting_information/si-001.zip,a5e6c00d8f09caf1e760dd49b95b2c41708a1f4a7ef5421d5240e2abd4ca32eb,,OOXML member word/embeddings/oleObject138.bin / CONTENTS; CDX 19a5e6de1270f273a6e390a76d92d0c15cdab63445011fe741ac766090579031; native molecule index 1,word/embeddings/oleObject138.bin,5bf211fa3fc1ff348fcaf4b64bb39ddfa6b25c5565f661bfae67c02d6461fdcd,19a5e6de1270f273a6e390a76d92d0c15cdab63445011fe741ac766090579031,CONTENTS,0,"[{""source_label"":null,""xml_paragraph_index_1based"":591}]"
paper-327998a67c12eca6,paper-327998a67c12eca6:embedded:204d1db5508ea6183a29:1,mol-a74f1a267890c4155b76991449c021dca736a83849e3767d2ed3eb8279bf6b79,COc1cc([C@H]2O[C@]3(C)O[C@@]4(C)C[C@@H]3[C@@H]2CO4)cc(OC)c1OC,,,,native_CDX_conversion_candidate,RDKit native ChemDraw CDX interpretation of source bonds; independent stereochemistry review pending,pending_native_source_and_label_review,1,archive-002,papers/paper-327998a67c12eca6/supporting_information/si-001.zip,a5e6c00d8f09caf1e760dd49b95b2c41708a1f4a7ef5421d5240e2abd4ca32eb,,OOXML member word/embeddings/oleObject115.bin / CONTENTS; CDX 204d1db5508ea6183a29cedf7495703184c6696c370d30af9e8defdf1957c797; native molecule index 1,word/embeddings/oleObject115.bin,07c10398723f0dcb9635767d014508084e54c4003d573eac5b6706f15e8e5342,204d1db5508ea6183a29cedf7495703184c6696c370d30af9e8defdf1957c797,CONTENTS,0,"[{""source_label"":null,""xml_paragraph_index_1based"":546}]"
paper-327998a67c12eca6,paper-327998a67c12eca6:embedded:204d1db5508ea6183a29:1,mol-a74f1a267890c4155b76991449c021dca736a83849e3767d2ed3eb8279bf6b79,COc1cc([C@H]2O[C@]3(C)O[C@@]4(C)C[C@@H]3[C@@H]2CO4)cc(OC)c1OC,,,,native_CDX_conversion_candidate,RDKit native ChemDraw CDX interpretation of source bonds; independent stereochemistry review pending,pending_native_source_and_label_review,1,archive-002,papers/paper-327998a67c12eca6/supporting_information/si-001.zip,a5e6c00d8f09caf1e760dd49b95b2c41708a1f4a7ef5421d5240e2abd4ca32eb,,OOXML member word/embeddings/oleObject116.bin / CONTENTS; CDX 204d1db5508ea6183a29cedf7495703184c6696c370d30af9e8defdf1957c797; native molecule index 1,word/embeddings/oleObject116.bin,07c10398723f0dcb9635767d014508084e54c4003d573eac5b6706f15e8e5342,204d1db5508ea6183a29cedf7495703184c6696c370d30af9e8defdf1957c797,CONTENTS,0,"[{""source_label"":null,""xml_paragraph_index_1based"":548}]"
paper-327998a67c12eca6,paper-327998a67c12eca6:embedded:23f2df6b46fdb9eb1624:1,mol-e4d6a7707338f2b6d688312599397f206a708bc0a13f983291d49ca4f28c3b80,COc1cc([C@H]2O[C@]3(C)O[C@@]4(C)C[C@@H]3[C@@H]2CO4)cc(F)c1O,,,,native_CDX_conversion_candidate,RDKit native ChemDraw CDX interpretation of source bonds; independent stereochemistry review pending,pending_native_source_and_label_review,1,archive-002,papers/paper-327998a67c12eca6/supporting_information/si-001.zip,a5e6c00d8f09caf1e760dd49b95b2c41708a1f4a7ef5421d5240e2abd4ca32eb,,OOXML member word/embeddings/oleObject18.bin / CONTENTS; CDX 23f2df6b46fdb9eb1624bc8d966100da3290d917b6267eaf5bb33f880c01d8f9; native molecule index 1,word/embeddings/oleObject18.bin,ecb59732699daceb75e6c2f8f1985c3afc9901212635de615d6cea0886f99214,23f2df6b46fdb9eb1624bc8d966100da3290d917b6267eaf5bb33f880c01d8f9,CONTENTS,0,"[{""source_label"":null,""xml_paragraph_index_1based"":232}]"
paper-327998a67c12eca6,paper-327998a67c12eca6:embedded:243789d1601e5a9feeb2:1,mol-d63f8419ee5b9c14b245ee9ec921df230191f80b5b83c57ce8c8ad4155ba5f3e,COc1cc([C@H]2O[C@]3(C)O[C@@]4(C)C[C@@H]3[C@@H]2CO4)ccc1O,,,,native_CDX_conversion_candidate,RDKit native ChemDraw CDX interpretation of source bonds; independent stereochemistry review pending,pending_native_source_and_label_review,1,archive-002,papers/paper-327998a67c12eca6/supporting_information/si-001.zip,a5e6c00d8f09caf1e760dd49b95b2c41708a1f4a7ef5421d5240e2abd4ca32eb,,OOXML member word/embeddings/oleObject12.bin / CONTENTS; CDX 243789d1601e5a9feeb2ee791102ee82653fba0f4186809d26ac3baebc886afd; native molecule index 1,word/embeddings/oleObject12.bin,a2d881898befd20e509b69794e9e8f54ad1a57396e6646a42a681327af923e04,243789d1601e5a9feeb2ee791102ee82653fba0f4186809d26ac3baebc886afd,CONTENTS,0,"[{""source_label"":null,""xml_paragraph_index_1based"":220}]"
paper-327998a67c12eca6,paper-327998a67c12eca6:embedded:2b03e09a87108872f7bf:1,mol-b471ab9c6610f53ed3c20c4b98f615054d9b3be3e78d5eaae09917df92aafe79,COc1ccc([C@H]2O[C@]3(C)O[C@@]4(C)C[C@@H]3[C@@H]2CO4)cc1OC,,,,native_CDX_conversion_candidate,RDKit native ChemDraw CDX interpretation of source bonds; independent stereochemistry review pending,pending_native_source_and_label_review,1,archive-002,papers/paper-327998a67c12eca6/supporting_information/si-001.zip,a5e6c00d8f09caf1e760dd49b95b2c41708a1f4a7ef5421d5240e2abd4ca32eb,,OOXML member word/embeddings/oleObject97.bin / CONTENTS; CDX 2b03e09a87108872f7bf772c4a9db88322ff3d8e11c8012b0cc82faaac4c69af; native molecule index 1,word/embeddings/oleObject97.bin,8b8b50bc7b202fe9ae3c24f70247cbe35234175411953ff357c92fd320c35359,2b03e09a87108872f7bf772c4a9db88322ff3d8e11c8012b0cc82faaac4c69af,CONTENTS,0,"[{""source_label"":null,""xml_paragraph_index_1based"":513}]"
paper-327998a67c12eca6,paper-327998a67c12eca6:embedded:2b03e09a87108872f7bf:1,mol-b471ab9c6610f53ed3c20c4b98f615054d9b3be3e78d5eaae09917df92aafe79,COc1ccc([C@H]2O[C@]3(C)O[C@@]4(C)C[C@@H]3[C@@H]2CO4)cc1OC,,,,native_CDX_conversion_candidate,RDKit native ChemDraw CDX interpretation of source bonds; independent stereochemistry review pending,pending_native_source_and_label_review,1,archive-002,papers/paper-327998a67c12eca6/supporting_information/si-001.zip,a5e6c00d8f09caf1e760dd49b95b2c41708a1f4a7ef5421d5240e2abd4ca32eb,,OOXML member word/embeddings/oleObject98.bin / CONTENTS; CDX 2b03e09a87108872f7bf772c4a9db88322ff3d8e11c8012b0cc82faaac4c69af; native molecule index 1,word/embeddings/oleObject98.bin,8b8b50bc7b202fe9ae3c24f70247cbe35234175411953ff357c92fd320c35359,2b03e09a87108872f7bf772c4a9db88322ff3d8e11c8012b0cc82faaac4c69af,CONTENTS,0,"[{""source_label"":null,""xml_paragraph_index_1based"":515}]"
paper-327998a67c12eca6,paper-327998a67c12eca6:embedded:2baab9c975266777915a:1,mol-ab01780c0102f3dea2b25154d5420c57844ac62610712ae51683f59bb065de09,C[C@]12C[C@@H]3[C@H](CO1)[C@@H](c1ccc(OS(=O)(=O)C(F)(F)F)cc1)O[C@]3(C)O2,,,,native_CDX_conversion_candidate,RDKit native ChemDraw CDX interpretation of source bonds; independent stereochemistry review pending,pending_native_source_and_label_review,1,archive-002,papers/paper-327998a67c12eca6/supporting_information/si-001.zip,a5e6c00d8f09caf1e760dd49b95b2c41708a1f4a7ef5421d5240e2abd4ca32eb,,OOXML member word/embeddings/oleObject8.bin / CONTENTS; CDX 2baab9c975266777915ab0e3918dd5b5602fdc7668c4fcbade8ebc8b3e72929f; native molecule index 1,word/embeddings/oleObject8.bin,f96e522262f76010f6a9eafd88fecda01a34db697d7c03aaed06160d3b851f10,2baab9c975266777915ab0e3918dd5b5602fdc7668c4fcbade8ebc8b3e72929f,CONTENTS,0,"[{""source_label"":null,""xml_paragraph_index_1based"":201}]"
paper-327998a67c12eca6,paper-327998a67c12eca6:embedded:2baab9c975266777915a:2,mol-1433d15d1abe9748f7f74430203f0117c3cd7708752eed2d696520abf4b0ad59,C[C@]12C[C@@H]3[C@H](CO1)[C@@H](c1ccc(C#Cc4ccccc4)cc1)O[C@]3(C)O2,,,,native_CDX_conversion_candidate,RDKit native ChemDraw CDX interpretation of source bonds; independent stereochemistry review pending,pending_native_source_and_label_review,2,archive-002,papers/paper-327998a67c12eca6/supporting_information/si-001.zip,a5e6c00d8f09caf1e760dd49b95b2c41708a1f4a7ef5421d5240e2abd4ca32eb,,OOXML member word/embeddings/oleObject8.bin / CONTENTS; CDX 2baab9c975266777915ab0e3918dd5b5602fdc7668c4fcbade8ebc8b3e72929f; native molecule index 2,word/embeddings/oleObject8.bin,f96e522262f76010f6a9eafd88fecda01a34db697d7c03aaed06160d3b851f10,2baab9c975266777915ab0e3918dd5b5602fdc7668c4fcbade8ebc8b3e72929f,CONTENTS,0,"[{""source_label"":null,""xml_paragraph_index_1based"":201}]"
paper-327998a67c12eca6,paper-327998a67c12eca6:embedded:2baab9c975266777915a:5,mol-039360adc6720468cedb9694201c0e9b4f0104f627e68b4c51de07eb54af0c9f,C#Cc1ccccc1,,,,native_CDX_conversion_candidate,RDKit native ChemDraw CDX interpretation of source bonds; independent stereochemistry review pending,pending_native_source_and_label_review,5,archive-002,papers/paper-327998a67c12eca6/supporting_information/si-001.zip,a5e6c00d8f09caf1e760dd49b95b2c41708a1f4a7ef5421d5240e2abd4ca32eb,,OOXML member word/embeddings/oleObject8.bin / CONTENTS; CDX 2baab9c975266777915ab0e3918dd5b5602fdc7668c4fcbade8ebc8b3e72929f; native molecule index 5,word/embeddings/oleObject8.bin,f96e522262f76010f6a9eafd88fecda01a34db697d7c03aaed06160d3b851f10,2baab9c975266777915ab0e3918dd5b5602fdc7668c4fcbade8ebc8b3e72929f,CONTENTS,0,"[{""source_label"":null,""xml_paragraph_index_1based"":201}]"
paper-327998a67c12eca6,paper-327998a67c12eca6:embedded:2c41600eff572ff8643b:1,mol-8f34af8584ff45310f383eef5f0f5fe5f18d6435b6a176d11e71bea1fbd2fd5d,C[C@]12C[C@@H]3[C@H](CO1)[C@@H](c1ccc(O)cc1)O[C@]3(C)O2,,,,native_CDX_conversion_candidate,RDKit native ChemDraw CDX interpretation of source bonds; independent stereochemistry review pending,pending_native_source_and_label_review,1,archive-002,papers/paper-327998a67c12eca6/supporting_information/si-001.zip,a5e6c00d8f09caf1e760dd49b95b2c41708a1f4a7ef5421d5240e2abd4ca32eb,,OOXML member word/embeddings/oleObject45.bin / CONTENTS; CDX 2c41600eff572ff8643b84aa5dd8b48015363ddd313366d96c0b8b27c30bd764; native molecule index 1,word/embeddings/oleObject45.bin,9cf77cdd014919f0ca820c606213dd227b63d87bbc626ff472a8ac5c5ed3b618,2c41600eff572ff8643b84aa5dd8b48015363ddd313366d96c0b8b27c30bd764,CONTENTS,0,"[{""source_label"":null,""xml_paragraph_index_1based"":434}]"
paper-327998a67c12eca6,paper-327998a67c12eca6:embedded:2cd1fa7dbfb8007dac27:1,mol-45153d905ee09946917983baddef85237342c6b086d0d5fde4ca0a7b6af7f9b9,COc1ccc([C@H]2O[C@]3(C)O[C@@]4(C)C[C@@H]3[C@@H]2CO4)cc1,,,,native_CDX_conversion_candidate,RDKit native ChemDraw CDX interpretation of source bonds; independent stereochemistry review pending,pending_native_source_and_label_review,1,archive-002,papers/paper-327998a67c12eca6/supporting_information/si-001.zip,a5e6c00d8f09caf1e760dd49b95b2c41708a1f4a7ef5421d5240e2abd4ca32eb,,OOXML member word/embeddings/oleObject21.bin / CONTENTS; CDX 2cd1fa7dbfb8007dac27526a0ab8f4492d00cfef66c404302455e5e385da6bfd; native molecule index 1,word/embeddings/oleObject21.bin,426c1841ba4133077741b68b43027be02836774bb440a1100572e263bd3f626e,2cd1fa7dbfb8007dac27526a0ab8f4492d00cfef66c404302455e5e385da6bfd,CONTENTS,0,"[{""source_label"":null,""xml_paragraph_index_1based"":239}]"
paper-327998a67c12eca6,paper-327998a67c12eca6:embedded:3201b0470f77d8016db0:1,mol-8f34af8584ff45310f383eef5f0f5fe5f18d6435b6a176d11e71bea1fbd2fd5d,C[C@]12C[C@@H]3[C@H](CO1)[C@@H](c1ccc(O)cc1)O[C@]3(C)O2,,,,native_CDX_conversion_candidate,RDKit native ChemDraw CDX interpretation of source bonds; independent stereochemistry review pending,pending_native_source_and_label_review,1,archive-002,papers/paper-327998a67c12eca6/supporting_information/si-001.zip,a5e6c00d8f09caf1e760dd49b95b2c41708a1f4a7ef5421d5240e2abd4ca32eb,,OOXML member word/embeddings/oleObject10.bin / CONTENTS; CDX 3201b0470f77d8016db00f7abb2f925fb5c6156599976fc9109e91548b98a9b4; native molecule index 1,word/embeddings/oleObject10.bin,a6aa31993e6aa0b3a55f8d2431805555124b46e03fac254ee8fec8d3ba801109,3201b0470f77d8016db00f7abb2f925fb5c6156599976fc9109e91548b98a9b4,CONTENTS,0,"[{""source_label"":null,""xml_paragraph_index_1based"":215}]"
paper-327998a67c12eca6,paper-327998a67c12eca6:embedded:32e149a3ea7c4e9f260b:1,mol-949f38a6ba23f2b776466a886a05ba415409db4574a23a1b9add6461a11660a3,CCOc1ccc([C@H]2O[C@]3(C)O[C@@]4(C)C[C@@H]3[C@@H]2CO4)cc1,,,,native_CDX_conversion_candidate,RDKit native ChemDraw CDX interpretation of source bonds; independent stereochemistry review pending,pending_native_source_and_label_review,1,archive-002,papers/paper-327998a67c12eca6/supporting_information/si-001.zip,a5e6c00d8f09caf1e760dd49b95b2c41708a1f4a7ef5421d5240e2abd4ca32eb,,OOXML member word/embeddings/oleObject31.bin / CONTENTS; CDX 32e149a3ea7c4e9f260b0dc5d81b29d2d529ce275e99b09a62b6875276fa4552; native molecule index 1,word/embeddings/oleObject31.bin,ce7b0bd2bd0ef602f48088420a6cc069c13e7318ec53dd406dd7f8d55bc266f6,32e149a3ea7c4e9f260b0dc5d81b29d2d529ce275e99b09a62b6875276fa4552,CONTENTS,0,"[{""source_label"":null,""xml_paragraph_index_1based"":261}]"
paper-327998a67c12eca6,paper-327998a67c12eca6:embedded:377563f063854fa7b50f:1,mol-a8e743de6f64ac561e58e6f8afa1314fe6b84d8426e4bd4f50e1a9758fb0e2e6,C[C@]12C[C@@H]3[C@H](CO1)[C@@H](c1ccc(O)c(O)c1)O[C@]3(C)O2,,,,native_CDX_conversion_candidate,RDKit native ChemDraw CDX interpretation of source bonds; independent stereochemistry review pending,pending_native_source_and_label_review,1,archive-002,papers/paper-327998a67c12eca6/supporting_information/si-001.zip,a5e6c00d8f09caf1e760dd49b95b2c41708a1f4a7ef5421d5240e2abd4ca32eb,,OOXML member word/embeddings/oleObject47.bin / CONTENTS; CDX 377563f063854fa7b50ff08852688a1f635963b568d7a4784b72ecf62c6b5006; native molecule index 1,word/embeddings/oleObject47.bin,b3933db1bebe1b9740d8c8a2ed754c957082359589b46178e72df6fdba7741b6,377563f063854fa7b50ff08852688a1f635963b568d7a4784b72ecf62c6b5006,CONTENTS,0,"[{""source_label"":null,""xml_paragraph_index_1based"":438}]"
paper-327998a67c12eca6,paper-327998a67c12eca6:embedded:377563f063854fa7b50f:1,mol-a8e743de6f64ac561e58e6f8afa1314fe6b84d8426e4bd4f50e1a9758fb0e2e6,C[C@]12C[C@@H]3[C@H](CO1)[C@@H](c1ccc(O)c(O)c1)O[C@]3(C)O2,,,,native_CDX_conversion_candidate,RDKit native ChemDraw CDX interpretation of source bonds; independent stereochemistry review pending,pending_native_source_and_label_review,1,archive-002,papers/paper-327998a67c12eca6/supporting_information/si-001.zip,a5e6c00d8f09caf1e760dd49b95b2c41708a1f4a7ef5421d5240e2abd4ca32eb,,OOXML member word/embeddings/oleObject48.bin / CONTENTS; CDX 377563f063854fa7b50ff08852688a1f635963b568d7a4784b72ecf62c6b5006; native molecule index 1,word/embeddings/oleObject48.bin,b3933db1bebe1b9740d8c8a2ed754c957082359589b46178e72df6fdba7741b6,377563f063854fa7b50ff08852688a1f635963b568d7a4784b72ecf62c6b5006,CONTENTS,0,"[{""source_label"":null,""xml_paragraph_index_1based"":441}]"
paper-327998a67c12eca6,paper-327998a67c12eca6:embedded:37a90f5e9846d4b81233:1,mol-e0febafa7cdfba94e2efc8a37fa7bc5f0129b22aeb505501586075abdf9992a0,C[C@]12C[C@@H]3[C@H](CO1)[C@@H](c1ccc(O)c(Cl)c1)O[C@]3(C)O2,,,,native_CDX_conversion_candidate,RDKit native ChemDraw CDX interpretation of source bonds; independent stereochemistry review pending,pending_native_source_and_label_review,1,archive-002,papers/paper-327998a67c12eca6/supporting_information/si-001.zip,a5e6c00d8f09caf1e760dd49b95b2c41708a1f4a7ef5421d5240e2abd4ca32eb,,OOXML member word/embeddings/oleObject67.bin / CONTENTS; CDX 37a90f5e9846d4b8123340f5fb46666af21a946aef0e42f3ee76991e85194d29; native molecule index 1,word/embeddings/oleObject67.bin,403fc69b2cf1e16d0a685f0579b7bc5c9e0cba2dd0715a82d0f4f024ea2ba6ce,37a90f5e9846d4b8123340f5fb46666af21a946aef0e42f3ee76991e85194d29,CONTENTS,0,"[{""source_label"":null,""xml_paragraph_index_1based"":483}]"
paper-327998a67c12eca6,paper-327998a67c12eca6:embedded:37a90f5e9846d4b81233:1,mol-e0febafa7cdfba94e2efc8a37fa7bc5f0129b22aeb505501586075abdf9992a0,C[C@]12C[C@@H]3[C@H](CO1)[C@@H](c1ccc(O)c(Cl)c1)O[C@]3(C)O2,,,,native_CDX_conversion_candidate,RDKit native ChemDraw CDX interpretation of source bonds; independent stereochemistry review pending,pending_native_source_and_label_review,1,archive-002,papers/paper-327998a67c12eca6/supporting_information/si-001.zip,a5e6c00d8f09caf1e760dd49b95b2c41708a1f4a7ef5421d5240e2abd4ca32eb,,OOXML member word/embeddings/oleObject70.bin / CONTENTS; CDX 37a90f5e9846d4b8123340f5fb46666af21a946aef0e42f3ee76991e85194d29; native molecule index 1,word/embeddings/oleObject70.bin,403fc69b2cf1e16d0a685f0579b7bc5c9e0cba2dd0715a82d0f4f024ea2ba6ce,37a90f5e9846d4b8123340f5fb46666af21a946aef0e42f3ee76991e85194d29,CONTENTS,0,"[{""source_label"":null,""xml_paragraph_index_1based"":485}]"
paper-327998a67c12eca6,paper-327998a67c12eca6:embedded:3a9b43b3d3b49fa0df99:1,mol-d5c07548325253d74138880cf07b5b28044c7f46629a4b28a1215c341134be0a,C=CCOc1ccc([C@H]2O[C@]3(C)O[C@@]4(C)C[C@@H]3[C@@H]2CO4)cc1,,,,native_CDX_conversion_candidate,RDKit native ChemDraw CDX interpretation of source bonds; independent stereochemistry review pending,pending_native_source_and_label_review,1,archive-002,papers/paper-327998a67c12eca6/supporting_information/si-001.zip,a5e6c00d8f09caf1e760dd49b95b2c41708a1f4a7ef5421d5240e2abd4ca32eb,,OOXML member word/embeddings/oleObject37.bin / CONTENTS; CDX 3a9b43b3d3b49fa0df991254bd6908e8e92be76db5610de052923acca526da32; native molecule index 1,word/embeddings/oleObject37.bin,f3e9f4cb99a8b15a6b9c41c3753e47788a12bdb117a411247a287ebadc58fcb7,3a9b43b3d3b49fa0df991254bd6908e8e92be76db5610de052923acca526da32,CONTENTS,0,"[{""source_label"":null,""xml_paragraph_index_1based"":273}]"
paper-327998a67c12eca6,paper-327998a67c12eca6:embedded:3aaa313932448f641980:1,mol-bd5a0b32081972bab7b6eaa5dcf111dcb353eb5eb546a4fd200dba5b9ad44d2f,CC[C@]12C[C@H]3[C@H](O[C@H](c4ccc(OC)cc4)[C@H]3CO1)O2,,,,native_CDX_conversion_candidate,RDKit native ChemDraw CDX interpretation of source bonds; independent stereochemistry review pending,pending_native_source_and_label_review,1,archive-002,papers/paper-327998a67c12eca6/supporting_information/si-001.zip,a5e6c00d8f09caf1e760dd49b95b2c41708a1f4a7ef5421d5240e2abd4ca32eb,,OOXML member word/embeddings/oleObject146.bin / CONTENTS; CDX 3aaa313932448f6419803001e49dc26843dca7719fc88e842510f2bb4e958297; native molecule index 1,word/embeddings/oleObject146.bin,97ee2e4db3e69a877bb6817bc94152348d6ec7b7524149597ab8aaa676e58f96,3aaa313932448f6419803001e49dc26843dca7719fc88e842510f2bb4e958297,CONTENTS,0,"[{""source_label"":null,""xml_paragraph_index_1based"":660}]"
paper-327998a67c12eca6,paper-327998a67c12eca6:embedded:3c245bc43265b42dcc9a:1,mol-aa82eb10fb92d6b515bb76c2d02ffee05c224b13c1301224a736927a3b0eb04e,Cc1cc([C@H]2O[C@]3(C)O[C@@]4(C)C[C@@H]3[C@@H]2CO4)cc(C)c1O,,,,native_CDX_conversion_candidate,RDKit native ChemDraw CDX interpretation of source bonds; independent stereochemistry review pending,pending_native_source_and_label_review,1,archive-002,papers/paper-327998a67c12eca6/supporting_information/si-001.zip,a5e6c00d8f09caf1e760dd49b95b2c41708a1f4a7ef5421d5240e2abd4ca32eb,,OOXML member word/embeddings/oleObject85.bin / CONTENTS; CDX 3c245bc43265b42dcc9a5427b2293edd7ef0dc930d29c71347fa4a606fb051ea; native molecule index 1,word/embeddings/oleObject85.bin,9d0348c1ce507cc7243ae126aaa7801814425fc3285c5cb7dc0ff62622005a65,3c245bc43265b42dcc9a5427b2293edd7ef0dc930d29c71347fa4a606fb051ea,CONTENTS,0,"[{""source_label"":null,""xml_paragraph_index_1based"":497}]"
paper-327998a67c12eca6,paper-327998a67c12eca6:embedded:3f1eb3e463bbb626ecfe:1,mol-689f98a752d635e7fd5319c21432ea9eb39f78681808ee344a0c106bf214bab3,C[C@]12C[C@@H]3[C@H](CO1)[C@@H](c1ccc(O)c(Br)c1)O[C@]3(C)O2,,,,native_CDX_conversion_candidate,RDKit native ChemDraw CDX interpretation of source bonds; independent stereochemistry review pending,pending_native_source_and_label_review,1,archive-002,papers/paper-327998a67c12eca6/supporting_information/si-001.zip,a5e6c00d8f09caf1e760dd49b95b2c41708a1f4a7ef5421d5240e2abd4ca32eb,,OOXML member word/embeddings/oleObject17.bin / CONTENTS; CDX 3f1eb3e463bbb626ecfebb5a5e8ca36108c3f992fff99414629a784f50379213; native molecule index 1,word/embeddings/oleObject17.bin,e740059b8e2917fc1de6c670dc43f7a435a0a8723836b536478f2b8156b511f9,3f1eb3e463bbb626ecfebb5a5e8ca36108c3f992fff99414629a784f50379213,CONTENTS,0,"[{""source_label"":null,""xml_paragraph_index_1based"":230}]"
paper-327998a67c12eca6,paper-327998a67c12eca6:embedded:444b35c58402c822bed4:1,mol-aa82eb10fb92d6b515bb76c2d02ffee05c224b13c1301224a736927a3b0eb04e,Cc1cc([C@H]2O[C@]3(C)O[C@@]4(C)C[C@@H]3[C@@H]2CO4)cc(C)c1O,,,,native_CDX_conversion_candidate,RDKit native ChemDraw CDX interpretation of source bonds; independent stereochemistry review pending,pending_native_source_and_label_review,1,archive-002,papers/paper-327998a67c12eca6/supporting_information/si-001.zip,a5e6c00d8f09caf1e760dd49b95b2c41708a1f4a7ef5421d5240e2abd4ca32eb,,OOXML member word/embeddings/oleObject19.bin / CONTENTS; CDX 444b35c58402c822bed4723cdfa7fa9cbd1b09f25de02594d5954e707c244dd6; native molecule index 1,word/embeddings/oleObject19.bin,ba5cbff2d055610e9cf4bb5ba1b6dd5c6ce79d863e669cf9f5b5768a8dd5404e,444b35c58402c822bed4723cdfa7fa9cbd1b09f25de02594d5954e707c244dd6,CONTENTS,0,"[{""source_label"":null,""xml_paragraph_index_1based"":235}]"
paper-327998a67c12eca6,paper-327998a67c12eca6:embedded:454a72c5cd41c9d038b9:1,mol-5dabf3b74736445919ff685f720e3732a272e13659d76c2f800dad65b243844c,C[C@]12C[C@@H]3[C@H](CO1)[C@@H](c1ccc(Oc4ccccc4)cc1)O[C@]3(C)O2,,,,native_CDX_conversion_candidate,RDKit native ChemDraw CDX interpretation of source bonds; independent stereochemistry review pending,pending_native_source_and_label_review,1,archive-002,papers/paper-327998a67c12eca6/supporting_information/si-001.zip,a5e6c00d8f09caf1e760dd49b95b2c41708a1f4a7ef5421d5240e2abd4ca32eb,,OOXML member word/embeddings/oleObject36.bin / CONTENTS; CDX 454a72c5cd41c9d038b981f91e3a291888bdda78a7dd5fd13674effff2376a99; native molecule index 1,word/embeddings/oleObject36.bin,367872a9a6c20a6593cb626280c3b0618853e07120baea0fa9f409cd60e8d6fd,454a72c5cd41c9d038b981f91e3a291888bdda78a7dd5fd13674effff2376a99,CONTENTS,0,"[{""source_label"":null,""xml_paragraph_index_1based"":271}]"
paper-327998a67c12eca6,paper-327998a67c12eca6:embedded:4a02abde2081b38ad56d:1,mol-c992d1de1419ddc9637c1f38328e052c728ab54ee4fe0e99090f8de169a685f1,COc1ccc([C@H]2O[C@]3(C)O[C@@]4(C)C[C@@H]3[C@@H]2CO4)cc1O,,,,native_CDX_conversion_candidate,RDKit native ChemDraw CDX interpretation of source bonds; independent stereochemistry review pending,pending_native_source_and_label_review,1,archive-002,papers/paper-327998a67c12eca6/supporting_information/si-001.zip,a5e6c00d8f09caf1e760dd49b95b2c41708a1f4a7ef5421d5240e2abd4ca32eb,,OOXML member word/embeddings/oleObject24.bin / CONTENTS; CDX 4a02abde2081b38ad56d290f3f1bcc485f84d0963821739433d2ee53ebb76f17; native molecule index 1,word/embeddings/oleObject24.bin,738219859bf4cfd2b0891096c005ed4e4a1192f84071da9ec63adeca52c05953,4a02abde2081b38ad56d290f3f1bcc485f84d0963821739433d2ee53ebb76f17,CONTENTS,0,"[{""source_label"":null,""xml_paragraph_index_1based"":245}]"
paper-327998a67c12eca6,paper-327998a67c12eca6:embedded:4df31b3d7a6bcf45a242:1,mol-9442c66a4960f4dc129eb90605f15bb9b15c141f0c94f00df17e803bba48a6e5,COc1cc(/C=C/CO)ccc1O,,,,native_CDX_conversion_candidate,RDKit native ChemDraw CDX interpretation of source bonds; independent stereochemistry review pending,pending_native_source_and_label_review,1,archive-002,papers/paper-327998a67c12eca6/supporting_information/si-001.zip,a5e6c00d8f09caf1e760dd49b95b2c41708a1f4a7ef5421d5240e2abd4ca32eb,,OOXML member word/embeddings/oleObject6.bin / CONTENTS; CDX 4df31b3d7a6bcf45a242d65dfa28d62d78eaf91dae22fdab76022fae1d16cc7d; native molecule index 1,word/embeddings/oleObject6.bin,7a890ecf2c435a27f91e0515e459921b994928133bdad8d0ff6d07a8903faa2f,4df31b3d7a6bcf45a242d65dfa28d62d78eaf91dae22fdab76022fae1d16cc7d,CONTENTS,0,"[{""source_label"":null,""xml_paragraph_index_1based"":195}]"
paper-327998a67c12eca6,paper-327998a67c12eca6:embedded:4df31b3d7a6bcf45a242:2,mol-871065c90661e3bdeb55574d026b617a7c613e4bec8342a30d711f67c32ea54f,CC(=O)/C=C\C(C)=O,,,,native_CDX_conversion_candidate,RDKit native ChemDraw CDX interpretation of source bonds; independent stereochemistry review pending,pending_native_source_and_label_review,2,archive-002,papers/paper-327998a67c12eca6/supporting_information/si-001.zip,a5e6c00d8f09caf1e760dd49b95b2c41708a1f4a7ef5421d5240e2abd4ca32eb,,OOXML member word/embeddings/oleObject6.bin / CONTENTS; CDX 4df31b3d7a6bcf45a242d65dfa28d62d78eaf91dae22fdab76022fae1d16cc7d; native molecule index 2,word/embeddings/oleObject6.bin,7a890ecf2c435a27f91e0515e459921b994928133bdad8d0ff6d07a8903faa2f,4df31b3d7a6bcf45a242d65dfa28d62d78eaf91dae22fdab76022fae1d16cc7d,CONTENTS,0,"[{""source_label"":null,""xml_paragraph_index_1based"":195}]"
paper-327998a67c12eca6,paper-327998a67c12eca6:embedded:4df31b3d7a6bcf45a242:3,mol-d63f8419ee5b9c14b245ee9ec921df230191f80b5b83c57ce8c8ad4155ba5f3e,COc1cc([C@H]2O[C@]3(C)O[C@@]4(C)C[C@@H]3[C@@H]2CO4)ccc1O,,,,native_CDX_conversion_candidate,RDKit native ChemDraw CDX interpretation of source bonds; independent stereochemistry review pending,pending_native_source_and_label_review,3,archive-002,papers/paper-327998a67c12eca6/supporting_information/si-001.zip,a5e6c00d8f09caf1e760dd49b95b2c41708a1f4a7ef5421d5240e2abd4ca32eb,,OOXML member word/embeddings/oleObject6.bin / CONTENTS; CDX 4df31b3d7a6bcf45a242d65dfa28d62d78eaf91dae22fdab76022fae1d16cc7d; native molecule index 3,word/embeddings/oleObject6.bin,7a890ecf2c435a27f91e0515e459921b994928133bdad8d0ff6d07a8903faa2f,4df31b3d7a6bcf45a242d65dfa28d62d78eaf91dae22fdab76022fae1d16cc7d,CONTENTS,0,"[{""source_label"":null,""xml_paragraph_index_1based"":195}]"
paper-327998a67c12eca6,paper-327998a67c12eca6:embedded:4df31b3d7a6bcf45a242:4,mol-b7e616c4316474eeff7f56e013579149812a18b6d7b9e05818daf05dbaa628aa,COc1cc([C@@H]2O[C@]3(C)O[C@@]4(C)C[C@H]3[C@@H]2CO4)ccc1O,,,,native_CDX_conversion_candidate,RDKit native ChemDraw CDX interpretation of source bonds; independent stereochemistry review pending,pending_native_source_and_label_review,4,archive-002,papers/paper-327998a67c12eca6/supporting_information/si-001.zip,a5e6c00d8f09caf1e760dd49b95b2c41708a1f4a7ef5421d5240e2abd4ca32eb,,OOXML member word/embeddings/oleObject6.bin / CONTENTS; CDX 4df31b3d7a6bcf45a242d65dfa28d62d78eaf91dae22fdab76022fae1d16cc7d; native molecule index 4,word/embeddings/oleObject6.bin,7a890ecf2c435a27f91e0515e459921b994928133bdad8d0ff6d07a8903faa2f,4df31b3d7a6bcf45a242d65dfa28d62d78eaf91dae22fdab76022fae1d16cc7d,CONTENTS,0,"[{""source_label"":null,""xml_paragraph_index_1based"":195}]"
paper-327998a67c12eca6,paper-327998a67c12eca6:embedded:53d9f51374aafb45767e:1,mol-7752e5cb5b4069472b5da50b706105eaa1e3eaf47aa3f0b587f5dc550dc0350c,COc1cc([C@@H]2O[C@]3(C)O[C@@]4(C)C[C@@H]3[C@@H]2CO4)ccc1O,,,,native_CDX_conversion_candidate,RDKit native ChemDraw CDX interpretation of source bonds; independent stereochemistry review pending,pending_native_source_and_label_review,1,archive-002,papers/paper-327998a67c12eca6/supporting_information/si-001.zip,a5e6c00d8f09caf1e760dd49b95b2c41708a1f4a7ef5421d5240e2abd4ca32eb,,OOXML member word/embeddings/oleObject55.bin / CONTENTS; CDX 53d9f51374aafb45767eea8863c2a9f0a9be12210d2c7c51ab6433e8b81cd61a; native molecule index 1,word/embeddings/oleObject55.bin,fbf42c93fc5f5e76eec4ba053281024a21eade90933e8a4313f129c73a4ae039,53d9f51374aafb45767eea8863c2a9f0a9be12210d2c7c51ab6433e8b81cd61a,CONTENTS,0,"[{""source_label"":null,""xml_paragraph_index_1based"":457}]"
paper-327998a67c12eca6,paper-327998a67c12eca6:embedded:53d9f51374aafb45767e:1,mol-7752e5cb5b4069472b5da50b706105eaa1e3eaf47aa3f0b587f5dc550dc0350c,COc1cc([C@@H]2O[C@]3(C)O[C@@]4(C)C[C@@H]3[C@@H]2CO4)ccc1O,,,,native_CDX_conversion_candidate,RDKit native ChemDraw CDX interpretation of source bonds; independent stereochemistry review pending,pending_native_source_and_label_review,1,archive-002,papers/paper-327998a67c12eca6/supporting_information/si-001.zip,a5e6c00d8f09caf1e760dd49b95b2c41708a1f4a7ef5421d5240e2abd4ca32eb,,OOXML member word/embeddings/oleObject56.bin / CONTENTS; CDX 53d9f51374aafb45767eea8863c2a9f0a9be12210d2c7c51ab6433e8b81cd61a; native molecule index 1,word/embeddings/oleObject56.bin,fbf42c93fc5f5e76eec4ba053281024a21eade90933e8a4313f129c73a4ae039,53d9f51374aafb45767eea8863c2a9f0a9be12210d2c7c51ab6433e8b81cd61a,CONTENTS,0,"[{""source_label"":null,""xml_paragraph_index_1based"":459}]"
paper-327998a67c12eca6,paper-327998a67c12eca6:embedded:53d9f51374aafb45767e:1,mol-7752e5cb5b4069472b5da50b706105eaa1e3eaf47aa3f0b587f5dc550dc0350c,COc1cc([C@@H]2O[C@]3(C)O[C@@]4(C)C[C@@H]3[C@@H]2CO4)ccc1O,,,,native_CDX_conversion_candidate,RDKit native ChemDraw CDX interpretation of source bonds; independent stereochemistry review pending,pending_native_source_and_label_review,1,archive-002,papers/paper-327998a67c12eca6/supporting_information/si-001.zip,a5e6c00d8f09caf1e760dd49b95b2c41708a1f4a7ef5421d5240e2abd4ca32eb,,OOXML member word/embeddings/oleObject57.bin / CONTENTS; CDX 53d9f51374aafb45767eea8863c2a9f0a9be12210d2c7c51ab6433e8b81cd61a; native molecule index 1,word/embeddings/oleObject57.bin,fbf42c93fc5f5e76eec4ba053281024a21eade90933e8a4313f129c73a4ae039,53d9f51374aafb45767eea8863c2a9f0a9be12210d2c7c51ab6433e8b81cd61a,CONTENTS,0,"[{""source_label"":null,""xml_paragraph_index_1based"":461}]"
paper-327998a67c12eca6,paper-327998a67c12eca6:embedded:53d9f51374aafb45767e:1,mol-7752e5cb5b4069472b5da50b706105eaa1e3eaf47aa3f0b587f5dc550dc0350c,COc1cc([C@@H]2O[C@]3(C)O[C@@]4(C)C[C@@H]3[C@@H]2CO4)ccc1O,,,,native_CDX_conversion_candidate,RDKit native ChemDraw CDX interpretation of source bonds; independent stereochemistry review pending,pending_native_source_and_label_review,1,archive-002,papers/paper-327998a67c12eca6/supporting_information/si-001.zip,a5e6c00d8f09caf1e760dd49b95b2c41708a1f4a7ef5421d5240e2abd4ca32eb,,OOXML member word/embeddings/oleObject58.bin / CONTENTS; CDX 53d9f51374aafb45767eea8863c2a9f0a9be12210d2c7c51ab6433e8b81cd61a; native molecule index 1,word/embeddings/oleObject58.bin,fbf42c93fc5f5e76eec4ba053281024a21eade90933e8a4313f129c73a4ae039,53d9f51374aafb45767eea8863c2a9f0a9be12210d2c7c51ab6433e8b81cd61a,CONTENTS,0,"[{""source_label"":null,""xml_paragraph_index_1based"":463}]"
paper-327998a67c12eca6,paper-327998a67c12eca6:embedded:53d9f51374aafb45767e:1,mol-7752e5cb5b4069472b5da50b706105eaa1e3eaf47aa3f0b587f5dc550dc0350c,COc1cc([C@@H]2O[C@]3(C)O[C@@]4(C)C[C@@H]3[C@@H]2CO4)ccc1O,,,,native_CDX_conversion_candidate,RDKit native ChemDraw CDX interpretation of source bonds; independent stereochemistry review pending,pending_native_source_and_label_review,1,archive-002,papers/paper-327998a67c12eca6/supporting_information/si-001.zip,a5e6c00d8f09caf1e760dd49b95b2c41708a1f4a7ef5421d5240e2abd4ca32eb,,OOXML member word/embeddings/oleObject59.bin / CONTENTS; CDX 53d9f51374aafb45767eea8863c2a9f0a9be12210d2c7c51ab6433e8b81cd61a; native molecule index 1,word/embeddings/oleObject59.bin,fbf42c93fc5f5e76eec4ba053281024a21eade90933e8a4313f129c73a4ae039,53d9f51374aafb45767eea8863c2a9f0a9be12210d2c7c51ab6433e8b81cd61a,CONTENTS,0,"[{""source_label"":null,""xml_paragraph_index_1based"":466}]"
paper-327998a67c12eca6,paper-327998a67c12eca6:embedded:53d9f51374aafb45767e:1,mol-7752e5cb5b4069472b5da50b706105eaa1e3eaf47aa3f0b587f5dc550dc0350c,COc1cc([C@@H]2O[C@]3(C)O[C@@]4(C)C[C@@H]3[C@@H]2CO4)ccc1O,,,,native_CDX_conversion_candidate,RDKit native ChemDraw CDX interpretation of source bonds; independent stereochemistry review pending,pending_native_source_and_label_review,1,archive-002,papers/paper-327998a67c12eca6/supporting_information/si-001.zip,a5e6c00d8f09caf1e760dd49b95b2c41708a1f4a7ef5421d5240e2abd4ca32eb,,OOXML member word/embeddings/oleObject60.bin / CONTENTS; CDX 53d9f51374aafb45767eea8863c2a9f0a9be12210d2c7c51ab6433e8b81cd61a; native molecule index 1,word/embeddings/oleObject60.bin,fbf42c93fc5f5e76eec4ba053281024a21eade90933e8a4313f129c73a4ae039,53d9f51374aafb45767eea8863c2a9f0a9be12210d2c7c51ab6433e8b81cd61a,CONTENTS,0,"[{""source_label"":null,""xml_paragraph_index_1based"":467}]"
paper-327998a67c12eca6,paper-327998a67c12eca6:embedded:61b2cedd6304ae09eb7a:1,mol-e4d6a7707338f2b6d688312599397f206a708bc0a13f983291d49ca4f28c3b80,COc1cc([C@H]2O[C@]3(C)O[C@@]4(C)C[C@@H]3[C@@H]2CO4)cc(F)c1O,,,,native_CDX_conversion_candidate,RDKit native ChemDraw CDX interpretation of source bonds; independent stereochemistry review pending,pending_native_source_and_label_review,1,archive-002,papers/paper-327998a67c12eca6/supporting_information/si-001.zip,a5e6c00d8f09caf1e760dd49b95b2c41708a1f4a7ef5421d5240e2abd4ca32eb,,OOXML member word/embeddings/oleObject76.bin / CONTENTS; CDX 61b2cedd6304ae09eb7aec9de4949e0f5b118386702cb772e880c87071e68f5a; native molecule index 1,word/embeddings/oleObject76.bin,98f50f37ac0660228f3cb1206fd9f270980d60abd9831d306ce31ed582f17beb,61b2cedd6304ae09eb7aec9de4949e0f5b118386702cb772e880c87071e68f5a,CONTENTS,0,"[{""source_label"":null,""xml_paragraph_index_1based"":491}]"
paper-327998a67c12eca6,paper-327998a67c12eca6:embedded:61b2cedd6304ae09eb7a:1,mol-e4d6a7707338f2b6d688312599397f206a708bc0a13f983291d49ca4f28c3b80,COc1cc([C@H]2O[C@]3(C)O[C@@]4(C)C[C@@H]3[C@@H]2CO4)cc(F)c1O,,,,native_CDX_conversion_candidate,RDKit native ChemDraw CDX interpretation of source bonds; independent stereochemistry review pending,pending_native_source_and_label_review,1,archive-002,papers/paper-327998a67c12eca6/supporting_information/si-001.zip,a5e6c00d8f09caf1e760dd49b95b2c41708a1f4a7ef5421d5240e2abd4ca32eb,,OOXML member word/embeddings/oleObject79.bin / CONTENTS; CDX 61b2cedd6304ae09eb7aec9de4949e0f5b118386702cb772e880c87071e68f5a; native molecule index 1,word/embeddings/oleObject79.bin,98f50f37ac0660228f3cb1206fd9f270980d60abd9831d306ce31ed582f17beb,61b2cedd6304ae09eb7aec9de4949e0f5b118386702cb772e880c87071e68f5a,CONTENTS,0,"[{""source_label"":null,""xml_paragraph_index_1based"":493}]"
paper-327998a67c12eca6,paper-327998a67c12eca6:embedded:61b2cedd6304ae09eb7a:1,mol-e4d6a7707338f2b6d688312599397f206a708bc0a13f983291d49ca4f28c3b80,COc1cc([C@H]2O[C@]3(C)O[C@@]4(C)C[C@@H]3[C@@H]2CO4)cc(F)c1O,,,,native_CDX_conversion_candidate,RDKit native ChemDraw CDX interpretation of source bonds; independent stereochemistry review pending,pending_native_source_and_label_review,1,archive-002,papers/paper-327998a67c12eca6/supporting_information/si-001.zip,a5e6c00d8f09caf1e760dd49b95b2c41708a1f4a7ef5421d5240e2abd4ca32eb,,OOXML member word/embeddings/oleObject82.bin / CONTENTS; CDX 61b2cedd6304ae09eb7aec9de4949e0f5b118386702cb772e880c87071e68f5a; native molecule index 1,word/embeddings/oleObject82.bin,98f50f37ac0660228f3cb1206fd9f270980d60abd9831d306ce31ed582f17beb,61b2cedd6304ae09eb7aec9de4949e0f5b118386702cb772e880c87071e68f5a,CONTENTS,0,"[{""source_label"":null,""xml_paragraph_index_1based"":495}]"
paper-327998a67c12eca6,paper-327998a67c12eca6:embedded:642f9597aafc5c4fdd14:1,mol-01a0d7a16f0f07e090571b943da0f07e90a01d45ba973e51d81db9272049f222,COc1ccc([C@H]2O[C@]3(C)O[C@@]4(C)C[C@@H]3[C@@H]2CO4)cc1Br,,,,native_CDX_conversion_candidate,RDKit native ChemDraw CDX interpretation of source bonds; independent stereochemistry review pending,pending_native_source_and_label_review,1,archive-002,papers/paper-327998a67c12eca6/supporting_information/si-001.zip,a5e6c00d8f09caf1e760dd49b95b2c41708a1f4a7ef5421d5240e2abd4ca32eb,,OOXML member word/embeddings/oleObject112.bin / CONTENTS; CDX 642f9597aafc5c4fdd1487b8b78214142ac1f5bf95be9e2bb820539efcbf40a9; native molecule index 1,word/embeddings/oleObject112.bin,7892e03a42e97a6730807ee4e66e62c9fd96c7b39207f7749e3be5c9f6ff8c0a,642f9597aafc5c4fdd1487b8b78214142ac1f5bf95be9e2bb820539efcbf40a9,CONTENTS,0,"[{""source_label"":null,""xml_paragraph_index_1based"":539}]"
paper-327998a67c12eca6,paper-327998a67c12eca6:embedded:659f79905b5b568adfa5:2,mol-871065c90661e3bdeb55574d026b617a7c613e4bec8342a30d711f67c32ea54f,CC(=O)/C=C\C(C)=O,,,,native_CDX_conversion_candidate,RDKit native ChemDraw CDX interpretation of source bonds; independent stereochemistry review pending,pending_native_source_and_label_review,2,archive-002,papers/paper-327998a67c12eca6/supporting_information/si-001.zip,a5e6c00d8f09caf1e760dd49b95b2c41708a1f4a7ef5421d5240e2abd4ca32eb,,OOXML member word/embeddings/oleObject4.bin / CONTENTS; CDX 659f79905b5b568adfa50c401842928f6c942642aa82dba6254d80c508186157; native molecule index 2,word/embeddings/oleObject4.bin,9f23c09bad4013023185c0598ea64ca096d33a90018446d250d0008808cf832d,659f79905b5b568adfa50c401842928f6c942642aa82dba6254d80c508186157,CONTENTS,0,"[{""source_label"":null,""xml_paragraph_index_1based"":91}]"
paper-327998a67c12eca6,paper-327998a67c12eca6:embedded:6c388e843717dfe30e4f:1,mol-1f29c7c961f1cd8b34a39e20e483fda076a727d58d98c1a408657db29e35c286,CC[C@]12O[C@H](c3ccc(OC)cc3)[C@H]3CO[C@](C)(C[C@H]31)O2,,,,native_CDX_conversion_candidate,RDKit native ChemDraw CDX interpretation of source bonds; independent stereochemistry review pending,pending_native_source_and_label_review,1,archive-002,papers/paper-327998a67c12eca6/supporting_information/si-001.zip,a5e6c00d8f09caf1e760dd49b95b2c41708a1f4a7ef5421d5240e2abd4ca32eb,,OOXML member word/embeddings/oleObject154.bin / CONTENTS; CDX 6c388e843717dfe30e4ff164d189bb6413f8cfa897e797e4e7abf8fb586dc2d6; native molecule index 1,word/embeddings/oleObject154.bin,339de848ac2b6f727ffb490c13c2fbd0e1261617d09278b0193f1d9ebafef29a,6c388e843717dfe30e4ff164d189bb6413f8cfa897e797e4e7abf8fb586dc2d6,CONTENTS,0,"[{""source_label"":null,""xml_paragraph_index_1based"":795}]"
paper-327998a67c12eca6,paper-327998a67c12eca6:embedded:6c388e843717dfe30e4f:1,mol-1f29c7c961f1cd8b34a39e20e483fda076a727d58d98c1a408657db29e35c286,CC[C@]12O[C@H](c3ccc(OC)cc3)[C@H]3CO[C@](C)(C[C@H]31)O2,,,,native_CDX_conversion_candidate,RDKit native ChemDraw CDX interpretation of source bonds; independent stereochemistry review pending,pending_native_source_and_label_review,1,archive-002,papers/paper-327998a67c12eca6/supporting_information/si-001.zip,a5e6c00d8f09caf1e760dd49b95b2c41708a1f4a7ef5421d5240e2abd4ca32eb,,OOXML member word/embeddings/oleObject155.bin / CONTENTS; CDX 6c388e843717dfe30e4ff164d189bb6413f8cfa897e797e4e7abf8fb586dc2d6; native molecule index 1,word/embeddings/oleObject155.bin,339de848ac2b6f727ffb490c13c2fbd0e1261617d09278b0193f1d9ebafef29a,6c388e843717dfe30e4ff164d189bb6413f8cfa897e797e4e7abf8fb586dc2d6,CONTENTS,0,"[{""source_label"":null,""xml_paragraph_index_1based"":798}]"
paper-327998a67c12eca6,paper-327998a67c12eca6:embedded:6c388e843717dfe30e4f:1,mol-1f29c7c961f1cd8b34a39e20e483fda076a727d58d98c1a408657db29e35c286,CC[C@]12O[C@H](c3ccc(OC)cc3)[C@H]3CO[C@](C)(C[C@H]31)O2,,,,native_CDX_conversion_candidate,RDKit native ChemDraw CDX interpretation of source bonds; independent stereochemistry review pending,pending_native_source_and_label_review,1,archive-002,papers/paper-327998a67c12eca6/supporting_information/si-001.zip,a5e6c00d8f09caf1e760dd49b95b2c41708a1f4a7ef5421d5240e2abd4ca32eb,,OOXML member word/embeddings/oleObject157.bin / CONTENTS; CDX 6c388e843717dfe30e4ff164d189bb6413f8cfa897e797e4e7abf8fb586dc2d6; native molecule index 1,word/embeddings/oleObject157.bin,339de848ac2b6f727ffb490c13c2fbd0e1261617d09278b0193f1d9ebafef29a,6c388e843717dfe30e4ff164d189bb6413f8cfa897e797e4e7abf8fb586dc2d6,CONTENTS,0,"[{""source_label"":null,""xml_paragraph_index_1based"":860}]"
paper-327998a67c12eca6,paper-327998a67c12eca6:embedded:6c388e843717dfe30e4f:1,mol-1f29c7c961f1cd8b34a39e20e483fda076a727d58d98c1a408657db29e35c286,CC[C@]12O[C@H](c3ccc(OC)cc3)[C@H]3CO[C@](C)(C[C@H]31)O2,,,,native_CDX_conversion_candidate,RDKit native ChemDraw CDX interpretation of source bonds; independent stereochemistry review pending,pending_native_source_and_label_review,1,archive-002,papers/paper-327998a67c12eca6/supporting_information/si-001.zip,a5e6c00d8f09caf1e760dd49b95b2c41708a1f4a7ef5421d5240e2abd4ca32eb,,OOXML member word/embeddings/oleObject158.bin / CONTENTS; CDX 6c388e843717dfe30e4ff164d189bb6413f8cfa897e797e4e7abf8fb586dc2d6; native molecule index 1,word/embeddings/oleObject158.bin,339de848ac2b6f727ffb490c13c2fbd0e1261617d09278b0193f1d9ebafef29a,6c388e843717dfe30e4ff164d189bb6413f8cfa897e797e4e7abf8fb586dc2d6,CONTENTS,0,"[{""source_label"":null,""xml_paragraph_index_1based"":861}]"
paper-327998a67c12eca6,paper-327998a67c12eca6:embedded:6dd546c021f216767e5d:1,mol-ddb161c45151b6c109f544d1548d00f2a58370c9786592d8091688dc455b1d0e,C#CCOc1ccc([C@H]2O[C@]3(C)O[C@@]4(C)C[C@@H]3[C@@H]2CO4)cc1,,,,native_CDX_conversion_candidate,RDKit native ChemDraw CDX interpretation of source bonds; independent stereochemistry review pending,pending_native_source_and_label_review,1,archive-002,papers/paper-327998a67c12eca6/supporting_information/si-001.zip,a5e6c00d8f09caf1e760dd49b95b2c41708a1f4a7ef5421d5240e2abd4ca32eb,,OOXML member word/embeddings/oleObject38.bin / CONTENTS; CDX 6dd546c021f216767e5da3dce5d22b2af173bf93ed7a84b801be9effa4d0a5bc; native molecule index 1,word/embeddings/oleObject38.bin,28c79437b8633181b1209cb7f09dc9597a9845b9ea10e78e8d92886863d8cc93,6dd546c021f216767e5da3dce5d22b2af173bf93ed7a84b801be9effa4d0a5bc,CONTENTS,0,"[{""source_label"":null,""xml_paragraph_index_1based"":275}]"
paper-327998a67c12eca6,paper-327998a67c12eca6:embedded:6fa3838afb60350f1f97:1,mol-45153d905ee09946917983baddef85237342c6b086d0d5fde4ca0a7b6af7f9b9,COc1ccc([C@H]2O[C@]3(C)O[C@@]4(C)C[C@@H]3[C@@H]2CO4)cc1,,,,native_CDX_conversion_candidate,RDKit native ChemDraw CDX interpretation of source bonds; independent stereochemistry review pending,pending_native_source_and_label_review,1,archive-002,papers/paper-327998a67c12eca6/supporting_information/si-001.zip,a5e6c00d8f09caf1e760dd49b95b2c41708a1f4a7ef5421d5240e2abd4ca32eb,,OOXML member word/embeddings/oleObject93.bin / CONTENTS; CDX 6fa3838afb60350f1f976772bd98dcbd7e5b7c40b3f0455f662f4c16aedff3f2; native molecule index 1,word/embeddings/oleObject93.bin,65f28bd7b2ca747af9bf1861b4f67673fa8bc482b114e5bf054b777477725af1,6fa3838afb60350f1f976772bd98dcbd7e5b7c40b3f0455f662f4c16aedff3f2,CONTENTS,0,"[{""source_label"":null,""xml_paragraph_index_1based"":505}]"
paper-327998a67c12eca6,paper-327998a67c12eca6:embedded:6fa3838afb60350f1f97:1,mol-45153d905ee09946917983baddef85237342c6b086d0d5fde4ca0a7b6af7f9b9,COc1ccc([C@H]2O[C@]3(C)O[C@@]4(C)C[C@@H]3[C@@H]2CO4)cc1,,,,native_CDX_conversion_candidate,RDKit native ChemDraw CDX interpretation of source bonds; independent stereochemistry review pending,pending_native_source_and_label_review,1,archive-002,papers/paper-327998a67c12eca6/supporting_information/si-001.zip,a5e6c00d8f09caf1e760dd49b95b2c41708a1f4a7ef5421d5240e2abd4ca32eb,,OOXML member word/embeddings/oleObject94.bin / CONTENTS; CDX 6fa3838afb60350f1f976772bd98dcbd7e5b7c40b3f0455f662f4c16aedff3f2; native molecule index 1,word/embeddings/oleObject94.bin,65f28bd7b2ca747af9bf1861b4f67673fa8bc482b114e5bf054b777477725af1,6fa3838afb60350f1f976772bd98dcbd7e5b7c40b3f0455f662f4c16aedff3f2,CONTENTS,0,"[{""source_label"":null,""xml_paragraph_index_1based"":507}]"
paper-327998a67c12eca6,paper-327998a67c12eca6:embedded:70c1fc21c594d927eaed:1,mol-c992d1de1419ddc9637c1f38328e052c728ab54ee4fe0e99090f8de169a685f1,COc1ccc([C@H]2O[C@]3(C)O[C@@]4(C)C[C@@H]3[C@@H]2CO4)cc1O,,,,native_CDX_conversion_candidate,RDKit native ChemDraw CDX interpretation of source bonds; independent stereochemistry review pending,pending_native_source_and_label_review,1,archive-002,papers/paper-327998a67c12eca6/supporting_information/si-001.zip,a5e6c00d8f09caf1e760dd49b95b2c41708a1f4a7ef5421d5240e2abd4ca32eb,,OOXML member word/embeddings/oleObject100.bin / CONTENTS; CDX 70c1fc21c594d927eaed827c0ca9287a2ee034d970688a95bfa88d3e7da297e5; native molecule index 1,word/embeddings/oleObject100.bin,dd044424ed423a0acc64ff7736bbdb85ca588525bf7e3e1f4b7df51066693b16,70c1fc21c594d927eaed827c0ca9287a2ee034d970688a95bfa88d3e7da297e5,CONTENTS,0,"[{""source_label"":null,""xml_paragraph_index_1based"":519}]"
paper-327998a67c12eca6,paper-327998a67c12eca6:embedded:70c1fc21c594d927eaed:1,mol-c992d1de1419ddc9637c1f38328e052c728ab54ee4fe0e99090f8de169a685f1,COc1ccc([C@H]2O[C@]3(C)O[C@@]4(C)C[C@@H]3[C@@H]2CO4)cc1O,,,,native_CDX_conversion_candidate,RDKit native ChemDraw CDX interpretation of source bonds; independent stereochemistry review pending,pending_native_source_and_label_review,1,archive-002,papers/paper-327998a67c12eca6/supporting_information/si-001.zip,a5e6c00d8f09caf1e760dd49b95b2c41708a1f4a7ef5421d5240e2abd4ca32eb,,OOXML member word/embeddings/oleObject99.bin / CONTENTS; CDX 70c1fc21c594d927eaed827c0ca9287a2ee034d970688a95bfa88d3e7da297e5; native molecule index 1,word/embeddings/oleObject99.bin,dd044424ed423a0acc64ff7736bbdb85ca588525bf7e3e1f4b7df51066693b16,70c1fc21c594d927eaed827c0ca9287a2ee034d970688a95bfa88d3e7da297e5,CONTENTS,0,"[{""source_label"":null,""xml_paragraph_index_1based"":517}]"
paper-327998a67c12eca6,paper-327998a67c12eca6:embedded:7167eb315378a024c0ad:1,mol-6b8f6008e7e73165046287ba9a8cb265ef3a4c63542e9d24fddd1de84640ec90,C[C@]12C[C@@H]3[C@H](CO1)[C@@H](c1ccc4c(c1)CCO4)O[C@]3(C)O2,,,,native_CDX_conversion_candidate,RDKit native ChemDraw CDX interpretation of source bonds; independent stereochemistry review pending,pending_native_source_and_label_review,1,archive-002,papers/paper-327998a67c12eca6/supporting_information/si-001.zip,a5e6c00d8f09caf1e760dd49b95b2c41708a1f4a7ef5421d5240e2abd4ca32eb,,OOXML member word/embeddings/oleObject39.bin / CONTENTS; CDX 7167eb315378a024c0ad3acd8f72959e49cf175f787e5f29e81c67e0203fad77; native molecule index 1,word/embeddings/oleObject39.bin,4a453b136bee1785f39708bfb6a6a85b97feb1b9262da0e41e4d918b4d932237,7167eb315378a024c0ad3acd8f72959e49cf175f787e5f29e81c67e0203fad77,CONTENTS,0,"[{""source_label"":null,""xml_paragraph_index_1based"":277}]"
paper-327998a67c12eca6,paper-327998a67c12eca6:embedded:71c37b0a02538d4a53d2:1,mol-39fe21e0fd3297de56a531b8908096d1e5a2bf16bf1f92b89678e6317e8a8e42,COc1ccc([C@H]2O[C@@H]3O[C@@]4(C)C[C@@H]3[C@@H]2CO4)cc1,,,,native_CDX_conversion_candidate,RDKit native ChemDraw CDX interpretation of source bonds; independent stereochemistry review pending,pending_native_source_and_label_review,1,archive-002,papers/paper-327998a67c12eca6/supporting_information/si-001.zip,a5e6c00d8f09caf1e760dd49b95b2c41708a1f4a7ef5421d5240e2abd4ca32eb,,OOXML member word/embeddings/oleObject42.bin / CONTENTS; CDX 71c37b0a02538d4a53d2c80a69a3307dd462037204ee3fe1d7b578dc94c92573; native molecule index 1,word/embeddings/oleObject42.bin,ec90c810d023ac12f3eb87af339eb51a1e78b53d54a13faff4b3ec85bdec8907,71c37b0a02538d4a53d2c80a69a3307dd462037204ee3fe1d7b578dc94c92573,CONTENTS,0,"[{""source_label"":null,""xml_paragraph_index_1based"":283}]"
paper-327998a67c12eca6,paper-327998a67c12eca6:embedded:71ff82aa92369174ef65:1,mol-d63f8419ee5b9c14b245ee9ec921df230191f80b5b83c57ce8c8ad4155ba5f3e,COc1cc([C@H]2O[C@]3(C)O[C@@]4(C)C[C@@H]3[C@@H]2CO4)ccc1O,,,,native_CDX_conversion_candidate,RDKit native ChemDraw CDX interpretation of source bonds; independent stereochemistry review pending,pending_native_source_and_label_review,1,archive-002,papers/paper-327998a67c12eca6/supporting_information/si-001.zip,a5e6c00d8f09caf1e760dd49b95b2c41708a1f4a7ef5421d5240e2abd4ca32eb,,OOXML member word/embeddings/oleObject49.bin / CONTENTS; CDX 71ff82aa92369174ef65a8e615da4ae2f2a2dc08074d2e46073bdb5cda3471dc; native molecule index 1,word/embeddings/oleObject49.bin,d6e0bfdd2c35f97680829cb382562553bbf0ca896ce0d6ec35c6b7de6ecaefff,71ff82aa92369174ef65a8e615da4ae2f2a2dc08074d2e46073bdb5cda3471dc,CONTENTS,0,"[{""source_label"":null,""xml_paragraph_index_1based"":443}]"
paper-327998a67c12eca6,paper-327998a67c12eca6:embedded:71ff82aa92369174ef65:1,mol-d63f8419ee5b9c14b245ee9ec921df230191f80b5b83c57ce8c8ad4155ba5f3e,COc1cc([C@H]2O[C@]3(C)O[C@@]4(C)C[C@@H]3[C@@H]2CO4)ccc1O,,,,native_CDX_conversion_candidate,RDKit native ChemDraw CDX interpretation of source bonds; independent stereochemistry review pending,pending_native_source_and_label_review,1,archive-002,papers/paper-327998a67c12eca6/supporting_information/si-001.zip,a5e6c00d8f09caf1e760dd49b95b2c41708a1f4a7ef5421d5240e2abd4ca32eb,,OOXML member word/embeddings/oleObject50.bin / CONTENTS; CDX 71ff82aa92369174ef65a8e615da4ae2f2a2dc08074d2e46073bdb5cda3471dc; native molecule index 1,word/embeddings/oleObject50.bin,d6e0bfdd2c35f97680829cb382562553bbf0ca896ce0d6ec35c6b7de6ecaefff,71ff82aa92369174ef65a8e615da4ae2f2a2dc08074d2e46073bdb5cda3471dc,CONTENTS,0,"[{""source_label"":null,""xml_paragraph_index_1based"":445}]"
paper-327998a67c12eca6,paper-327998a67c12eca6:embedded:78c5b04ad7986697338b:1,mol-a8e743de6f64ac561e58e6f8afa1314fe6b84d8426e4bd4f50e1a9758fb0e2e6,C[C@]12C[C@@H]3[C@H](CO1)[C@@H](c1ccc(O)c(O)c1)O[C@]3(C)O2,,,,native_CDX_conversion_candidate,RDKit native ChemDraw CDX interpretation of source bonds; independent stereochemistry review pending,pending_native_source_and_label_review,1,archive-002,papers/paper-327998a67c12eca6/supporting_information/si-001.zip,a5e6c00d8f09caf1e760dd49b95b2c41708a1f4a7ef5421d5240e2abd4ca32eb,,OOXML member word/embeddings/oleObject11.bin / CONTENTS; CDX 78c5b04ad7986697338b5e7696ced559d5b2081d3af17bc7d64013729022b3fa; native molecule index 1,word/embeddings/oleObject11.bin,fa9e1e1716aae15ec18cceb0553471215bb2590a786b0cab828341245b8a7bc3,78c5b04ad7986697338b5e7696ced559d5b2081d3af17bc7d64013729022b3fa,CONTENTS,0,"[{""source_label"":null,""xml_paragraph_index_1based"":217}]"
paper-327998a67c12eca6,paper-327998a67c12eca6:embedded:7c41fe80cebeb326cdf6:1,mol-ab01780c0102f3dea2b25154d5420c57844ac62610712ae51683f59bb065de09,C[C@]12C[C@@H]3[C@H](CO1)[C@@H](c1ccc(OS(=O)(=O)C(F)(F)F)cc1)O[C@]3(C)O2,,,,native_CDX_conversion_candidate,RDKit native ChemDraw CDX interpretation of source bonds; independent stereochemistry review pending,pending_native_source_and_label_review,1,archive-002,papers/paper-327998a67c12eca6/supporting_information/si-001.zip,a5e6c00d8f09caf1e760dd49b95b2c41708a1f4a7ef5421d5240e2abd4ca32eb,,OOXML member word/embeddings/oleObject159.bin / CONTENTS; CDX 7c41fe80cebeb326cdf647094ec65f874f72d7631f26ef061f54580da47782ef; native molecule index 1,word/embeddings/oleObject159.bin,70572d8f208f2ef6cb203bafb06162f94340e2e4961b1ccc5bb59a3160d497c6,7c41fe80cebeb326cdf647094ec65f874f72d7631f26ef061f54580da47782ef,CONTENTS,0,"[{""source_label"":null,""xml_paragraph_index_1based"":865}]"
paper-327998a67c12eca6,paper-327998a67c12eca6:embedded:7d074ec24714e6a5dc9d:1,mol-a529c6ca4aea5120d77882a4f9d05d7ac90f0bcab3abf1cecef4e00e16fc05b5,CC(C)Oc1ccc([C@H]2O[C@]3(C)O[C@@]4(C)C[C@@H]3[C@@H]2CO4)cc1,,,,native_CDX_conversion_candidate,RDKit native ChemDraw CDX interpretation of source bonds; independent stereochemistry review pending,pending_native_source_and_label_review,1,archive-002,papers/paper-327998a67c12eca6/supporting_information/si-001.zip,a5e6c00d8f09caf1e760dd49b95b2c41708a1f4a7ef5421d5240e2abd4ca32eb,,OOXML member word/embeddings/oleObject121.bin / CONTENTS; CDX 7d074ec24714e6a5dc9df8592ac210a33120bc9e225abcf839ac8475981b61c4; native molecule index 1,word/embeddings/oleObject121.bin,0e7071a3e62f174c14e4a90a10e42d093b0acb943d4f662a8af8802325ccab20,7d074ec24714e6a5dc9df8592ac210a33120bc9e225abcf839ac8475981b61c4,CONTENTS,0,"[{""source_label"":null,""xml_paragraph_index_1based"":558}]"
paper-327998a67c12eca6,paper-327998a67c12eca6:embedded:7d074ec24714e6a5dc9d:1,mol-a529c6ca4aea5120d77882a4f9d05d7ac90f0bcab3abf1cecef4e00e16fc05b5,CC(C)Oc1ccc([C@H]2O[C@]3(C)O[C@@]4(C)C[C@@H]3[C@@H]2CO4)cc1,,,,native_CDX_conversion_candidate,RDKit native ChemDraw CDX interpretation of source bonds; independent stereochemistry review pending,pending_native_source_and_label_review,1,archive-002,papers/paper-327998a67c12eca6/supporting_information/si-001.zip,a5e6c00d8f09caf1e760dd49b95b2c41708a1f4a7ef5421d5240e2abd4ca32eb,,OOXML member word/embeddings/oleObject122.bin / CONTENTS; CDX 7d074ec24714e6a5dc9df8592ac210a33120bc9e225abcf839ac8475981b61c4; native molecule index 1,word/embeddings/oleObject122.bin,0e7071a3e62f174c14e4a90a10e42d093b0acb943d4f662a8af8802325ccab20,7d074ec24714e6a5dc9df8592ac210a33120bc9e225abcf839ac8475981b61c4,CONTENTS,0,"[{""source_label"":null,""xml_paragraph_index_1based"":560}]"
paper-327998a67c12eca6,paper-327998a67c12eca6:embedded:7d0c9be4041ec9135d92:1,mol-ace16c95623f85e460a7ea02a0322100e98ed0eef4bece39a3813c27eed47926,C[C@]12C[C@@H]3[C@H](CO1)[C@@H](c1ccc(OCc4ccccc4)cc1)O[C@]3(C)O2,,,,native_CDX_conversion_candidate,RDKit native ChemDraw CDX interpretation of source bonds; independent stereochemistry review pending,pending_native_source_and_label_review,1,archive-002,papers/paper-327998a67c12eca6/supporting_information/si-001.zip,a5e6c00d8f09caf1e760dd49b95b2c41708a1f4a7ef5421d5240e2abd4ca32eb,,OOXML member word/embeddings/oleObject123.bin / CONTENTS; CDX 7d0c9be4041ec9135d92528b67aa4b73afb65c2f89051a801f6404a9c4cc62f8; native molecule index 1,word/embeddings/oleObject123.bin,3d58e9a9f5a359e44f24ba5f18fc0e9fe8d74bbbd00d71eddc2d441672df0092,7d0c9be4041ec9135d92528b67aa4b73afb65c2f89051a801f6404a9c4cc62f8,CONTENTS,0,"[{""source_label"":null,""xml_paragraph_index_1based"":562}]"
paper-327998a67c12eca6,paper-327998a67c12eca6:embedded:7d0c9be4041ec9135d92:1,mol-ace16c95623f85e460a7ea02a0322100e98ed0eef4bece39a3813c27eed47926,C[C@]12C[C@@H]3[C@H](CO1)[C@@H](c1ccc(OCc4ccccc4)cc1)O[C@]3(C)O2,,,,native_CDX_conversion_candidate,RDKit native ChemDraw CDX interpretation of source bonds; independent stereochemistry review pending,pending_native_source_and_label_review,1,archive-002,papers/paper-327998a67c12eca6/supporting_information/si-001.zip,a5e6c00d8f09caf1e760dd49b95b2c41708a1f4a7ef5421d5240e2abd4ca32eb,,OOXML member word/embeddings/oleObject124.bin / CONTENTS; CDX 7d0c9be4041ec9135d92528b67aa4b73afb65c2f89051a801f6404a9c4cc62f8; native molecule index 1,word/embeddings/oleObject124.bin,3d58e9a9f5a359e44f24ba5f18fc0e9fe8d74bbbd00d71eddc2d441672df0092,7d0c9be4041ec9135d92528b67aa4b73afb65c2f89051a801f6404a9c4cc62f8,CONTENTS,0,"[{""source_label"":null,""xml_paragraph_index_1based"":564}]"
paper-327998a67c12eca6,paper-327998a67c12eca6:embedded:7e2e61cccf2b4462c57e:1,mol-01a0d7a16f0f07e090571b943da0f07e90a01d45ba973e51d81db9272049f222,COc1ccc([C@H]2O[C@]3(C)O[C@@]4(C)C[C@@H]3[C@@H]2CO4)cc1Br,,,,native_CDX_conversion_candidate,RDKit native ChemDraw CDX interpretation of source bonds; independent stereochemistry review pending,pending_native_source_and_label_review,1,archive-002,papers/paper-327998a67c12eca6/supporting_information/si-001.zip,a5e6c00d8f09caf1e760dd49b95b2c41708a1f4a7ef5421d5240e2abd4ca32eb,,OOXML member word/embeddings/oleObject110.bin / CONTENTS; CDX 7e2e61cccf2b4462c57e4e0328db7afb3aec98c32e1bfaf22da8818b39b4bdb8; native molecule index 1,word/embeddings/oleObject110.bin,566b3d6fa8e5a76fd6902af948bef2fc46c21776c87a68b8acebf0f4def4f9a3,7e2e61cccf2b4462c57e4e0328db7afb3aec98c32e1bfaf22da8818b39b4bdb8,CONTENTS,0,"[{""source_label"":null,""xml_paragraph_index_1based"":537}]"
paper-327998a67c12eca6,paper-327998a67c12eca6:embedded:7e2e61cccf2b4462c57e:1,mol-01a0d7a16f0f07e090571b943da0f07e90a01d45ba973e51d81db9272049f222,COc1ccc([C@H]2O[C@]3(C)O[C@@]4(C)C[C@@H]3[C@@H]2CO4)cc1Br,,,,native_CDX_conversion_candidate,RDKit native ChemDraw CDX interpretation of source bonds; independent stereochemistry review pending,pending_native_source_and_label_review,1,archive-002,papers/paper-327998a67c12eca6/supporting_information/si-001.zip,a5e6c00d8f09caf1e760dd49b95b2c41708a1f4a7ef5421d5240e2abd4ca32eb,,OOXML member word/embeddings/oleObject111.bin / CONTENTS; CDX 7e2e61cccf2b4462c57e4e0328db7afb3aec98c32e1bfaf22da8818b39b4bdb8; native molecule index 1,word/embeddings/oleObject111.bin,566b3d6fa8e5a76fd6902af948bef2fc46c21776c87a68b8acebf0f4def4f9a3,7e2e61cccf2b4462c57e4e0328db7afb3aec98c32e1bfaf22da8818b39b4bdb8,CONTENTS,0,"[{""source_label"":null,""xml_paragraph_index_1based"":539}]"
paper-327998a67c12eca6,paper-327998a67c12eca6:embedded:7f1c6076fac0bafbfd56:1,mol-ad7563f79a06c32834fe9c0dcf73639171405503cd5b6453d852a665e4c5feff,COc1ccc([C@H]2O[C@]3(C)O[C@@]4(C)C[C@@H]3[C@@H]2CO4)cc1Cl,,,,native_CDX_conversion_candidate,RDKit native ChemDraw CDX interpretation of source bonds; independent stereochemistry review pending,pending_native_source_and_label_review,1,archive-002,papers/paper-327998a67c12eca6/supporting_information/si-001.zip,a5e6c00d8f09caf1e760dd49b95b2c41708a1f4a7ef5421d5240e2abd4ca32eb,,OOXML member word/embeddings/oleObject28.bin / CONTENTS; CDX 7f1c6076fac0bafbfd56821a1166ccba564d477f170d2a2d28b86c93b8f55ede; native molecule index 1,word/embeddings/oleObject28.bin,550d6a15b7a32bcc7fe5e6c135f8f8ba714de3a53267f05f84ea94411038243a,7f1c6076fac0bafbfd56821a1166ccba564d477f170d2a2d28b86c93b8f55ede,CONTENTS,0,"[{""source_label"":null,""xml_paragraph_index_1based"":253}]"
paper-327998a67c12eca6,paper-327998a67c12eca6:embedded:7fb6fa68d1a8b425a725:1,mol-29a928cb9a715a54ee019d5705d658aa0905984f38d5adf1cc350aa5ff29eb50,Cc1cc([C@H]2O[C@]3(C)O[C@@]4(C)C[C@@H]3[C@@H]2CO4)ccc1O,,,,native_CDX_conversion_candidate,RDKit native ChemDraw CDX interpretation of source bonds; independent stereochemistry review pending,pending_native_source_and_label_review,1,archive-002,papers/paper-327998a67c12eca6/supporting_information/si-001.zip,a5e6c00d8f09caf1e760dd49b95b2c41708a1f4a7ef5421d5240e2abd4ca32eb,,OOXML member word/embeddings/oleObject63.bin / CONTENTS; CDX 7fb6fa68d1a8b425a725ca296bc110135c08e536af311eddbc7f3f9a9f09cf5c; native molecule index 1,word/embeddings/oleObject63.bin,6b836fe806b76c87d792e98b963c211306e4ce4f8dc788fe31360f3cc06cbeef,7fb6fa68d1a8b425a725ca296bc110135c08e536af311eddbc7f3f9a9f09cf5c,CONTENTS,0,"[{""source_label"":null,""xml_paragraph_index_1based"":475}]"
paper-327998a67c12eca6,paper-327998a67c12eca6:embedded:7fb6fa68d1a8b425a725:1,mol-29a928cb9a715a54ee019d5705d658aa0905984f38d5adf1cc350aa5ff29eb50,Cc1cc([C@H]2O[C@]3(C)O[C@@]4(C)C[C@@H]3[C@@H]2CO4)ccc1O,,,,native_CDX_conversion_candidate,RDKit native ChemDraw CDX interpretation of source bonds; independent stereochemistry review pending,pending_native_source_and_label_review,1,archive-002,papers/paper-327998a67c12eca6/supporting_information/si-001.zip,a5e6c00d8f09caf1e760dd49b95b2c41708a1f4a7ef5421d5240e2abd4ca32eb,,OOXML member word/embeddings/oleObject64.bin / CONTENTS; CDX 7fb6fa68d1a8b425a725ca296bc110135c08e536af311eddbc7f3f9a9f09cf5c; native molecule index 1,word/embeddings/oleObject64.bin,6b836fe806b76c87d792e98b963c211306e4ce4f8dc788fe31360f3cc06cbeef,7fb6fa68d1a8b425a725ca296bc110135c08e536af311eddbc7f3f9a9f09cf5c,CONTENTS,0,"[{""source_label"":null,""xml_paragraph_index_1based"":477}]"
paper-327998a67c12eca6,paper-327998a67c12eca6:embedded:834127a0ba0ed43b8525:1,mol-d63f8419ee5b9c14b245ee9ec921df230191f80b5b83c57ce8c8ad4155ba5f3e,COc1cc([C@H]2O[C@]3(C)O[C@@]4(C)C[C@@H]3[C@@H]2CO4)ccc1O,,,,native_CDX_conversion_candidate,RDKit native ChemDraw CDX interpretation of source bonds; independent stereochemistry review pending,pending_native_source_and_label_review,1,archive-002,papers/paper-327998a67c12eca6/supporting_information/si-001.zip,a5e6c00d8f09caf1e760dd49b95b2c41708a1f4a7ef5421d5240e2abd4ca32eb,,OOXML member word/embeddings/oleObject51.bin / CONTENTS; CDX 834127a0ba0ed43b852575507af913b79b8b0ae53aa3299d17214dec0dbf2082; native molecule index 1,word/embeddings/oleObject51.bin,abafc2d3961b7069e3c110c359a368e6e64126414574d3551084554c2a28dbf5,834127a0ba0ed43b852575507af913b79b8b0ae53aa3299d17214dec0dbf2082,CONTENTS,0,"[{""source_label"":null,""xml_paragraph_index_1based"":447}]"
paper-327998a67c12eca6,paper-327998a67c12eca6:embedded:834127a0ba0ed43b8525:1,mol-d63f8419ee5b9c14b245ee9ec921df230191f80b5b83c57ce8c8ad4155ba5f3e,COc1cc([C@H]2O[C@]3(C)O[C@@]4(C)C[C@@H]3[C@@H]2CO4)ccc1O,,,,native_CDX_conversion_candidate,RDKit native ChemDraw CDX interpretation of source bonds; independent stereochemistry review pending,pending_native_source_and_label_review,1,archive-002,papers/paper-327998a67c12eca6/supporting_information/si-001.zip,a5e6c00d8f09caf1e760dd49b95b2c41708a1f4a7ef5421d5240e2abd4ca32eb,,OOXML member word/embeddings/oleObject53.bin / CONTENTS; CDX 834127a0ba0ed43b852575507af913b79b8b0ae53aa3299d17214dec0dbf2082; native molecule index 1,word/embeddings/oleObject53.bin,abafc2d3961b7069e3c110c359a368e6e64126414574d3551084554c2a28dbf5,834127a0ba0ed43b852575507af913b79b8b0ae53aa3299d17214dec0dbf2082,CONTENTS,0,"[{""source_label"":null,""xml_paragraph_index_1based"":452}]"
paper-327998a67c12eca6,paper-327998a67c12eca6:embedded:834127a0ba0ed43b8525:1,mol-d63f8419ee5b9c14b245ee9ec921df230191f80b5b83c57ce8c8ad4155ba5f3e,COc1cc([C@H]2O[C@]3(C)O[C@@]4(C)C[C@@H]3[C@@H]2CO4)ccc1O,,,,native_CDX_conversion_candidate,RDKit native ChemDraw CDX interpretation of source bonds; independent stereochemistry review pending,pending_native_source_and_label_review,1,archive-002,papers/paper-327998a67c12eca6/supporting_information/si-001.zip,a5e6c00d8f09caf1e760dd49b95b2c41708a1f4a7ef5421d5240e2abd4ca32eb,,OOXML member word/embeddings/oleObject54.bin / CONTENTS; CDX 834127a0ba0ed43b852575507af913b79b8b0ae53aa3299d17214dec0dbf2082; native molecule index 1,word/embeddings/oleObject54.bin,abafc2d3961b7069e3c110c359a368e6e64126414574d3551084554c2a28dbf5,834127a0ba0ed43b852575507af913b79b8b0ae53aa3299d17214dec0dbf2082,CONTENTS,0,"[{""source_label"":null,""xml_paragraph_index_1based"":453}]"
paper-327998a67c12eca6,paper-327998a67c12eca6:embedded:83cd1bd221f1f16b409b:1,mol-2909ab91802f0ccc9c5291e04bd98c0bac2ccf9aa82ae054b023e6c4d33b9d01,CCC[C@]12C[C@H]3[C@H](O[C@H](c4ccc(OC)cc4)[C@H]3CO1)O2,,,,native_CDX_conversion_candidate,RDKit native ChemDraw CDX interpretation of source bonds; independent stereochemistry review pending,pending_native_source_and_label_review,1,archive-002,papers/paper-327998a67c12eca6/supporting_information/si-001.zip,a5e6c00d8f09caf1e760dd49b95b2c41708a1f4a7ef5421d5240e2abd4ca32eb,,OOXML member word/embeddings/oleObject149.bin / CONTENTS; CDX 83cd1bd221f1f16b409b9a5d597e21796c564db2aa4a7addb0a18de349e154e0; native molecule index 1,word/embeddings/oleObject149.bin,0c3470bcd2664a6451ffb716458ba737584507e55dd47c6e663845ee55faf63f,83cd1bd221f1f16b409b9a5d597e21796c564db2aa4a7addb0a18de349e154e0,CONTENTS,0,"[{""source_label"":null,""xml_paragraph_index_1based"":725}]"
paper-327998a67c12eca6,paper-327998a67c12eca6:embedded:83cd1bd221f1f16b409b:1,mol-2909ab91802f0ccc9c5291e04bd98c0bac2ccf9aa82ae054b023e6c4d33b9d01,CCC[C@]12C[C@H]3[C@H](O[C@H](c4ccc(OC)cc4)[C@H]3CO1)O2,,,,native_CDX_conversion_candidate,RDKit native ChemDraw CDX interpretation of source bonds; independent stereochemistry review pending,pending_native_source_and_label_review,1,archive-002,papers/paper-327998a67c12eca6/supporting_information/si-001.zip,a5e6c00d8f09caf1e760dd49b95b2c41708a1f4a7ef5421d5240e2abd4ca32eb,,OOXML member word/embeddings/oleObject150.bin / CONTENTS; CDX 83cd1bd221f1f16b409b9a5d597e21796c564db2aa4a7addb0a18de349e154e0; native molecule index 1,word/embeddings/oleObject150.bin,0c3470bcd2664a6451ffb716458ba737584507e55dd47c6e663845ee55faf63f,83cd1bd221f1f16b409b9a5d597e21796c564db2aa4a7addb0a18de349e154e0,CONTENTS,0,"[{""source_label"":null,""xml_paragraph_index_1based"":727}]"
paper-327998a67c12eca6,paper-327998a67c12eca6:embedded:83cd1bd221f1f16b409b:1,mol-2909ab91802f0ccc9c5291e04bd98c0bac2ccf9aa82ae054b023e6c4d33b9d01,CCC[C@]12C[C@H]3[C@H](O[C@H](c4ccc(OC)cc4)[C@H]3CO1)O2,,,,native_CDX_conversion_candidate,RDKit native ChemDraw CDX interpretation of source bonds; independent stereochemistry review pending,pending_native_source_and_label_review,1,archive-002,papers/paper-327998a67c12eca6/supporting_information/si-001.zip,a5e6c00d8f09caf1e760dd49b95b2c41708a1f4a7ef5421d5240e2abd4ca32eb,,OOXML member word/embeddings/oleObject152.bin / CONTENTS; CDX 83cd1bd221f1f16b409b9a5d597e21796c564db2aa4a7addb0a18de349e154e0; native molecule index 1,word/embeddings/oleObject152.bin,0c3470bcd2664a6451ffb716458ba737584507e55dd47c6e663845ee55faf63f,83cd1bd221f1f16b409b9a5d597e21796c564db2aa4a7addb0a18de349e154e0,CONTENTS,0,"[{""source_label"":null,""xml_paragraph_index_1based"":789}]"
paper-327998a67c12eca6,paper-327998a67c12eca6:embedded:83cd1bd221f1f16b409b:1,mol-2909ab91802f0ccc9c5291e04bd98c0bac2ccf9aa82ae054b023e6c4d33b9d01,CCC[C@]12C[C@H]3[C@H](O[C@H](c4ccc(OC)cc4)[C@H]3CO1)O2,,,,native_CDX_conversion_candidate,RDKit native ChemDraw CDX interpretation of source bonds; independent stereochemistry review pending,pending_native_source_and_label_review,1,archive-002,papers/paper-327998a67c12eca6/supporting_information/si-001.zip,a5e6c00d8f09caf1e760dd49b95b2c41708a1f4a7ef5421d5240e2abd4ca32eb,,OOXML member word/embeddings/oleObject153.bin / CONTENTS; CDX 83cd1bd221f1f16b409b9a5d597e21796c564db2aa4a7addb0a18de349e154e0; native molecule index 1,word/embeddings/oleObject153.bin,0c3470bcd2664a6451ffb716458ba737584507e55dd47c6e663845ee55faf63f,83cd1bd221f1f16b409b9a5d597e21796c564db2aa4a7addb0a18de349e154e0,CONTENTS,0,"[{""source_label"":null,""xml_paragraph_index_1based"":793}]"
paper-327998a67c12eca6,paper-327998a67c12eca6:embedded:842063e9f83435652ff2:1,mol-d8ad07f54f306d4a92a4398de7ad095f4bb47b13e0db054cd0486573c702da3e,COc1ccc([C@H]2O[C@]3(C)O[C@@]4(C)C[C@@H]3[C@@H]2CO4)cc1C,,,,native_CDX_conversion_candidate,RDKit native ChemDraw CDX interpretation of source bonds; independent stereochemistry review pending,pending_native_source_and_label_review,1,archive-002,papers/paper-327998a67c12eca6/supporting_information/si-001.zip,a5e6c00d8f09caf1e760dd49b95b2c41708a1f4a7ef5421d5240e2abd4ca32eb,,OOXML member word/embeddings/oleObject22.bin / CONTENTS; CDX 842063e9f83435652ff22a353b8a8923127d84f6d4297506076510b838234b40; native molecule index 1,word/embeddings/oleObject22.bin,ad08c3117c7a8de2e9c172f02ddd7e1fde6e10e9a630af4b7144314062d39e40,842063e9f83435652ff22a353b8a8923127d84f6d4297506076510b838234b40,CONTENTS,0,"[{""source_label"":null,""xml_paragraph_index_1based"":241}]"
paper-327998a67c12eca6,paper-327998a67c12eca6:embedded:8a613bf01cf0e9fd1112:1,mol-ace16c95623f85e460a7ea02a0322100e98ed0eef4bece39a3813c27eed47926,C[C@]12C[C@@H]3[C@H](CO1)[C@@H](c1ccc(OCc4ccccc4)cc1)O[C@]3(C)O2,,,,native_CDX_conversion_candidate,RDKit native ChemDraw CDX interpretation of source bonds; independent stereochemistry review pending,pending_native_source_and_label_review,1,archive-002,papers/paper-327998a67c12eca6/supporting_information/si-001.zip,a5e6c00d8f09caf1e760dd49b95b2c41708a1f4a7ef5421d5240e2abd4ca32eb,,OOXML member word/embeddings/oleObject34.bin / CONTENTS; CDX 8a613bf01cf0e9fd11121f74ab4162965f2d962b8d99b829417b621407fe337e; native molecule index 1,word/embeddings/oleObject34.bin,77130be0daa0021215a8aed9a48b652fedde6212c3549392384ed1eb213c9210,8a613bf01cf0e9fd11121f74ab4162965f2d962b8d99b829417b621407fe337e,CONTENTS,0,"[{""source_label"":null,""xml_paragraph_index_1based"":267}]"
paper-327998a67c12eca6,paper-327998a67c12eca6:embedded:8e6e142fa3d0cce13280:1,mol-949f38a6ba23f2b776466a886a05ba415409db4574a23a1b9add6461a11660a3,CCOc1ccc([C@H]2O[C@]3(C)O[C@@]4(C)C[C@@H]3[C@@H]2CO4)cc1,,,,native_CDX_conversion_candidate,RDKit native ChemDraw CDX interpretation of source bonds; independent stereochemistry review pending,pending_native_source_and_label_review,1,archive-002,papers/paper-327998a67c12eca6/supporting_information/si-001.zip,a5e6c00d8f09caf1e760dd49b95b2c41708a1f4a7ef5421d5240e2abd4ca32eb,,OOXML member word/embeddings/oleObject117.bin / CONTENTS; CDX 8e6e142fa3d0cce132801f577387c8b9a4c6533da61382c52adbb92e42b0380d; native molecule index 1,word/embeddings/oleObject117.bin,baa039456a1385cd0493b3c6e5ebc8ce04c8dee3bdf24ec22d5a51636cac144a,8e6e142fa3d0cce132801f577387c8b9a4c6533da61382c52adbb92e42b0380d,CONTENTS,0,"[{""source_label"":null,""xml_paragraph_index_1based"":550}]"
paper-327998a67c12eca6,paper-327998a67c12eca6:embedded:8e6e142fa3d0cce13280:1,mol-949f38a6ba23f2b776466a886a05ba415409db4574a23a1b9add6461a11660a3,CCOc1ccc([C@H]2O[C@]3(C)O[C@@]4(C)C[C@@H]3[C@@H]2CO4)cc1,,,,native_CDX_conversion_candidate,RDKit native ChemDraw CDX interpretation of source bonds; independent stereochemistry review pending,pending_native_source_and_label_review,1,archive-002,papers/paper-327998a67c12eca6/supporting_information/si-001.zip,a5e6c00d8f09caf1e760dd49b95b2c41708a1f4a7ef5421d5240e2abd4ca32eb,,OOXML member word/embeddings/oleObject118.bin / CONTENTS; CDX 8e6e142fa3d0cce132801f577387c8b9a4c6533da61382c52adbb92e42b0380d; native molecule index 1,word/embeddings/oleObject118.bin,baa039456a1385cd0493b3c6e5ebc8ce04c8dee3bdf24ec22d5a51636cac144a,8e6e142fa3d0cce132801f577387c8b9a4c6533da61382c52adbb92e42b0380d,CONTENTS,0,"[{""source_label"":null,""xml_paragraph_index_1based"":552}]"
paper-327998a67c12eca6,paper-327998a67c12eca6:embedded:90279dc3a2393528778d:1,mol-ab01780c0102f3dea2b25154d5420c57844ac62610712ae51683f59bb065de09,C[C@]12C[C@@H]3[C@H](CO1)[C@@H](c1ccc(OS(=O)(=O)C(F)(F)F)cc1)O[C@]3(C)O2,,,,native_CDX_conversion_candidate,RDKit native ChemDraw CDX interpretation of source bonds; independent stereochemistry review pending,pending_native_source_and_label_review,1,archive-002,papers/paper-327998a67c12eca6/supporting_information/si-001.zip,a5e6c00d8f09caf1e760dd49b95b2c41708a1f4a7ef5421d5240e2abd4ca32eb,,OOXML member word/embeddings/oleObject160.bin / CONTENTS; CDX 90279dc3a2393528778df6fc12fe52d97be906485cf02e3c1cd2154127d911bd; native molecule index 1,word/embeddings/oleObject160.bin,e388dcf57614554fdc3060d5bd32f219e81c553c3cb93e1f7221f22dde2fa111,90279dc3a2393528778df6fc12fe52d97be906485cf02e3c1cd2154127d911bd,CONTENTS,0,"[{""source_label"":null,""xml_paragraph_index_1based"":867}]"
paper-327998a67c12eca6,paper-327998a67c12eca6:embedded:90461604f0cfa75a6a79:1,mol-7c69c29f4947da4211b198de342aa9ef02ecaeee01b94c8a608feab909b7f8ae,CCOc1cc([C@H]2O[C@]3(C)O[C@@]4(C)C[C@@H]3[C@@H]2CO4)ccc1OC,,,,native_CDX_conversion_candidate,RDKit native ChemDraw CDX interpretation of source bonds; independent stereochemistry review pending,pending_native_source_and_label_review,1,archive-002,papers/paper-327998a67c12eca6/supporting_information/si-001.zip,a5e6c00d8f09caf1e760dd49b95b2c41708a1f4a7ef5421d5240e2abd4ca32eb,,OOXML member word/embeddings/oleObject25.bin / CONTENTS; CDX 90461604f0cfa75a6a79f731c1e9fc3b16ebddc151d919468869415768fff00d; native molecule index 1,word/embeddings/oleObject25.bin,86be07a3141b86abdc597f00d113ff85b3d06953be27fda6dcaef9bd84953dea,90461604f0cfa75a6a79f731c1e9fc3b16ebddc151d919468869415768fff00d,CONTENTS,0,"[{""source_label"":null,""xml_paragraph_index_1based"":247}]"
paper-327998a67c12eca6,paper-327998a67c12eca6:embedded:90a1fb5cecf95e6c350c:1,mol-2590d541b921a126449bca31a8b4a2b52551541dfb95bd9a0a7fd27f7ded704d,CSc1ccc([C@H]2O[C@]3(C)O[C@@]4(C)C[C@@H]3[C@@H]2CO4)cc1,,,,native_CDX_conversion_candidate,RDKit native ChemDraw CDX interpretation of source bonds; independent stereochemistry review pending,pending_native_source_and_label_review,1,archive-002,papers/paper-327998a67c12eca6/supporting_information/si-001.zip,a5e6c00d8f09caf1e760dd49b95b2c41708a1f4a7ef5421d5240e2abd4ca32eb,,OOXML member word/embeddings/oleObject41.bin / CONTENTS; CDX 90a1fb5cecf95e6c350c032e9c9f3bcf77556a57f9b43fb1bc38727dc9b4a2bd; native molecule index 1,word/embeddings/oleObject41.bin,560d10d0d335b9d86535f87bedf148b02db0d5ea7ce895faff04459a0ada57a8,90a1fb5cecf95e6c350c032e9c9f3bcf77556a57f9b43fb1bc38727dc9b4a2bd,CONTENTS,0,"[{""source_label"":null,""xml_paragraph_index_1based"":281}]"
paper-327998a67c12eca6,paper-327998a67c12eca6:embedded:9353641b93d2fe0c142a:1,mol-2909ab91802f0ccc9c5291e04bd98c0bac2ccf9aa82ae054b023e6c4d33b9d01,CCC[C@]12C[C@H]3[C@H](O[C@H](c4ccc(OC)cc4)[C@H]3CO1)O2,,,,native_CDX_conversion_candidate,RDKit native ChemDraw CDX interpretation of source bonds; independent stereochemistry review pending,pending_native_source_and_label_review,1,archive-002,papers/paper-327998a67c12eca6/supporting_information/si-001.zip,a5e6c00d8f09caf1e760dd49b95b2c41708a1f4a7ef5421d5240e2abd4ca32eb,,OOXML member word/embeddings/oleObject151.bin / CONTENTS; CDX 9353641b93d2fe0c142a38f36298abe6f8753a8c723cdc90e74477d157573d6d; native molecule index 1,word/embeddings/oleObject151.bin,547ccd640713f615e66174951c0d46742577e0911e2165a83bbceab460c1249e,9353641b93d2fe0c142a38f36298abe6f8753a8c723cdc90e74477d157573d6d,CONTENTS,0,"[{""source_label"":null,""xml_paragraph_index_1based"":729}]"
paper-327998a67c12eca6,paper-327998a67c12eca6:embedded:94fd26531830625881b4:1,mol-aa82eb10fb92d6b515bb76c2d02ffee05c224b13c1301224a736927a3b0eb04e,Cc1cc([C@H]2O[C@]3(C)O[C@@]4(C)C[C@@H]3[C@@H]2CO4)cc(C)c1O,,,,native_CDX_conversion_candidate,RDKit native ChemDraw CDX interpretation of source bonds; independent stereochemistry review pending,pending_native_source_and_label_review,1,archive-002,papers/paper-327998a67c12eca6/supporting_information/si-001.zip,a5e6c00d8f09caf1e760dd49b95b2c41708a1f4a7ef5421d5240e2abd4ca32eb,,OOXML member word/embeddings/oleObject83.bin / CONTENTS; CDX 94fd26531830625881b455c120064da3291960cb1118e99aed26ab6bfb41118e; native molecule index 1,word/embeddings/oleObject83.bin,4ab247713e789219acaba5e3f866a1994df344472a91fdcc2894d07da4b72928,94fd26531830625881b455c120064da3291960cb1118e99aed26ab6bfb41118e,CONTENTS,0,"[{""source_label"":null,""xml_paragraph_index_1based"":497}]"
paper-327998a67c12eca6,paper-327998a67c12eca6:embedded:94fd26531830625881b4:1,mol-aa82eb10fb92d6b515bb76c2d02ffee05c224b13c1301224a736927a3b0eb04e,Cc1cc([C@H]2O[C@]3(C)O[C@@]4(C)C[C@@H]3[C@@H]2CO4)cc(C)c1O,,,,native_CDX_conversion_candidate,RDKit native ChemDraw CDX interpretation of source bonds; independent stereochemistry review pending,pending_native_source_and_label_review,1,archive-002,papers/paper-327998a67c12eca6/supporting_information/si-001.zip,a5e6c00d8f09caf1e760dd49b95b2c41708a1f4a7ef5421d5240e2abd4ca32eb,,OOXML member word/embeddings/oleObject90.bin / CONTENTS; CDX 94fd26531830625881b455c120064da3291960cb1118e99aed26ab6bfb41118e; native molecule index 1,word/embeddings/oleObject90.bin,4ab247713e789219acaba5e3f866a1994df344472a91fdcc2894d07da4b72928,94fd26531830625881b455c120064da3291960cb1118e99aed26ab6bfb41118e,CONTENTS,0,"[{""source_label"":null,""xml_paragraph_index_1based"":499}]"
paper-327998a67c12eca6,paper-327998a67c12eca6:embedded:9b80370a198492469204:1,mol-689f98a752d635e7fd5319c21432ea9eb39f78681808ee344a0c106bf214bab3,C[C@]12C[C@@H]3[C@H](CO1)[C@@H](c1ccc(O)c(Br)c1)O[C@]3(C)O2,,,,native_CDX_conversion_candidate,RDKit native ChemDraw CDX interpretation of source bonds; independent stereochemistry review pending,pending_native_source_and_label_review,1,archive-002,papers/paper-327998a67c12eca6/supporting_information/si-001.zip,a5e6c00d8f09caf1e760dd49b95b2c41708a1f4a7ef5421d5240e2abd4ca32eb,,OOXML member word/embeddings/oleObject86.bin / CONTENTS; CDX 9b80370a198492469204c09653e1893102306eddcae8dca4b22ec7f177ba2909; native molecule index 1,word/embeddings/oleObject86.bin,f9cab7f2c94c644c96d96d620c642aa6e9297d16c7170f1414c3175a4ddedc10,9b80370a198492469204c09653e1893102306eddcae8dca4b22ec7f177ba2909,CONTENTS,0,"[{""source_label"":null,""xml_paragraph_index_1based"":497}]"
paper-327998a67c12eca6,paper-327998a67c12eca6:embedded:9f789d1fcbbac6add9ee:1,mol-bd5a0b32081972bab7b6eaa5dcf111dcb353eb5eb546a4fd200dba5b9ad44d2f,CC[C@]12C[C@H]3[C@H](O[C@H](c4ccc(OC)cc4)[C@H]3CO1)O2,,,,native_CDX_conversion_candidate,RDKit native ChemDraw CDX interpretation of source bonds; independent stereochemistry review pending,pending_native_source_and_label_review,1,archive-002,papers/paper-327998a67c12eca6/supporting_information/si-001.zip,a5e6c00d8f09caf1e760dd49b95b2c41708a1f4a7ef5421d5240e2abd4ca32eb,,OOXML member word/embeddings/oleObject43.bin / CONTENTS; CDX 9f789d1fcbbac6add9ee111f3e397a1b6ee83eab81324d247f6ada668f503799; native molecule index 1,word/embeddings/oleObject43.bin,27d48849914e5dab5e3a6f8d08fc8371b63355fa7227d44b41ea9852544d0a16,9f789d1fcbbac6add9ee111f3e397a1b6ee83eab81324d247f6ada668f503799,CONTENTS,0,"[{""source_label"":null,""xml_paragraph_index_1based"":285}]"
paper-327998a67c12eca6,paper-327998a67c12eca6:embedded:a321fe2aac55adef6d5f:1,mol-b8fb4a9e1b45737c2739ccb90b163b90c3ad42b8a4807ebc6f4bc8a017951add,OC/C=C/c1ccccc1,,,,native_CDX_conversion_candidate,RDKit native ChemDraw CDX interpretation of source bonds; independent stereochemistry review pending,pending_native_source_and_label_review,1,archive-002,papers/paper-327998a67c12eca6/supporting_information/si-001.zip,a5e6c00d8f09caf1e760dd49b95b2c41708a1f4a7ef5421d5240e2abd4ca32eb,,OOXML member word/embeddings/oleObject2.bin / CONTENTS; CDX a321fe2aac55adef6d5fa48a4ff1ca429e4316a81def7b7a899df711d28c8b18; native molecule index 1,word/embeddings/oleObject2.bin,5b2bc7c88cab787c9d4f55884aa2c0f23cf0735b0796f6d24ed1a6dcfc5bdaf7,a321fe2aac55adef6d5fa48a4ff1ca429e4316a81def7b7a899df711d28c8b18,CONTENTS,0,"[{""source_label"":null,""xml_paragraph_index_1based"":72}]"
paper-327998a67c12eca6,paper-327998a67c12eca6:embedded:a321fe2aac55adef6d5f:3,mol-2ffa6fb163a36e52bcadb92b6f6d6f605d13408c953e98374c40784f66474d67,CCOC(=O)/C=C/c1ccccc1,,,,native_CDX_conversion_candidate,RDKit native ChemDraw CDX interpretation of source bonds; independent stereochemistry review pending,pending_native_source_and_label_review,3,archive-002,papers/paper-327998a67c12eca6/supporting_information/si-001.zip,a5e6c00d8f09caf1e760dd49b95b2c41708a1f4a7ef5421d5240e2abd4ca32eb,,OOXML member word/embeddings/oleObject2.bin / CONTENTS; CDX a321fe2aac55adef6d5fa48a4ff1ca429e4316a81def7b7a899df711d28c8b18; native molecule index 3,word/embeddings/oleObject2.bin,5b2bc7c88cab787c9d4f55884aa2c0f23cf0735b0796f6d24ed1a6dcfc5bdaf7,a321fe2aac55adef6d5fa48a4ff1ca429e4316a81def7b7a899df711d28c8b18,CONTENTS,0,"[{""source_label"":null,""xml_paragraph_index_1based"":72}]"
paper-327998a67c12eca6,paper-327998a67c12eca6:embedded:a321fe2aac55adef6d5f:5,mol-8c15a1ca83578e93ffd1ca3d4bf534d760408167a5d5c5f03e9253f985de2eb0,O=Cc1ccccc1,,,,native_CDX_conversion_candidate,RDKit native ChemDraw CDX interpretation of source bonds; independent stereochemistry review pending,pending_native_source_and_label_review,5,archive-002,papers/paper-327998a67c12eca6/supporting_information/si-001.zip,a5e6c00d8f09caf1e760dd49b95b2c41708a1f4a7ef5421d5240e2abd4ca32eb,,OOXML member word/embeddings/oleObject2.bin / CONTENTS; CDX a321fe2aac55adef6d5fa48a4ff1ca429e4316a81def7b7a899df711d28c8b18; native molecule index 5,word/embeddings/oleObject2.bin,5b2bc7c88cab787c9d4f55884aa2c0f23cf0735b0796f6d24ed1a6dcfc5bdaf7,a321fe2aac55adef6d5fa48a4ff1ca429e4316a81def7b7a899df711d28c8b18,CONTENTS,0,"[{""source_label"":null,""xml_paragraph_index_1based"":72}]"
paper-327998a67c12eca6,paper-327998a67c12eca6:embedded:a321fe2aac55adef6d5f:8,mol-d390bf77668726c063071143827d110e53b6e84076a6b84aa5a6c296e5cbb73e,CCOC(=O)C=P(c1ccccc1)(c1ccccc1)c1ccccc1,,,,native_CDX_conversion_candidate,RDKit native ChemDraw CDX interpretation of source bonds; independent stereochemistry review pending,pending_native_source_and_label_review,8,archive-002,papers/paper-327998a67c12eca6/supporting_information/si-001.zip,a5e6c00d8f09caf1e760dd49b95b2c41708a1f4a7ef5421d5240e2abd4ca32eb,,OOXML member word/embeddings/oleObject2.bin / CONTENTS; CDX a321fe2aac55adef6d5fa48a4ff1ca429e4316a81def7b7a899df711d28c8b18; native molecule index 8,word/embeddings/oleObject2.bin,5b2bc7c88cab787c9d4f55884aa2c0f23cf0735b0796f6d24ed1a6dcfc5bdaf7,a321fe2aac55adef6d5fa48a4ff1ca429e4316a81def7b7a899df711d28c8b18,CONTENTS,0,"[{""source_label"":null,""xml_paragraph_index_1based"":72}]"
paper-327998a67c12eca6,paper-327998a67c12eca6:embedded:a3f5f347ad32b22f9d13:1,mol-784b3ba9e77175c68b06a7754803018e029e450f0f8bba9aa267094e12faef69,CCOc1cc([C@H]2O[C@]3(C)O[C@@]4(C)C[C@@H]3[C@@H]2CO4)ccc1O,,,,native_CDX_conversion_candidate,RDKit native ChemDraw CDX interpretation of source bonds; independent stereochemistry review pending,pending_native_source_and_label_review,1,archive-002,papers/paper-327998a67c12eca6/supporting_information/si-001.zip,a5e6c00d8f09caf1e760dd49b95b2c41708a1f4a7ef5421d5240e2abd4ca32eb,,OOXML member word/embeddings/oleObject61.bin / CONTENTS; CDX a3f5f347ad32b22f9d130034490bb9e7ec9e6d5cc2c3bb7cf5b5a78075839e69; native molecule index 1,word/embeddings/oleObject61.bin,292f110d5bff04ea1cf10c6349cbd91b44442fd02251bb83031072aa4a04abec,a3f5f347ad32b22f9d130034490bb9e7ec9e6d5cc2c3bb7cf5b5a78075839e69,CONTENTS,0,"[{""source_label"":null,""xml_paragraph_index_1based"":471}]"
paper-327998a67c12eca6,paper-327998a67c12eca6:embedded:a3f5f347ad32b22f9d13:1,mol-784b3ba9e77175c68b06a7754803018e029e450f0f8bba9aa267094e12faef69,CCOc1cc([C@H]2O[C@]3(C)O[C@@]4(C)C[C@@H]3[C@@H]2CO4)ccc1O,,,,native_CDX_conversion_candidate,RDKit native ChemDraw CDX interpretation of source bonds; independent stereochemistry review pending,pending_native_source_and_label_review,1,archive-002,papers/paper-327998a67c12eca6/supporting_information/si-001.zip,a5e6c00d8f09caf1e760dd49b95b2c41708a1f4a7ef5421d5240e2abd4ca32eb,,OOXML member word/embeddings/oleObject62.bin / CONTENTS; CDX a3f5f347ad32b22f9d130034490bb9e7ec9e6d5cc2c3bb7cf5b5a78075839e69; native molecule index 1,word/embeddings/oleObject62.bin,292f110d5bff04ea1cf10c6349cbd91b44442fd02251bb83031072aa4a04abec,a3f5f347ad32b22f9d130034490bb9e7ec9e6d5cc2c3bb7cf5b5a78075839e69,CONTENTS,0,"[{""source_label"":null,""xml_paragraph_index_1based"":473}]"
paper-327998a67c12eca6,paper-327998a67c12eca6:embedded:a6625246bf9d177aee7f:1,mol-6c3d43bfebaca0c1eb3d256122e579637f13b09627e78b12f14ef87c84de3792,COc1c(C)cc([C@H]2O[C@]3(C)O[C@@]4(C)C[C@@H]3[C@@H]2CO4)cc1C,,,,native_CDX_conversion_candidate,RDKit native ChemDraw CDX interpretation of source bonds; independent stereochemistry review pending,pending_native_source_and_label_review,1,archive-002,papers/paper-327998a67c12eca6/supporting_information/si-001.zip,a5e6c00d8f09caf1e760dd49b95b2c41708a1f4a7ef5421d5240e2abd4ca32eb,,OOXML member word/embeddings/oleObject29.bin / CONTENTS; CDX a6625246bf9d177aee7f69d5cf64f98330a789911057fb953efce355174645fa; native molecule index 1,word/embeddings/oleObject29.bin,f4fce9713a96e845e1e08ca44116d8d2d5526db415de224a150e9470ddade3ad,a6625246bf9d177aee7f69d5cf64f98330a789911057fb953efce355174645fa,CONTENTS,0,"[{""source_label"":null,""xml_paragraph_index_1based"":257}]"
paper-327998a67c12eca6,paper-327998a67c12eca6:embedded:a7f2656fc7168e0f32de:1,mol-e4d6a7707338f2b6d688312599397f206a708bc0a13f983291d49ca4f28c3b80,COc1cc([C@H]2O[C@]3(C)O[C@@]4(C)C[C@@H]3[C@@H]2CO4)cc(F)c1O,,,,native_CDX_conversion_candidate,RDKit native ChemDraw CDX interpretation of source bonds; independent stereochemistry review pending,pending_native_source_and_label_review,1,archive-002,papers/paper-327998a67c12eca6/supporting_information/si-001.zip,a5e6c00d8f09caf1e760dd49b95b2c41708a1f4a7ef5421d5240e2abd4ca32eb,,OOXML member word/embeddings/oleObject87.bin / CONTENTS; CDX a7f2656fc7168e0f32def0df423311e5ab0f2aab3f847cb8bf77c240f9ab346e; native molecule index 1,word/embeddings/oleObject87.bin,284ced8dbafbac740e6062faf63aef0f72927521068f5d427819e0a9a14deba2,a7f2656fc7168e0f32def0df423311e5ab0f2aab3f847cb8bf77c240f9ab346e,CONTENTS,0,"[{""source_label"":null,""xml_paragraph_index_1based"":497}]"
paper-327998a67c12eca6,paper-327998a67c12eca6:embedded:a7f2656fc7168e0f32de:1,mol-e4d6a7707338f2b6d688312599397f206a708bc0a13f983291d49ca4f28c3b80,COc1cc([C@H]2O[C@]3(C)O[C@@]4(C)C[C@@H]3[C@@H]2CO4)cc(F)c1O,,,,native_CDX_conversion_candidate,RDKit native ChemDraw CDX interpretation of source bonds; independent stereochemistry review pending,pending_native_source_and_label_review,1,archive-002,papers/paper-327998a67c12eca6/supporting_information/si-001.zip,a5e6c00d8f09caf1e760dd49b95b2c41708a1f4a7ef5421d5240e2abd4ca32eb,,OOXML member word/embeddings/oleObject88.bin / CONTENTS; CDX a7f2656fc7168e0f32def0df423311e5ab0f2aab3f847cb8bf77c240f9ab346e; native molecule index 1,word/embeddings/oleObject88.bin,284ced8dbafbac740e6062faf63aef0f72927521068f5d427819e0a9a14deba2,a7f2656fc7168e0f32def0df423311e5ab0f2aab3f847cb8bf77c240f9ab346e,CONTENTS,0,"[{""source_label"":null,""xml_paragraph_index_1based"":497}]"
paper-327998a67c12eca6,paper-327998a67c12eca6:embedded:a7f2656fc7168e0f32de:1,mol-e4d6a7707338f2b6d688312599397f206a708bc0a13f983291d49ca4f28c3b80,COc1cc([C@H]2O[C@]3(C)O[C@@]4(C)C[C@@H]3[C@@H]2CO4)cc(F)c1O,,,,native_CDX_conversion_candidate,RDKit native ChemDraw CDX interpretation of source bonds; independent stereochemistry review pending,pending_native_source_and_label_review,1,archive-002,papers/paper-327998a67c12eca6/supporting_information/si-001.zip,a5e6c00d8f09caf1e760dd49b95b2c41708a1f4a7ef5421d5240e2abd4ca32eb,,OOXML member word/embeddings/oleObject89.bin / CONTENTS; CDX a7f2656fc7168e0f32def0df423311e5ab0f2aab3f847cb8bf77c240f9ab346e; native molecule index 1,word/embeddings/oleObject89.bin,284ced8dbafbac740e6062faf63aef0f72927521068f5d427819e0a9a14deba2,a7f2656fc7168e0f32def0df423311e5ab0f2aab3f847cb8bf77c240f9ab346e,CONTENTS,0,"[{""source_label"":null,""xml_paragraph_index_1based"":497}]"
paper-327998a67c12eca6,paper-327998a67c12eca6:embedded:a86a7cbd7bccd81c487a:1,mol-a529c6ca4aea5120d77882a4f9d05d7ac90f0bcab3abf1cecef4e00e16fc05b5,CC(C)Oc1ccc([C@H]2O[C@]3(C)O[C@@]4(C)C[C@@H]3[C@@H]2CO4)cc1,,,,native_CDX_conversion_candidate,RDKit native ChemDraw CDX interpretation of source bonds; independent stereochemistry review pending,pending_native_source_and_label_review,1,archive-002,papers/paper-327998a67c12eca6/supporting_information/si-001.zip,a5e6c00d8f09caf1e760dd49b95b2c41708a1f4a7ef5421d5240e2abd4ca32eb,,OOXML member word/embeddings/oleObject33.bin / CONTENTS; CDX a86a7cbd7bccd81c487ac161f7d9a13abdda0c3108c408b145522d7bfb1cb120; native molecule index 1,word/embeddings/oleObject33.bin,dc8fa9d08e92eb53807b8c79c8d1f6c565bdc0437e0e628b87b7ef99369b8bc2,a86a7cbd7bccd81c487ac161f7d9a13abdda0c3108c408b145522d7bfb1cb120,CONTENTS,0,"[{""source_label"":null,""xml_paragraph_index_1based"":265}]"
paper-327998a67c12eca6,paper-327998a67c12eca6:embedded:a8d7674c24eb7e3dc1c3:1,mol-49b148f44ff131f2643161c64fa984b17570a28e0e740f7e167e9c319549df0a,COc1cc([C@H]2O[C@]3(C)O[C@@]4(C)C[C@@H]3[C@@H]2CO4)cc(OC)c1O,,,,native_CDX_conversion_candidate,RDKit native ChemDraw CDX interpretation of source bonds; independent stereochemistry review pending,pending_native_source_and_label_review,1,archive-002,papers/paper-327998a67c12eca6/supporting_information/si-001.zip,a5e6c00d8f09caf1e760dd49b95b2c41708a1f4a7ef5421d5240e2abd4ca32eb,,OOXML member word/embeddings/oleObject20.bin / CONTENTS; CDX a8d7674c24eb7e3dc1c3a285f38b0d86940584e9c1fe8fe9d3c16d5c790957f8; native molecule index 1,word/embeddings/oleObject20.bin,6faae9826b9fec6abf8b96cd8a1e40585e7511652a53aee373c9c33fa8ee2d2e,a8d7674c24eb7e3dc1c3a285f38b0d86940584e9c1fe8fe9d3c16d5c790957f8,CONTENTS,0,"[{""source_label"":null,""xml_paragraph_index_1based"":237}]"
paper-327998a67c12eca6,paper-327998a67c12eca6:embedded:ad4f7a15021cd1cec0f8:1,mol-689f98a752d635e7fd5319c21432ea9eb39f78681808ee344a0c106bf214bab3,C[C@]12C[C@@H]3[C@H](CO1)[C@@H](c1ccc(O)c(Br)c1)O[C@]3(C)O2,,,,native_CDX_conversion_candidate,RDKit native ChemDraw CDX interpretation of source bonds; independent stereochemistry review pending,pending_native_source_and_label_review,1,archive-002,papers/paper-327998a67c12eca6/supporting_information/si-001.zip,a5e6c00d8f09caf1e760dd49b95b2c41708a1f4a7ef5421d5240e2abd4ca32eb,,OOXML member word/embeddings/oleObject72.bin / CONTENTS; CDX ad4f7a15021cd1cec0f8f97959508050b16893935308de4091443e063c79258f; native molecule index 1,word/embeddings/oleObject72.bin,50a4da9e83d398fd873b643600e4e64190e138d72ead1fa026388bac35ffe615,ad4f7a15021cd1cec0f8f97959508050b16893935308de4091443e063c79258f,CONTENTS,0,"[{""source_label"":null,""xml_paragraph_index_1based"":487}]"
paper-327998a67c12eca6,paper-327998a67c12eca6:embedded:ad4f7a15021cd1cec0f8:1,mol-689f98a752d635e7fd5319c21432ea9eb39f78681808ee344a0c106bf214bab3,C[C@]12C[C@@H]3[C@H](CO1)[C@@H](c1ccc(O)c(Br)c1)O[C@]3(C)O2,,,,native_CDX_conversion_candidate,RDKit native ChemDraw CDX interpretation of source bonds; independent stereochemistry review pending,pending_native_source_and_label_review,1,archive-002,papers/paper-327998a67c12eca6/supporting_information/si-001.zip,a5e6c00d8f09caf1e760dd49b95b2c41708a1f4a7ef5421d5240e2abd4ca32eb,,OOXML member word/embeddings/oleObject75.bin / CONTENTS; CDX ad4f7a15021cd1cec0f8f97959508050b16893935308de4091443e063c79258f; native molecule index 1,word/embeddings/oleObject75.bin,50a4da9e83d398fd873b643600e4e64190e138d72ead1fa026388bac35ffe615,ad4f7a15021cd1cec0f8f97959508050b16893935308de4091443e063c79258f,CONTENTS,0,"[{""source_label"":null,""xml_paragraph_index_1based"":489}]"
paper-327998a67c12eca6,paper-327998a67c12eca6:embedded:b2c611b7aed373d5ccf6:1,mol-e0febafa7cdfba94e2efc8a37fa7bc5f0129b22aeb505501586075abdf9992a0,C[C@]12C[C@@H]3[C@H](CO1)[C@@H](c1ccc(O)c(Cl)c1)O[C@]3(C)O2,,,,native_CDX_conversion_candidate,RDKit native ChemDraw CDX interpretation of source bonds; independent stereochemistry review pending,pending_native_source_and_label_review,1,archive-002,papers/paper-327998a67c12eca6/supporting_information/si-001.zip,a5e6c00d8f09caf1e760dd49b95b2c41708a1f4a7ef5421d5240e2abd4ca32eb,,OOXML member word/embeddings/oleObject16.bin / CONTENTS; CDX b2c611b7aed373d5ccf640b08831f22cb93de933736732db17647885b3edf95b; native molecule index 1,word/embeddings/oleObject16.bin,d9706000d81035724f28697bd61518029fde436e90f33156bf97c95d78c7945a,b2c611b7aed373d5ccf640b08831f22cb93de933736732db17647885b3edf95b,CONTENTS,0,"[{""source_label"":null,""xml_paragraph_index_1based"":228}]"
paper-327998a67c12eca6,paper-327998a67c12eca6:embedded:b485fbeb21243fe9b398:1,mol-401d7b64bc812db4c23e213a264c4464f936aa60baa2d77935ba1fdb876fd254,C[C@]12C[C@@H]3[C@H](CO1)[C@@H](c1ccc4c(c1)OCCO4)O[C@]3(C)O2,,,,native_CDX_conversion_candidate,RDKit native ChemDraw CDX interpretation of source bonds; independent stereochemistry review pending,pending_native_source_and_label_review,1,archive-002,papers/paper-327998a67c12eca6/supporting_information/si-001.zip,a5e6c00d8f09caf1e760dd49b95b2c41708a1f4a7ef5421d5240e2abd4ca32eb,,OOXML member word/embeddings/oleObject135.bin / CONTENTS; CDX b485fbeb21243fe9b3988daca4fea4311342057995153d28815236431a99cce2; native molecule index 1,word/embeddings/oleObject135.bin,e2a1ffca13de3b845d21ebccb33d488bb9137ec0dcebf9223ddff423b2b1e99d,b485fbeb21243fe9b3988daca4fea4311342057995153d28815236431a99cce2,CONTENTS,0,"[{""source_label"":null,""xml_paragraph_index_1based"":585}]"
paper-327998a67c12eca6,paper-327998a67c12eca6:embedded:b485fbeb21243fe9b398:1,mol-401d7b64bc812db4c23e213a264c4464f936aa60baa2d77935ba1fdb876fd254,C[C@]12C[C@@H]3[C@H](CO1)[C@@H](c1ccc4c(c1)OCCO4)O[C@]3(C)O2,,,,native_CDX_conversion_candidate,RDKit native ChemDraw CDX interpretation of source bonds; independent stereochemistry review pending,pending_native_source_and_label_review,1,archive-002,papers/paper-327998a67c12eca6/supporting_information/si-001.zip,a5e6c00d8f09caf1e760dd49b95b2c41708a1f4a7ef5421d5240e2abd4ca32eb,,OOXML member word/embeddings/oleObject136.bin / CONTENTS; CDX b485fbeb21243fe9b3988daca4fea4311342057995153d28815236431a99cce2; native molecule index 1,word/embeddings/oleObject136.bin,e2a1ffca13de3b845d21ebccb33d488bb9137ec0dcebf9223ddff423b2b1e99d,b485fbeb21243fe9b3988daca4fea4311342057995153d28815236431a99cce2,CONTENTS,0,"[{""source_label"":null,""xml_paragraph_index_1based"":587}]"
paper-327998a67c12eca6,paper-327998a67c12eca6:embedded:b7e9667a06ab11522e72:1,mol-d5c07548325253d74138880cf07b5b28044c7f46629a4b28a1215c341134be0a,C=CCOc1ccc([C@H]2O[C@]3(C)O[C@@]4(C)C[C@@H]3[C@@H]2CO4)cc1,,,,native_CDX_conversion_candidate,RDKit native ChemDraw CDX interpretation of source bonds; independent stereochemistry review pending,pending_native_source_and_label_review,1,archive-002,papers/paper-327998a67c12eca6/supporting_information/si-001.zip,a5e6c00d8f09caf1e760dd49b95b2c41708a1f4a7ef5421d5240e2abd4ca32eb,,OOXML member word/embeddings/oleObject129.bin / CONTENTS; CDX b7e9667a06ab11522e72798b72691fd9f36e6e2c285827ca2123d1733f349ad1; native molecule index 1,word/embeddings/oleObject129.bin,4e2315d3fff11920368269658b20fdf9c9106e248a1f9fea1a450de8c1ccc2c1,b7e9667a06ab11522e72798b72691fd9f36e6e2c285827ca2123d1733f349ad1,CONTENTS,0,"[{""source_label"":null,""xml_paragraph_index_1based"":573}]"
paper-327998a67c12eca6,paper-327998a67c12eca6:embedded:b7e9667a06ab11522e72:1,mol-d5c07548325253d74138880cf07b5b28044c7f46629a4b28a1215c341134be0a,C=CCOc1ccc([C@H]2O[C@]3(C)O[C@@]4(C)C[C@@H]3[C@@H]2CO4)cc1,,,,native_CDX_conversion_candidate,RDKit native ChemDraw CDX interpretation of source bonds; independent stereochemistry review pending,pending_native_source_and_label_review,1,archive-002,papers/paper-327998a67c12eca6/supporting_information/si-001.zip,a5e6c00d8f09caf1e760dd49b95b2c41708a1f4a7ef5421d5240e2abd4ca32eb,,OOXML member word/embeddings/oleObject130.bin / CONTENTS; CDX b7e9667a06ab11522e72798b72691fd9f36e6e2c285827ca2123d1733f349ad1; native molecule index 1,word/embeddings/oleObject130.bin,4e2315d3fff11920368269658b20fdf9c9106e248a1f9fea1a450de8c1ccc2c1,b7e9667a06ab11522e72798b72691fd9f36e6e2c285827ca2123d1733f349ad1,CONTENTS,0,"[{""source_label"":null,""xml_paragraph_index_1based"":575}]"
paper-327998a67c12eca6,paper-327998a67c12eca6:embedded:b9503eeb9fdf552f716e:1,mol-5dabf3b74736445919ff685f720e3732a272e13659d76c2f800dad65b243844c,C[C@]12C[C@@H]3[C@H](CO1)[C@@H](c1ccc(Oc4ccccc4)cc1)O[C@]3(C)O2,,,,native_CDX_conversion_candidate,RDKit native ChemDraw CDX interpretation of source bonds; independent stereochemistry review pending,pending_native_source_and_label_review,1,archive-002,papers/paper-327998a67c12eca6/supporting_information/si-001.zip,a5e6c00d8f09caf1e760dd49b95b2c41708a1f4a7ef5421d5240e2abd4ca32eb,,OOXML member word/embeddings/oleObject127.bin / CONTENTS; CDX b9503eeb9fdf552f716e734b1d272591c3bb3b3474eb18716344d8bc189730f5; native molecule index 1,word/embeddings/oleObject127.bin,27c9608fedcd7ec978a3d7ae30053c6ba6108b0ff61bb119e2cd5d5ec92b136e,b9503eeb9fdf552f716e734b1d272591c3bb3b3474eb18716344d8bc189730f5,CONTENTS,0,"[{""source_label"":null,""xml_paragraph_index_1based"":569}]"
paper-327998a67c12eca6,paper-327998a67c12eca6:embedded:b9503eeb9fdf552f716e:1,mol-5dabf3b74736445919ff685f720e3732a272e13659d76c2f800dad65b243844c,C[C@]12C[C@@H]3[C@H](CO1)[C@@H](c1ccc(Oc4ccccc4)cc1)O[C@]3(C)O2,,,,native_CDX_conversion_candidate,RDKit native ChemDraw CDX interpretation of source bonds; independent stereochemistry review pending,pending_native_source_and_label_review,1,archive-002,papers/paper-327998a67c12eca6/supporting_information/si-001.zip,a5e6c00d8f09caf1e760dd49b95b2c41708a1f4a7ef5421d5240e2abd4ca32eb,,OOXML member word/embeddings/oleObject128.bin / CONTENTS; CDX b9503eeb9fdf552f716e734b1d272591c3bb3b3474eb18716344d8bc189730f5; native molecule index 1,word/embeddings/oleObject128.bin,27c9608fedcd7ec978a3d7ae30053c6ba6108b0ff61bb119e2cd5d5ec92b136e,b9503eeb9fdf552f716e734b1d272591c3bb3b3474eb18716344d8bc189730f5,CONTENTS,0,"[{""source_label"":null,""xml_paragraph_index_1based"":571}]"
paper-327998a67c12eca6,paper-327998a67c12eca6:embedded:bcd170e0619a9d847177:1,mol-16fc03cf6f6d5e67f7208c5ee0c12e9e73131053f4503890f6ad127c3e75cb1a,COc1ccc([C@H]2O[C@]3(C)O[C@@]4(C)C[C@@H]3[C@@H]2CO4)cc1F,,,,native_CDX_conversion_candidate,RDKit native ChemDraw CDX interpretation of source bonds; independent stereochemistry review pending,pending_native_source_and_label_review,1,archive-002,papers/paper-327998a67c12eca6/supporting_information/si-001.zip,a5e6c00d8f09caf1e760dd49b95b2c41708a1f4a7ef5421d5240e2abd4ca32eb,,OOXML member word/embeddings/oleObject27.bin / CONTENTS; CDX bcd170e0619a9d84717786bc7c7101e75143ced646b80cd232773105087d1dbe; native molecule index 1,word/embeddings/oleObject27.bin,13b3b279ba339fda17213ed36cfd02dc5b54c0437873d22d253cde3255b83641,bcd170e0619a9d84717786bc7c7101e75143ced646b80cd232773105087d1dbe,CONTENTS,0,"[{""source_label"":null,""xml_paragraph_index_1based"":251}]"
paper-327998a67c12eca6,paper-327998a67c12eca6:embedded:bdd67c8bd665f7352479:1,mol-81e90c34e8eb5cb69f21b738a07288fc85847b3dfb30c9b8058568f7e2bf0a24,CCCOc1ccc([C@H]2O[C@]3(C)O[C@@]4(C)C[C@@H]3[C@@H]2CO4)cc1,,,,native_CDX_conversion_candidate,RDKit native ChemDraw CDX interpretation of source bonds; independent stereochemistry review pending,pending_native_source_and_label_review,1,archive-002,papers/paper-327998a67c12eca6/supporting_information/si-001.zip,a5e6c00d8f09caf1e760dd49b95b2c41708a1f4a7ef5421d5240e2abd4ca32eb,,OOXML member word/embeddings/oleObject32.bin / CONTENTS; CDX bdd67c8bd665f73524798e27a6d237e1ed2dca56e3a8e2855cbf86b32b1e90d0; native molecule index 1,word/embeddings/oleObject32.bin,d3d13cf7a2e42a7a5451ac356e61e73c514eac2ae1eb97be4b752fd56c7940c9,bdd67c8bd665f73524798e27a6d237e1ed2dca56e3a8e2855cbf86b32b1e90d0,CONTENTS,0,"[{""source_label"":null,""xml_paragraph_index_1based"":263}]"
paper-327998a67c12eca6,paper-327998a67c12eca6:embedded:c0af01dca2d54b50c97a:1,mol-8f34af8584ff45310f383eef5f0f5fe5f18d6435b6a176d11e71bea1fbd2fd5d,C[C@]12C[C@@H]3[C@H](CO1)[C@@H](c1ccc(O)cc1)O[C@]3(C)O2,,,,native_CDX_conversion_candidate,RDKit native ChemDraw CDX interpretation of source bonds; independent stereochemistry review pending,pending_native_source_and_label_review,1,archive-002,papers/paper-327998a67c12eca6/supporting_information/si-001.zip,a5e6c00d8f09caf1e760dd49b95b2c41708a1f4a7ef5421d5240e2abd4ca32eb,,OOXML member word/embeddings/oleObject7.bin / CONTENTS; CDX c0af01dca2d54b50c97aabc6b4cbb62ae7a8f734941e87aa1e835e4d2841cd00; native molecule index 1,word/embeddings/oleObject7.bin,5dd1cfa746042def44a35befaeb0f270eda5b2b9fbf14158b77b0ee9609a907c,c0af01dca2d54b50c97aabc6b4cbb62ae7a8f734941e87aa1e835e4d2841cd00,CONTENTS,0,"[{""source_label"":null,""xml_paragraph_index_1based"":198}]"
paper-327998a67c12eca6,paper-327998a67c12eca6:embedded:c0af01dca2d54b50c97a:3,mol-ab01780c0102f3dea2b25154d5420c57844ac62610712ae51683f59bb065de09,C[C@]12C[C@@H]3[C@H](CO1)[C@@H](c1ccc(OS(=O)(=O)C(F)(F)F)cc1)O[C@]3(C)O2,,,,native_CDX_conversion_candidate,RDKit native ChemDraw CDX interpretation of source bonds; independent stereochemistry review pending,pending_native_source_and_label_review,3,archive-002,papers/paper-327998a67c12eca6/supporting_information/si-001.zip,a5e6c00d8f09caf1e760dd49b95b2c41708a1f4a7ef5421d5240e2abd4ca32eb,,OOXML member word/embeddings/oleObject7.bin / CONTENTS; CDX c0af01dca2d54b50c97aabc6b4cbb62ae7a8f734941e87aa1e835e4d2841cd00; native molecule index 3,word/embeddings/oleObject7.bin,5dd1cfa746042def44a35befaeb0f270eda5b2b9fbf14158b77b0ee9609a907c,c0af01dca2d54b50c97aabc6b4cbb62ae7a8f734941e87aa1e835e4d2841cd00,CONTENTS,0,"[{""source_label"":null,""xml_paragraph_index_1based"":198}]"
paper-327998a67c12eca6,paper-327998a67c12eca6:embedded:c0af01dca2d54b50c97a:4,mol-cc045964a3d5dde5afd02a59d12d5743601508e9932f5c9c72254f011577f01e,C[C@]12C[C@@H]3[C@H](CO1)[C@@H](c1ccccc1)O[C@]3(C)O2,,,,native_CDX_conversion_candidate,RDKit native ChemDraw CDX interpretation of source bonds; independent stereochemistry review pending,pending_native_source_and_label_review,4,archive-002,papers/paper-327998a67c12eca6/supporting_information/si-001.zip,a5e6c00d8f09caf1e760dd49b95b2c41708a1f4a7ef5421d5240e2abd4ca32eb,,OOXML member word/embeddings/oleObject7.bin / CONTENTS; CDX c0af01dca2d54b50c97aabc6b4cbb62ae7a8f734941e87aa1e835e4d2841cd00; native molecule index 4,word/embeddings/oleObject7.bin,5dd1cfa746042def44a35befaeb0f270eda5b2b9fbf14158b77b0ee9609a907c,c0af01dca2d54b50c97aabc6b4cbb62ae7a8f734941e87aa1e835e4d2841cd00,CONTENTS,0,"[{""source_label"":null,""xml_paragraph_index_1based"":198}]"
paper-327998a67c12eca6,paper-327998a67c12eca6:embedded:c466543459f97d19496e:1,mol-6b8f6008e7e73165046287ba9a8cb265ef3a4c63542e9d24fddd1de84640ec90,C[C@]12C[C@@H]3[C@H](CO1)[C@@H](c1ccc4c(c1)CCO4)O[C@]3(C)O2,,,,native_CDX_conversion_candidate,RDKit native ChemDraw CDX interpretation of source bonds; independent stereochemistry review pending,pending_native_source_and_label_review,1,archive-002,papers/paper-327998a67c12eca6/supporting_information/si-001.zip,a5e6c00d8f09caf1e760dd49b95b2c41708a1f4a7ef5421d5240e2abd4ca32eb,,OOXML member word/embeddings/oleObject133.bin / CONTENTS; CDX c466543459f97d19496e098ee45c094e922d205470d4d214cf8a34b8cfe590e4; native molecule index 1,word/embeddings/oleObject133.bin,afcfac951833f0789feb033ab2617908336ee4c04e222647a2fc838d07294714,c466543459f97d19496e098ee45c094e922d205470d4d214cf8a34b8cfe590e4,CONTENTS,0,"[{""source_label"":null,""xml_paragraph_index_1based"":581}]"
paper-327998a67c12eca6,paper-327998a67c12eca6:embedded:c466543459f97d19496e:1,mol-6b8f6008e7e73165046287ba9a8cb265ef3a4c63542e9d24fddd1de84640ec90,C[C@]12C[C@@H]3[C@H](CO1)[C@@H](c1ccc4c(c1)CCO4)O[C@]3(C)O2,,,,native_CDX_conversion_candidate,RDKit native ChemDraw CDX interpretation of source bonds; independent stereochemistry review pending,pending_native_source_and_label_review,1,archive-002,papers/paper-327998a67c12eca6/supporting_information/si-001.zip,a5e6c00d8f09caf1e760dd49b95b2c41708a1f4a7ef5421d5240e2abd4ca32eb,,OOXML member word/embeddings/oleObject134.bin / CONTENTS; CDX c466543459f97d19496e098ee45c094e922d205470d4d214cf8a34b8cfe590e4; native molecule index 1,word/embeddings/oleObject134.bin,713db1779747f398d64864a0acd2ed0831bcb7decb4d72bcc6171a4f645c8dd4,c466543459f97d19496e098ee45c094e922d205470d4d214cf8a34b8cfe590e4,CONTENTS,0,"[{""source_label"":null,""xml_paragraph_index_1based"":583}]"
paper-327998a67c12eca6,paper-327998a67c12eca6:embedded:c66be7b6bc2471aa275f:1,mol-81e90c34e8eb5cb69f21b738a07288fc85847b3dfb30c9b8058568f7e2bf0a24,CCCOc1ccc([C@H]2O[C@]3(C)O[C@@]4(C)C[C@@H]3[C@@H]2CO4)cc1,,,,native_CDX_conversion_candidate,RDKit native ChemDraw CDX interpretation of source bonds; independent stereochemistry review pending,pending_native_source_and_label_review,1,archive-002,papers/paper-327998a67c12eca6/supporting_information/si-001.zip,a5e6c00d8f09caf1e760dd49b95b2c41708a1f4a7ef5421d5240e2abd4ca32eb,,OOXML member word/embeddings/oleObject119.bin / CONTENTS; CDX c66be7b6bc2471aa275f060e6e1e3cc74b77709b00a5879c639e7c1d6e605581; native molecule index 1,word/embeddings/oleObject119.bin,25abaa30ec4ccc4a39bfd079f3bd9e198db4b28eaa8cafbefc2f7210e30d66e3,c66be7b6bc2471aa275f060e6e1e3cc74b77709b00a5879c639e7c1d6e605581,CONTENTS,0,"[{""source_label"":null,""xml_paragraph_index_1based"":554}]"
paper-327998a67c12eca6,paper-327998a67c12eca6:embedded:c66be7b6bc2471aa275f:1,mol-81e90c34e8eb5cb69f21b738a07288fc85847b3dfb30c9b8058568f7e2bf0a24,CCCOc1ccc([C@H]2O[C@]3(C)O[C@@]4(C)C[C@@H]3[C@@H]2CO4)cc1,,,,native_CDX_conversion_candidate,RDKit native ChemDraw CDX interpretation of source bonds; independent stereochemistry review pending,pending_native_source_and_label_review,1,archive-002,papers/paper-327998a67c12eca6/supporting_information/si-001.zip,a5e6c00d8f09caf1e760dd49b95b2c41708a1f4a7ef5421d5240e2abd4ca32eb,,OOXML member word/embeddings/oleObject120.bin / CONTENTS; CDX c66be7b6bc2471aa275f060e6e1e3cc74b77709b00a5879c639e7c1d6e605581; native molecule index 1,word/embeddings/oleObject120.bin,25abaa30ec4ccc4a39bfd079f3bd9e198db4b28eaa8cafbefc2f7210e30d66e3,c66be7b6bc2471aa275f060e6e1e3cc74b77709b00a5879c639e7c1d6e605581,CONTENTS,0,"[{""source_label"":null,""xml_paragraph_index_1based"":556}]"
paper-327998a67c12eca6,paper-327998a67c12eca6:embedded:c95e8a59edfe19924ac4:1,mol-d8ad07f54f306d4a92a4398de7ad095f4bb47b13e0db054cd0486573c702da3e,COc1ccc([C@H]2O[C@]3(C)O[C@@]4(C)C[C@@H]3[C@@H]2CO4)cc1C,,,,native_CDX_conversion_candidate,RDKit native ChemDraw CDX interpretation of source bonds; independent stereochemistry review pending,pending_native_source_and_label_review,1,archive-002,papers/paper-327998a67c12eca6/supporting_information/si-001.zip,a5e6c00d8f09caf1e760dd49b95b2c41708a1f4a7ef5421d5240e2abd4ca32eb,,OOXML member word/embeddings/oleObject95.bin / CONTENTS; CDX c95e8a59edfe19924ac41ca50e19956317b75a2b39aac6860190060f5d500e3d; native molecule index 1,word/embeddings/oleObject95.bin,e0da003f574cfc07f8dab1e0515d03e9f0bde55f26ae3a9716334881085934e2,c95e8a59edfe19924ac41ca50e19956317b75a2b39aac6860190060f5d500e3d,CONTENTS,0,"[{""source_label"":null,""xml_paragraph_index_1based"":509}]"
paper-327998a67c12eca6,paper-327998a67c12eca6:embedded:c95e8a59edfe19924ac4:1,mol-d8ad07f54f306d4a92a4398de7ad095f4bb47b13e0db054cd0486573c702da3e,COc1ccc([C@H]2O[C@]3(C)O[C@@]4(C)C[C@@H]3[C@@H]2CO4)cc1C,,,,native_CDX_conversion_candidate,RDKit native ChemDraw CDX interpretation of source bonds; independent stereochemistry review pending,pending_native_source_and_label_review,1,archive-002,papers/paper-327998a67c12eca6/supporting_information/si-001.zip,a5e6c00d8f09caf1e760dd49b95b2c41708a1f4a7ef5421d5240e2abd4ca32eb,,OOXML member word/embeddings/oleObject96.bin / CONTENTS; CDX c95e8a59edfe19924ac41ca50e19956317b75a2b39aac6860190060f5d500e3d; native molecule index 1,word/embeddings/oleObject96.bin,e0da003f574cfc07f8dab1e0515d03e9f0bde55f26ae3a9716334881085934e2,c95e8a59edfe19924ac41ca50e19956317b75a2b39aac6860190060f5d500e3d,CONTENTS,0,"[{""source_label"":null,""xml_paragraph_index_1based"":511}]"
paper-327998a67c12eca6,paper-327998a67c12eca6:embedded:cc0585bf55e012182a28:1,mol-e01dae2d5a77c7a75df49f796863178fe410ca5d1c0ba376f7b967260d846cbc,CCOC(=O)/C=C/c1ccc(O)cc1,,,,native_CDX_conversion_candidate,RDKit native ChemDraw CDX interpretation of source bonds; independent stereochemistry review pending,pending_native_source_and_label_review,1,archive-002,papers/paper-327998a67c12eca6/supporting_information/si-001.zip,a5e6c00d8f09caf1e760dd49b95b2c41708a1f4a7ef5421d5240e2abd4ca32eb,,OOXML member word/embeddings/oleObject1.bin / CONTENTS; CDX cc0585bf55e012182a28a5ce914c082ca1e455bf11d7821845402c5ca9af801c; native molecule index 1,word/embeddings/oleObject1.bin,844d0cb732a60ace1923c45a46509e25175e04515b17ba60366b3153c12b8d52,cc0585bf55e012182a28a5ce914c082ca1e455bf11d7821845402c5ca9af801c,CONTENTS,0,"[{""source_label"":null,""xml_paragraph_index_1based"":70}]"
paper-327998a67c12eca6,paper-327998a67c12eca6:embedded:cc0585bf55e012182a28:10,mol-58e7714c14e8d4d6a366f21169f07ae95b7594b44fa83aaa2ef98419abba88bb,COc1cc(/C=C/CO)cc(OC)c1O,,,,native_CDX_conversion_candidate,RDKit native ChemDraw CDX interpretation of source bonds; independent stereochemistry review pending,pending_native_source_and_label_review,10,archive-002,papers/paper-327998a67c12eca6/supporting_information/si-001.zip,a5e6c00d8f09caf1e760dd49b95b2c41708a1f4a7ef5421d5240e2abd4ca32eb,,OOXML member word/embeddings/oleObject1.bin / CONTENTS; CDX cc0585bf55e012182a28a5ce914c082ca1e455bf11d7821845402c5ca9af801c; native molecule index 10,word/embeddings/oleObject1.bin,844d0cb732a60ace1923c45a46509e25175e04515b17ba60366b3153c12b8d52,cc0585bf55e012182a28a5ce914c082ca1e455bf11d7821845402c5ca9af801c,CONTENTS,0,"[{""source_label"":null,""xml_paragraph_index_1based"":70}]"
paper-327998a67c12eca6,paper-327998a67c12eca6:embedded:cc0585bf55e012182a28:2,mol-97c59bf9fd9cc79848d5f23338fe680edbe17f340718423511afd32682284108,CCOC(=O)/C=C/c1ccc(OCC)cc1,,,,native_CDX_conversion_candidate,RDKit native ChemDraw CDX interpretation of source bonds; independent stereochemistry review pending,pending_native_source_and_label_review,2,archive-002,papers/paper-327998a67c12eca6/supporting_information/si-001.zip,a5e6c00d8f09caf1e760dd49b95b2c41708a1f4a7ef5421d5240e2abd4ca32eb,,OOXML member word/embeddings/oleObject1.bin / CONTENTS; CDX cc0585bf55e012182a28a5ce914c082ca1e455bf11d7821845402c5ca9af801c; native molecule index 2,word/embeddings/oleObject1.bin,844d0cb732a60ace1923c45a46509e25175e04515b17ba60366b3153c12b8d52,cc0585bf55e012182a28a5ce914c082ca1e455bf11d7821845402c5ca9af801c,CONTENTS,0,"[{""source_label"":null,""xml_paragraph_index_1based"":70}]"
paper-327998a67c12eca6,paper-327998a67c12eca6:embedded:cc0585bf55e012182a28:3,mol-9442c66a4960f4dc129eb90605f15bb9b15c141f0c94f00df17e803bba48a6e5,COc1cc(/C=C/CO)ccc1O,,,,native_CDX_conversion_candidate,RDKit native ChemDraw CDX interpretation of source bonds; independent stereochemistry review pending,pending_native_source_and_label_review,3,archive-002,papers/paper-327998a67c12eca6/supporting_information/si-001.zip,a5e6c00d8f09caf1e760dd49b95b2c41708a1f4a7ef5421d5240e2abd4ca32eb,,OOXML member word/embeddings/oleObject1.bin / CONTENTS; CDX cc0585bf55e012182a28a5ce914c082ca1e455bf11d7821845402c5ca9af801c; native molecule index 3,word/embeddings/oleObject1.bin,844d0cb732a60ace1923c45a46509e25175e04515b17ba60366b3153c12b8d52,cc0585bf55e012182a28a5ce914c082ca1e455bf11d7821845402c5ca9af801c,CONTENTS,0,"[{""source_label"":null,""xml_paragraph_index_1based"":70}]"
paper-327998a67c12eca6,paper-327998a67c12eca6:embedded:cc0585bf55e012182a28:4,mol-29ea077c2836628e3fea35d08f5e21a22bae6d3a0af81e8da3f5aab5cbaa960b,CCOC(=O)/C=C/c1ccc(OC)c(OC)c1,,,,native_CDX_conversion_candidate,RDKit native ChemDraw CDX interpretation of source bonds; independent stereochemistry review pending,pending_native_source_and_label_review,4,archive-002,papers/paper-327998a67c12eca6/supporting_information/si-001.zip,a5e6c00d8f09caf1e760dd49b95b2c41708a1f4a7ef5421d5240e2abd4ca32eb,,OOXML member word/embeddings/oleObject1.bin / CONTENTS; CDX cc0585bf55e012182a28a5ce914c082ca1e455bf11d7821845402c5ca9af801c; native molecule index 4,word/embeddings/oleObject1.bin,844d0cb732a60ace1923c45a46509e25175e04515b17ba60366b3153c12b8d52,cc0585bf55e012182a28a5ce914c082ca1e455bf11d7821845402c5ca9af801c,CONTENTS,0,"[{""source_label"":null,""xml_paragraph_index_1based"":70}]"
paper-327998a67c12eca6,paper-327998a67c12eca6:embedded:cc0585bf55e012182a28:5,mol-dbc861b2bcf0d9de6b0e0a06c7d9584f6c8ee3ede2f99820946f7be5e162ac87,CCOC(=O)/C=C/c1ccc(OC)c(O)c1,,,,native_CDX_conversion_candidate,RDKit native ChemDraw CDX interpretation of source bonds; independent stereochemistry review pending,pending_native_source_and_label_review,5,archive-002,papers/paper-327998a67c12eca6/supporting_information/si-001.zip,a5e6c00d8f09caf1e760dd49b95b2c41708a1f4a7ef5421d5240e2abd4ca32eb,,OOXML member word/embeddings/oleObject1.bin / CONTENTS; CDX cc0585bf55e012182a28a5ce914c082ca1e455bf11d7821845402c5ca9af801c; native molecule index 5,word/embeddings/oleObject1.bin,844d0cb732a60ace1923c45a46509e25175e04515b17ba60366b3153c12b8d52,cc0585bf55e012182a28a5ce914c082ca1e455bf11d7821845402c5ca9af801c,CONTENTS,0,"[{""source_label"":null,""xml_paragraph_index_1based"":70}]"
paper-327998a67c12eca6,paper-327998a67c12eca6:embedded:cc0585bf55e012182a28:6,mol-d0978f607359b75582a6f4ee34af148329c2ba495bc6e60e5ea3320802fa520d,CCOC(=O)/C=C/c1cc(OC)c(OC)c(OC)c1,,,,native_CDX_conversion_candidate,RDKit native ChemDraw CDX interpretation of source bonds; independent stereochemistry review pending,pending_native_source_and_label_review,6,archive-002,papers/paper-327998a67c12eca6/supporting_information/si-001.zip,a5e6c00d8f09caf1e760dd49b95b2c41708a1f4a7ef5421d5240e2abd4ca32eb,,OOXML member word/embeddings/oleObject1.bin / CONTENTS; CDX cc0585bf55e012182a28a5ce914c082ca1e455bf11d7821845402c5ca9af801c; native molecule index 6,word/embeddings/oleObject1.bin,844d0cb732a60ace1923c45a46509e25175e04515b17ba60366b3153c12b8d52,cc0585bf55e012182a28a5ce914c082ca1e455bf11d7821845402c5ca9af801c,CONTENTS,0,"[{""source_label"":null,""xml_paragraph_index_1based"":70}]"
paper-327998a67c12eca6,paper-327998a67c12eca6:embedded:cc0585bf55e012182a28:7,mol-39f6a3bb95add5e56030b8f84dab807528ee7846257230e895e6d1df09eabddc,CCOC(=O)/C=C/c1ccc(OC)cc1,,,,native_CDX_conversion_candidate,RDKit native ChemDraw CDX interpretation of source bonds; independent stereochemistry review pending,pending_native_source_and_label_review,7,archive-002,papers/paper-327998a67c12eca6/supporting_information/si-001.zip,a5e6c00d8f09caf1e760dd49b95b2c41708a1f4a7ef5421d5240e2abd4ca32eb,,OOXML member word/embeddings/oleObject1.bin / CONTENTS; CDX cc0585bf55e012182a28a5ce914c082ca1e455bf11d7821845402c5ca9af801c; native molecule index 7,word/embeddings/oleObject1.bin,844d0cb732a60ace1923c45a46509e25175e04515b17ba60366b3153c12b8d52,cc0585bf55e012182a28a5ce914c082ca1e455bf11d7821845402c5ca9af801c,CONTENTS,0,"[{""source_label"":null,""xml_paragraph_index_1based"":70}]"
paper-327998a67c12eca6,paper-327998a67c12eca6:embedded:cc0585bf55e012182a28:8,mol-fcda75870fd128d691eba2d476c6909dfb0b9a4dcf359381a3d532de051aee67,CCOC(=O)/C=C/c1ccc(OC)cc1OC,,,,native_CDX_conversion_candidate,RDKit native ChemDraw CDX interpretation of source bonds; independent stereochemistry review pending,pending_native_source_and_label_review,8,archive-002,papers/paper-327998a67c12eca6/supporting_information/si-001.zip,a5e6c00d8f09caf1e760dd49b95b2c41708a1f4a7ef5421d5240e2abd4ca32eb,,OOXML member word/embeddings/oleObject1.bin / CONTENTS; CDX cc0585bf55e012182a28a5ce914c082ca1e455bf11d7821845402c5ca9af801c; native molecule index 8,word/embeddings/oleObject1.bin,844d0cb732a60ace1923c45a46509e25175e04515b17ba60366b3153c12b8d52,cc0585bf55e012182a28a5ce914c082ca1e455bf11d7821845402c5ca9af801c,CONTENTS,0,"[{""source_label"":null,""xml_paragraph_index_1based"":70}]"
paper-327998a67c12eca6,paper-327998a67c12eca6:embedded:cc0585bf55e012182a28:9,mol-489c18b487896a073ebd7776d0c1d56c620707896cc194cae4fccf5ba0929c21,OC/C=C/c1ccc(O)cc1,,,,native_CDX_conversion_candidate,RDKit native ChemDraw CDX interpretation of source bonds; independent stereochemistry review pending,pending_native_source_and_label_review,9,archive-002,papers/paper-327998a67c12eca6/supporting_information/si-001.zip,a5e6c00d8f09caf1e760dd49b95b2c41708a1f4a7ef5421d5240e2abd4ca32eb,,OOXML member word/embeddings/oleObject1.bin / CONTENTS; CDX cc0585bf55e012182a28a5ce914c082ca1e455bf11d7821845402c5ca9af801c; native molecule index 9,word/embeddings/oleObject1.bin,844d0cb732a60ace1923c45a46509e25175e04515b17ba60366b3153c12b8d52,cc0585bf55e012182a28a5ce914c082ca1e455bf11d7821845402c5ca9af801c,CONTENTS,0,"[{""source_label"":null,""xml_paragraph_index_1based"":70}]"
paper-327998a67c12eca6,paper-327998a67c12eca6:embedded:d06eba67df7222576b73:1,mol-39fe21e0fd3297de56a531b8908096d1e5a2bf16bf1f92b89678e6317e8a8e42,COc1ccc([C@H]2O[C@@H]3O[C@@]4(C)C[C@@H]3[C@@H]2CO4)cc1,,,,native_CDX_conversion_candidate,RDKit native ChemDraw CDX interpretation of source bonds; independent stereochemistry review pending,pending_native_source_and_label_review,1,archive-002,papers/paper-327998a67c12eca6/supporting_information/si-001.zip,a5e6c00d8f09caf1e760dd49b95b2c41708a1f4a7ef5421d5240e2abd4ca32eb,,OOXML member word/embeddings/oleObject139.bin / CONTENTS; CDX d06eba67df7222576b73de0374893e954da09c5f67ff6e20612eca80463e836d; native molecule index 1,word/embeddings/oleObject139.bin,b12ea99b70bb5add5821578c5428204f8fc0f04d2fc68a06823f4b8a29b7f322,d06eba67df7222576b73de0374893e954da09c5f67ff6e20612eca80463e836d,CONTENTS,0,"[{""source_label"":null,""xml_paragraph_index_1based"":592}]"
paper-327998a67c12eca6,paper-327998a67c12eca6:embedded:d06eba67df7222576b73:1,mol-39fe21e0fd3297de56a531b8908096d1e5a2bf16bf1f92b89678e6317e8a8e42,COc1ccc([C@H]2O[C@@H]3O[C@@]4(C)C[C@@H]3[C@@H]2CO4)cc1,,,,native_CDX_conversion_candidate,RDKit native ChemDraw CDX interpretation of source bonds; independent stereochemistry review pending,pending_native_source_and_label_review,1,archive-002,papers/paper-327998a67c12eca6/supporting_information/si-001.zip,a5e6c00d8f09caf1e760dd49b95b2c41708a1f4a7ef5421d5240e2abd4ca32eb,,OOXML member word/embeddings/oleObject140.bin / CONTENTS; CDX d06eba67df7222576b73de0374893e954da09c5f67ff6e20612eca80463e836d; native molecule index 1,word/embeddings/oleObject140.bin,b12ea99b70bb5add5821578c5428204f8fc0f04d2fc68a06823f4b8a29b7f322,d06eba67df7222576b73de0374893e954da09c5f67ff6e20612eca80463e836d,CONTENTS,0,"[{""source_label"":null,""xml_paragraph_index_1based"":594}]"
paper-327998a67c12eca6,paper-327998a67c12eca6:embedded:d06eba67df7222576b73:1,mol-39fe21e0fd3297de56a531b8908096d1e5a2bf16bf1f92b89678e6317e8a8e42,COc1ccc([C@H]2O[C@@H]3O[C@@]4(C)C[C@@H]3[C@@H]2CO4)cc1,,,,native_CDX_conversion_candidate,RDKit native ChemDraw CDX interpretation of source bonds; independent stereochemistry review pending,pending_native_source_and_label_review,1,archive-002,papers/paper-327998a67c12eca6/supporting_information/si-001.zip,a5e6c00d8f09caf1e760dd49b95b2c41708a1f4a7ef5421d5240e2abd4ca32eb,,OOXML member word/embeddings/oleObject142.bin / CONTENTS; CDX d06eba67df7222576b73de0374893e954da09c5f67ff6e20612eca80463e836d; native molecule index 1,word/embeddings/oleObject142.bin,b12ea99b70bb5add5821578c5428204f8fc0f04d2fc68a06823f4b8a29b7f322,d06eba67df7222576b73de0374893e954da09c5f67ff6e20612eca80463e836d,CONTENTS,0,"[{""source_label"":null,""xml_paragraph_index_1based"":650}]"
paper-327998a67c12eca6,paper-327998a67c12eca6:embedded:d06eba67df7222576b73:1,mol-39fe21e0fd3297de56a531b8908096d1e5a2bf16bf1f92b89678e6317e8a8e42,COc1ccc([C@H]2O[C@@H]3O[C@@]4(C)C[C@@H]3[C@@H]2CO4)cc1,,,,native_CDX_conversion_candidate,RDKit native ChemDraw CDX interpretation of source bonds; independent stereochemistry review pending,pending_native_source_and_label_review,1,archive-002,papers/paper-327998a67c12eca6/supporting_information/si-001.zip,a5e6c00d8f09caf1e760dd49b95b2c41708a1f4a7ef5421d5240e2abd4ca32eb,,OOXML member word/embeddings/oleObject143.bin / CONTENTS; CDX d06eba67df7222576b73de0374893e954da09c5f67ff6e20612eca80463e836d; native molecule index 1,word/embeddings/oleObject143.bin,b12ea99b70bb5add5821578c5428204f8fc0f04d2fc68a06823f4b8a29b7f322,d06eba67df7222576b73de0374893e954da09c5f67ff6e20612eca80463e836d,CONTENTS,0,"[{""source_label"":null,""xml_paragraph_index_1based"":654}]"
paper-327998a67c12eca6,paper-327998a67c12eca6:embedded:daeb7dea6bdc268ab3aa:1,mol-a9a6ab888f61aef328e81a4e53e58619822ff9c4eb030dfdbc5e51c2a0771451,C[C@]12C[C@@H]3[C@H](CO1)[C@@H](c1ccc(P(=O)(c4ccccc4)c4ccccc4)cc1)O[C@]3(C)O2,,,,native_CDX_conversion_candidate,RDKit native ChemDraw CDX interpretation of source bonds; independent stereochemistry review pending,pending_native_source_and_label_review,1,archive-002,papers/paper-327998a67c12eca6/supporting_information/si-001.zip,a5e6c00d8f09caf1e760dd49b95b2c41708a1f4a7ef5421d5240e2abd4ca32eb,,OOXML member word/embeddings/oleObject165.bin / CONTENTS; CDX daeb7dea6bdc268ab3aa56b783d925e9b3f6dc8b0e64d65d759a0eca7559756b; native molecule index 1,word/embeddings/oleObject165.bin,2002a83b73fcc9b8a34e20732c9b96c3be173a2e6653e4c32ca009770514a3fb,daeb7dea6bdc268ab3aa56b783d925e9b3f6dc8b0e64d65d759a0eca7559756b,CONTENTS,0,"[{""source_label"":null,""xml_paragraph_index_1based"":877}]"
paper-327998a67c12eca6,paper-327998a67c12eca6:embedded:daeb7dea6bdc268ab3aa:1,mol-a9a6ab888f61aef328e81a4e53e58619822ff9c4eb030dfdbc5e51c2a0771451,C[C@]12C[C@@H]3[C@H](CO1)[C@@H](c1ccc(P(=O)(c4ccccc4)c4ccccc4)cc1)O[C@]3(C)O2,,,,native_CDX_conversion_candidate,RDKit native ChemDraw CDX interpretation of source bonds; independent stereochemistry review pending,pending_native_source_and_label_review,1,archive-002,papers/paper-327998a67c12eca6/supporting_information/si-001.zip,a5e6c00d8f09caf1e760dd49b95b2c41708a1f4a7ef5421d5240e2abd4ca32eb,,OOXML member word/embeddings/oleObject166.bin / CONTENTS; CDX daeb7dea6bdc268ab3aa56b783d925e9b3f6dc8b0e64d65d759a0eca7559756b; native molecule index 1,word/embeddings/oleObject166.bin,2002a83b73fcc9b8a34e20732c9b96c3be173a2e6653e4c32ca009770514a3fb,daeb7dea6bdc268ab3aa56b783d925e9b3f6dc8b0e64d65d759a0eca7559756b,CONTENTS,0,"[{""source_label"":null,""xml_paragraph_index_1based"":879}]"
paper-327998a67c12eca6,paper-327998a67c12eca6:embedded:daeb7dea6bdc268ab3aa:1,mol-a9a6ab888f61aef328e81a4e53e58619822ff9c4eb030dfdbc5e51c2a0771451,C[C@]12C[C@@H]3[C@H](CO1)[C@@H](c1ccc(P(=O)(c4ccccc4)c4ccccc4)cc1)O[C@]3(C)O2,,,,native_CDX_conversion_candidate,RDKit native ChemDraw CDX interpretation of source bonds; independent stereochemistry review pending,pending_native_source_and_label_review,1,archive-002,papers/paper-327998a67c12eca6/supporting_information/si-001.zip,a5e6c00d8f09caf1e760dd49b95b2c41708a1f4a7ef5421d5240e2abd4ca32eb,,OOXML member word/embeddings/oleObject167.bin / CONTENTS; CDX daeb7dea6bdc268ab3aa56b783d925e9b3f6dc8b0e64d65d759a0eca7559756b; native molecule index 1,word/embeddings/oleObject167.bin,2002a83b73fcc9b8a34e20732c9b96c3be173a2e6653e4c32ca009770514a3fb,daeb7dea6bdc268ab3aa56b783d925e9b3f6dc8b0e64d65d759a0eca7559756b,CONTENTS,0,"[{""source_label"":null,""xml_paragraph_index_1based"":880}]"
paper-327998a67c12eca6,paper-327998a67c12eca6:embedded:db15e9da55e6045b6f38:1,mol-6c3d43bfebaca0c1eb3d256122e579637f13b09627e78b12f14ef87c84de3792,COc1c(C)cc([C@H]2O[C@]3(C)O[C@@]4(C)C[C@@H]3[C@@H]2CO4)cc1C,,,,native_CDX_conversion_candidate,RDKit native ChemDraw CDX interpretation of source bonds; independent stereochemistry review pending,pending_native_source_and_label_review,1,archive-002,papers/paper-327998a67c12eca6/supporting_information/si-001.zip,a5e6c00d8f09caf1e760dd49b95b2c41708a1f4a7ef5421d5240e2abd4ca32eb,,OOXML member word/embeddings/oleObject113.bin / CONTENTS; CDX db15e9da55e6045b6f38bc4b30a7904362936628677147c082a59b100d16f7f3; native molecule index 1,word/embeddings/oleObject113.bin,62dac6d0874c20d2c9c3ce290af620bc38c0c0fc2a752556bb87f1e35d93cb8f,db15e9da55e6045b6f38bc4b30a7904362936628677147c082a59b100d16f7f3,CONTENTS,0,"[{""source_label"":null,""xml_paragraph_index_1based"":542}]"
paper-327998a67c12eca6,paper-327998a67c12eca6:embedded:db15e9da55e6045b6f38:1,mol-6c3d43bfebaca0c1eb3d256122e579637f13b09627e78b12f14ef87c84de3792,COc1c(C)cc([C@H]2O[C@]3(C)O[C@@]4(C)C[C@@H]3[C@@H]2CO4)cc1C,,,,native_CDX_conversion_candidate,RDKit native ChemDraw CDX interpretation of source bonds; independent stereochemistry review pending,pending_native_source_and_label_review,1,archive-002,papers/paper-327998a67c12eca6/supporting_information/si-001.zip,a5e6c00d8f09caf1e760dd49b95b2c41708a1f4a7ef5421d5240e2abd4ca32eb,,OOXML member word/embeddings/oleObject114.bin / CONTENTS; CDX db15e9da55e6045b6f38bc4b30a7904362936628677147c082a59b100d16f7f3; native molecule index 1,word/embeddings/oleObject114.bin,62dac6d0874c20d2c9c3ce290af620bc38c0c0fc2a752556bb87f1e35d93cb8f,db15e9da55e6045b6f38bc4b30a7904362936628677147c082a59b100d16f7f3,CONTENTS,0,"[{""source_label"":null,""xml_paragraph_index_1based"":544}]"
paper-327998a67c12eca6,paper-327998a67c12eca6:embedded:e0612016f370f623d32c:1,mol-1433d15d1abe9748f7f74430203f0117c3cd7708752eed2d696520abf4b0ad59,C[C@]12C[C@@H]3[C@H](CO1)[C@@H](c1ccc(C#Cc4ccccc4)cc1)O[C@]3(C)O2,,,,native_CDX_conversion_candidate,RDKit native ChemDraw CDX interpretation of source bonds; independent stereochemistry review pending,pending_native_source_and_label_review,1,archive-002,papers/paper-327998a67c12eca6/supporting_information/si-001.zip,a5e6c00d8f09caf1e760dd49b95b2c41708a1f4a7ef5421d5240e2abd4ca32eb,,OOXML member word/embeddings/oleObject163.bin / CONTENTS; CDX e0612016f370f623d32ca51290c1d51084016cb2d06385ca889197a020bb7834; native molecule index 1,word/embeddings/oleObject163.bin,ab0371f85b976b227ef8d7d9492bd2ff3b558eaf02c29d30a7e7cae0e1f0a7ec,e0612016f370f623d32ca51290c1d51084016cb2d06385ca889197a020bb7834,CONTENTS,0,"[{""source_label"":null,""xml_paragraph_index_1based"":873}]"
paper-327998a67c12eca6,paper-327998a67c12eca6:embedded:e0612016f370f623d32c:1,mol-1433d15d1abe9748f7f74430203f0117c3cd7708752eed2d696520abf4b0ad59,C[C@]12C[C@@H]3[C@H](CO1)[C@@H](c1ccc(C#Cc4ccccc4)cc1)O[C@]3(C)O2,,,,native_CDX_conversion_candidate,RDKit native ChemDraw CDX interpretation of source bonds; independent stereochemistry review pending,pending_native_source_and_label_review,1,archive-002,papers/paper-327998a67c12eca6/supporting_information/si-001.zip,a5e6c00d8f09caf1e760dd49b95b2c41708a1f4a7ef5421d5240e2abd4ca32eb,,OOXML member word/embeddings/oleObject164.bin / CONTENTS; CDX e0612016f370f623d32ca51290c1d51084016cb2d06385ca889197a020bb7834; native molecule index 1,word/embeddings/oleObject164.bin,ab0371f85b976b227ef8d7d9492bd2ff3b558eaf02c29d30a7e7cae0e1f0a7ec,e0612016f370f623d32ca51290c1d51084016cb2d06385ca889197a020bb7834,CONTENTS,0,"[{""source_label"":null,""xml_paragraph_index_1based"":875}]"
paper-327998a67c12eca6,paper-327998a67c12eca6:embedded:e1d68e0536e16efd94ef:1,mol-ddb161c45151b6c109f544d1548d00f2a58370c9786592d8091688dc455b1d0e,C#CCOc1ccc([C@H]2O[C@]3(C)O[C@@]4(C)C[C@@H]3[C@@H]2CO4)cc1,,,,native_CDX_conversion_candidate,RDKit native ChemDraw CDX interpretation of source bonds; independent stereochemistry review pending,pending_native_source_and_label_review,1,archive-002,papers/paper-327998a67c12eca6/supporting_information/si-001.zip,a5e6c00d8f09caf1e760dd49b95b2c41708a1f4a7ef5421d5240e2abd4ca32eb,,OOXML member word/embeddings/oleObject131.bin / CONTENTS; CDX e1d68e0536e16efd94ef36ae7005e3ac1fa83dae43da76aa1b910b55b8f8acc9; native molecule index 1,word/embeddings/oleObject131.bin,382b62c577f23221018400afa3ab7235ce33842018306265ffbdd49a0e85697b,e1d68e0536e16efd94ef36ae7005e3ac1fa83dae43da76aa1b910b55b8f8acc9,CONTENTS,0,"[{""source_label"":null,""xml_paragraph_index_1based"":577}]"
paper-327998a67c12eca6,paper-327998a67c12eca6:embedded:e1d68e0536e16efd94ef:1,mol-ddb161c45151b6c109f544d1548d00f2a58370c9786592d8091688dc455b1d0e,C#CCOc1ccc([C@H]2O[C@]3(C)O[C@@]4(C)C[C@@H]3[C@@H]2CO4)cc1,,,,native_CDX_conversion_candidate,RDKit native ChemDraw CDX interpretation of source bonds; independent stereochemistry review pending,pending_native_source_and_label_review,1,archive-002,papers/paper-327998a67c12eca6/supporting_information/si-001.zip,a5e6c00d8f09caf1e760dd49b95b2c41708a1f4a7ef5421d5240e2abd4ca32eb,,OOXML member word/embeddings/oleObject132.bin / CONTENTS; CDX e1d68e0536e16efd94ef36ae7005e3ac1fa83dae43da76aa1b910b55b8f8acc9; native molecule index 1,word/embeddings/oleObject132.bin,382b62c577f23221018400afa3ab7235ce33842018306265ffbdd49a0e85697b,e1d68e0536e16efd94ef36ae7005e3ac1fa83dae43da76aa1b910b55b8f8acc9,CONTENTS,0,"[{""source_label"":null,""xml_paragraph_index_1based"":579}]"
paper-327998a67c12eca6,paper-327998a67c12eca6:embedded:e1f72c63463ffc0dfe60:1,mol-16fc03cf6f6d5e67f7208c5ee0c12e9e73131053f4503890f6ad127c3e75cb1a,COc1ccc([C@H]2O[C@]3(C)O[C@@]4(C)C[C@@H]3[C@@H]2CO4)cc1F,,,,native_CDX_conversion_candidate,RDKit native ChemDraw CDX interpretation of source bonds; independent stereochemistry review pending,pending_native_source_and_label_review,1,archive-002,papers/paper-327998a67c12eca6/supporting_information/si-001.zip,a5e6c00d8f09caf1e760dd49b95b2c41708a1f4a7ef5421d5240e2abd4ca32eb,,OOXML member word/embeddings/oleObject105.bin / CONTENTS; CDX e1f72c63463ffc0dfe60369134f2a1716d401a801895a115050ded73cfa31eda; native molecule index 1,word/embeddings/oleObject105.bin,a6466f70119293781af7b1dd1b7faca19b1582cd75bf66a5b04b11749c55702a,e1f72c63463ffc0dfe60369134f2a1716d401a801895a115050ded73cfa31eda,CONTENTS,0,"[{""source_label"":null,""xml_paragraph_index_1based"":529}]"
paper-327998a67c12eca6,paper-327998a67c12eca6:embedded:e1f72c63463ffc0dfe60:1,mol-16fc03cf6f6d5e67f7208c5ee0c12e9e73131053f4503890f6ad127c3e75cb1a,COc1ccc([C@H]2O[C@]3(C)O[C@@]4(C)C[C@@H]3[C@@H]2CO4)cc1F,,,,native_CDX_conversion_candidate,RDKit native ChemDraw CDX interpretation of source bonds; independent stereochemistry review pending,pending_native_source_and_label_review,1,archive-002,papers/paper-327998a67c12eca6/supporting_information/si-001.zip,a5e6c00d8f09caf1e760dd49b95b2c41708a1f4a7ef5421d5240e2abd4ca32eb,,OOXML member word/embeddings/oleObject106.bin / CONTENTS; CDX e1f72c63463ffc0dfe60369134f2a1716d401a801895a115050ded73cfa31eda; native molecule index 1,word/embeddings/oleObject106.bin,a6466f70119293781af7b1dd1b7faca19b1582cd75bf66a5b04b11749c55702a,e1f72c63463ffc0dfe60369134f2a1716d401a801895a115050ded73cfa31eda,CONTENTS,0,"[{""source_label"":null,""xml_paragraph_index_1based"":531}]"
paper-327998a67c12eca6,paper-327998a67c12eca6:embedded:e1f72c63463ffc0dfe60:1,mol-16fc03cf6f6d5e67f7208c5ee0c12e9e73131053f4503890f6ad127c3e75cb1a,COc1ccc([C@H]2O[C@]3(C)O[C@@]4(C)C[C@@H]3[C@@H]2CO4)cc1F,,,,native_CDX_conversion_candidate,RDKit native ChemDraw CDX interpretation of source bonds; independent stereochemistry review pending,pending_native_source_and_label_review,1,archive-002,papers/paper-327998a67c12eca6/supporting_information/si-001.zip,a5e6c00d8f09caf1e760dd49b95b2c41708a1f4a7ef5421d5240e2abd4ca32eb,,OOXML member word/embeddings/oleObject107.bin / CONTENTS; CDX e1f72c63463ffc0dfe60369134f2a1716d401a801895a115050ded73cfa31eda; native molecule index 1,word/embeddings/oleObject107.bin,a6466f70119293781af7b1dd1b7faca19b1582cd75bf66a5b04b11749c55702a,e1f72c63463ffc0dfe60369134f2a1716d401a801895a115050ded73cfa31eda,CONTENTS,0,"[{""source_label"":null,""xml_paragraph_index_1based"":532}]"
paper-327998a67c12eca6,paper-327998a67c12eca6:embedded:e2829539a73f0c02513e:1,mol-ed515c1e01495732f2086459e7fe06c90b3914df5191e6089f977e068e3086c4,COc1ccc([C@H]2O[C@]3(C)O[C@@]4(C)C[C@@H]3[C@@H]2CO4)c(OC)c1,,,,native_CDX_conversion_candidate,RDKit native ChemDraw CDX interpretation of source bonds; independent stereochemistry review pending,pending_native_source_and_label_review,1,archive-002,papers/paper-327998a67c12eca6/supporting_information/si-001.zip,a5e6c00d8f09caf1e760dd49b95b2c41708a1f4a7ef5421d5240e2abd4ca32eb,,OOXML member word/embeddings/oleObject26.bin / CONTENTS; CDX e2829539a73f0c02513e23ac5e907ac5d52b6b738257188737e5b6802930720f; native molecule index 1,word/embeddings/oleObject26.bin,4a7cbde8df3075d12067fa87f7581c24ee28cdda9c574deec448c776dcf227a6,e2829539a73f0c02513e23ac5e907ac5d52b6b738257188737e5b6802930720f,CONTENTS,0,"[{""source_label"":null,""xml_paragraph_index_1based"":249}]"
paper-327998a67c12eca6,paper-327998a67c12eca6:embedded:e4638205ae93e5a89bb7:1,mol-d63f8419ee5b9c14b245ee9ec921df230191f80b5b83c57ce8c8ad4155ba5f3e,COc1cc([C@H]2O[C@]3(C)O[C@@]4(C)C[C@@H]3[C@@H]2CO4)ccc1O,,,,native_CDX_conversion_candidate,RDKit native ChemDraw CDX interpretation of source bonds; independent stereochemistry review pending,pending_native_source_and_label_review,1,archive-002,papers/paper-327998a67c12eca6/supporting_information/si-001.zip,a5e6c00d8f09caf1e760dd49b95b2c41708a1f4a7ef5421d5240e2abd4ca32eb,,OOXML member word/embeddings/oleObject52.bin / CONTENTS; CDX e4638205ae93e5a89bb72fd06e37e90a0cb827b83b9f2fa17dcc06033cff11e4; native molecule index 1,word/embeddings/oleObject52.bin,e36392a24c69f1b360f570f88b28ce18c585082e728f319af44a4934a9a8bd71,e4638205ae93e5a89bb72fd06e37e90a0cb827b83b9f2fa17dcc06033cff11e4,CONTENTS,0,"[{""source_label"":null,""xml_paragraph_index_1based"":449}]"
paper-327998a67c12eca6,paper-327998a67c12eca6:embedded:e54b2532924848ef0865:1,mol-784b3ba9e77175c68b06a7754803018e029e450f0f8bba9aa267094e12faef69,CCOc1cc([C@H]2O[C@]3(C)O[C@@]4(C)C[C@@H]3[C@@H]2CO4)ccc1O,,,,native_CDX_conversion_candidate,RDKit native ChemDraw CDX interpretation of source bonds; independent stereochemistry review pending,pending_native_source_and_label_review,1,archive-002,papers/paper-327998a67c12eca6/supporting_information/si-001.zip,a5e6c00d8f09caf1e760dd49b95b2c41708a1f4a7ef5421d5240e2abd4ca32eb,,OOXML member word/embeddings/oleObject13.bin / CONTENTS; CDX e54b2532924848ef0865072adf9b77dab8c31954640bc89896dd109e04060f39; native molecule index 1,word/embeddings/oleObject13.bin,78768e025b6ea4f8de2fe3f78843b3e31faace8d59ea508d85764896196cdc84,e54b2532924848ef0865072adf9b77dab8c31954640bc89896dd109e04060f39,CONTENTS,0,"[{""source_label"":null,""xml_paragraph_index_1based"":222}]"
paper-327998a67c12eca6,paper-327998a67c12eca6:embedded:e8476bc20bda3bdd4b60:1,mol-29a928cb9a715a54ee019d5705d658aa0905984f38d5adf1cc350aa5ff29eb50,Cc1cc([C@H]2O[C@]3(C)O[C@@]4(C)C[C@@H]3[C@@H]2CO4)ccc1O,,,,native_CDX_conversion_candidate,RDKit native ChemDraw CDX interpretation of source bonds; independent stereochemistry review pending,pending_native_source_and_label_review,1,archive-002,papers/paper-327998a67c12eca6/supporting_information/si-001.zip,a5e6c00d8f09caf1e760dd49b95b2c41708a1f4a7ef5421d5240e2abd4ca32eb,,OOXML member word/embeddings/oleObject14.bin / CONTENTS; CDX e8476bc20bda3bdd4b60cb29862d9f9eca5d7eab6dc38ca47fee0dcca765ab97; native molecule index 1,word/embeddings/oleObject14.bin,aee2924c4de7d7df44e1960c019bb119ce367b55f1df0959c1fc16f000cfc1d9,e8476bc20bda3bdd4b60cb29862d9f9eca5d7eab6dc38ca47fee0dcca765ab97,CONTENTS,0,"[{""source_label"":null,""xml_paragraph_index_1based"":224}]"
paper-327998a67c12eca6,paper-327998a67c12eca6:embedded:e8aaba752e2a0183b1e7:1,mol-bd5a0b32081972bab7b6eaa5dcf111dcb353eb5eb546a4fd200dba5b9ad44d2f,CC[C@]12C[C@H]3[C@H](O[C@H](c4ccc(OC)cc4)[C@H]3CO1)O2,,,,native_CDX_conversion_candidate,RDKit native ChemDraw CDX interpretation of source bonds; independent stereochemistry review pending,pending_native_source_and_label_review,1,archive-002,papers/paper-327998a67c12eca6/supporting_information/si-001.zip,a5e6c00d8f09caf1e760dd49b95b2c41708a1f4a7ef5421d5240e2abd4ca32eb,,OOXML member word/embeddings/oleObject144.bin / CONTENTS; CDX e8aaba752e2a0183b1e71959889848d6c8f37b77514b93868163aa3dad085b5d; native molecule index 1,word/embeddings/oleObject144.bin,d89a8e58cece752fb3a062be75a9f1a18eb379bef0e7846c6b002c5a89b858b2,e8aaba752e2a0183b1e71959889848d6c8f37b77514b93868163aa3dad085b5d,CONTENTS,0,"[{""source_label"":null,""xml_paragraph_index_1based"":656}]"
paper-327998a67c12eca6,paper-327998a67c12eca6:embedded:e8aaba752e2a0183b1e7:1,mol-bd5a0b32081972bab7b6eaa5dcf111dcb353eb5eb546a4fd200dba5b9ad44d2f,CC[C@]12C[C@H]3[C@H](O[C@H](c4ccc(OC)cc4)[C@H]3CO1)O2,,,,native_CDX_conversion_candidate,RDKit native ChemDraw CDX interpretation of source bonds; independent stereochemistry review pending,pending_native_source_and_label_review,1,archive-002,papers/paper-327998a67c12eca6/supporting_information/si-001.zip,a5e6c00d8f09caf1e760dd49b95b2c41708a1f4a7ef5421d5240e2abd4ca32eb,,OOXML member word/embeddings/oleObject145.bin / CONTENTS; CDX e8aaba752e2a0183b1e71959889848d6c8f37b77514b93868163aa3dad085b5d; native molecule index 1,word/embeddings/oleObject145.bin,d89a8e58cece752fb3a062be75a9f1a18eb379bef0e7846c6b002c5a89b858b2,e8aaba752e2a0183b1e71959889848d6c8f37b77514b93868163aa3dad085b5d,CONTENTS,0,"[{""source_label"":null,""xml_paragraph_index_1based"":658}]"
paper-327998a67c12eca6,paper-327998a67c12eca6:embedded:e8aaba752e2a0183b1e7:1,mol-bd5a0b32081972bab7b6eaa5dcf111dcb353eb5eb546a4fd200dba5b9ad44d2f,CC[C@]12C[C@H]3[C@H](O[C@H](c4ccc(OC)cc4)[C@H]3CO1)O2,,,,native_CDX_conversion_candidate,RDKit native ChemDraw CDX interpretation of source bonds; independent stereochemistry review pending,pending_native_source_and_label_review,1,archive-002,papers/paper-327998a67c12eca6/supporting_information/si-001.zip,a5e6c00d8f09caf1e760dd49b95b2c41708a1f4a7ef5421d5240e2abd4ca32eb,,OOXML member word/embeddings/oleObject147.bin / CONTENTS; CDX e8aaba752e2a0183b1e71959889848d6c8f37b77514b93868163aa3dad085b5d; native molecule index 1,word/embeddings/oleObject147.bin,d89a8e58cece752fb3a062be75a9f1a18eb379bef0e7846c6b002c5a89b858b2,e8aaba752e2a0183b1e71959889848d6c8f37b77514b93868163aa3dad085b5d,CONTENTS,0,"[{""source_label"":null,""xml_paragraph_index_1based"":721}]"
paper-327998a67c12eca6,paper-327998a67c12eca6:embedded:e8aaba752e2a0183b1e7:1,mol-bd5a0b32081972bab7b6eaa5dcf111dcb353eb5eb546a4fd200dba5b9ad44d2f,CC[C@]12C[C@H]3[C@H](O[C@H](c4ccc(OC)cc4)[C@H]3CO1)O2,,,,native_CDX_conversion_candidate,RDKit native ChemDraw CDX interpretation of source bonds; independent stereochemistry review pending,pending_native_source_and_label_review,1,archive-002,papers/paper-327998a67c12eca6/supporting_information/si-001.zip,a5e6c00d8f09caf1e760dd49b95b2c41708a1f4a7ef5421d5240e2abd4ca32eb,,OOXML member word/embeddings/oleObject148.bin / CONTENTS; CDX e8aaba752e2a0183b1e71959889848d6c8f37b77514b93868163aa3dad085b5d; native molecule index 1,word/embeddings/oleObject148.bin,d89a8e58cece752fb3a062be75a9f1a18eb379bef0e7846c6b002c5a89b858b2,e8aaba752e2a0183b1e71959889848d6c8f37b77514b93868163aa3dad085b5d,CONTENTS,0,"[{""source_label"":null,""xml_paragraph_index_1based"":722}]"
paper-327998a67c12eca6,paper-327998a67c12eca6:embedded:eddce258ba73ab0932ab:1,mol-60a9bfd9a1387657070ac8562a7fc6fc4b25b001201150998fe78838b31ca56c,C[C@]12C[C@@H]3[C@H](CO1)[C@@H](c1ccc(O)c(F)c1)O[C@]3(C)O2,,,,native_CDX_conversion_candidate,RDKit native ChemDraw CDX interpretation of source bonds; independent stereochemistry review pending,pending_native_source_and_label_review,1,archive-002,papers/paper-327998a67c12eca6/supporting_information/si-001.zip,a5e6c00d8f09caf1e760dd49b95b2c41708a1f4a7ef5421d5240e2abd4ca32eb,,OOXML member word/embeddings/oleObject15.bin / CONTENTS; CDX eddce258ba73ab0932ab86c4643250d592b4e473149ecd32d4c5ac3e81434141; native molecule index 1,word/embeddings/oleObject15.bin,81c2cf055fda6c9c5d68d17f3fd4755e01f6e200a697456f1ab95196f60779ba,eddce258ba73ab0932ab86c4643250d592b4e473149ecd32d4c5ac3e81434141,CONTENTS,0,"[{""source_label"":null,""xml_paragraph_index_1based"":226}]"
paper-327998a67c12eca6,paper-327998a67c12eca6:embedded:f361dcc7fe77b8a1ea02:1,mol-b8fb4a9e1b45737c2739ccb90b163b90c3ad42b8a4807ebc6f4bc8a017951add,OC/C=C/c1ccccc1,,,,native_CDX_conversion_candidate,RDKit native ChemDraw CDX interpretation of source bonds; independent stereochemistry review pending,pending_native_source_and_label_review,1,archive-002,papers/paper-327998a67c12eca6/supporting_information/si-001.zip,a5e6c00d8f09caf1e760dd49b95b2c41708a1f4a7ef5421d5240e2abd4ca32eb,,OOXML member word/embeddings/oleObject5.bin / CONTENTS; CDX f361dcc7fe77b8a1ea023e2f0c2e23961202627c74b91f13e1644e80682adda0; native molecule index 1,word/embeddings/oleObject5.bin,3cd1cc9db5b073b7e2510348161cc75a89b2bf12aa866d25b2297122b513c638,f361dcc7fe77b8a1ea023e2f0c2e23961202627c74b91f13e1644e80682adda0,CONTENTS,0,"[{""source_label"":null,""xml_paragraph_index_1based"":191}]"
paper-327998a67c12eca6,paper-327998a67c12eca6:embedded:f361dcc7fe77b8a1ea02:6,mol-bd15fd0fff668c02c36f80e509cab5f9a42e76792bec9266d72e81b9f9be9aab,Cc1ccc(S(=O)(=O)O)cc1,,,,native_CDX_conversion_candidate,RDKit native ChemDraw CDX interpretation of source bonds; independent stereochemistry review pending,pending_native_source_and_label_review,6,archive-002,papers/paper-327998a67c12eca6/supporting_information/si-001.zip,a5e6c00d8f09caf1e760dd49b95b2c41708a1f4a7ef5421d5240e2abd4ca32eb,,OOXML member word/embeddings/oleObject5.bin / CONTENTS; CDX f361dcc7fe77b8a1ea023e2f0c2e23961202627c74b91f13e1644e80682adda0; native molecule index 6,word/embeddings/oleObject5.bin,3cd1cc9db5b073b7e2510348161cc75a89b2bf12aa866d25b2297122b513c638,f361dcc7fe77b8a1ea023e2f0c2e23961202627c74b91f13e1644e80682adda0,CONTENTS,0,"[{""source_label"":null,""xml_paragraph_index_1based"":191}]"
paper-327998a67c12eca6,paper-327998a67c12eca6:embedded:f3e0c97bc53786421326:1,mol-401d7b64bc812db4c23e213a264c4464f936aa60baa2d77935ba1fdb876fd254,C[C@]12C[C@@H]3[C@H](CO1)[C@@H](c1ccc4c(c1)OCCO4)O[C@]3(C)O2,,,,native_CDX_conversion_candidate,RDKit native ChemDraw CDX interpretation of source bonds; independent stereochemistry review pending,pending_native_source_and_label_review,1,archive-002,papers/paper-327998a67c12eca6/supporting_information/si-001.zip,a5e6c00d8f09caf1e760dd49b95b2c41708a1f4a7ef5421d5240e2abd4ca32eb,,OOXML member word/embeddings/oleObject40.bin / CONTENTS; CDX f3e0c97bc53786421326b179dca3c15e429f37e14386b2d5725a4b2c606c91e3; native molecule index 1,word/embeddings/oleObject40.bin,62d97a87c30a891892d1d560d903c6004421fd8935b7212da9f2dbef23e59cbe,f3e0c97bc53786421326b179dca3c15e429f37e14386b2d5725a4b2c606c91e3,CONTENTS,0,"[{""source_label"":null,""xml_paragraph_index_1based"":279}]"
paper-327998a67c12eca6,paper-327998a67c12eca6:embedded:f63579a4ff9066a56e1d:1,mol-b2f8fb839606751a7e5168d16e0420966bc1417a4244a1582fa3be223f73023c,CC(C)(C)Oc1ccc([C@H]2O[C@]3(C)O[C@@]4(C)C[C@@H]3[C@@H]2CO4)cc1,,,,native_CDX_conversion_candidate,RDKit native ChemDraw CDX interpretation of source bonds; independent stereochemistry review pending,pending_native_source_and_label_review,1,archive-002,papers/paper-327998a67c12eca6/supporting_information/si-001.zip,a5e6c00d8f09caf1e760dd49b95b2c41708a1f4a7ef5421d5240e2abd4ca32eb,,OOXML member word/embeddings/oleObject35.bin / CONTENTS; CDX f63579a4ff9066a56e1dc1cfd51710f5cfc38cb28e9f2abfc1113756fdae3262; native molecule index 1,word/embeddings/oleObject35.bin,fafafc3c74080ff56acdd27cc39f1b530b48c53deef2534535aa69fe90b68795,f63579a4ff9066a56e1dc1cfd51710f5cfc38cb28e9f2abfc1113756fdae3262,CONTENTS,0,"[{""source_label"":null,""xml_paragraph_index_1based"":269}]"
paper-327998a67c12eca6,paper-327998a67c12eca6:embedded:f6b39f3042cf52a7d5d0:1,mol-1f29c7c961f1cd8b34a39e20e483fda076a727d58d98c1a408657db29e35c286,CC[C@]12O[C@H](c3ccc(OC)cc3)[C@H]3CO[C@](C)(C[C@H]31)O2,,,,native_CDX_conversion_candidate,RDKit native ChemDraw CDX interpretation of source bonds; independent stereochemistry review pending,pending_native_source_and_label_review,1,archive-002,papers/paper-327998a67c12eca6/supporting_information/si-001.zip,a5e6c00d8f09caf1e760dd49b95b2c41708a1f4a7ef5421d5240e2abd4ca32eb,,OOXML member word/embeddings/oleObject156.bin / CONTENTS; CDX f6b39f3042cf52a7d5d0caa8501e0aef34b3cab3491e4aafa11a0c1d4c3ee1c3; native molecule index 1,word/embeddings/oleObject156.bin,d16867a5f64ab493fce1c7f59c5ec3b7cd000a4ef2d975384bc146d25ac82239,f6b39f3042cf52a7d5d0caa8501e0aef34b3cab3491e4aafa11a0c1d4c3ee1c3,CONTENTS,0,"[{""source_label"":null,""xml_paragraph_index_1based"":799}]"
paper-327998a67c12eca6,paper-327998a67c12eca6:embedded:f777cfa640e634a08d40:1,mol-a74f1a267890c4155b76991449c021dca736a83849e3767d2ed3eb8279bf6b79,COc1cc([C@H]2O[C@]3(C)O[C@@]4(C)C[C@@H]3[C@@H]2CO4)cc(OC)c1OC,,,,native_CDX_conversion_candidate,RDKit native ChemDraw CDX interpretation of source bonds; independent stereochemistry review pending,pending_native_source_and_label_review,1,archive-002,papers/paper-327998a67c12eca6/supporting_information/si-001.zip,a5e6c00d8f09caf1e760dd49b95b2c41708a1f4a7ef5421d5240e2abd4ca32eb,,OOXML member word/embeddings/oleObject30.bin / CONTENTS; CDX f777cfa640e634a08d400d418fd5647b88f3a88abc94f688f508e1470df615fd; native molecule index 1,word/embeddings/oleObject30.bin,5670b94b75d15464f6c8a91b12789e8d0b7941e9cb632cbf8e97f93997f3eea8,f777cfa640e634a08d400d418fd5647b88f3a88abc94f688f508e1470df615fd,CONTENTS,0,"[{""source_label"":null,""xml_paragraph_index_1based"":259}]"
paper-327998a67c12eca6,paper-327998a67c12eca6:embedded:f98d00b23ace00c66a37:1,mol-ad7563f79a06c32834fe9c0dcf73639171405503cd5b6453d852a665e4c5feff,COc1ccc([C@H]2O[C@]3(C)O[C@@]4(C)C[C@@H]3[C@@H]2CO4)cc1Cl,,,,native_CDX_conversion_candidate,RDKit native ChemDraw CDX interpretation of source bonds; independent stereochemistry review pending,pending_native_source_and_label_review,1,archive-002,papers/paper-327998a67c12eca6/supporting_information/si-001.zip,a5e6c00d8f09caf1e760dd49b95b2c41708a1f4a7ef5421d5240e2abd4ca32eb,,OOXML member word/embeddings/oleObject108.bin / CONTENTS; CDX f98d00b23ace00c66a3719d45973f208bfd6088e7ea7041f1b731290bb13d6c8; native molecule index 1,word/embeddings/oleObject108.bin,385d0d3d7e91478706368ba354a5b511b998874ffea34599601dd6243b4f76df,f98d00b23ace00c66a3719d45973f208bfd6088e7ea7041f1b731290bb13d6c8,CONTENTS,0,"[{""source_label"":null,""xml_paragraph_index_1based"":533}]"
paper-327998a67c12eca6,paper-327998a67c12eca6:embedded:f98d00b23ace00c66a37:1,mol-ad7563f79a06c32834fe9c0dcf73639171405503cd5b6453d852a665e4c5feff,COc1ccc([C@H]2O[C@]3(C)O[C@@]4(C)C[C@@H]3[C@@H]2CO4)cc1Cl,,,,native_CDX_conversion_candidate,RDKit native ChemDraw CDX interpretation of source bonds; independent stereochemistry review pending,pending_native_source_and_label_review,1,archive-002,papers/paper-327998a67c12eca6/supporting_information/si-001.zip,a5e6c00d8f09caf1e760dd49b95b2c41708a1f4a7ef5421d5240e2abd4ca32eb,,OOXML member word/embeddings/oleObject109.bin / CONTENTS; CDX f98d00b23ace00c66a3719d45973f208bfd6088e7ea7041f1b731290bb13d6c8; native molecule index 1,word/embeddings/oleObject109.bin,385d0d3d7e91478706368ba354a5b511b998874ffea34599601dd6243b4f76df,f98d00b23ace00c66a3719d45973f208bfd6088e7ea7041f1b731290bb13d6c8,CONTENTS,0,"[{""source_label"":null,""xml_paragraph_index_1based"":535}]"
paper-327998a67c12eca6,paper-327998a67c12eca6:embedded:f9e169f7b6cc58772f7d:1,mol-b2f8fb839606751a7e5168d16e0420966bc1417a4244a1582fa3be223f73023c,CC(C)(C)Oc1ccc([C@H]2O[C@]3(C)O[C@@]4(C)C[C@@H]3[C@@H]2CO4)cc1,,,,native_CDX_conversion_candidate,RDKit native ChemDraw CDX interpretation of source bonds; independent stereochemistry review pending,pending_native_source_and_label_review,1,archive-002,papers/paper-327998a67c12eca6/supporting_information/si-001.zip,a5e6c00d8f09caf1e760dd49b95b2c41708a1f4a7ef5421d5240e2abd4ca32eb,,OOXML member word/embeddings/oleObject125.bin / CONTENTS; CDX f9e169f7b6cc58772f7d24d846f5d2ad38a6b3cd51fc066127852a086bf61f38; native molecule index 1,word/embeddings/oleObject125.bin,30552c6df78b0504961b14ca42b3a31873f0e5137c77c8079b3bef5ee2095a5e,f9e169f7b6cc58772f7d24d846f5d2ad38a6b3cd51fc066127852a086bf61f38,CONTENTS,0,"[{""source_label"":null,""xml_paragraph_index_1based"":566}]"
paper-327998a67c12eca6,paper-327998a67c12eca6:embedded:f9e169f7b6cc58772f7d:1,mol-b2f8fb839606751a7e5168d16e0420966bc1417a4244a1582fa3be223f73023c,CC(C)(C)Oc1ccc([C@H]2O[C@]3(C)O[C@@]4(C)C[C@@H]3[C@@H]2CO4)cc1,,,,native_CDX_conversion_candidate,RDKit native ChemDraw CDX interpretation of source bonds; independent stereochemistry review pending,pending_native_source_and_label_review,1,archive-002,papers/paper-327998a67c12eca6/supporting_information/si-001.zip,a5e6c00d8f09caf1e760dd49b95b2c41708a1f4a7ef5421d5240e2abd4ca32eb,,OOXML member word/embeddings/oleObject126.bin / CONTENTS; CDX f9e169f7b6cc58772f7d24d846f5d2ad38a6b3cd51fc066127852a086bf61f38; native molecule index 1,word/embeddings/oleObject126.bin,30552c6df78b0504961b14ca42b3a31873f0e5137c77c8079b3bef5ee2095a5e,f9e169f7b6cc58772f7d24d846f5d2ad38a6b3cd51fc066127852a086bf61f38,CONTENTS,0,"[{""source_label"":null,""xml_paragraph_index_1based"":568}]"
paper-327998a67c12eca6,paper-327998a67c12eca6:embedded:fa02ca015928950e004a:1,mol-60a9bfd9a1387657070ac8562a7fc6fc4b25b001201150998fe78838b31ca56c,C[C@]12C[C@@H]3[C@H](CO1)[C@@H](c1ccc(O)c(F)c1)O[C@]3(C)O2,,,,native_CDX_conversion_candidate,RDKit native ChemDraw CDX interpretation of source bonds; independent stereochemistry review pending,pending_native_source_and_label_review,1,archive-002,papers/paper-327998a67c12eca6/supporting_information/si-001.zip,a5e6c00d8f09caf1e760dd49b95b2c41708a1f4a7ef5421d5240e2abd4ca32eb,,OOXML member word/embeddings/oleObject65.bin / CONTENTS; CDX fa02ca015928950e004a20136f41bc0f491e5bfebfdf1292e64d7042d6e576a2; native molecule index 1,word/embeddings/oleObject65.bin,7949c9fdda9bba1a5189b39044451021d0b714d96cd5fc8d30cc9d856ddc6559,fa02ca015928950e004a20136f41bc0f491e5bfebfdf1292e64d7042d6e576a2,CONTENTS,0,"[{""source_label"":null,""xml_paragraph_index_1based"":479}]"
paper-327998a67c12eca6,paper-327998a67c12eca6:embedded:fa02ca015928950e004a:1,mol-60a9bfd9a1387657070ac8562a7fc6fc4b25b001201150998fe78838b31ca56c,C[C@]12C[C@@H]3[C@H](CO1)[C@@H](c1ccc(O)c(F)c1)O[C@]3(C)O2,,,,native_CDX_conversion_candidate,RDKit native ChemDraw CDX interpretation of source bonds; independent stereochemistry review pending,pending_native_source_and_label_review,1,archive-002,papers/paper-327998a67c12eca6/supporting_information/si-001.zip,a5e6c00d8f09caf1e760dd49b95b2c41708a1f4a7ef5421d5240e2abd4ca32eb,,OOXML member word/embeddings/oleObject66.bin / CONTENTS; CDX fa02ca015928950e004a20136f41bc0f491e5bfebfdf1292e64d7042d6e576a2; native molecule index 1,word/embeddings/oleObject66.bin,7949c9fdda9bba1a5189b39044451021d0b714d96cd5fc8d30cc9d856ddc6559,fa02ca015928950e004a20136f41bc0f491e5bfebfdf1292e64d7042d6e576a2,CONTENTS,0,"[{""source_label"":null,""xml_paragraph_index_1based"":481}]"
paper-327998a67c12eca6,paper-327998a67c12eca6:embedded:fa66e2c2be6a9d6f5c93:1,mol-ab01780c0102f3dea2b25154d5420c57844ac62610712ae51683f59bb065de09,C[C@]12C[C@@H]3[C@H](CO1)[C@@H](c1ccc(OS(=O)(=O)C(F)(F)F)cc1)O[C@]3(C)O2,,,,native_CDX_conversion_candidate,RDKit native ChemDraw CDX interpretation of source bonds; independent stereochemistry review pending,pending_native_source_and_label_review,1,archive-002,papers/paper-327998a67c12eca6/supporting_information/si-001.zip,a5e6c00d8f09caf1e760dd49b95b2c41708a1f4a7ef5421d5240e2abd4ca32eb,,OOXML member word/embeddings/oleObject9.bin / CONTENTS; CDX fa66e2c2be6a9d6f5c9362e119f9c5e12614c054b8417a5ca597b84e9583f691; native molecule index 1,word/embeddings/oleObject9.bin,dc57ab1c047ec6427b6f79affe96848dba027862520f1764424449f9daa4b878,fa66e2c2be6a9d6f5c9362e119f9c5e12614c054b8417a5ca597b84e9583f691,CONTENTS,0,"[{""source_label"":null,""xml_paragraph_index_1based"":203}]"
paper-327998a67c12eca6,paper-327998a67c12eca6:embedded:fa66e2c2be6a9d6f5c93:2,mol-a9a6ab888f61aef328e81a4e53e58619822ff9c4eb030dfdbc5e51c2a0771451,C[C@]12C[C@@H]3[C@H](CO1)[C@@H](c1ccc(P(=O)(c4ccccc4)c4ccccc4)cc1)O[C@]3(C)O2,,,,native_CDX_conversion_candidate,RDKit native ChemDraw CDX interpretation of source bonds; independent stereochemistry review pending,pending_native_source_and_label_review,2,archive-002,papers/paper-327998a67c12eca6/supporting_information/si-001.zip,a5e6c00d8f09caf1e760dd49b95b2c41708a1f4a7ef5421d5240e2abd4ca32eb,,OOXML member word/embeddings/oleObject9.bin / CONTENTS; CDX fa66e2c2be6a9d6f5c9362e119f9c5e12614c054b8417a5ca597b84e9583f691; native molecule index 2,word/embeddings/oleObject9.bin,dc57ab1c047ec6427b6f79affe96848dba027862520f1764424449f9daa4b878,fa66e2c2be6a9d6f5c9362e119f9c5e12614c054b8417a5ca597b84e9583f691,CONTENTS,0,"[{""source_label"":null,""xml_paragraph_index_1based"":203}]"
paper-327998a67c12eca6,paper-327998a67c12eca6:embedded:fa66e2c2be6a9d6f5c93:3,mol-7746f9932f82f77a87a91010ca69361b37fb59d897020ae6bf75af83518de9ff,O=[PH](c1ccccc1)c1ccccc1,,,,native_CDX_conversion_candidate,RDKit native ChemDraw CDX interpretation of source bonds; independent stereochemistry review pending,pending_native_source_and_label_review,3,archive-002,papers/paper-327998a67c12eca6/supporting_information/si-001.zip,a5e6c00d8f09caf1e760dd49b95b2c41708a1f4a7ef5421d5240e2abd4ca32eb,,OOXML member word/embeddings/oleObject9.bin / CONTENTS; CDX fa66e2c2be6a9d6f5c9362e119f9c5e12614c054b8417a5ca597b84e9583f691; native molecule index 3,word/embeddings/oleObject9.bin,dc57ab1c047ec6427b6f79affe96848dba027862520f1764424449f9daa4b878,fa66e2c2be6a9d6f5c9362e119f9c5e12614c054b8417a5ca597b84e9583f691,CONTENTS,0,"[{""source_label"":null,""xml_paragraph_index_1based"":203}]"
paper-327998a67c12eca6,paper-327998a67c12eca6:embedded:fc257385b02f560fdcae:1,mol-e4d6a7707338f2b6d688312599397f206a708bc0a13f983291d49ca4f28c3b80,COc1cc([C@H]2O[C@]3(C)O[C@@]4(C)C[C@@H]3[C@@H]2CO4)cc(F)c1O,,,,native_CDX_conversion_candidate,RDKit native ChemDraw CDX interpretation of source bonds; independent stereochemistry review pending,pending_native_source_and_label_review,1,archive-002,papers/paper-327998a67c12eca6/supporting_information/si-001.zip,a5e6c00d8f09caf1e760dd49b95b2c41708a1f4a7ef5421d5240e2abd4ca32eb,,OOXML member word/embeddings/oleObject77.bin / CONTENTS; CDX fc257385b02f560fdcae0870c094c7857e8538ccb86495573f1c8d3dbac4c435; native molecule index 1,word/embeddings/oleObject77.bin,c5147a55c4e58490202660afa66e49adc8f697e9d848004847c09657c8b71d4c,fc257385b02f560fdcae0870c094c7857e8538ccb86495573f1c8d3dbac4c435,CONTENTS,0,"[{""source_label"":null,""xml_paragraph_index_1based"":491}]"
paper-327998a67c12eca6,paper-327998a67c12eca6:embedded:fc257385b02f560fdcae:1,mol-e4d6a7707338f2b6d688312599397f206a708bc0a13f983291d49ca4f28c3b80,COc1cc([C@H]2O[C@]3(C)O[C@@]4(C)C[C@@H]3[C@@H]2CO4)cc(F)c1O,,,,native_CDX_conversion_candidate,RDKit native ChemDraw CDX interpretation of source bonds; independent stereochemistry review pending,pending_native_source_and_label_review,1,archive-002,papers/paper-327998a67c12eca6/supporting_information/si-001.zip,a5e6c00d8f09caf1e760dd49b95b2c41708a1f4a7ef5421d5240e2abd4ca32eb,,OOXML member word/embeddings/oleObject78.bin / CONTENTS; CDX fc257385b02f560fdcae0870c094c7857e8538ccb86495573f1c8d3dbac4c435; native molecule index 1,word/embeddings/oleObject78.bin,c5147a55c4e58490202660afa66e49adc8f697e9d848004847c09657c8b71d4c,fc257385b02f560fdcae0870c094c7857e8538ccb86495573f1c8d3dbac4c435,CONTENTS,0,"[{""source_label"":null,""xml_paragraph_index_1based"":491}]"
paper-327998a67c12eca6,paper-327998a67c12eca6:embedded:fc257385b02f560fdcae:1,mol-e4d6a7707338f2b6d688312599397f206a708bc0a13f983291d49ca4f28c3b80,COc1cc([C@H]2O[C@]3(C)O[C@@]4(C)C[C@@H]3[C@@H]2CO4)cc(F)c1O,,,,native_CDX_conversion_candidate,RDKit native ChemDraw CDX interpretation of source bonds; independent stereochemistry review pending,pending_native_source_and_label_review,1,archive-002,papers/paper-327998a67c12eca6/supporting_information/si-001.zip,a5e6c00d8f09caf1e760dd49b95b2c41708a1f4a7ef5421d5240e2abd4ca32eb,,OOXML member word/embeddings/oleObject80.bin / CONTENTS; CDX fc257385b02f560fdcae0870c094c7857e8538ccb86495573f1c8d3dbac4c435; native molecule index 1,word/embeddings/oleObject80.bin,c5147a55c4e58490202660afa66e49adc8f697e9d848004847c09657c8b71d4c,fc257385b02f560fdcae0870c094c7857e8538ccb86495573f1c8d3dbac4c435,CONTENTS,0,"[{""source_label"":null,""xml_paragraph_index_1based"":493}]"
paper-327998a67c12eca6,paper-327998a67c12eca6:embedded:fc257385b02f560fdcae:1,mol-e4d6a7707338f2b6d688312599397f206a708bc0a13f983291d49ca4f28c3b80,COc1cc([C@H]2O[C@]3(C)O[C@@]4(C)C[C@@H]3[C@@H]2CO4)cc(F)c1O,,,,native_CDX_conversion_candidate,RDKit native ChemDraw CDX interpretation of source bonds; independent stereochemistry review pending,pending_native_source_and_label_review,1,archive-002,papers/paper-327998a67c12eca6/supporting_information/si-001.zip,a5e6c00d8f09caf1e760dd49b95b2c41708a1f4a7ef5421d5240e2abd4ca32eb,,OOXML member word/embeddings/oleObject81.bin / CONTENTS; CDX fc257385b02f560fdcae0870c094c7857e8538ccb86495573f1c8d3dbac4c435; native molecule index 1,word/embeddings/oleObject81.bin,c5147a55c4e58490202660afa66e49adc8f697e9d848004847c09657c8b71d4c,fc257385b02f560fdcae0870c094c7857e8538ccb86495573f1c8d3dbac4c435,CONTENTS,0,"[{""source_label"":null,""xml_paragraph_index_1based"":493}]"
paper-327998a67c12eca6,paper-327998a67c12eca6:embedded:fc257385b02f560fdcae:1,mol-e4d6a7707338f2b6d688312599397f206a708bc0a13f983291d49ca4f28c3b80,COc1cc([C@H]2O[C@]3(C)O[C@@]4(C)C[C@@H]3[C@@H]2CO4)cc(F)c1O,,,,native_CDX_conversion_candidate,RDKit native ChemDraw CDX interpretation of source bonds; independent stereochemistry review pending,pending_native_source_and_label_review,1,archive-002,papers/paper-327998a67c12eca6/supporting_information/si-001.zip,a5e6c00d8f09caf1e760dd49b95b2c41708a1f4a7ef5421d5240e2abd4ca32eb,,OOXML member word/embeddings/oleObject84.bin / CONTENTS; CDX fc257385b02f560fdcae0870c094c7857e8538ccb86495573f1c8d3dbac4c435; native molecule index 1,word/embeddings/oleObject84.bin,c5147a55c4e58490202660afa66e49adc8f697e9d848004847c09657c8b71d4c,fc257385b02f560fdcae0870c094c7857e8538ccb86495573f1c8d3dbac4c435,CONTENTS,0,"[{""source_label"":null,""xml_paragraph_index_1based"":497}]"
paper-64cf72c50cdd94d5,paper-64cf72c50cdd94d5:embedded:01aea287713d99ff38eb:1,mol-cc2c2da2bd3f458a3de4cb5df64c44a528fc4e2fb8cb6f47b4e453e8ae50ce9b,COCOc1ccc([C@@H](CO)COc2c(I)ccc3c2C=CC(C)(C)O3)c(OCOC)c1,,,,native_CDX_conversion_candidate,RDKit native ChemDraw CDX interpretation of source bonds; independent stereochemistry review pending,pending_native_source_and_label_review,1,archive-001,papers/paper-64cf72c50cdd94d5/supporting_information/si-001.docx,dc199fa6d1b22776047d6c76aee36277e2609f88933d5df179df2511c4651881,,OOXML member word/embeddings/oleObject25.bin / CONTENTS; CDX 01aea287713d99ff38eb375960b616647dd29af80c1e8868301d80d1afa128f2; native molecule index 1,word/embeddings/oleObject25.bin,425f655e694d5521009281abab2ca0a324463b65de00e487147f517739d4fe07,01aea287713d99ff38eb375960b616647dd29af80c1e8868301d80d1afa128f2,CONTENTS,0,"[{""source_label"":null,""xml_paragraph_index_1based"":377}]"
paper-64cf72c50cdd94d5,paper-64cf72c50cdd94d5:embedded:01aea287713d99ff38eb:2,mol-6ea8b204d0b5a06c97c235607e5c7351bd9bd2a13f78c22ae4478c5d4a5cac44,COCOc1ccc([C@@H](C=O)COc2c(I)ccc3c2C=CC(C)(C)O3)c(OCOC)c1,,,,native_CDX_conversion_candidate,RDKit native ChemDraw CDX interpretation of source bonds; independent stereochemistry review pending,pending_native_source_and_label_review,2,archive-001,papers/paper-64cf72c50cdd94d5/supporting_information/si-001.docx,dc199fa6d1b22776047d6c76aee36277e2609f88933d5df179df2511c4651881,,OOXML member word/embeddings/oleObject25.bin / CONTENTS; CDX 01aea287713d99ff38eb375960b616647dd29af80c1e8868301d80d1afa128f2; native molecule index 2,word/embeddings/oleObject25.bin,425f655e694d5521009281abab2ca0a324463b65de00e487147f517739d4fe07,01aea287713d99ff38eb375960b616647dd29af80c1e8868301d80d1afa128f2,CONTENTS,0,"[{""source_label"":null,""xml_paragraph_index_1based"":377}]"
paper-64cf72c50cdd94d5,paper-64cf72c50cdd94d5:embedded:0213c5b04db74393a5b0:1,mol-f4fae440db695bdeccbb60e899e635e1958802eac884a89a3c32503c65b8ce19,COCOc1ccc([C@H](CO)COCOCC[Si](C)(C)C)c(OCOC)c1,,,,native_CDX_conversion_candidate,RDKit native ChemDraw CDX interpretation of source bonds; independent stereochemistry review pending,pending_native_source_and_label_review,1,archive-001,papers/paper-64cf72c50cdd94d5/supporting_information/si-001.docx,dc199fa6d1b22776047d6c76aee36277e2609f88933d5df179df2511c4651881,,OOXML member word/embeddings/oleObject22.bin / CONTENTS; CDX 0213c5b04db74393a5b0496c923630650cc58b71757fa3fc8204566e5110e765; native molecule index 1,word/embeddings/oleObject22.bin,191740bf67ece05b7c9f3e440fb6d0cb62c6858707de04d148c2c6666c3d81b9,0213c5b04db74393a5b0496c923630650cc58b71757fa3fc8204566e5110e765,CONTENTS,0,"[{""source_label"":null,""xml_paragraph_index_1based"":344}]"
paper-64cf72c50cdd94d5,paper-64cf72c50cdd94d5:embedded:0213c5b04db74393a5b0:2,mol-5e2aa37a779c2de80288fc51467341fc87fbdea33aae7a9340acc3a56812868f,COCOc1ccc([C@@H](COCOCC[Si](C)(C)C)COc2c(I)ccc3c2C=CC(C)(C)O3)c(OCOC)c1,,,,native_CDX_conversion_candidate,RDKit native ChemDraw CDX interpretation of source bonds; independent stereochemistry review pending,pending_native_source_and_label_review,2,archive-001,papers/paper-64cf72c50cdd94d5/supporting_information/si-001.docx,dc199fa6d1b22776047d6c76aee36277e2609f88933d5df179df2511c4651881,,OOXML member word/embeddings/oleObject22.bin / CONTENTS; CDX 0213c5b04db74393a5b0496c923630650cc58b71757fa3fc8204566e5110e765; native molecule index 2,word/embeddings/oleObject22.bin,191740bf67ece05b7c9f3e440fb6d0cb62c6858707de04d148c2c6666c3d81b9,0213c5b04db74393a5b0496c923630650cc58b71757fa3fc8204566e5110e765,CONTENTS,0,"[{""source_label"":null,""xml_paragraph_index_1based"":344}]"
paper-64cf72c50cdd94d5,paper-64cf72c50cdd94d5:embedded:0283b49482d3c731ff26:1,mol-a3047daa63f81584c295f999d8d341e48c10b4876d45b9d12a66b01aafd81c86,CCOC(=O)C(C(=O)OCC)c1ccc(OCOC)cc1OCOC,,,,native_CDX_conversion_candidate,RDKit native ChemDraw CDX interpretation of source bonds; independent stereochemistry review pending,pending_native_source_and_label_review,1,archive-001,papers/paper-64cf72c50cdd94d5/supporting_information/si-001.docx,dc199fa6d1b22776047d6c76aee36277e2609f88933d5df179df2511c4651881,,OOXML member word/embeddings/oleObject4.bin / CONTENTS; CDX 0283b49482d3c731ff2618b02eacb97dca7c6dabd442675cabcf5f37e8c322c6; native molecule index 1,word/embeddings/oleObject4.bin,de2c3d7b97618364c691c34d4da6c1a4230ec539cfac362d4e82a65c7bf42f12,0283b49482d3c731ff2618b02eacb97dca7c6dabd442675cabcf5f37e8c322c6,CONTENTS,0,"[{""source_label"":null,""xml_paragraph_index_1based"":94}]"
paper-64cf72c50cdd94d5,paper-64cf72c50cdd94d5:embedded:0283b49482d3c731ff26:2,mol-7a54a7e35afcc29d3a74e1e66852a552c0500a7e496452d9291d6033c2bfd506,COCOc1ccc(C(CO)CO)c(OCOC)c1,,,,native_CDX_conversion_candidate,RDKit native ChemDraw CDX interpretation of source bonds; independent stereochemistry review pending,pending_native_source_and_label_review,2,archive-001,papers/paper-64cf72c50cdd94d5/supporting_information/si-001.docx,dc199fa6d1b22776047d6c76aee36277e2609f88933d5df179df2511c4651881,,OOXML member word/embeddings/oleObject4.bin / CONTENTS; CDX 0283b49482d3c731ff2618b02eacb97dca7c6dabd442675cabcf5f37e8c322c6; native molecule index 2,word/embeddings/oleObject4.bin,de2c3d7b97618364c691c34d4da6c1a4230ec539cfac362d4e82a65c7bf42f12,0283b49482d3c731ff2618b02eacb97dca7c6dabd442675cabcf5f37e8c322c6,CONTENTS,0,"[{""source_label"":null,""xml_paragraph_index_1based"":94}]"
paper-64cf72c50cdd94d5,paper-64cf72c50cdd94d5:embedded:0b2e902bdfc41e4e7a44:1,mol-5e2aa37a779c2de80288fc51467341fc87fbdea33aae7a9340acc3a56812868f,COCOc1ccc([C@@H](COCOCC[Si](C)(C)C)COc2c(I)ccc3c2C=CC(C)(C)O3)c(OCOC)c1,,,,native_CDX_conversion_candidate,RDKit native ChemDraw CDX interpretation of source bonds; independent stereochemistry review pending,pending_native_source_and_label_review,1,archive-001,papers/paper-64cf72c50cdd94d5/supporting_information/si-001.docx,dc199fa6d1b22776047d6c76aee36277e2609f88933d5df179df2511c4651881,,OOXML member word/embeddings/oleObject23.bin / CONTENTS; CDX 0b2e902bdfc41e4e7a44bd3d591460823a553bcdd3bc9766795a465a7267d0ce; native molecule index 1,word/embeddings/oleObject23.bin,8edda82657325d674180947a8241dc71d485d72b202a97beaf8974a5fcd9bf18,0b2e902bdfc41e4e7a44bd3d591460823a553bcdd3bc9766795a465a7267d0ce,CONTENTS,0,"[{""source_label"":null,""xml_paragraph_index_1based"":359}]"
paper-64cf72c50cdd94d5,paper-64cf72c50cdd94d5:embedded:0b2e902bdfc41e4e7a44:2,mol-cc2c2da2bd3f458a3de4cb5df64c44a528fc4e2fb8cb6f47b4e453e8ae50ce9b,COCOc1ccc([C@@H](CO)COc2c(I)ccc3c2C=CC(C)(C)O3)c(OCOC)c1,,,,native_CDX_conversion_candidate,RDKit native ChemDraw CDX interpretation of source bonds; independent stereochemistry review pending,pending_native_source_and_label_review,2,archive-001,papers/paper-64cf72c50cdd94d5/supporting_information/si-001.docx,dc199fa6d1b22776047d6c76aee36277e2609f88933d5df179df2511c4651881,,OOXML member word/embeddings/oleObject23.bin / CONTENTS; CDX 0b2e902bdfc41e4e7a44bd3d591460823a553bcdd3bc9766795a465a7267d0ce; native molecule index 2,word/embeddings/oleObject23.bin,8edda82657325d674180947a8241dc71d485d72b202a97beaf8974a5fcd9bf18,0b2e902bdfc41e4e7a44bd3d591460823a553bcdd3bc9766795a465a7267d0ce,CONTENTS,0,"[{""source_label"":null,""xml_paragraph_index_1based"":359}]"
paper-64cf72c50cdd94d5,paper-64cf72c50cdd94d5:embedded:0b2e902bdfc41e4e7a44:3,mol-a56362a10c816abf206d72cb914e2d5ca454eb9c7e744f88b1a1422c379e9942,CC,,,,native_CDX_conversion_candidate,RDKit native ChemDraw CDX interpretation of source bonds; independent stereochemistry review pending,pending_native_source_and_label_review,3,archive-001,papers/paper-64cf72c50cdd94d5/supporting_information/si-001.docx,dc199fa6d1b22776047d6c76aee36277e2609f88933d5df179df2511c4651881,,OOXML member word/embeddings/oleObject23.bin / CONTENTS; CDX 0b2e902bdfc41e4e7a44bd3d591460823a553bcdd3bc9766795a465a7267d0ce; native molecule index 3,word/embeddings/oleObject23.bin,8edda82657325d674180947a8241dc71d485d72b202a97beaf8974a5fcd9bf18,0b2e902bdfc41e4e7a44bd3d591460823a553bcdd3bc9766795a465a7267d0ce,CONTENTS,0,"[{""source_label"":null,""xml_paragraph_index_1based"":359}]"
paper-64cf72c50cdd94d5,paper-64cf72c50cdd94d5:embedded:16065d303497fedde02c:1,mol-75576f6c5e7bd2963b130c1822a8f15c095bc7b5196db2391d393ea31f77bb3c,COCOc1ccc([C@@H](CO)COC(C)=O)c(OCOC)c1,,,,native_CDX_conversion_candidate,RDKit native ChemDraw CDX interpretation of source bonds; independent stereochemistry review pending,pending_native_source_and_label_review,1,archive-001,papers/paper-64cf72c50cdd94d5/supporting_information/si-001.docx,dc199fa6d1b22776047d6c76aee36277e2609f88933d5df179df2511c4651881,,OOXML member word/embeddings/oleObject14.bin / CONTENTS; CDX 16065d303497fedde02c72354e3901528f8cf0144802dc6399a212c352961d25; native molecule index 1,word/embeddings/oleObject14.bin,1893a08e77947120100115405fa7614bb58878b0c3da9979f8dfe5db7928a68c,16065d303497fedde02c72354e3901528f8cf0144802dc6399a212c352961d25,CONTENTS,0,"[{""source_label"":null,""xml_paragraph_index_1based"":228}]"
paper-64cf72c50cdd94d5,paper-64cf72c50cdd94d5:embedded:16065d303497fedde02c:2,mol-e489fd09c6d28753d3df32fd93fb6ce623218a51af6cb4f89d99127edf0402ae,COCOc1ccc([C@H](CO)CO[Si](C)(C)C(C)(C)C)c(OCOC)c1,,,,native_CDX_conversion_candidate,RDKit native ChemDraw CDX interpretation of source bonds; independent stereochemistry review pending,pending_native_source_and_label_review,2,archive-001,papers/paper-64cf72c50cdd94d5/supporting_information/si-001.docx,dc199fa6d1b22776047d6c76aee36277e2609f88933d5df179df2511c4651881,,OOXML member word/embeddings/oleObject14.bin / CONTENTS; CDX 16065d303497fedde02c72354e3901528f8cf0144802dc6399a212c352961d25; native molecule index 2,word/embeddings/oleObject14.bin,1893a08e77947120100115405fa7614bb58878b0c3da9979f8dfe5db7928a68c,16065d303497fedde02c72354e3901528f8cf0144802dc6399a212c352961d25,CONTENTS,0,"[{""source_label"":null,""xml_paragraph_index_1based"":228}]"
paper-64cf72c50cdd94d5,paper-64cf72c50cdd94d5:embedded:19e0e8993c18b876271e:1,mol-75576f6c5e7bd2963b130c1822a8f15c095bc7b5196db2391d393ea31f77bb3c,COCOc1ccc([C@@H](CO)COC(C)=O)c(OCOC)c1,,,,native_CDX_conversion_candidate,RDKit native ChemDraw CDX interpretation of source bonds; independent stereochemistry review pending,pending_native_source_and_label_review,1,archive-001,papers/paper-64cf72c50cdd94d5/supporting_information/si-001.docx,dc199fa6d1b22776047d6c76aee36277e2609f88933d5df179df2511c4651881,,OOXML member word/embeddings/oleObject7.bin / CONTENTS; CDX 19e0e8993c18b876271e1c103376945cf58370712a1795c152fd8b887b8c0588; native molecule index 1,word/embeddings/oleObject7.bin,78c37c83ca42b7c9d9a605a74de87b63c1461ad8401eb55a1db2a8847f136573,19e0e8993c18b876271e1c103376945cf58370712a1795c152fd8b887b8c0588,CONTENTS,0,"[{""source_label"":null,""xml_paragraph_index_1based"":132}]"
paper-64cf72c50cdd94d5,paper-64cf72c50cdd94d5:embedded:19e0e8993c18b876271e:2,mol-25a37cc4c937d29ce52d2315104f55ae39732ee2068e8d95bf48eb9b24ae3fdd,COCOc1ccc([C@H](COC(C)=O)COc2c(I)ccc3c2C=CC(C)(C)O3)c(OCOC)c1,,,,native_CDX_conversion_candidate,RDKit native ChemDraw CDX interpretation of source bonds; independent stereochemistry review pending,pending_native_source_and_label_review,2,archive-001,papers/paper-64cf72c50cdd94d5/supporting_information/si-001.docx,dc199fa6d1b22776047d6c76aee36277e2609f88933d5df179df2511c4651881,,OOXML member word/embeddings/oleObject7.bin / CONTENTS; CDX 19e0e8993c18b876271e1c103376945cf58370712a1795c152fd8b887b8c0588; native molecule index 2,word/embeddings/oleObject7.bin,78c37c83ca42b7c9d9a605a74de87b63c1461ad8401eb55a1db2a8847f136573,19e0e8993c18b876271e1c103376945cf58370712a1795c152fd8b887b8c0588,CONTENTS,0,"[{""source_label"":null,""xml_paragraph_index_1based"":132}]"
paper-64cf72c50cdd94d5,paper-64cf72c50cdd94d5:embedded:19e0e8993c18b876271e:3,mol-55b9dfe174fe50f997f2a59261898bebe8d08bbca679b95aac0a470fab6d38c7,COCOc1ccc([C@H](C=O)COc2c(I)ccc3c2C=CC(C)(C)O3)c(OCOC)c1,,,,native_CDX_conversion_candidate,RDKit native ChemDraw CDX interpretation of source bonds; independent stereochemistry review pending,pending_native_source_and_label_review,3,archive-001,papers/paper-64cf72c50cdd94d5/supporting_information/si-001.docx,dc199fa6d1b22776047d6c76aee36277e2609f88933d5df179df2511c4651881,,OOXML member word/embeddings/oleObject7.bin / CONTENTS; CDX 19e0e8993c18b876271e1c103376945cf58370712a1795c152fd8b887b8c0588; native molecule index 3,word/embeddings/oleObject7.bin,78c37c83ca42b7c9d9a605a74de87b63c1461ad8401eb55a1db2a8847f136573,19e0e8993c18b876271e1c103376945cf58370712a1795c152fd8b887b8c0588,CONTENTS,0,"[{""source_label"":null,""xml_paragraph_index_1based"":132}]"
paper-64cf72c50cdd94d5,paper-64cf72c50cdd94d5:embedded:19e0e8993c18b876271e:4,mol-7900d44e3301e66d20e05593cb9466670806922db4b70175f6ca4e675e7ae871,COCOc1ccc([C@H]2COc3c(ccc4c3C=CC(C)(C)O4)C2O)c(OCOC)c1,,,,native_CDX_conversion_candidate,RDKit native ChemDraw CDX interpretation of source bonds; independent stereochemistry review pending,pending_native_source_and_label_review,4,archive-001,papers/paper-64cf72c50cdd94d5/supporting_information/si-001.docx,dc199fa6d1b22776047d6c76aee36277e2609f88933d5df179df2511c4651881,,OOXML member word/embeddings/oleObject7.bin / CONTENTS; CDX 19e0e8993c18b876271e1c103376945cf58370712a1795c152fd8b887b8c0588; native molecule index 4,word/embeddings/oleObject7.bin,78c37c83ca42b7c9d9a605a74de87b63c1461ad8401eb55a1db2a8847f136573,19e0e8993c18b876271e1c103376945cf58370712a1795c152fd8b887b8c0588,CONTENTS,0,"[{""source_label"":null,""xml_paragraph_index_1based"":132}]"
paper-64cf72c50cdd94d5,paper-64cf72c50cdd94d5:embedded:19e0e8993c18b876271e:5,mol-2c72d58c69a251d100c11d7b53e2d1561496f7c3492daf73d00568f692db0dc9,COCOc1ccc([C@H](CO)COc2c(I)ccc3c2C=CC(C)(C)O3)c(OCOC)c1,,,,native_CDX_conversion_candidate,RDKit native ChemDraw CDX interpretation of source bonds; independent stereochemistry review pending,pending_native_source_and_label_review,5,archive-001,papers/paper-64cf72c50cdd94d5/supporting_information/si-001.docx,dc199fa6d1b22776047d6c76aee36277e2609f88933d5df179df2511c4651881,,OOXML member word/embeddings/oleObject7.bin / CONTENTS; CDX 19e0e8993c18b876271e1c103376945cf58370712a1795c152fd8b887b8c0588; native molecule index 5,word/embeddings/oleObject7.bin,78c37c83ca42b7c9d9a605a74de87b63c1461ad8401eb55a1db2a8847f136573,19e0e8993c18b876271e1c103376945cf58370712a1795c152fd8b887b8c0588,CONTENTS,0,"[{""source_label"":null,""xml_paragraph_index_1based"":132}]"
paper-64cf72c50cdd94d5,paper-64cf72c50cdd94d5:embedded:19e0e8993c18b876271e:6,mol-a64e5628078779d7c80f7469af9c422c08abff9a335fd46acaf3356ffc99a82c,CC1(C)C=Cc2c(ccc3c2OC[C@H](c2ccc(O)cc2O)C3)O1,,,,native_CDX_conversion_candidate,RDKit native ChemDraw CDX interpretation of source bonds; independent stereochemistry review pending,pending_native_source_and_label_review,6,archive-001,papers/paper-64cf72c50cdd94d5/supporting_information/si-001.docx,dc199fa6d1b22776047d6c76aee36277e2609f88933d5df179df2511c4651881,,OOXML member word/embeddings/oleObject7.bin / CONTENTS; CDX 19e0e8993c18b876271e1c103376945cf58370712a1795c152fd8b887b8c0588; native molecule index 6,word/embeddings/oleObject7.bin,78c37c83ca42b7c9d9a605a74de87b63c1461ad8401eb55a1db2a8847f136573,19e0e8993c18b876271e1c103376945cf58370712a1795c152fd8b887b8c0588,CONTENTS,0,"[{""source_label"":null,""xml_paragraph_index_1based"":132}]"
paper-64cf72c50cdd94d5,paper-64cf72c50cdd94d5:embedded:295dada1660e90488039:1,mol-c063690205c59283644346164d7c6f900b016056e77111f72e26628cd221f59a,CC1(C)C=Cc2c(ccc3c2OC[C@@H](c2ccc(O)cc2O)C3)O1,,,,native_CDX_conversion_candidate,RDKit native ChemDraw CDX interpretation of source bonds; independent stereochemistry review pending,pending_native_source_and_label_review,1,archive-001,papers/paper-64cf72c50cdd94d5/supporting_information/si-001.docx,dc199fa6d1b22776047d6c76aee36277e2609f88933d5df179df2511c4651881,,OOXML member word/embeddings/oleObject31.bin / CONTENTS; CDX 295dada1660e90488039e562b05862e395ffb30f5a9cb19d345b718928988905; native molecule index 1,word/embeddings/oleObject31.bin,55063279ba202a16ee08d21198dbed55aeac2a5fc605f8f2bb20a4dbdbeb3f6f,295dada1660e90488039e562b05862e395ffb30f5a9cb19d345b718928988905,CONTENTS,0,"[{""source_label"":null,""xml_paragraph_index_1based"":557}]"
paper-64cf72c50cdd94d5,paper-64cf72c50cdd94d5:embedded:3b9fd0173fa70ca9d887:1,mol-7a54a7e35afcc29d3a74e1e66852a552c0500a7e496452d9291d6033c2bfd506,COCOc1ccc(C(CO)CO)c(OCOC)c1,,,,native_CDX_conversion_candidate,RDKit native ChemDraw CDX interpretation of source bonds; independent stereochemistry review pending,pending_native_source_and_label_review,1,archive-001,papers/paper-64cf72c50cdd94d5/supporting_information/si-001.docx,dc199fa6d1b22776047d6c76aee36277e2609f88933d5df179df2511c4651881,,OOXML member word/embeddings/oleObject28.bin / CONTENTS; CDX 3b9fd0173fa70ca9d8871ec6058c78f4b019a10cb47663539a67686b1c30d390; native molecule index 1,word/embeddings/oleObject28.bin,4f4c0b9361baeed5ca515fc090d6c0d1bc305072ecb4c4de078e36b31b2639e2,3b9fd0173fa70ca9d8871ec6058c78f4b019a10cb47663539a67686b1c30d390,CONTENTS,0,"[{""source_label"":null,""xml_paragraph_index_1based"":440}]"
paper-64cf72c50cdd94d5,paper-64cf72c50cdd94d5:embedded:3b9fd0173fa70ca9d887:2,mol-75576f6c5e7bd2963b130c1822a8f15c095bc7b5196db2391d393ea31f77bb3c,COCOc1ccc([C@@H](CO)COC(C)=O)c(OCOC)c1,,,,native_CDX_conversion_candidate,RDKit native ChemDraw CDX interpretation of source bonds; independent stereochemistry review pending,pending_native_source_and_label_review,2,archive-001,papers/paper-64cf72c50cdd94d5/supporting_information/si-001.docx,dc199fa6d1b22776047d6c76aee36277e2609f88933d5df179df2511c4651881,,OOXML member word/embeddings/oleObject28.bin / CONTENTS; CDX 3b9fd0173fa70ca9d8871ec6058c78f4b019a10cb47663539a67686b1c30d390; native molecule index 2,word/embeddings/oleObject28.bin,4f4c0b9361baeed5ca515fc090d6c0d1bc305072ecb4c4de078e36b31b2639e2,3b9fd0173fa70ca9d8871ec6058c78f4b019a10cb47663539a67686b1c30d390,CONTENTS,0,"[{""source_label"":null,""xml_paragraph_index_1based"":440}]"
paper-64cf72c50cdd94d5,paper-64cf72c50cdd94d5:embedded:44a27dddd4d022a2ecf3:1,mol-55b9dfe174fe50f997f2a59261898bebe8d08bbca679b95aac0a470fab6d38c7,COCOc1ccc([C@H](C=O)COc2c(I)ccc3c2C=CC(C)(C)O3)c(OCOC)c1,,,,native_CDX_conversion_candidate,RDKit native ChemDraw CDX interpretation of source bonds; independent stereochemistry review pending,pending_native_source_and_label_review,1,archive-001,papers/paper-64cf72c50cdd94d5/supporting_information/si-001.docx,dc199fa6d1b22776047d6c76aee36277e2609f88933d5df179df2511c4651881,,OOXML member word/embeddings/oleObject10.bin / CONTENTS; CDX 44a27dddd4d022a2ecf3be52b79ee478c1c7f17ec0325e43556235dcd3545413; native molecule index 1,word/embeddings/oleObject10.bin,8d19e1a01bc8ef3f103cb40642dc9b3c4c686e481385be02d19a71dfef85d6d0,44a27dddd4d022a2ecf3be52b79ee478c1c7f17ec0325e43556235dcd3545413,CONTENTS,0,"[{""source_label"":null,""xml_paragraph_index_1based"":164}]"
paper-64cf72c50cdd94d5,paper-64cf72c50cdd94d5:embedded:44a27dddd4d022a2ecf3:2,mol-2c72d58c69a251d100c11d7b53e2d1561496f7c3492daf73d00568f692db0dc9,COCOc1ccc([C@H](CO)COc2c(I)ccc3c2C=CC(C)(C)O3)c(OCOC)c1,,,,native_CDX_conversion_candidate,RDKit native ChemDraw CDX interpretation of source bonds; independent stereochemistry review pending,pending_native_source_and_label_review,2,archive-001,papers/paper-64cf72c50cdd94d5/supporting_information/si-001.docx,dc199fa6d1b22776047d6c76aee36277e2609f88933d5df179df2511c4651881,,OOXML member word/embeddings/oleObject10.bin / CONTENTS; CDX 44a27dddd4d022a2ecf3be52b79ee478c1c7f17ec0325e43556235dcd3545413; native molecule index 2,word/embeddings/oleObject10.bin,8d19e1a01bc8ef3f103cb40642dc9b3c4c686e481385be02d19a71dfef85d6d0,44a27dddd4d022a2ecf3be52b79ee478c1c7f17ec0325e43556235dcd3545413,CONTENTS,0,"[{""source_label"":null,""xml_paragraph_index_1based"":164}]"
paper-64cf72c50cdd94d5,paper-64cf72c50cdd94d5:embedded:51c86068b9c173e5e1e1:1,mol-75576f6c5e7bd2963b130c1822a8f15c095bc7b5196db2391d393ea31f77bb3c,COCOc1ccc([C@@H](CO)COC(C)=O)c(OCOC)c1,,,,native_CDX_conversion_candidate,RDKit native ChemDraw CDX interpretation of source bonds; independent stereochemistry review pending,pending_native_source_and_label_review,1,archive-001,papers/paper-64cf72c50cdd94d5/supporting_information/si-001.docx,dc199fa6d1b22776047d6c76aee36277e2609f88933d5df179df2511c4651881,,OOXML member word/embeddings/oleObject8.bin / CONTENTS; CDX 51c86068b9c173e5e1e15a97d0bebd79c6b2de5c018182a6a78ccb98e04c0a99; native molecule index 1,word/embeddings/oleObject8.bin,4b313758786fe875f96258622207aedbefe5f5b5f432fd5117effe733b5260e4,51c86068b9c173e5e1e15a97d0bebd79c6b2de5c018182a6a78ccb98e04c0a99,CONTENTS,0,"[{""source_label"":null,""xml_paragraph_index_1based"":137}]"
paper-64cf72c50cdd94d5,paper-64cf72c50cdd94d5:embedded:51c86068b9c173e5e1e1:2,mol-25a37cc4c937d29ce52d2315104f55ae39732ee2068e8d95bf48eb9b24ae3fdd,COCOc1ccc([C@H](COC(C)=O)COc2c(I)ccc3c2C=CC(C)(C)O3)c(OCOC)c1,,,,native_CDX_conversion_candidate,RDKit native ChemDraw CDX interpretation of source bonds; independent stereochemistry review pending,pending_native_source_and_label_review,2,archive-001,papers/paper-64cf72c50cdd94d5/supporting_information/si-001.docx,dc199fa6d1b22776047d6c76aee36277e2609f88933d5df179df2511c4651881,,OOXML member word/embeddings/oleObject8.bin / CONTENTS; CDX 51c86068b9c173e5e1e15a97d0bebd79c6b2de5c018182a6a78ccb98e04c0a99; native molecule index 2,word/embeddings/oleObject8.bin,4b313758786fe875f96258622207aedbefe5f5b5f432fd5117effe733b5260e4,51c86068b9c173e5e1e15a97d0bebd79c6b2de5c018182a6a78ccb98e04c0a99,CONTENTS,0,"[{""source_label"":null,""xml_paragraph_index_1based"":137}]"
paper-64cf72c50cdd94d5,paper-64cf72c50cdd94d5:embedded:5791777712272363bd38:1,mol-cd50c88e993d94c06f8cc2f6bcf320710efac029249665a0bbc4039853ba94f2,COCOc1cccc2c1C=CC(C)(C)O2,,,,native_CDX_conversion_candidate,RDKit native ChemDraw CDX interpretation of source bonds; independent stereochemistry review pending,pending_native_source_and_label_review,1,archive-001,papers/paper-64cf72c50cdd94d5/supporting_information/si-001.docx,dc199fa6d1b22776047d6c76aee36277e2609f88933d5df179df2511c4651881,,OOXML member word/embeddings/oleObject1.bin / CONTENTS; CDX 5791777712272363bd38535e56e648c4289ea9efc525cb6a4b783ddaf7667d38; native molecule index 1,word/embeddings/oleObject1.bin,5d53fd4f6edebf4ad571790d9c5075ce5a91badbcb84297702178d74138ac066,5791777712272363bd38535e56e648c4289ea9efc525cb6a4b783ddaf7667d38,CONTENTS,0,"[{""source_label"":null,""xml_paragraph_index_1based"":62}]"
paper-64cf72c50cdd94d5,paper-64cf72c50cdd94d5:embedded:5791777712272363bd38:2,mol-5ea4c5c3c0ca705c0a7f935ebc40f250448caa61e77e5d446ab9c736aedd283f,CC1(C)C=Cc2c(ccc(I)c2O)O1,,,,native_CDX_conversion_candidate,RDKit native ChemDraw CDX interpretation of source bonds; independent stereochemistry review pending,pending_native_source_and_label_review,2,archive-001,papers/paper-64cf72c50cdd94d5/supporting_information/si-001.docx,dc199fa6d1b22776047d6c76aee36277e2609f88933d5df179df2511c4651881,,OOXML member word/embeddings/oleObject1.bin / CONTENTS; CDX 5791777712272363bd38535e56e648c4289ea9efc525cb6a4b783ddaf7667d38; native molecule index 2,word/embeddings/oleObject1.bin,5d53fd4f6edebf4ad571790d9c5075ce5a91badbcb84297702178d74138ac066,5791777712272363bd38535e56e648c4289ea9efc525cb6a4b783ddaf7667d38,CONTENTS,0,"[{""source_label"":null,""xml_paragraph_index_1based"":62}]"
paper-64cf72c50cdd94d5,paper-64cf72c50cdd94d5:embedded:5791777712272363bd38:3,mol-e2fbff9e2da31138b7416ce50cf535df6ffc5985fd5a0cb0946678e5758cd02d,CC1(C)C=Cc2c(O)cccc2O1,,,,native_CDX_conversion_candidate,RDKit native ChemDraw CDX interpretation of source bonds; independent stereochemistry review pending,pending_native_source_and_label_review,3,archive-001,papers/paper-64cf72c50cdd94d5/supporting_information/si-001.docx,dc199fa6d1b22776047d6c76aee36277e2609f88933d5df179df2511c4651881,,OOXML member word/embeddings/oleObject1.bin / CONTENTS; CDX 5791777712272363bd38535e56e648c4289ea9efc525cb6a4b783ddaf7667d38; native molecule index 3,word/embeddings/oleObject1.bin,5d53fd4f6edebf4ad571790d9c5075ce5a91badbcb84297702178d74138ac066,5791777712272363bd38535e56e648c4289ea9efc525cb6a4b783ddaf7667d38,CONTENTS,0,"[{""source_label"":null,""xml_paragraph_index_1based"":62}]"
paper-64cf72c50cdd94d5,paper-64cf72c50cdd94d5:embedded:5791777712272363bd38:4,mol-81c848eec7142c1d29e214a91be881905f6d4af906208b567d2f419895a21948,COCOc1c(I)ccc2c1C=CC(C)(C)O2,,,,native_CDX_conversion_candidate,RDKit native ChemDraw CDX interpretation of source bonds; independent stereochemistry review pending,pending_native_source_and_label_review,4,archive-001,papers/paper-64cf72c50cdd94d5/supporting_information/si-001.docx,dc199fa6d1b22776047d6c76aee36277e2609f88933d5df179df2511c4651881,,OOXML member word/embeddings/oleObject1.bin / CONTENTS; CDX 5791777712272363bd38535e56e648c4289ea9efc525cb6a4b783ddaf7667d38; native molecule index 4,word/embeddings/oleObject1.bin,5d53fd4f6edebf4ad571790d9c5075ce5a91badbcb84297702178d74138ac066,5791777712272363bd38535e56e648c4289ea9efc525cb6a4b783ddaf7667d38,CONTENTS,0,"[{""source_label"":null,""xml_paragraph_index_1based"":62}]"
paper-64cf72c50cdd94d5,paper-64cf72c50cdd94d5:embedded:582313e62f28e944bd93:1,mol-25a37cc4c937d29ce52d2315104f55ae39732ee2068e8d95bf48eb9b24ae3fdd,COCOc1ccc([C@H](COC(C)=O)COc2c(I)ccc3c2C=CC(C)(C)O3)c(OCOC)c1,,,,native_CDX_conversion_candidate,RDKit native ChemDraw CDX interpretation of source bonds; independent stereochemistry review pending,pending_native_source_and_label_review,1,archive-001,papers/paper-64cf72c50cdd94d5/supporting_information/si-001.docx,dc199fa6d1b22776047d6c76aee36277e2609f88933d5df179df2511c4651881,,OOXML member word/embeddings/oleObject9.bin / CONTENTS; CDX 582313e62f28e944bd93dbd07aad1150fa6aa1bad50b438daa8d4e59e5a7465f; native molecule index 1,word/embeddings/oleObject9.bin,422040c8ba9edb1d61dc952b25755d758595662128033463cdd776172d6b07e9,582313e62f28e944bd93dbd07aad1150fa6aa1bad50b438daa8d4e59e5a7465f,CONTENTS,0,"[{""source_label"":null,""xml_paragraph_index_1based"":150}]"
paper-64cf72c50cdd94d5,paper-64cf72c50cdd94d5:embedded:582313e62f28e944bd93:2,mol-2c72d58c69a251d100c11d7b53e2d1561496f7c3492daf73d00568f692db0dc9,COCOc1ccc([C@H](CO)COc2c(I)ccc3c2C=CC(C)(C)O3)c(OCOC)c1,,,,native_CDX_conversion_candidate,RDKit native ChemDraw CDX interpretation of source bonds; independent stereochemistry review pending,pending_native_source_and_label_review,2,archive-001,papers/paper-64cf72c50cdd94d5/supporting_information/si-001.docx,dc199fa6d1b22776047d6c76aee36277e2609f88933d5df179df2511c4651881,,OOXML member word/embeddings/oleObject9.bin / CONTENTS; CDX 582313e62f28e944bd93dbd07aad1150fa6aa1bad50b438daa8d4e59e5a7465f; native molecule index 2,word/embeddings/oleObject9.bin,422040c8ba9edb1d61dc952b25755d758595662128033463cdd776172d6b07e9,582313e62f28e944bd93dbd07aad1150fa6aa1bad50b438daa8d4e59e5a7465f,CONTENTS,0,"[{""source_label"":null,""xml_paragraph_index_1based"":150}]"
paper-64cf72c50cdd94d5,paper-64cf72c50cdd94d5:embedded:596834a59d23a98b941e:1,mol-e489fd09c6d28753d3df32fd93fb6ce623218a51af6cb4f89d99127edf0402ae,COCOc1ccc([C@H](CO)CO[Si](C)(C)C(C)(C)C)c(OCOC)c1,,,,native_CDX_conversion_candidate,RDKit native ChemDraw CDX interpretation of source bonds; independent stereochemistry review pending,pending_native_source_and_label_review,1,archive-001,papers/paper-64cf72c50cdd94d5/supporting_information/si-001.docx,dc199fa6d1b22776047d6c76aee36277e2609f88933d5df179df2511c4651881,,OOXML member word/embeddings/oleObject15.bin / CONTENTS; CDX 596834a59d23a98b941ee7fc863e063e05ee200a68d1a18c5ddbb979bd9b4229; native molecule index 1,word/embeddings/oleObject15.bin,2fced5455761808a1f69cf9c801d880a45f7ba5440ba3f539517107de3319377,596834a59d23a98b941ee7fc863e063e05ee200a68d1a18c5ddbb979bd9b4229,CONTENTS,0,"[{""source_label"":null,""xml_paragraph_index_1based"":242}]"
paper-64cf72c50cdd94d5,paper-64cf72c50cdd94d5:embedded:596834a59d23a98b941e:2,mol-18f2960023839028a780fff1ed85f0ab4e06bd3a9aca2f0bb63170b07488fac4,COCOc1ccc([C@H](COc2c(I)ccc3c2C=CC(C)(C)O3)CO[Si](C)(C)C(C)(C)C)c(OCOC)c1,,,,native_CDX_conversion_candidate,RDKit native ChemDraw CDX interpretation of source bonds; independent stereochemistry review pending,pending_native_source_and_label_review,2,archive-001,papers/paper-64cf72c50cdd94d5/supporting_information/si-001.docx,dc199fa6d1b22776047d6c76aee36277e2609f88933d5df179df2511c4651881,,OOXML member word/embeddings/oleObject15.bin / CONTENTS; CDX 596834a59d23a98b941ee7fc863e063e05ee200a68d1a18c5ddbb979bd9b4229; native molecule index 2,word/embeddings/oleObject15.bin,2fced5455761808a1f69cf9c801d880a45f7ba5440ba3f539517107de3319377,596834a59d23a98b941ee7fc863e063e05ee200a68d1a18c5ddbb979bd9b4229,CONTENTS,0,"[{""source_label"":null,""xml_paragraph_index_1based"":242}]"
paper-64cf72c50cdd94d5,paper-64cf72c50cdd94d5:embedded:647e984db3bf075b4e0b:1,mol-b0abb59f63f047e72d70180ba97e28947f2a808c01436f249a75e2c7659c2d55,COCOc1ccc(I)c(OCOC)c1,,,,native_CDX_conversion_candidate,RDKit native ChemDraw CDX interpretation of source bonds; independent stereochemistry review pending,pending_native_source_and_label_review,1,archive-001,papers/paper-64cf72c50cdd94d5/supporting_information/si-001.docx,dc199fa6d1b22776047d6c76aee36277e2609f88933d5df179df2511c4651881,,OOXML member word/embeddings/oleObject2.bin / CONTENTS; CDX 647e984db3bf075b4e0b187c934fc578d1dedabdbbc6527c2fe8b36cf07c2e90; native molecule index 1,word/embeddings/oleObject2.bin,13548890420361e4375d0f16f5d11d8fa1e1b06ae3499b41dfe3c21d321068df,647e984db3bf075b4e0b187c934fc578d1dedabdbbc6527c2fe8b36cf07c2e90,CONTENTS,0,"[{""source_label"":null,""xml_paragraph_index_1based"":74}]"
paper-64cf72c50cdd94d5,paper-64cf72c50cdd94d5:embedded:647e984db3bf075b4e0b:2,mol-39f5a9f6d46165b8485164493b32f792fdfd585e3702fbb78c9b6af892dee742,Oc1cccc(O)c1,,,,native_CDX_conversion_candidate,RDKit native ChemDraw CDX interpretation of source bonds; independent stereochemistry review pending,pending_native_source_and_label_review,2,archive-001,papers/paper-64cf72c50cdd94d5/supporting_information/si-001.docx,dc199fa6d1b22776047d6c76aee36277e2609f88933d5df179df2511c4651881,,OOXML member word/embeddings/oleObject2.bin / CONTENTS; CDX 647e984db3bf075b4e0b187c934fc578d1dedabdbbc6527c2fe8b36cf07c2e90; native molecule index 2,word/embeddings/oleObject2.bin,13548890420361e4375d0f16f5d11d8fa1e1b06ae3499b41dfe3c21d321068df,647e984db3bf075b4e0b187c934fc578d1dedabdbbc6527c2fe8b36cf07c2e90,CONTENTS,0,"[{""source_label"":null,""xml_paragraph_index_1based"":74}]"
paper-64cf72c50cdd94d5,paper-64cf72c50cdd94d5:embedded:7181cc2d17ecd2f3041e:1,mol-7a54a7e35afcc29d3a74e1e66852a552c0500a7e496452d9291d6033c2bfd506,COCOc1ccc(C(CO)CO)c(OCOC)c1,,,,native_CDX_conversion_candidate,RDKit native ChemDraw CDX interpretation of source bonds; independent stereochemistry review pending,pending_native_source_and_label_review,1,archive-001,papers/paper-64cf72c50cdd94d5/supporting_information/si-001.docx,dc199fa6d1b22776047d6c76aee36277e2609f88933d5df179df2511c4651881,,OOXML member word/embeddings/oleObject6.bin / CONTENTS; CDX 7181cc2d17ecd2f3041ebb04cb31291bf0bb3e9e54473306983d7c88e1833d33; native molecule index 1,word/embeddings/oleObject6.bin,7129fb944f4ec34c03d15c1893496788f0e5548c588cbdab1273db3ba9080899,7181cc2d17ecd2f3041ebb04cb31291bf0bb3e9e54473306983d7c88e1833d33,CONTENTS,0,"[{""source_label"":null,""xml_paragraph_index_1based"":112}]"
paper-64cf72c50cdd94d5,paper-64cf72c50cdd94d5:embedded:7181cc2d17ecd2f3041e:2,mol-75576f6c5e7bd2963b130c1822a8f15c095bc7b5196db2391d393ea31f77bb3c,COCOc1ccc([C@@H](CO)COC(C)=O)c(OCOC)c1,,,,native_CDX_conversion_candidate,RDKit native ChemDraw CDX interpretation of source bonds; independent stereochemistry review pending,pending_native_source_and_label_review,2,archive-001,papers/paper-64cf72c50cdd94d5/supporting_information/si-001.docx,dc199fa6d1b22776047d6c76aee36277e2609f88933d5df179df2511c4651881,,OOXML member word/embeddings/oleObject6.bin / CONTENTS; CDX 7181cc2d17ecd2f3041ebb04cb31291bf0bb3e9e54473306983d7c88e1833d33; native molecule index 2,word/embeddings/oleObject6.bin,7129fb944f4ec34c03d15c1893496788f0e5548c588cbdab1273db3ba9080899,7181cc2d17ecd2f3041ebb04cb31291bf0bb3e9e54473306983d7c88e1833d33,CONTENTS,0,"[{""source_label"":null,""xml_paragraph_index_1based"":112}]"
paper-64cf72c50cdd94d5,paper-64cf72c50cdd94d5:embedded:72e7764d3d15fb633f7c:1,mol-b0abb59f63f047e72d70180ba97e28947f2a808c01436f249a75e2c7659c2d55,COCOc1ccc(I)c(OCOC)c1,,,,native_CDX_conversion_candidate,RDKit native ChemDraw CDX interpretation of source bonds; independent stereochemistry review pending,pending_native_source_and_label_review,1,archive-001,papers/paper-64cf72c50cdd94d5/supporting_information/si-001.docx,dc199fa6d1b22776047d6c76aee36277e2609f88933d5df179df2511c4651881,,OOXML member word/embeddings/oleObject3.bin / CONTENTS; CDX 72e7764d3d15fb633f7c4537d9294f3bcd9d1490576d68dd46471d4d48d6de23; native molecule index 1,word/embeddings/oleObject3.bin,c1bcfd9bb4fd8d88f5828cb42eadfabe128d95e3127a08470121af76578f7795,72e7764d3d15fb633f7c4537d9294f3bcd9d1490576d68dd46471d4d48d6de23,CONTENTS,0,"[{""source_label"":null,""xml_paragraph_index_1based"":81}]"
paper-64cf72c50cdd94d5,paper-64cf72c50cdd94d5:embedded:72e7764d3d15fb633f7c:2,mol-a3047daa63f81584c295f999d8d341e48c10b4876d45b9d12a66b01aafd81c86,CCOC(=O)C(C(=O)OCC)c1ccc(OCOC)cc1OCOC,,,,native_CDX_conversion_candidate,RDKit native ChemDraw CDX interpretation of source bonds; independent stereochemistry review pending,pending_native_source_and_label_review,2,archive-001,papers/paper-64cf72c50cdd94d5/supporting_information/si-001.docx,dc199fa6d1b22776047d6c76aee36277e2609f88933d5df179df2511c4651881,,OOXML member word/embeddings/oleObject3.bin / CONTENTS; CDX 72e7764d3d15fb633f7c4537d9294f3bcd9d1490576d68dd46471d4d48d6de23; native molecule index 2,word/embeddings/oleObject3.bin,c1bcfd9bb4fd8d88f5828cb42eadfabe128d95e3127a08470121af76578f7795,72e7764d3d15fb633f7c4537d9294f3bcd9d1490576d68dd46471d4d48d6de23,CONTENTS,0,"[{""source_label"":null,""xml_paragraph_index_1based"":81}]"
paper-64cf72c50cdd94d5,paper-64cf72c50cdd94d5:embedded:733adda5ac674a07cf97:1,mol-6ea8b204d0b5a06c97c235607e5c7351bd9bd2a13f78c22ae4478c5d4a5cac44,COCOc1ccc([C@@H](C=O)COc2c(I)ccc3c2C=CC(C)(C)O3)c(OCOC)c1,,,,native_CDX_conversion_candidate,RDKit native ChemDraw CDX interpretation of source bonds; independent stereochemistry review pending,pending_native_source_and_label_review,1,archive-001,papers/paper-64cf72c50cdd94d5/supporting_information/si-001.docx,dc199fa6d1b22776047d6c76aee36277e2609f88933d5df179df2511c4651881,,OOXML member word/embeddings/oleObject26.bin / CONTENTS; CDX 733adda5ac674a07cf97fac1c58454b7d9b4137f66432930de1e15161beb3b17; native molecule index 1,word/embeddings/oleObject26.bin,c330165f17a669f4eee97278675412e9a14f83fbff1d14c71c36fd7966636b15,733adda5ac674a07cf97fac1c58454b7d9b4137f66432930de1e15161beb3b17,CONTENTS,0,"[{""source_label"":null,""xml_paragraph_index_1based"":394}]"
paper-64cf72c50cdd94d5,paper-64cf72c50cdd94d5:embedded:733adda5ac674a07cf97:2,mol-7d5986d0cebb4a01ae0059d5c615dc538b9809c6dd5200c32ce44e6269776092,COCOc1ccc([C@@H]2COc3c(ccc4c3C=CC(C)(C)O4)[C@@H]2O)c(OCOC)c1,,,,native_CDX_conversion_candidate,RDKit native ChemDraw CDX interpretation of source bonds; independent stereochemistry review pending,pending_native_source_and_label_review,2,archive-001,papers/paper-64cf72c50cdd94d5/supporting_information/si-001.docx,dc199fa6d1b22776047d6c76aee36277e2609f88933d5df179df2511c4651881,,OOXML member word/embeddings/oleObject26.bin / CONTENTS; CDX 733adda5ac674a07cf97fac1c58454b7d9b4137f66432930de1e15161beb3b17; native molecule index 2,word/embeddings/oleObject26.bin,c330165f17a669f4eee97278675412e9a14f83fbff1d14c71c36fd7966636b15,733adda5ac674a07cf97fac1c58454b7d9b4137f66432930de1e15161beb3b17,CONTENTS,0,"[{""source_label"":null,""xml_paragraph_index_1based"":394}]"
paper-64cf72c50cdd94d5,paper-64cf72c50cdd94d5:embedded:733adda5ac674a07cf97:3,mol-93b455f6394e38aef8085214f92daf514a4b4b3ff8cb503742157b45d14908a6,COCOc1ccc([C@@H]2COc3c(ccc4c3C=CC(C)(C)O4)[C@H]2O)c(OCOC)c1,,,,native_CDX_conversion_candidate,RDKit native ChemDraw CDX interpretation of source bonds; independent stereochemistry review pending,pending_native_source_and_label_review,3,archive-001,papers/paper-64cf72c50cdd94d5/supporting_information/si-001.docx,dc199fa6d1b22776047d6c76aee36277e2609f88933d5df179df2511c4651881,,OOXML member word/embeddings/oleObject26.bin / CONTENTS; CDX 733adda5ac674a07cf97fac1c58454b7d9b4137f66432930de1e15161beb3b17; native molecule index 3,word/embeddings/oleObject26.bin,c330165f17a669f4eee97278675412e9a14f83fbff1d14c71c36fd7966636b15,733adda5ac674a07cf97fac1c58454b7d9b4137f66432930de1e15161beb3b17,CONTENTS,0,"[{""source_label"":null,""xml_paragraph_index_1based"":394}]"
paper-64cf72c50cdd94d5,paper-64cf72c50cdd94d5:embedded:751d03d531cc050840ee:1,mol-75576f6c5e7bd2963b130c1822a8f15c095bc7b5196db2391d393ea31f77bb3c,COCOc1ccc([C@@H](CO)COC(C)=O)c(OCOC)c1,,,,native_CDX_conversion_candidate,RDKit native ChemDraw CDX interpretation of source bonds; independent stereochemistry review pending,pending_native_source_and_label_review,1,archive-001,papers/paper-64cf72c50cdd94d5/supporting_information/si-001.docx,dc199fa6d1b22776047d6c76aee36277e2609f88933d5df179df2511c4651881,,OOXML member word/embeddings/oleObject20.bin / CONTENTS; CDX 751d03d531cc050840ee9ce2c4380213969de0cc0bef0cf86819a2a52d9e89a1; native molecule index 1,word/embeddings/oleObject20.bin,9e8e72092f5e7782931d7b269a558a4b47128293340c7c094c4c58080f0e5362,751d03d531cc050840ee9ce2c4380213969de0cc0bef0cf86819a2a52d9e89a1,CONTENTS,0,"[{""source_label"":null,""xml_paragraph_index_1based"":317}]"
paper-64cf72c50cdd94d5,paper-64cf72c50cdd94d5:embedded:751d03d531cc050840ee:2,mol-29182844e5a9114093ae122c32e6e91de4aa51bfde4970bab65ee8418f2e8c40,COCOc1ccc([C@@H](COCOCC[Si](C)(C)C)COC(C)=O)c(OCOC)c1,,,,native_CDX_conversion_candidate,RDKit native ChemDraw CDX interpretation of source bonds; independent stereochemistry review pending,pending_native_source_and_label_review,2,archive-001,papers/paper-64cf72c50cdd94d5/supporting_information/si-001.docx,dc199fa6d1b22776047d6c76aee36277e2609f88933d5df179df2511c4651881,,OOXML member word/embeddings/oleObject20.bin / CONTENTS; CDX 751d03d531cc050840ee9ce2c4380213969de0cc0bef0cf86819a2a52d9e89a1; native molecule index 2,word/embeddings/oleObject20.bin,9e8e72092f5e7782931d7b269a558a4b47128293340c7c094c4c58080f0e5362,751d03d531cc050840ee9ce2c4380213969de0cc0bef0cf86819a2a52d9e89a1,CONTENTS,0,"[{""source_label"":null,""xml_paragraph_index_1based"":317}]"
paper-64cf72c50cdd94d5,paper-64cf72c50cdd94d5:embedded:7b069da13d5ad91f3d6d:1,mol-bcc032f11717bc494fee105891338f8a73dad766a5bd531bcab735095db25ef5,COCOc1ccc([C@H]2COc3c(ccc4c3C=CC(C)(C)O4)[C@@H]2O)c(OCOC)c1,,,,native_CDX_conversion_candidate,RDKit native ChemDraw CDX interpretation of source bonds; independent stereochemistry review pending,pending_native_source_and_label_review,1,archive-001,papers/paper-64cf72c50cdd94d5/supporting_information/si-001.docx,dc199fa6d1b22776047d6c76aee36277e2609f88933d5df179df2511c4651881,,OOXML member word/embeddings/oleObject12.bin / CONTENTS; CDX 7b069da13d5ad91f3d6d44f59a5e88782e3564c2976ad7ee5dda03a8281cb6d0; native molecule index 1,word/embeddings/oleObject12.bin,6d3567cf4be58f0bb6f2a2ff86548e0b8a465c89a9248ec4158b054961b84552,7b069da13d5ad91f3d6d44f59a5e88782e3564c2976ad7ee5dda03a8281cb6d0,CONTENTS,0,"[{""source_label"":null,""xml_paragraph_index_1based"":204}]"
paper-64cf72c50cdd94d5,paper-64cf72c50cdd94d5:embedded:7b069da13d5ad91f3d6d:2,mol-a64e5628078779d7c80f7469af9c422c08abff9a335fd46acaf3356ffc99a82c,CC1(C)C=Cc2c(ccc3c2OC[C@H](c2ccc(O)cc2O)C3)O1,,,,native_CDX_conversion_candidate,RDKit native ChemDraw CDX interpretation of source bonds; independent stereochemistry review pending,pending_native_source_and_label_review,2,archive-001,papers/paper-64cf72c50cdd94d5/supporting_information/si-001.docx,dc199fa6d1b22776047d6c76aee36277e2609f88933d5df179df2511c4651881,,OOXML member word/embeddings/oleObject12.bin / CONTENTS; CDX 7b069da13d5ad91f3d6d44f59a5e88782e3564c2976ad7ee5dda03a8281cb6d0; native molecule index 2,word/embeddings/oleObject12.bin,6d3567cf4be58f0bb6f2a2ff86548e0b8a465c89a9248ec4158b054961b84552,7b069da13d5ad91f3d6d44f59a5e88782e3564c2976ad7ee5dda03a8281cb6d0,CONTENTS,0,"[{""source_label"":null,""xml_paragraph_index_1based"":204}]"
paper-64cf72c50cdd94d5,paper-64cf72c50cdd94d5:embedded:7b069da13d5ad91f3d6d:4,mol-d121ce9103b385ed35686cfd3b661bb101f4a68fbf9cc566af908eb42727571a,COCOc1ccc([C@H]2COc3c(ccc4c3C=CC(C)(C)O4)[C@H]2O)c(OCOC)c1,,,,native_CDX_conversion_candidate,RDKit native ChemDraw CDX interpretation of source bonds; independent stereochemistry review pending,pending_native_source_and_label_review,4,archive-001,papers/paper-64cf72c50cdd94d5/supporting_information/si-001.docx,dc199fa6d1b22776047d6c76aee36277e2609f88933d5df179df2511c4651881,,OOXML member word/embeddings/oleObject12.bin / CONTENTS; CDX 7b069da13d5ad91f3d6d44f59a5e88782e3564c2976ad7ee5dda03a8281cb6d0; native molecule index 4,word/embeddings/oleObject12.bin,6d3567cf4be58f0bb6f2a2ff86548e0b8a465c89a9248ec4158b054961b84552,7b069da13d5ad91f3d6d44f59a5e88782e3564c2976ad7ee5dda03a8281cb6d0,CONTENTS,0,"[{""source_label"":null,""xml_paragraph_index_1based"":204}]"
paper-64cf72c50cdd94d5,paper-64cf72c50cdd94d5:embedded:822291d41cab60b19418:1,mol-4968eb185f57e374efc0b9c6a8db1d72fa9ded9678c923a65af26d88a7ebc68e,COc1ccc([C@H](COC(C)=O)COc2cccc3c2C=CC(C)(C)O3)c(OC)c1,,,,native_CDX_conversion_candidate,RDKit native ChemDraw CDX interpretation of source bonds; independent stereochemistry review pending,pending_native_source_and_label_review,1,archive-001,papers/paper-64cf72c50cdd94d5/supporting_information/si-001.docx,dc199fa6d1b22776047d6c76aee36277e2609f88933d5df179df2511c4651881,,OOXML member word/embeddings/oleObject29.bin / CONTENTS; CDX 822291d41cab60b1941883baf65dc2aca9a3dbc1f4f1569b0512259c649a0dfb; native molecule index 1,word/embeddings/oleObject29.bin,74446a0f2147f78706c8b769cbf8a82541ab1e41fa45dc03a4f70d2d24c4e451,822291d41cab60b1941883baf65dc2aca9a3dbc1f4f1569b0512259c649a0dfb,CONTENTS,0,"[{""source_label"":null,""xml_paragraph_index_1based"":518}]"
paper-64cf72c50cdd94d5,paper-64cf72c50cdd94d5:embedded:822291d41cab60b19418:2,mol-3b9b6e7870172f3b5949109f550986f1eeec5023e4ea401723ea316e92e06984,COc1ccc([C@H](CO)COc2cccc3c2C=CC(C)(C)O3)c(OC)c1,,,,native_CDX_conversion_candidate,RDKit native ChemDraw CDX interpretation of source bonds; independent stereochemistry review pending,pending_native_source_and_label_review,2,archive-001,papers/paper-64cf72c50cdd94d5/supporting_information/si-001.docx,dc199fa6d1b22776047d6c76aee36277e2609f88933d5df179df2511c4651881,,OOXML member word/embeddings/oleObject29.bin / CONTENTS; CDX 822291d41cab60b1941883baf65dc2aca9a3dbc1f4f1569b0512259c649a0dfb; native molecule index 2,word/embeddings/oleObject29.bin,74446a0f2147f78706c8b769cbf8a82541ab1e41fa45dc03a4f70d2d24c4e451,822291d41cab60b1941883baf65dc2aca9a3dbc1f4f1569b0512259c649a0dfb,CONTENTS,0,"[{""source_label"":null,""xml_paragraph_index_1based"":518}]"
paper-64cf72c50cdd94d5,paper-64cf72c50cdd94d5:embedded:822291d41cab60b19418:3,mol-9eadde298e46ff176d7947a71942bbdbe209625d8147cf82fc032328d6482ea3,COc1ccc([C@@H](COc2cccc3c2C=CC(C)(C)O3)C(=O)O)c(OC)c1,,,,native_CDX_conversion_candidate,RDKit native ChemDraw CDX interpretation of source bonds; independent stereochemistry review pending,pending_native_source_and_label_review,3,archive-001,papers/paper-64cf72c50cdd94d5/supporting_information/si-001.docx,dc199fa6d1b22776047d6c76aee36277e2609f88933d5df179df2511c4651881,,OOXML member word/embeddings/oleObject29.bin / CONTENTS; CDX 822291d41cab60b1941883baf65dc2aca9a3dbc1f4f1569b0512259c649a0dfb; native molecule index 3,word/embeddings/oleObject29.bin,74446a0f2147f78706c8b769cbf8a82541ab1e41fa45dc03a4f70d2d24c4e451,822291d41cab60b1941883baf65dc2aca9a3dbc1f4f1569b0512259c649a0dfb,CONTENTS,0,"[{""source_label"":null,""xml_paragraph_index_1based"":518}]"
paper-64cf72c50cdd94d5,paper-64cf72c50cdd94d5:embedded:822291d41cab60b19418:4,mol-f0f991da7dc92680535cddfac85327db7b2adc58fc8decf1f5a3eda5a8deb42b,COc1ccc([C@H]2COc3c(ccc4c3C=CC(C)(C)O4)C2=O)c(OC)c1,,,,native_CDX_conversion_candidate,RDKit native ChemDraw CDX interpretation of source bonds; independent stereochemistry review pending,pending_native_source_and_label_review,4,archive-001,papers/paper-64cf72c50cdd94d5/supporting_information/si-001.docx,dc199fa6d1b22776047d6c76aee36277e2609f88933d5df179df2511c4651881,,OOXML member word/embeddings/oleObject29.bin / CONTENTS; CDX 822291d41cab60b1941883baf65dc2aca9a3dbc1f4f1569b0512259c649a0dfb; native molecule index 4,word/embeddings/oleObject29.bin,74446a0f2147f78706c8b769cbf8a82541ab1e41fa45dc03a4f70d2d24c4e451,822291d41cab60b1941883baf65dc2aca9a3dbc1f4f1569b0512259c649a0dfb,CONTENTS,0,"[{""source_label"":null,""xml_paragraph_index_1based"":518}]"
paper-64cf72c50cdd94d5,paper-64cf72c50cdd94d5:embedded:822291d41cab60b19418:5,mol-b67d58f44ece854e1549045a0dd85ec8cde57600e0b95e83bcbcd9158c369095,COc1ccc([C@H]2COc3c(ccc4c3C=CC(C)(C)O4)C2)c(OC)c1,,,,native_CDX_conversion_candidate,RDKit native ChemDraw CDX interpretation of source bonds; independent stereochemistry review pending,pending_native_source_and_label_review,5,archive-001,papers/paper-64cf72c50cdd94d5/supporting_information/si-001.docx,dc199fa6d1b22776047d6c76aee36277e2609f88933d5df179df2511c4651881,,OOXML member word/embeddings/oleObject29.bin / CONTENTS; CDX 822291d41cab60b1941883baf65dc2aca9a3dbc1f4f1569b0512259c649a0dfb; native molecule index 5,word/embeddings/oleObject29.bin,74446a0f2147f78706c8b769cbf8a82541ab1e41fa45dc03a4f70d2d24c4e451,822291d41cab60b1941883baf65dc2aca9a3dbc1f4f1569b0512259c649a0dfb,CONTENTS,0,"[{""source_label"":null,""xml_paragraph_index_1based"":518}]"
paper-64cf72c50cdd94d5,paper-64cf72c50cdd94d5:embedded:822291d41cab60b19418:6,mol-a64e5628078779d7c80f7469af9c422c08abff9a335fd46acaf3356ffc99a82c,CC1(C)C=Cc2c(ccc3c2OC[C@H](c2ccc(O)cc2O)C3)O1,,,,native_CDX_conversion_candidate,RDKit native ChemDraw CDX interpretation of source bonds; independent stereochemistry review pending,pending_native_source_and_label_review,6,archive-001,papers/paper-64cf72c50cdd94d5/supporting_information/si-001.docx,dc199fa6d1b22776047d6c76aee36277e2609f88933d5df179df2511c4651881,,OOXML member word/embeddings/oleObject29.bin / CONTENTS; CDX 822291d41cab60b1941883baf65dc2aca9a3dbc1f4f1569b0512259c649a0dfb; native molecule index 6,word/embeddings/oleObject29.bin,74446a0f2147f78706c8b769cbf8a82541ab1e41fa45dc03a4f70d2d24c4e451,822291d41cab60b1941883baf65dc2aca9a3dbc1f4f1569b0512259c649a0dfb,CONTENTS,0,"[{""source_label"":null,""xml_paragraph_index_1based"":518}]"
paper-64cf72c50cdd94d5,paper-64cf72c50cdd94d5:embedded:822291d41cab60b19418:7,mol-39f5a9f6d46165b8485164493b32f792fdfd585e3702fbb78c9b6af892dee742,Oc1cccc(O)c1,,,,native_CDX_conversion_candidate,RDKit native ChemDraw CDX interpretation of source bonds; independent stereochemistry review pending,pending_native_source_and_label_review,7,archive-001,papers/paper-64cf72c50cdd94d5/supporting_information/si-001.docx,dc199fa6d1b22776047d6c76aee36277e2609f88933d5df179df2511c4651881,,OOXML member word/embeddings/oleObject29.bin / CONTENTS; CDX 822291d41cab60b1941883baf65dc2aca9a3dbc1f4f1569b0512259c649a0dfb; native molecule index 7,word/embeddings/oleObject29.bin,74446a0f2147f78706c8b769cbf8a82541ab1e41fa45dc03a4f70d2d24c4e451,822291d41cab60b1941883baf65dc2aca9a3dbc1f4f1569b0512259c649a0dfb,CONTENTS,0,"[{""source_label"":null,""xml_paragraph_index_1based"":518}]"
paper-64cf72c50cdd94d5,paper-64cf72c50cdd94d5:embedded:822291d41cab60b19418:8,mol-8e999d33e9e02e0f0b5bfa570291ad4f497fd98a240b5b30cfa3b309df41c359,COc1ccc([C@@H](CO)COC(C)=O)c(OC)c1,,,,native_CDX_conversion_candidate,RDKit native ChemDraw CDX interpretation of source bonds; independent stereochemistry review pending,pending_native_source_and_label_review,8,archive-001,papers/paper-64cf72c50cdd94d5/supporting_information/si-001.docx,dc199fa6d1b22776047d6c76aee36277e2609f88933d5df179df2511c4651881,,OOXML member word/embeddings/oleObject29.bin / CONTENTS; CDX 822291d41cab60b1941883baf65dc2aca9a3dbc1f4f1569b0512259c649a0dfb; native molecule index 8,word/embeddings/oleObject29.bin,74446a0f2147f78706c8b769cbf8a82541ab1e41fa45dc03a4f70d2d24c4e451,822291d41cab60b1941883baf65dc2aca9a3dbc1f4f1569b0512259c649a0dfb,CONTENTS,0,"[{""source_label"":null,""xml_paragraph_index_1based"":518}]"
paper-64cf72c50cdd94d5,paper-64cf72c50cdd94d5:embedded:8e2d6dc0ac354c74b8d0:1,mol-7a54a7e35afcc29d3a74e1e66852a552c0500a7e496452d9291d6033c2bfd506,COCOc1ccc(C(CO)CO)c(OCOC)c1,,,,native_CDX_conversion_candidate,RDKit native ChemDraw CDX interpretation of source bonds; independent stereochemistry review pending,pending_native_source_and_label_review,1,archive-001,papers/paper-64cf72c50cdd94d5/supporting_information/si-001.docx,dc199fa6d1b22776047d6c76aee36277e2609f88933d5df179df2511c4651881,,OOXML member word/embeddings/oleObject5.bin / CONTENTS; CDX 8e2d6dc0ac354c74b8d0274af3b37bd7ecf0094b76f04ad230c35fa78c963c88; native molecule index 1,word/embeddings/oleObject5.bin,08411f72eec4fecd165a0a7159e5f2ef57e1158d8104108ba77d2b93e4890de4,8e2d6dc0ac354c74b8d0274af3b37bd7ecf0094b76f04ad230c35fa78c963c88,CONTENTS,0,"[{""source_label"":null,""xml_paragraph_index_1based"":105}]"
paper-64cf72c50cdd94d5,paper-64cf72c50cdd94d5:embedded:8e2d6dc0ac354c74b8d0:2,mol-776cb6ee87977992e70291bba24656b371b0c196718ff0837ea9378b4980b503,COCOc1ccc(C(CO)COC(C)=O)c(OCOC)c1,,,,native_CDX_conversion_candidate,RDKit native ChemDraw CDX interpretation of source bonds; independent stereochemistry review pending,pending_native_source_and_label_review,2,archive-001,papers/paper-64cf72c50cdd94d5/supporting_information/si-001.docx,dc199fa6d1b22776047d6c76aee36277e2609f88933d5df179df2511c4651881,,OOXML member word/embeddings/oleObject5.bin / CONTENTS; CDX 8e2d6dc0ac354c74b8d0274af3b37bd7ecf0094b76f04ad230c35fa78c963c88; native molecule index 2,word/embeddings/oleObject5.bin,08411f72eec4fecd165a0a7159e5f2ef57e1158d8104108ba77d2b93e4890de4,8e2d6dc0ac354c74b8d0274af3b37bd7ecf0094b76f04ad230c35fa78c963c88,CONTENTS,0,"[{""source_label"":null,""xml_paragraph_index_1based"":105}]"
paper-64cf72c50cdd94d5,paper-64cf72c50cdd94d5:embedded:9d1c9dbabef224976b3a:1,mol-cc2c2da2bd3f458a3de4cb5df64c44a528fc4e2fb8cb6f47b4e453e8ae50ce9b,COCOc1ccc([C@@H](CO)COc2c(I)ccc3c2C=CC(C)(C)O3)c(OCOC)c1,,,,native_CDX_conversion_candidate,RDKit native ChemDraw CDX interpretation of source bonds; independent stereochemistry review pending,pending_native_source_and_label_review,1,archive-001,papers/paper-64cf72c50cdd94d5/supporting_information/si-001.docx,dc199fa6d1b22776047d6c76aee36277e2609f88933d5df179df2511c4651881,,OOXML member word/embeddings/oleObject17.bin / CONTENTS; CDX 9d1c9dbabef224976b3a98ea9b5d0b2007cc42af26affb5918d10b281460c429; native molecule index 1,word/embeddings/oleObject17.bin,c19cb1af667e18bb6021d137ef43b8e232878bb4b500077a4ebb808ee1086546,9d1c9dbabef224976b3a98ea9b5d0b2007cc42af26affb5918d10b281460c429,CONTENTS,0,"[{""source_label"":null,""xml_paragraph_index_1based"":268}]"
paper-64cf72c50cdd94d5,paper-64cf72c50cdd94d5:embedded:9d1c9dbabef224976b3a:2,mol-7d5986d0cebb4a01ae0059d5c615dc538b9809c6dd5200c32ce44e6269776092,COCOc1ccc([C@@H]2COc3c(ccc4c3C=CC(C)(C)O4)[C@@H]2O)c(OCOC)c1,,,,native_CDX_conversion_candidate,RDKit native ChemDraw CDX interpretation of source bonds; independent stereochemistry review pending,pending_native_source_and_label_review,2,archive-001,papers/paper-64cf72c50cdd94d5/supporting_information/si-001.docx,dc199fa6d1b22776047d6c76aee36277e2609f88933d5df179df2511c4651881,,OOXML member word/embeddings/oleObject17.bin / CONTENTS; CDX 9d1c9dbabef224976b3a98ea9b5d0b2007cc42af26affb5918d10b281460c429; native molecule index 2,word/embeddings/oleObject17.bin,c19cb1af667e18bb6021d137ef43b8e232878bb4b500077a4ebb808ee1086546,9d1c9dbabef224976b3a98ea9b5d0b2007cc42af26affb5918d10b281460c429,CONTENTS,0,"[{""source_label"":null,""xml_paragraph_index_1based"":268}]"
paper-64cf72c50cdd94d5,paper-64cf72c50cdd94d5:embedded:9d1c9dbabef224976b3a:3,mol-93b455f6394e38aef8085214f92daf514a4b4b3ff8cb503742157b45d14908a6,COCOc1ccc([C@@H]2COc3c(ccc4c3C=CC(C)(C)O4)[C@H]2O)c(OCOC)c1,,,,native_CDX_conversion_candidate,RDKit native ChemDraw CDX interpretation of source bonds; independent stereochemistry review pending,pending_native_source_and_label_review,3,archive-001,papers/paper-64cf72c50cdd94d5/supporting_information/si-001.docx,dc199fa6d1b22776047d6c76aee36277e2609f88933d5df179df2511c4651881,,OOXML member word/embeddings/oleObject17.bin / CONTENTS; CDX 9d1c9dbabef224976b3a98ea9b5d0b2007cc42af26affb5918d10b281460c429; native molecule index 3,word/embeddings/oleObject17.bin,c19cb1af667e18bb6021d137ef43b8e232878bb4b500077a4ebb808ee1086546,9d1c9dbabef224976b3a98ea9b5d0b2007cc42af26affb5918d10b281460c429,CONTENTS,0,"[{""source_label"":null,""xml_paragraph_index_1based"":268}]"
paper-64cf72c50cdd94d5,paper-64cf72c50cdd94d5:embedded:9e37187361347fe08884:1,mol-5e2aa37a779c2de80288fc51467341fc87fbdea33aae7a9340acc3a56812868f,COCOc1ccc([C@@H](COCOCC[Si](C)(C)C)COc2c(I)ccc3c2C=CC(C)(C)O3)c(OCOC)c1,,,,native_CDX_conversion_candidate,RDKit native ChemDraw CDX interpretation of source bonds; independent stereochemistry review pending,pending_native_source_and_label_review,1,archive-001,papers/paper-64cf72c50cdd94d5/supporting_information/si-001.docx,dc199fa6d1b22776047d6c76aee36277e2609f88933d5df179df2511c4651881,,OOXML member word/embeddings/oleObject24.bin / CONTENTS; CDX 9e37187361347fe0888448ec2cbb4707da4fe9f0b51a5d8d63588f4559f95b5f; native molecule index 1,word/embeddings/oleObject24.bin,b21e7f1f964c4f9b45e50c51308b4423ab2f03580c34d7d9c92431c69290aaa7,9e37187361347fe0888448ec2cbb4707da4fe9f0b51a5d8d63588f4559f95b5f,CONTENTS,0,"[{""source_label"":null,""xml_paragraph_index_1based"":361}]"
paper-64cf72c50cdd94d5,paper-64cf72c50cdd94d5:embedded:9e37187361347fe08884:2,mol-cc2c2da2bd3f458a3de4cb5df64c44a528fc4e2fb8cb6f47b4e453e8ae50ce9b,COCOc1ccc([C@@H](CO)COc2c(I)ccc3c2C=CC(C)(C)O3)c(OCOC)c1,,,,native_CDX_conversion_candidate,RDKit native ChemDraw CDX interpretation of source bonds; independent stereochemistry review pending,pending_native_source_and_label_review,2,archive-001,papers/paper-64cf72c50cdd94d5/supporting_information/si-001.docx,dc199fa6d1b22776047d6c76aee36277e2609f88933d5df179df2511c4651881,,OOXML member word/embeddings/oleObject24.bin / CONTENTS; CDX 9e37187361347fe0888448ec2cbb4707da4fe9f0b51a5d8d63588f4559f95b5f; native molecule index 2,word/embeddings/oleObject24.bin,b21e7f1f964c4f9b45e50c51308b4423ab2f03580c34d7d9c92431c69290aaa7,9e37187361347fe0888448ec2cbb4707da4fe9f0b51a5d8d63588f4559f95b5f,CONTENTS,0,"[{""source_label"":null,""xml_paragraph_index_1based"":361}]"
paper-64cf72c50cdd94d5,paper-64cf72c50cdd94d5:embedded:9ed71ea3f4be527335bf:1,mol-18f2960023839028a780fff1ed85f0ab4e06bd3a9aca2f0bb63170b07488fac4,COCOc1ccc([C@H](COc2c(I)ccc3c2C=CC(C)(C)O3)CO[Si](C)(C)C(C)(C)C)c(OCOC)c1,,,,native_CDX_conversion_candidate,RDKit native ChemDraw CDX interpretation of source bonds; independent stereochemistry review pending,pending_native_source_and_label_review,1,archive-001,papers/paper-64cf72c50cdd94d5/supporting_information/si-001.docx,dc199fa6d1b22776047d6c76aee36277e2609f88933d5df179df2511c4651881,,OOXML member word/embeddings/oleObject16.bin / CONTENTS; CDX 9ed71ea3f4be527335bfe8e0c3e0e8520f4f0660f022e8359fbc33815a100897; native molecule index 1,word/embeddings/oleObject16.bin,2e26e6b2516489f854dae71a1fb8d28788cdff723543ab13dc972a6ca21dff9e,9ed71ea3f4be527335bfe8e0c3e0e8520f4f0660f022e8359fbc33815a100897,CONTENTS,0,"[{""source_label"":null,""xml_paragraph_index_1based"":255}]"
paper-64cf72c50cdd94d5,paper-64cf72c50cdd94d5:embedded:9ed71ea3f4be527335bf:2,mol-cc2c2da2bd3f458a3de4cb5df64c44a528fc4e2fb8cb6f47b4e453e8ae50ce9b,COCOc1ccc([C@@H](CO)COc2c(I)ccc3c2C=CC(C)(C)O3)c(OCOC)c1,,,,native_CDX_conversion_candidate,RDKit native ChemDraw CDX interpretation of source bonds; independent stereochemistry review pending,pending_native_source_and_label_review,2,archive-001,papers/paper-64cf72c50cdd94d5/supporting_information/si-001.docx,dc199fa6d1b22776047d6c76aee36277e2609f88933d5df179df2511c4651881,,OOXML member word/embeddings/oleObject16.bin / CONTENTS; CDX 9ed71ea3f4be527335bfe8e0c3e0e8520f4f0660f022e8359fbc33815a100897; native molecule index 2,word/embeddings/oleObject16.bin,2e26e6b2516489f854dae71a1fb8d28788cdff723543ab13dc972a6ca21dff9e,9ed71ea3f4be527335bfe8e0c3e0e8520f4f0660f022e8359fbc33815a100897,CONTENTS,0,"[{""source_label"":null,""xml_paragraph_index_1based"":255}]"
paper-64cf72c50cdd94d5,paper-64cf72c50cdd94d5:embedded:a8e11e990b07713d55d9:1,mol-a64e5628078779d7c80f7469af9c422c08abff9a335fd46acaf3356ffc99a82c,CC1(C)C=Cc2c(ccc3c2OC[C@H](c2ccc(O)cc2O)C3)O1,,,,native_CDX_conversion_candidate,RDKit native ChemDraw CDX interpretation of source bonds; independent stereochemistry review pending,pending_native_source_and_label_review,1,archive-001,papers/paper-64cf72c50cdd94d5/supporting_information/si-001.docx,dc199fa6d1b22776047d6c76aee36277e2609f88933d5df179df2511c4651881,,OOXML member word/embeddings/oleObject34.bin / CONTENTS; CDX a8e11e990b07713d55d9b552131833d07b4fd7ee2db0e542ac27ee5283401c5d; native molecule index 1,word/embeddings/oleObject34.bin,75f1cd557e4188ad57dd7b6bddd39914c1efd09a08cde8a7b6d9d6938487caa2,a8e11e990b07713d55d9b552131833d07b4fd7ee2db0e542ac27ee5283401c5d,CONTENTS,0,"[{""source_label"":null,""xml_paragraph_index_1based"":808}]"
paper-64cf72c50cdd94d5,paper-64cf72c50cdd94d5:embedded:adb97a65f8066c5ab7d0:1,mol-55b9dfe174fe50f997f2a59261898bebe8d08bbca679b95aac0a470fab6d38c7,COCOc1ccc([C@H](C=O)COc2c(I)ccc3c2C=CC(C)(C)O3)c(OCOC)c1,,,,native_CDX_conversion_candidate,RDKit native ChemDraw CDX interpretation of source bonds; independent stereochemistry review pending,pending_native_source_and_label_review,1,archive-001,papers/paper-64cf72c50cdd94d5/supporting_information/si-001.docx,dc199fa6d1b22776047d6c76aee36277e2609f88933d5df179df2511c4651881,,OOXML member word/embeddings/oleObject11.bin / CONTENTS; CDX adb97a65f8066c5ab7d05dcd363c491eaac56a2fb6d84408756453134a325a01; native molecule index 1,word/embeddings/oleObject11.bin,f4b1c9afade724e672c4471bf19e83f3bdc0fe57a24792199122bed2c37ef71f,adb97a65f8066c5ab7d05dcd363c491eaac56a2fb6d84408756453134a325a01,CONTENTS,0,"[{""source_label"":null,""xml_paragraph_index_1based"":179}]"
paper-64cf72c50cdd94d5,paper-64cf72c50cdd94d5:embedded:adb97a65f8066c5ab7d0:2,mol-d121ce9103b385ed35686cfd3b661bb101f4a68fbf9cc566af908eb42727571a,COCOc1ccc([C@H]2COc3c(ccc4c3C=CC(C)(C)O4)[C@H]2O)c(OCOC)c1,,,,native_CDX_conversion_candidate,RDKit native ChemDraw CDX interpretation of source bonds; independent stereochemistry review pending,pending_native_source_and_label_review,2,archive-001,papers/paper-64cf72c50cdd94d5/supporting_information/si-001.docx,dc199fa6d1b22776047d6c76aee36277e2609f88933d5df179df2511c4651881,,OOXML member word/embeddings/oleObject11.bin / CONTENTS; CDX adb97a65f8066c5ab7d05dcd363c491eaac56a2fb6d84408756453134a325a01; native molecule index 2,word/embeddings/oleObject11.bin,f4b1c9afade724e672c4471bf19e83f3bdc0fe57a24792199122bed2c37ef71f,adb97a65f8066c5ab7d05dcd363c491eaac56a2fb6d84408756453134a325a01,CONTENTS,0,"[{""source_label"":null,""xml_paragraph_index_1based"":179}]"
paper-64cf72c50cdd94d5,paper-64cf72c50cdd94d5:embedded:adb97a65f8066c5ab7d0:5,mol-bcc032f11717bc494fee105891338f8a73dad766a5bd531bcab735095db25ef5,COCOc1ccc([C@H]2COc3c(ccc4c3C=CC(C)(C)O4)[C@@H]2O)c(OCOC)c1,,,,native_CDX_conversion_candidate,RDKit native ChemDraw CDX interpretation of source bonds; independent stereochemistry review pending,pending_native_source_and_label_review,5,archive-001,papers/paper-64cf72c50cdd94d5/supporting_information/si-001.docx,dc199fa6d1b22776047d6c76aee36277e2609f88933d5df179df2511c4651881,,OOXML member word/embeddings/oleObject11.bin / CONTENTS; CDX adb97a65f8066c5ab7d05dcd363c491eaac56a2fb6d84408756453134a325a01; native molecule index 5,word/embeddings/oleObject11.bin,f4b1c9afade724e672c4471bf19e83f3bdc0fe57a24792199122bed2c37ef71f,adb97a65f8066c5ab7d05dcd363c491eaac56a2fb6d84408756453134a325a01,CONTENTS,0,"[{""source_label"":null,""xml_paragraph_index_1based"":179}]"
paper-64cf72c50cdd94d5,paper-64cf72c50cdd94d5:embedded:b3d12380dc07e2403b2a:1,mol-c063690205c59283644346164d7c6f900b016056e77111f72e26628cd221f59a,CC1(C)C=Cc2c(ccc3c2OC[C@@H](c2ccc(O)cc2O)C3)O1,,,,native_CDX_conversion_candidate,RDKit native ChemDraw CDX interpretation of source bonds; independent stereochemistry review pending,pending_native_source_and_label_review,1,archive-001,papers/paper-64cf72c50cdd94d5/supporting_information/si-001.docx,dc199fa6d1b22776047d6c76aee36277e2609f88933d5df179df2511c4651881,,OOXML member word/embeddings/oleObject27.bin / CONTENTS; CDX b3d12380dc07e2403b2aab40346e9b407850b720942fe45e39bcf270f4f7f08c; native molecule index 1,word/embeddings/oleObject27.bin,2e07d7360e8752f173204ac25b98868bc996d3e82030524122ab356a1130e1dc,b3d12380dc07e2403b2aab40346e9b407850b720942fe45e39bcf270f4f7f08c,CONTENTS,0,"[{""source_label"":null,""xml_paragraph_index_1based"":420}]"
paper-64cf72c50cdd94d5,paper-64cf72c50cdd94d5:embedded:b3d12380dc07e2403b2a:2,mol-9f5dc20dc3c634b382db9ed90870425414cf32d70607a07d76f7a29549b2b876,COCOc1ccc([C@@H]2COc3c(ccc4c3C=CC(C)(C)O4)C2O)c(OCOC)c1,,,,native_CDX_conversion_candidate,RDKit native ChemDraw CDX interpretation of source bonds; independent stereochemistry review pending,pending_native_source_and_label_review,2,archive-001,papers/paper-64cf72c50cdd94d5/supporting_information/si-001.docx,dc199fa6d1b22776047d6c76aee36277e2609f88933d5df179df2511c4651881,,OOXML member word/embeddings/oleObject27.bin / CONTENTS; CDX b3d12380dc07e2403b2aab40346e9b407850b720942fe45e39bcf270f4f7f08c; native molecule index 2,word/embeddings/oleObject27.bin,2e07d7360e8752f173204ac25b98868bc996d3e82030524122ab356a1130e1dc,b3d12380dc07e2403b2aab40346e9b407850b720942fe45e39bcf270f4f7f08c,CONTENTS,0,"[{""source_label"":null,""xml_paragraph_index_1based"":420}]"
paper-64cf72c50cdd94d5,paper-64cf72c50cdd94d5:embedded:b775b938cf64cbaab5d9:1,mol-c063690205c59283644346164d7c6f900b016056e77111f72e26628cd221f59a,CC1(C)C=Cc2c(ccc3c2OC[C@@H](c2ccc(O)cc2O)C3)O1,,,,native_CDX_conversion_candidate,RDKit native ChemDraw CDX interpretation of source bonds; independent stereochemistry review pending,pending_native_source_and_label_review,1,archive-001,papers/paper-64cf72c50cdd94d5/supporting_information/si-001.docx,dc199fa6d1b22776047d6c76aee36277e2609f88933d5df179df2511c4651881,,OOXML member word/embeddings/oleObject32.bin / CONTENTS; CDX b775b938cf64cbaab5d9936b5bb273c20e9a8cbf941e4548dc0afe4bff275493; native molecule index 1,word/embeddings/oleObject32.bin,3666fd37005641b88ac01cf998545683f5b972f2482abd3521c9010b54ec9f81,b775b938cf64cbaab5d9936b5bb273c20e9a8cbf941e4548dc0afe4bff275493,CONTENTS,0,"[{""source_label"":null,""xml_paragraph_index_1based"":635}]"
paper-64cf72c50cdd94d5,paper-64cf72c50cdd94d5:embedded:da0c5bdfeb1ff17ca439:1,mol-29182844e5a9114093ae122c32e6e91de4aa51bfde4970bab65ee8418f2e8c40,COCOc1ccc([C@@H](COCOCC[Si](C)(C)C)COC(C)=O)c(OCOC)c1,,,,native_CDX_conversion_candidate,RDKit native ChemDraw CDX interpretation of source bonds; independent stereochemistry review pending,pending_native_source_and_label_review,1,archive-001,papers/paper-64cf72c50cdd94d5/supporting_information/si-001.docx,dc199fa6d1b22776047d6c76aee36277e2609f88933d5df179df2511c4651881,,OOXML member word/embeddings/oleObject21.bin / CONTENTS; CDX da0c5bdfeb1ff17ca439e6db2ed3e033d883171e758bba5a624796258561c09c; native molecule index 1,word/embeddings/oleObject21.bin,f886d2c39b2e120d60577aad2089dca7106377e4f7f94d02011f0ac0aed407a9,da0c5bdfeb1ff17ca439e6db2ed3e033d883171e758bba5a624796258561c09c,CONTENTS,0,"[{""source_label"":null,""xml_paragraph_index_1based"":330}]"
paper-64cf72c50cdd94d5,paper-64cf72c50cdd94d5:embedded:da0c5bdfeb1ff17ca439:2,mol-f4fae440db695bdeccbb60e899e635e1958802eac884a89a3c32503c65b8ce19,COCOc1ccc([C@H](CO)COCOCC[Si](C)(C)C)c(OCOC)c1,,,,native_CDX_conversion_candidate,RDKit native ChemDraw CDX interpretation of source bonds; independent stereochemistry review pending,pending_native_source_and_label_review,2,archive-001,papers/paper-64cf72c50cdd94d5/supporting_information/si-001.docx,dc199fa6d1b22776047d6c76aee36277e2609f88933d5df179df2511c4651881,,OOXML member word/embeddings/oleObject21.bin / CONTENTS; CDX da0c5bdfeb1ff17ca439e6db2ed3e033d883171e758bba5a624796258561c09c; native molecule index 2,word/embeddings/oleObject21.bin,f886d2c39b2e120d60577aad2089dca7106377e4f7f94d02011f0ac0aed407a9,da0c5bdfeb1ff17ca439e6db2ed3e033d883171e758bba5a624796258561c09c,CONTENTS,0,"[{""source_label"":null,""xml_paragraph_index_1based"":330}]"
paper-64cf72c50cdd94d5,paper-64cf72c50cdd94d5:embedded:dc7529347f3c5d7b5e9f:1,mol-75576f6c5e7bd2963b130c1822a8f15c095bc7b5196db2391d393ea31f77bb3c,COCOc1ccc([C@@H](CO)COC(C)=O)c(OCOC)c1,,,,native_CDX_conversion_candidate,RDKit native ChemDraw CDX interpretation of source bonds; independent stereochemistry review pending,pending_native_source_and_label_review,1,archive-001,papers/paper-64cf72c50cdd94d5/supporting_information/si-001.docx,dc199fa6d1b22776047d6c76aee36277e2609f88933d5df179df2511c4651881,,OOXML member word/embeddings/oleObject13.bin / CONTENTS; CDX dc7529347f3c5d7b5e9f9c058ded58d7851e0243b634c2adcd67605ec83ad46f; native molecule index 1,word/embeddings/oleObject13.bin,c904bbd903c7e85eba0743bffef99ed5b12fd24a03b7d2194ea835f2d48b19a4,dc7529347f3c5d7b5e9f9c058ded58d7851e0243b634c2adcd67605ec83ad46f,CONTENTS,0,"[{""source_label"":null,""xml_paragraph_index_1based"":223}]"
paper-64cf72c50cdd94d5,paper-64cf72c50cdd94d5:embedded:dc7529347f3c5d7b5e9f:2,mol-c063690205c59283644346164d7c6f900b016056e77111f72e26628cd221f59a,CC1(C)C=Cc2c(ccc3c2OC[C@@H](c2ccc(O)cc2O)C3)O1,,,,native_CDX_conversion_candidate,RDKit native ChemDraw CDX interpretation of source bonds; independent stereochemistry review pending,pending_native_source_and_label_review,2,archive-001,papers/paper-64cf72c50cdd94d5/supporting_information/si-001.docx,dc199fa6d1b22776047d6c76aee36277e2609f88933d5df179df2511c4651881,,OOXML member word/embeddings/oleObject13.bin / CONTENTS; CDX dc7529347f3c5d7b5e9f9c058ded58d7851e0243b634c2adcd67605ec83ad46f; native molecule index 2,word/embeddings/oleObject13.bin,c904bbd903c7e85eba0743bffef99ed5b12fd24a03b7d2194ea835f2d48b19a4,dc7529347f3c5d7b5e9f9c058ded58d7851e0243b634c2adcd67605ec83ad46f,CONTENTS,0,"[{""source_label"":null,""xml_paragraph_index_1based"":223}]"
paper-64cf72c50cdd94d5,paper-64cf72c50cdd94d5:embedded:dc7529347f3c5d7b5e9f:3,mol-e489fd09c6d28753d3df32fd93fb6ce623218a51af6cb4f89d99127edf0402ae,COCOc1ccc([C@H](CO)CO[Si](C)(C)C(C)(C)C)c(OCOC)c1,,,,native_CDX_conversion_candidate,RDKit native ChemDraw CDX interpretation of source bonds; independent stereochemistry review pending,pending_native_source_and_label_review,3,archive-001,papers/paper-64cf72c50cdd94d5/supporting_information/si-001.docx,dc199fa6d1b22776047d6c76aee36277e2609f88933d5df179df2511c4651881,,OOXML member word/embeddings/oleObject13.bin / CONTENTS; CDX dc7529347f3c5d7b5e9f9c058ded58d7851e0243b634c2adcd67605ec83ad46f; native molecule index 3,word/embeddings/oleObject13.bin,c904bbd903c7e85eba0743bffef99ed5b12fd24a03b7d2194ea835f2d48b19a4,dc7529347f3c5d7b5e9f9c058ded58d7851e0243b634c2adcd67605ec83ad46f,CONTENTS,0,"[{""source_label"":null,""xml_paragraph_index_1based"":223}]"
paper-64cf72c50cdd94d5,paper-64cf72c50cdd94d5:embedded:dc7529347f3c5d7b5e9f:4,mol-18f2960023839028a780fff1ed85f0ab4e06bd3a9aca2f0bb63170b07488fac4,COCOc1ccc([C@H](COc2c(I)ccc3c2C=CC(C)(C)O3)CO[Si](C)(C)C(C)(C)C)c(OCOC)c1,,,,native_CDX_conversion_candidate,RDKit native ChemDraw CDX interpretation of source bonds; independent stereochemistry review pending,pending_native_source_and_label_review,4,archive-001,papers/paper-64cf72c50cdd94d5/supporting_information/si-001.docx,dc199fa6d1b22776047d6c76aee36277e2609f88933d5df179df2511c4651881,,OOXML member word/embeddings/oleObject13.bin / CONTENTS; CDX dc7529347f3c5d7b5e9f9c058ded58d7851e0243b634c2adcd67605ec83ad46f; native molecule index 4,word/embeddings/oleObject13.bin,c904bbd903c7e85eba0743bffef99ed5b12fd24a03b7d2194ea835f2d48b19a4,dc7529347f3c5d7b5e9f9c058ded58d7851e0243b634c2adcd67605ec83ad46f,CONTENTS,0,"[{""source_label"":null,""xml_paragraph_index_1based"":223}]"
paper-64cf72c50cdd94d5,paper-64cf72c50cdd94d5:embedded:dc7529347f3c5d7b5e9f:5,mol-cc2c2da2bd3f458a3de4cb5df64c44a528fc4e2fb8cb6f47b4e453e8ae50ce9b,COCOc1ccc([C@@H](CO)COc2c(I)ccc3c2C=CC(C)(C)O3)c(OCOC)c1,,,,native_CDX_conversion_candidate,RDKit native ChemDraw CDX interpretation of source bonds; independent stereochemistry review pending,pending_native_source_and_label_review,5,archive-001,papers/paper-64cf72c50cdd94d5/supporting_information/si-001.docx,dc199fa6d1b22776047d6c76aee36277e2609f88933d5df179df2511c4651881,,OOXML member word/embeddings/oleObject13.bin / CONTENTS; CDX dc7529347f3c5d7b5e9f9c058ded58d7851e0243b634c2adcd67605ec83ad46f; native molecule index 5,word/embeddings/oleObject13.bin,c904bbd903c7e85eba0743bffef99ed5b12fd24a03b7d2194ea835f2d48b19a4,dc7529347f3c5d7b5e9f9c058ded58d7851e0243b634c2adcd67605ec83ad46f,CONTENTS,0,"[{""source_label"":null,""xml_paragraph_index_1based"":223}]"
paper-64cf72c50cdd94d5,paper-64cf72c50cdd94d5:embedded:dc7529347f3c5d7b5e9f:6,mol-9f5dc20dc3c634b382db9ed90870425414cf32d70607a07d76f7a29549b2b876,COCOc1ccc([C@@H]2COc3c(ccc4c3C=CC(C)(C)O4)C2O)c(OCOC)c1,,,,native_CDX_conversion_candidate,RDKit native ChemDraw CDX interpretation of source bonds; independent stereochemistry review pending,pending_native_source_and_label_review,6,archive-001,papers/paper-64cf72c50cdd94d5/supporting_information/si-001.docx,dc199fa6d1b22776047d6c76aee36277e2609f88933d5df179df2511c4651881,,OOXML member word/embeddings/oleObject13.bin / CONTENTS; CDX dc7529347f3c5d7b5e9f9c058ded58d7851e0243b634c2adcd67605ec83ad46f; native molecule index 6,word/embeddings/oleObject13.bin,c904bbd903c7e85eba0743bffef99ed5b12fd24a03b7d2194ea835f2d48b19a4,dc7529347f3c5d7b5e9f9c058ded58d7851e0243b634c2adcd67605ec83ad46f,CONTENTS,0,"[{""source_label"":null,""xml_paragraph_index_1based"":223}]"
paper-64cf72c50cdd94d5,paper-64cf72c50cdd94d5:embedded:e4b458aed7550ca2ce17:1,mol-a64e5628078779d7c80f7469af9c422c08abff9a335fd46acaf3356ffc99a82c,CC1(C)C=Cc2c(ccc3c2OC[C@H](c2ccc(O)cc2O)C3)O1,,,,native_CDX_conversion_candidate,RDKit native ChemDraw CDX interpretation of source bonds; independent stereochemistry review pending,pending_native_source_and_label_review,1,archive-001,papers/paper-64cf72c50cdd94d5/supporting_information/si-001.docx,dc199fa6d1b22776047d6c76aee36277e2609f88933d5df179df2511c4651881,,OOXML member word/embeddings/oleObject33.bin / CONTENTS; CDX e4b458aed7550ca2ce1792f88cbcd796d9f0d80fdda55e3f16e6f4ec2e907ebb; native molecule index 1,word/embeddings/oleObject33.bin,76bddcb33358a78f066be41e425cde2af17029b19ca9f34ead535b7ec6995f88,e4b458aed7550ca2ce1792f88cbcd796d9f0d80fdda55e3f16e6f4ec2e907ebb,CONTENTS,0,"[{""source_label"":null,""xml_paragraph_index_1based"":730}]"
paper-64cf72c50cdd94d5,paper-64cf72c50cdd94d5:embedded:ed8eafa2f47b563261cc:1,mol-75576f6c5e7bd2963b130c1822a8f15c095bc7b5196db2391d393ea31f77bb3c,COCOc1ccc([C@@H](CO)COC(C)=O)c(OCOC)c1,,,,native_CDX_conversion_candidate,RDKit native ChemDraw CDX interpretation of source bonds; independent stereochemistry review pending,pending_native_source_and_label_review,1,archive-001,papers/paper-64cf72c50cdd94d5/supporting_information/si-001.docx,dc199fa6d1b22776047d6c76aee36277e2609f88933d5df179df2511c4651881,,OOXML member word/embeddings/oleObject19.bin / CONTENTS; CDX ed8eafa2f47b563261cca9a2643bb5f4ccdac7c6ac9af9ab57612bf3fbea7dc0; native molecule index 1,word/embeddings/oleObject19.bin,347f5695a7784d6af420fb16974a710f7abe5abc40084367d1cee5d2ab223765,ed8eafa2f47b563261cca9a2643bb5f4ccdac7c6ac9af9ab57612bf3fbea7dc0,CONTENTS,0,"[{""source_label"":null,""xml_paragraph_index_1based"":312}]"
paper-64cf72c50cdd94d5,paper-64cf72c50cdd94d5:embedded:ed8eafa2f47b563261cc:2,mol-29182844e5a9114093ae122c32e6e91de4aa51bfde4970bab65ee8418f2e8c40,COCOc1ccc([C@@H](COCOCC[Si](C)(C)C)COC(C)=O)c(OCOC)c1,,,,native_CDX_conversion_candidate,RDKit native ChemDraw CDX interpretation of source bonds; independent stereochemistry review pending,pending_native_source_and_label_review,2,archive-001,papers/paper-64cf72c50cdd94d5/supporting_information/si-001.docx,dc199fa6d1b22776047d6c76aee36277e2609f88933d5df179df2511c4651881,,OOXML member word/embeddings/oleObject19.bin / CONTENTS; CDX ed8eafa2f47b563261cca9a2643bb5f4ccdac7c6ac9af9ab57612bf3fbea7dc0; native molecule index 2,word/embeddings/oleObject19.bin,347f5695a7784d6af420fb16974a710f7abe5abc40084367d1cee5d2ab223765,ed8eafa2f47b563261cca9a2643bb5f4ccdac7c6ac9af9ab57612bf3fbea7dc0,CONTENTS,0,"[{""source_label"":null,""xml_paragraph_index_1based"":312}]"
paper-64cf72c50cdd94d5,paper-64cf72c50cdd94d5:embedded:ed8eafa2f47b563261cc:3,mol-f4fae440db695bdeccbb60e899e635e1958802eac884a89a3c32503c65b8ce19,COCOc1ccc([C@H](CO)COCOCC[Si](C)(C)C)c(OCOC)c1,,,,native_CDX_conversion_candidate,RDKit native ChemDraw CDX interpretation of source bonds; independent stereochemistry review pending,pending_native_source_and_label_review,3,archive-001,papers/paper-64cf72c50cdd94d5/supporting_information/si-001.docx,dc199fa6d1b22776047d6c76aee36277e2609f88933d5df179df2511c4651881,,OOXML member word/embeddings/oleObject19.bin / CONTENTS; CDX ed8eafa2f47b563261cca9a2643bb5f4ccdac7c6ac9af9ab57612bf3fbea7dc0; native molecule index 3,word/embeddings/oleObject19.bin,347f5695a7784d6af420fb16974a710f7abe5abc40084367d1cee5d2ab223765,ed8eafa2f47b563261cca9a2643bb5f4ccdac7c6ac9af9ab57612bf3fbea7dc0,CONTENTS,0,"[{""source_label"":null,""xml_paragraph_index_1based"":312}]"
paper-64cf72c50cdd94d5,paper-64cf72c50cdd94d5:embedded:ed8eafa2f47b563261cc:4,mol-5e2aa37a779c2de80288fc51467341fc87fbdea33aae7a9340acc3a56812868f,COCOc1ccc([C@@H](COCOCC[Si](C)(C)C)COc2c(I)ccc3c2C=CC(C)(C)O3)c(OCOC)c1,,,,native_CDX_conversion_candidate,RDKit native ChemDraw CDX interpretation of source bonds; independent stereochemistry review pending,pending_native_source_and_label_review,4,archive-001,papers/paper-64cf72c50cdd94d5/supporting_information/si-001.docx,dc199fa6d1b22776047d6c76aee36277e2609f88933d5df179df2511c4651881,,OOXML member word/embeddings/oleObject19.bin / CONTENTS; CDX ed8eafa2f47b563261cca9a2643bb5f4ccdac7c6ac9af9ab57612bf3fbea7dc0; native molecule index 4,word/embeddings/oleObject19.bin,347f5695a7784d6af420fb16974a710f7abe5abc40084367d1cee5d2ab223765,ed8eafa2f47b563261cca9a2643bb5f4ccdac7c6ac9af9ab57612bf3fbea7dc0,CONTENTS,0,"[{""source_label"":null,""xml_paragraph_index_1based"":312}]"
paper-64cf72c50cdd94d5,paper-64cf72c50cdd94d5:embedded:ed8eafa2f47b563261cc:5,mol-cc2c2da2bd3f458a3de4cb5df64c44a528fc4e2fb8cb6f47b4e453e8ae50ce9b,COCOc1ccc([C@@H](CO)COc2c(I)ccc3c2C=CC(C)(C)O3)c(OCOC)c1,,,,native_CDX_conversion_candidate,RDKit native ChemDraw CDX interpretation of source bonds; independent stereochemistry review pending,pending_native_source_and_label_review,5,archive-001,papers/paper-64cf72c50cdd94d5/supporting_information/si-001.docx,dc199fa6d1b22776047d6c76aee36277e2609f88933d5df179df2511c4651881,,OOXML member word/embeddings/oleObject19.bin / CONTENTS; CDX ed8eafa2f47b563261cca9a2643bb5f4ccdac7c6ac9af9ab57612bf3fbea7dc0; native molecule index 5,word/embeddings/oleObject19.bin,347f5695a7784d6af420fb16974a710f7abe5abc40084367d1cee5d2ab223765,ed8eafa2f47b563261cca9a2643bb5f4ccdac7c6ac9af9ab57612bf3fbea7dc0,CONTENTS,0,"[{""source_label"":null,""xml_paragraph_index_1based"":312}]"
paper-64cf72c50cdd94d5,paper-64cf72c50cdd94d5:embedded:ed8eafa2f47b563261cc:6,mol-6ea8b204d0b5a06c97c235607e5c7351bd9bd2a13f78c22ae4478c5d4a5cac44,COCOc1ccc([C@@H](C=O)COc2c(I)ccc3c2C=CC(C)(C)O3)c(OCOC)c1,,,,native_CDX_conversion_candidate,RDKit native ChemDraw CDX interpretation of source bonds; independent stereochemistry review pending,pending_native_source_and_label_review,6,archive-001,papers/paper-64cf72c50cdd94d5/supporting_information/si-001.docx,dc199fa6d1b22776047d6c76aee36277e2609f88933d5df179df2511c4651881,,OOXML member word/embeddings/oleObject19.bin / CONTENTS; CDX ed8eafa2f47b563261cca9a2643bb5f4ccdac7c6ac9af9ab57612bf3fbea7dc0; native molecule index 6,word/embeddings/oleObject19.bin,347f5695a7784d6af420fb16974a710f7abe5abc40084367d1cee5d2ab223765,ed8eafa2f47b563261cca9a2643bb5f4ccdac7c6ac9af9ab57612bf3fbea7dc0,CONTENTS,0,"[{""source_label"":null,""xml_paragraph_index_1based"":312}]"
paper-64cf72c50cdd94d5,paper-64cf72c50cdd94d5:embedded:ed8eafa2f47b563261cc:7,mol-c063690205c59283644346164d7c6f900b016056e77111f72e26628cd221f59a,CC1(C)C=Cc2c(ccc3c2OC[C@@H](c2ccc(O)cc2O)C3)O1,,,,native_CDX_conversion_candidate,RDKit native ChemDraw CDX interpretation of source bonds; independent stereochemistry review pending,pending_native_source_and_label_review,7,archive-001,papers/paper-64cf72c50cdd94d5/supporting_information/si-001.docx,dc199fa6d1b22776047d6c76aee36277e2609f88933d5df179df2511c4651881,,OOXML member word/embeddings/oleObject19.bin / CONTENTS; CDX ed8eafa2f47b563261cca9a2643bb5f4ccdac7c6ac9af9ab57612bf3fbea7dc0; native molecule index 7,word/embeddings/oleObject19.bin,347f5695a7784d6af420fb16974a710f7abe5abc40084367d1cee5d2ab223765,ed8eafa2f47b563261cca9a2643bb5f4ccdac7c6ac9af9ab57612bf3fbea7dc0,CONTENTS,0,"[{""source_label"":null,""xml_paragraph_index_1based"":312}]"
paper-64cf72c50cdd94d5,paper-64cf72c50cdd94d5:embedded:ed8eafa2f47b563261cc:8,mol-9f5dc20dc3c634b382db9ed90870425414cf32d70607a07d76f7a29549b2b876,COCOc1ccc([C@@H]2COc3c(ccc4c3C=CC(C)(C)O4)C2O)c(OCOC)c1,,,,native_CDX_conversion_candidate,RDKit native ChemDraw CDX interpretation of source bonds; independent stereochemistry review pending,pending_native_source_and_label_review,8,archive-001,papers/paper-64cf72c50cdd94d5/supporting_information/si-001.docx,dc199fa6d1b22776047d6c76aee36277e2609f88933d5df179df2511c4651881,,OOXML member word/embeddings/oleObject19.bin / CONTENTS; CDX ed8eafa2f47b563261cca9a2643bb5f4ccdac7c6ac9af9ab57612bf3fbea7dc0; native molecule index 8,word/embeddings/oleObject19.bin,347f5695a7784d6af420fb16974a710f7abe5abc40084367d1cee5d2ab223765,ed8eafa2f47b563261cca9a2643bb5f4ccdac7c6ac9af9ab57612bf3fbea7dc0,CONTENTS,0,"[{""source_label"":null,""xml_paragraph_index_1based"":312}]"
paper-64cf72c50cdd94d5,paper-64cf72c50cdd94d5:embedded:effa7fb8968982073784:1,mol-b30644faed15fb9a6ec50998fd1480bf8f219028bcaa33eb57e5844729b0a588,COCOc1ccc([C@H](COC(C)=O)COc2cccc3c2C=CC(C)(C)O3)c(OCOC)c1,,,,native_CDX_conversion_candidate,RDKit native ChemDraw CDX interpretation of source bonds; independent stereochemistry review pending,pending_native_source_and_label_review,1,archive-001,papers/paper-64cf72c50cdd94d5/supporting_information/si-001.docx,dc199fa6d1b22776047d6c76aee36277e2609f88933d5df179df2511c4651881,,OOXML member word/embeddings/oleObject30.bin / CONTENTS; CDX effa7fb896898207378491548152b8efc2a81d15186dbad81c22106333fa927a; native molecule index 1,word/embeddings/oleObject30.bin,334aa5e43ffa8b066c1342d917f1db895f3bf02642c349b081c9dc1223505f84,effa7fb896898207378491548152b8efc2a81d15186dbad81c22106333fa927a,CONTENTS,0,"[{""source_label"":null,""xml_paragraph_index_1based"":550}]"
paper-64cf72c50cdd94d5,paper-64cf72c50cdd94d5:embedded:effa7fb8968982073784:2,mol-e71e5f496ac206ca68b66c00f5856fd2eb1bf1854b6d84b3ed6ea09131858c4f,COCOc1ccc([C@H](CO)COc2cccc3c2C=CC(C)(C)O3)c(OCOC)c1,,,,native_CDX_conversion_candidate,RDKit native ChemDraw CDX interpretation of source bonds; independent stereochemistry review pending,pending_native_source_and_label_review,2,archive-001,papers/paper-64cf72c50cdd94d5/supporting_information/si-001.docx,dc199fa6d1b22776047d6c76aee36277e2609f88933d5df179df2511c4651881,,OOXML member word/embeddings/oleObject30.bin / CONTENTS; CDX effa7fb896898207378491548152b8efc2a81d15186dbad81c22106333fa927a; native molecule index 2,word/embeddings/oleObject30.bin,334aa5e43ffa8b066c1342d917f1db895f3bf02642c349b081c9dc1223505f84,effa7fb896898207378491548152b8efc2a81d15186dbad81c22106333fa927a,CONTENTS,0,"[{""source_label"":null,""xml_paragraph_index_1based"":550}]"
paper-64cf72c50cdd94d5,paper-64cf72c50cdd94d5:embedded:effa7fb8968982073784:3,mol-88fa4587e559b41dcc3d8229bd3d7ffd33e2ce543db441e73bf1cf0bec5b79fd,COCOc1ccc([C@@H](COc2cccc3c2C=CC(C)(C)O3)C(=O)O)c(OCOC)c1,,,,native_CDX_conversion_candidate,RDKit native ChemDraw CDX interpretation of source bonds; independent stereochemistry review pending,pending_native_source_and_label_review,3,archive-001,papers/paper-64cf72c50cdd94d5/supporting_information/si-001.docx,dc199fa6d1b22776047d6c76aee36277e2609f88933d5df179df2511c4651881,,OOXML member word/embeddings/oleObject30.bin / CONTENTS; CDX effa7fb896898207378491548152b8efc2a81d15186dbad81c22106333fa927a; native molecule index 3,word/embeddings/oleObject30.bin,334aa5e43ffa8b066c1342d917f1db895f3bf02642c349b081c9dc1223505f84,effa7fb896898207378491548152b8efc2a81d15186dbad81c22106333fa927a,CONTENTS,0,"[{""source_label"":null,""xml_paragraph_index_1based"":550}]"
paper-64cf72c50cdd94d5,paper-64cf72c50cdd94d5:embedded:effa7fb8968982073784:4,mol-545509bc8ea361bff57be3e5ee24d8d2762d2090b2641ad52071b279ea25ed78,COCOc1ccc([C@H]2COc3c(ccc4c3C=CC(C)(C)O4)C2=O)c(OCOC)c1,,,,native_CDX_conversion_candidate,RDKit native ChemDraw CDX interpretation of source bonds; independent stereochemistry review pending,pending_native_source_and_label_review,4,archive-001,papers/paper-64cf72c50cdd94d5/supporting_information/si-001.docx,dc199fa6d1b22776047d6c76aee36277e2609f88933d5df179df2511c4651881,,OOXML member word/embeddings/oleObject30.bin / CONTENTS; CDX effa7fb896898207378491548152b8efc2a81d15186dbad81c22106333fa927a; native molecule index 4,word/embeddings/oleObject30.bin,334aa5e43ffa8b066c1342d917f1db895f3bf02642c349b081c9dc1223505f84,effa7fb896898207378491548152b8efc2a81d15186dbad81c22106333fa927a,CONTENTS,0,"[{""source_label"":null,""xml_paragraph_index_1based"":550}]"
paper-64cf72c50cdd94d5,paper-64cf72c50cdd94d5:embedded:effa7fb8968982073784:5,mol-75576f6c5e7bd2963b130c1822a8f15c095bc7b5196db2391d393ea31f77bb3c,COCOc1ccc([C@@H](CO)COC(C)=O)c(OCOC)c1,,,,native_CDX_conversion_candidate,RDKit native ChemDraw CDX interpretation of source bonds; independent stereochemistry review pending,pending_native_source_and_label_review,5,archive-001,papers/paper-64cf72c50cdd94d5/supporting_information/si-001.docx,dc199fa6d1b22776047d6c76aee36277e2609f88933d5df179df2511c4651881,,OOXML member word/embeddings/oleObject30.bin / CONTENTS; CDX effa7fb896898207378491548152b8efc2a81d15186dbad81c22106333fa927a; native molecule index 5,word/embeddings/oleObject30.bin,334aa5e43ffa8b066c1342d917f1db895f3bf02642c349b081c9dc1223505f84,effa7fb896898207378491548152b8efc2a81d15186dbad81c22106333fa927a,CONTENTS,0,"[{""source_label"":null,""xml_paragraph_index_1based"":550}]"
paper-64cf72c50cdd94d5,paper-64cf72c50cdd94d5:embedded:effa7fb8968982073784:6,mol-39f5a9f6d46165b8485164493b32f792fdfd585e3702fbb78c9b6af892dee742,Oc1cccc(O)c1,,,,native_CDX_conversion_candidate,RDKit native ChemDraw CDX interpretation of source bonds; independent stereochemistry review pending,pending_native_source_and_label_review,6,archive-001,papers/paper-64cf72c50cdd94d5/supporting_information/si-001.docx,dc199fa6d1b22776047d6c76aee36277e2609f88933d5df179df2511c4651881,,OOXML member word/embeddings/oleObject30.bin / CONTENTS; CDX effa7fb896898207378491548152b8efc2a81d15186dbad81c22106333fa927a; native molecule index 6,word/embeddings/oleObject30.bin,334aa5e43ffa8b066c1342d917f1db895f3bf02642c349b081c9dc1223505f84,effa7fb896898207378491548152b8efc2a81d15186dbad81c22106333fa927a,CONTENTS,0,"[{""source_label"":null,""xml_paragraph_index_1based"":550}]"
paper-64cf72c50cdd94d5,paper-64cf72c50cdd94d5:embedded:f0472d835235b3b5d4d4:1,mol-c063690205c59283644346164d7c6f900b016056e77111f72e26628cd221f59a,CC1(C)C=Cc2c(ccc3c2OC[C@@H](c2ccc(O)cc2O)C3)O1,,,,native_CDX_conversion_candidate,RDKit native ChemDraw CDX interpretation of source bonds; independent stereochemistry review pending,pending_native_source_and_label_review,1,archive-001,papers/paper-64cf72c50cdd94d5/supporting_information/si-001.docx,dc199fa6d1b22776047d6c76aee36277e2609f88933d5df179df2511c4651881,,OOXML member word/embeddings/oleObject18.bin / CONTENTS; CDX f0472d835235b3b5d4d43e9f5040b39120c48895962de2d3511937442281b38f; native molecule index 1,word/embeddings/oleObject18.bin,11870656f1d5f997a988b47aa23ef267b73ff943d198eb80954ad9359738b3ae,f0472d835235b3b5d4d43e9f5040b39120c48895962de2d3511937442281b38f,CONTENTS,0,"[{""source_label"":null,""xml_paragraph_index_1based"":295}]"
paper-64cf72c50cdd94d5,paper-64cf72c50cdd94d5:embedded:f0472d835235b3b5d4d4:2,mol-7d5986d0cebb4a01ae0059d5c615dc538b9809c6dd5200c32ce44e6269776092,COCOc1ccc([C@@H]2COc3c(ccc4c3C=CC(C)(C)O4)[C@@H]2O)c(OCOC)c1,,,,native_CDX_conversion_candidate,RDKit native ChemDraw CDX interpretation of source bonds; independent stereochemistry review pending,pending_native_source_and_label_review,2,archive-001,papers/paper-64cf72c50cdd94d5/supporting_information/si-001.docx,dc199fa6d1b22776047d6c76aee36277e2609f88933d5df179df2511c4651881,,OOXML member word/embeddings/oleObject18.bin / CONTENTS; CDX f0472d835235b3b5d4d43e9f5040b39120c48895962de2d3511937442281b38f; native molecule index 2,word/embeddings/oleObject18.bin,11870656f1d5f997a988b47aa23ef267b73ff943d198eb80954ad9359738b3ae,f0472d835235b3b5d4d43e9f5040b39120c48895962de2d3511937442281b38f,CONTENTS,0,"[{""source_label"":null,""xml_paragraph_index_1based"":295}]"
paper-64cf72c50cdd94d5,paper-64cf72c50cdd94d5:embedded:f0472d835235b3b5d4d4:3,mol-93b455f6394e38aef8085214f92daf514a4b4b3ff8cb503742157b45d14908a6,COCOc1ccc([C@@H]2COc3c(ccc4c3C=CC(C)(C)O4)[C@H]2O)c(OCOC)c1,,,,native_CDX_conversion_candidate,RDKit native ChemDraw CDX interpretation of source bonds; independent stereochemistry review pending,pending_native_source_and_label_review,3,archive-001,papers/paper-64cf72c50cdd94d5/supporting_information/si-001.docx,dc199fa6d1b22776047d6c76aee36277e2609f88933d5df179df2511c4651881,,OOXML member word/embeddings/oleObject18.bin / CONTENTS; CDX f0472d835235b3b5d4d43e9f5040b39120c48895962de2d3511937442281b38f; native molecule index 3,word/embeddings/oleObject18.bin,11870656f1d5f997a988b47aa23ef267b73ff943d198eb80954ad9359738b3ae,f0472d835235b3b5d4d43e9f5040b39120c48895962de2d3511937442281b38f,CONTENTS,0,"[{""source_label"":null,""xml_paragraph_index_1based"":295}]"
paper-77cc3e5bcb3be4ba,paper-77cc3e5bcb3be4ba:embedded:061e664861e93794f494:1,mol-1a5ea43d5fce663022cecc1352f2d829bb108e89fd4ef67404e52dc38e918df5,C[C@]1(C[C@H]2C=CC(=O)O2)C=C(C2=CCCCC2)CO1,,,,native_CDX_conversion_candidate,RDKit native ChemDraw CDX interpretation of source bonds; independent stereochemistry review pending,pending_native_source_and_label_review,1,archive-001,papers/paper-77cc3e5bcb3be4ba/supporting_information/si-001.docx,9c776a9a888937f07252254df464d12c299c7b933c4414ae6815604c2dcd5a44,,OOXML member word/embeddings/oleObject10.bin / CONTENTS; CDX 061e664861e93794f49498f9044bc661511fa78ed6348d9d70d079b4f15e9bbe; native molecule index 1,word/embeddings/oleObject10.bin,588dadc124b628c3831cf9bcad753350feea49eba562747281872f7495f79317,061e664861e93794f49498f9044bc661511fa78ed6348d9d70d079b4f15e9bbe,CONTENTS,0,"[{""source_label"":null,""xml_paragraph_index_1based"":181}]"
paper-77cc3e5bcb3be4ba,paper-77cc3e5bcb3be4ba:embedded:061e664861e93794f494:2,mol-f1709d2bf82601b25cbf86018f4231554ea699f243d05e9a82d3d9884a9b173d,C[C@@]12C[C@@H]3OC(=O)[C@H]4[C@@H]3[C@@H]1C(=C1CCCC[C@H]14)CO2,,,,native_CDX_conversion_candidate,RDKit native ChemDraw CDX interpretation of source bonds; independent stereochemistry review pending,pending_native_source_and_label_review,2,archive-001,papers/paper-77cc3e5bcb3be4ba/supporting_information/si-001.docx,9c776a9a888937f07252254df464d12c299c7b933c4414ae6815604c2dcd5a44,,OOXML member word/embeddings/oleObject10.bin / CONTENTS; CDX 061e664861e93794f49498f9044bc661511fa78ed6348d9d70d079b4f15e9bbe; native molecule index 2,word/embeddings/oleObject10.bin,588dadc124b628c3831cf9bcad753350feea49eba562747281872f7495f79317,061e664861e93794f49498f9044bc661511fa78ed6348d9d70d079b4f15e9bbe,CONTENTS,0,"[{""source_label"":null,""xml_paragraph_index_1based"":181}]"
paper-77cc3e5bcb3be4ba,paper-77cc3e5bcb3be4ba:embedded:0774587ce1eb6800bbd0:1,mol-3966ec9c5bd53141ff14a64f8167cf7ead4058ef258eb38460c3d02fe1d71c98,C[C@@]12C[C@@H]3OC(=O)[C@H]4[C@@H]3[C@@H]1C(=C1C(=O)CCC[C@H]14)CO2,,,,native_CDX_conversion_candidate,RDKit native ChemDraw CDX interpretation of source bonds; independent stereochemistry review pending,pending_native_source_and_label_review,1,archive-001,papers/paper-77cc3e5bcb3be4ba/supporting_information/si-001.docx,9c776a9a888937f07252254df464d12c299c7b933c4414ae6815604c2dcd5a44,,OOXML member word/embeddings/oleObject49.bin / CONTENTS; CDX 0774587ce1eb6800bbd0dd6c90834c38e3d1491a844d341578ae74023fe935f7; native molecule index 1,word/embeddings/oleObject49.bin,9c8b89347bab5487005fd4bd8f289e8064986f7f67c05b15dd8f780dd07d603e,0774587ce1eb6800bbd0dd6c90834c38e3d1491a844d341578ae74023fe935f7,CONTENTS,0,"[{""source_label"":null,""xml_paragraph_index_1based"":603}]"
paper-77cc3e5bcb3be4ba,paper-77cc3e5bcb3be4ba:embedded:114e1974c9a295bb77e1:2,mol-d6d98b74c530d55f7582a4f5a1705df2ad99bf509ac9c68f2a7c42b261171625,C=C[C@@H](O)C[C@@]1(C)C=C(C2=CCCCC2)CO1,,,,native_CDX_conversion_candidate,RDKit native ChemDraw CDX interpretation of source bonds; independent stereochemistry review pending,pending_native_source_and_label_review,2,archive-001,papers/paper-77cc3e5bcb3be4ba/supporting_information/si-001.docx,9c776a9a888937f07252254df464d12c299c7b933c4414ae6815604c2dcd5a44,,OOXML member word/embeddings/oleObject7.bin / CONTENTS; CDX 114e1974c9a295bb77e142a04c66daff1be7db9a43353d1238f598056f9071a9; native molecule index 2,word/embeddings/oleObject7.bin,1fea28aeb20726fe67c9bfc6672498d00f8c3b4efdafbfbf0d41bd4c3f12b6b5,114e1974c9a295bb77e142a04c66daff1be7db9a43353d1238f598056f9071a9,CONTENTS,0,"[{""source_label"":null,""xml_paragraph_index_1based"":154}]"
paper-77cc3e5bcb3be4ba,paper-77cc3e5bcb3be4ba:embedded:15703a36dd31dfccfe4b:1,mol-c8803a425c23b1026e390b93ad2a1ea9bfc836d84b7b6c2173491167a0ea03ea,C[C@@]12C[C@@H]3OC(=O)[C@H]4[C@@H]3[C@@H]1C(=C1C(=O)CCC[C@H]14)[C@@H](O)O2,,,,native_CDX_conversion_candidate,RDKit native ChemDraw CDX interpretation of source bonds; independent stereochemistry review pending,pending_native_source_and_label_review,1,archive-001,papers/paper-77cc3e5bcb3be4ba/supporting_information/si-001.docx,9c776a9a888937f07252254df464d12c299c7b933c4414ae6815604c2dcd5a44,,OOXML member word/embeddings/oleObject53.bin / CONTENTS; CDX 15703a36dd31dfccfe4bb474acdaa2278a5493367a6db5861208a2b6973f0d06; native molecule index 1,word/embeddings/oleObject53.bin,98300ba5e42c0cdfe05e3fd9c4a58b570f0f619460ddc49a5cdcc06c693dd94f,15703a36dd31dfccfe4bb474acdaa2278a5493367a6db5861208a2b6973f0d06,CONTENTS,0,"[{""source_label"":null,""xml_paragraph_index_1based"":608}]"
paper-77cc3e5bcb3be4ba,paper-77cc3e5bcb3be4ba:embedded:17f5a0272a38d5409fea:1,mol-d356d7f90679db087e6fc67797d956ba0f5a130ef143dbbf7c5ce20cf81ea54d,C[C@]12C[C@@H]3OC(=O)[C@@H]4[C@@H]5CCCC(=O)[C@H]5[C@H](O1)C(=O)[C@H]2[C@@H]43,,,,native_CDX_conversion_candidate,RDKit native ChemDraw CDX interpretation of source bonds; independent stereochemistry review pending,pending_native_source_and_label_review,1,archive-001,papers/paper-77cc3e5bcb3be4ba/supporting_information/si-001.docx,9c776a9a888937f07252254df464d12c299c7b933c4414ae6815604c2dcd5a44,,OOXML member word/embeddings/oleObject67.bin / CONTENTS; CDX 17f5a0272a38d5409fea9239a55d861dfbd039aa2c62ba32faf2039f538067f7; native molecule index 1,word/embeddings/oleObject67.bin,c69254873cc6757e3737e4176e06d047e808a63fdd3fe2a7d12777676942cdf5,17f5a0272a38d5409fea9239a55d861dfbd039aa2c62ba32faf2039f538067f7,CONTENTS,0,"[{""source_label"":null,""xml_paragraph_index_1based"":625}]"
paper-77cc3e5bcb3be4ba,paper-77cc3e5bcb3be4ba:embedded:18a62894c54dd581ac65:1,mol-15a758f848fcfa7fcefafc55e17647fc8c7ebea6bac78da2b92db3b55f97e3a7,C#CC[C@](C)(O)C[C@@H](C=C)O[Si](C)(C)C(C)(C)C,,,,native_CDX_conversion_candidate,RDKit native ChemDraw CDX interpretation of source bonds; independent stereochemistry review pending,pending_native_source_and_label_review,1,archive-001,papers/paper-77cc3e5bcb3be4ba/supporting_information/si-001.docx,9c776a9a888937f07252254df464d12c299c7b933c4414ae6815604c2dcd5a44,,OOXML member word/embeddings/oleObject23.bin / CONTENTS; CDX 18a62894c54dd581ac650af85d80799cf98787db11764b27f5b425e9e6965d24; native molecule index 1,word/embeddings/oleObject23.bin,8dea01959ff0f7f042e0ba0b4888fdddd889e674d6a6fcf8f00ba0081ba17c24,18a62894c54dd581ac650af85d80799cf98787db11764b27f5b425e9e6965d24,CONTENTS,0,"[{""source_label"":null,""xml_paragraph_index_1based"":568}]"
paper-77cc3e5bcb3be4ba,paper-77cc3e5bcb3be4ba:embedded:1ddb3f72a80e309b93f6:1,mol-fdaa46b1321010375e2a310f1e7e2b5f861faf524bc8accb7a65120c9db6c771,C=CC(=O)O[C@H](C=C)C[C@@]1(C)C=C(C2=CCCCC2)CO1,,,,native_CDX_conversion_candidate,RDKit native ChemDraw CDX interpretation of source bonds; independent stereochemistry review pending,pending_native_source_and_label_review,1,archive-001,papers/paper-77cc3e5bcb3be4ba/supporting_information/si-001.docx,9c776a9a888937f07252254df464d12c299c7b933c4414ae6815604c2dcd5a44,,OOXML member word/embeddings/oleObject37.bin / CONTENTS; CDX 1ddb3f72a80e309b93f613e758096a5073a14eab61134624884ff87c841e57da; native molecule index 1,word/embeddings/oleObject37.bin,0edc2574a034c8e4242b3ea0a4be73c828350bee951c9689d2451dfc5c6247e1,1ddb3f72a80e309b93f613e758096a5073a14eab61134624884ff87c841e57da,CONTENTS,0,"[{""source_label"":null,""xml_paragraph_index_1based"":588}]"
paper-77cc3e5bcb3be4ba,paper-77cc3e5bcb3be4ba:embedded:1ddb3f72a80e309b93f6:1,mol-fdaa46b1321010375e2a310f1e7e2b5f861faf524bc8accb7a65120c9db6c771,C=CC(=O)O[C@H](C=C)C[C@@]1(C)C=C(C2=CCCCC2)CO1,,,,native_CDX_conversion_candidate,RDKit native ChemDraw CDX interpretation of source bonds; independent stereochemistry review pending,pending_native_source_and_label_review,1,archive-001,papers/paper-77cc3e5bcb3be4ba/supporting_information/si-001.docx,9c776a9a888937f07252254df464d12c299c7b933c4414ae6815604c2dcd5a44,,OOXML member word/embeddings/oleObject39.bin / CONTENTS; CDX 1ddb3f72a80e309b93f613e758096a5073a14eab61134624884ff87c841e57da; native molecule index 1,word/embeddings/oleObject39.bin,0edc2574a034c8e4242b3ea0a4be73c828350bee951c9689d2451dfc5c6247e1,1ddb3f72a80e309b93f613e758096a5073a14eab61134624884ff87c841e57da,CONTENTS,0,"[{""source_label"":null,""xml_paragraph_index_1based"":590}]"
paper-77cc3e5bcb3be4ba,paper-77cc3e5bcb3be4ba:embedded:1fd84c196c4b68a31dde:1,mol-ce31d99bcff193bbb1c95a3434372c20c5be562392acd12a343d58484837c3e1,N[C@@H](CO)Cc1ccccc1,,,,native_CDX_conversion_candidate,RDKit native ChemDraw CDX interpretation of source bonds; independent stereochemistry review pending,pending_native_source_and_label_review,1,archive-001,papers/paper-77cc3e5bcb3be4ba/supporting_information/si-001.docx,9c776a9a888937f07252254df464d12c299c7b933c4414ae6815604c2dcd5a44,,OOXML member word/embeddings/oleObject3.bin / CONTENTS; CDX 1fd84c196c4b68a31dde692026fd2e4b386ecbcb5545510c9a87cd0fa87a63de; native molecule index 1,word/embeddings/oleObject3.bin,6628f15a492b4c8ac7f21eea2628fa8dde8b144992bd8f0f062baee9654f9fc3,1fd84c196c4b68a31dde692026fd2e4b386ecbcb5545510c9a87cd0fa87a63de,CONTENTS,0,"[{""source_label"":null,""xml_paragraph_index_1based"":113}]"
paper-77cc3e5bcb3be4ba,paper-77cc3e5bcb3be4ba:embedded:1fd84c196c4b68a31dde:2,mol-65bcdad7d3c8931ea2b89239c24412dda157c774078c16796e157239710608c4,S=C1N[C@H](Cc2ccccc2)CS1,,,,native_CDX_conversion_candidate,RDKit native ChemDraw CDX interpretation of source bonds; independent stereochemistry review pending,pending_native_source_and_label_review,2,archive-001,papers/paper-77cc3e5bcb3be4ba/supporting_information/si-001.docx,9c776a9a888937f07252254df464d12c299c7b933c4414ae6815604c2dcd5a44,,OOXML member word/embeddings/oleObject3.bin / CONTENTS; CDX 1fd84c196c4b68a31dde692026fd2e4b386ecbcb5545510c9a87cd0fa87a63de; native molecule index 2,word/embeddings/oleObject3.bin,6628f15a492b4c8ac7f21eea2628fa8dde8b144992bd8f0f062baee9654f9fc3,1fd84c196c4b68a31dde692026fd2e4b386ecbcb5545510c9a87cd0fa87a63de,CONTENTS,0,"[{""source_label"":null,""xml_paragraph_index_1based"":113}]"
paper-77cc3e5bcb3be4ba,paper-77cc3e5bcb3be4ba:embedded:1fd84c196c4b68a31dde:3,mol-265f2964478f4ca468de11235be842b3dc5106e3cb214772e5919d1b08bef56a,CC(=O)N1C(=S)SC[C@H]1Cc1ccccc1,,,,native_CDX_conversion_candidate,RDKit native ChemDraw CDX interpretation of source bonds; independent stereochemistry review pending,pending_native_source_and_label_review,3,archive-001,papers/paper-77cc3e5bcb3be4ba/supporting_information/si-001.docx,9c776a9a888937f07252254df464d12c299c7b933c4414ae6815604c2dcd5a44,,OOXML member word/embeddings/oleObject3.bin / CONTENTS; CDX 1fd84c196c4b68a31dde692026fd2e4b386ecbcb5545510c9a87cd0fa87a63de; native molecule index 3,word/embeddings/oleObject3.bin,6628f15a492b4c8ac7f21eea2628fa8dde8b144992bd8f0f062baee9654f9fc3,1fd84c196c4b68a31dde692026fd2e4b386ecbcb5545510c9a87cd0fa87a63de,CONTENTS,0,"[{""source_label"":null,""xml_paragraph_index_1based"":113}]"
paper-77cc3e5bcb3be4ba,paper-77cc3e5bcb3be4ba:embedded:1fd84c196c4b68a31dde:4,mol-48017807e0fb4f0d3a3e4fc266f1fc3f16abbbe6ce3be516afcfa4406080e41b,C=CC=O,,,,native_CDX_conversion_candidate,RDKit native ChemDraw CDX interpretation of source bonds; independent stereochemistry review pending,pending_native_source_and_label_review,4,archive-001,papers/paper-77cc3e5bcb3be4ba/supporting_information/si-001.docx,9c776a9a888937f07252254df464d12c299c7b933c4414ae6815604c2dcd5a44,,OOXML member word/embeddings/oleObject3.bin / CONTENTS; CDX 1fd84c196c4b68a31dde692026fd2e4b386ecbcb5545510c9a87cd0fa87a63de; native molecule index 4,word/embeddings/oleObject3.bin,6628f15a492b4c8ac7f21eea2628fa8dde8b144992bd8f0f062baee9654f9fc3,1fd84c196c4b68a31dde692026fd2e4b386ecbcb5545510c9a87cd0fa87a63de,CONTENTS,0,"[{""source_label"":null,""xml_paragraph_index_1based"":113}]"
paper-77cc3e5bcb3be4ba,paper-77cc3e5bcb3be4ba:embedded:1fd84c196c4b68a31dde:5,mol-a42ea3192415c10f539f38aed5e81ec4a43736737083952a4705e2301d24abc8,C=C[C@@H](O)CC(=O)N1C(=S)SC[C@H]1Cc1ccccc1,,,,native_CDX_conversion_candidate,RDKit native ChemDraw CDX interpretation of source bonds; independent stereochemistry review pending,pending_native_source_and_label_review,5,archive-001,papers/paper-77cc3e5bcb3be4ba/supporting_information/si-001.docx,9c776a9a888937f07252254df464d12c299c7b933c4414ae6815604c2dcd5a44,,OOXML member word/embeddings/oleObject3.bin / CONTENTS; CDX 1fd84c196c4b68a31dde692026fd2e4b386ecbcb5545510c9a87cd0fa87a63de; native molecule index 5,word/embeddings/oleObject3.bin,6628f15a492b4c8ac7f21eea2628fa8dde8b144992bd8f0f062baee9654f9fc3,1fd84c196c4b68a31dde692026fd2e4b386ecbcb5545510c9a87cd0fa87a63de,CONTENTS,0,"[{""source_label"":null,""xml_paragraph_index_1based"":113}]"
paper-77cc3e5bcb3be4ba,paper-77cc3e5bcb3be4ba:embedded:1fd84c196c4b68a31dde:6,mol-f97a42a2922712fe7c5b2262d1227c95eaf593079077dc51a08c8a5fcd0ecc9b,C=C[C@@H](O)CC(=O)N(C)OC,,,,native_CDX_conversion_candidate,RDKit native ChemDraw CDX interpretation of source bonds; independent stereochemistry review pending,pending_native_source_and_label_review,6,archive-001,papers/paper-77cc3e5bcb3be4ba/supporting_information/si-001.docx,9c776a9a888937f07252254df464d12c299c7b933c4414ae6815604c2dcd5a44,,OOXML member word/embeddings/oleObject3.bin / CONTENTS; CDX 1fd84c196c4b68a31dde692026fd2e4b386ecbcb5545510c9a87cd0fa87a63de; native molecule index 6,word/embeddings/oleObject3.bin,6628f15a492b4c8ac7f21eea2628fa8dde8b144992bd8f0f062baee9654f9fc3,1fd84c196c4b68a31dde692026fd2e4b386ecbcb5545510c9a87cd0fa87a63de,CONTENTS,0,"[{""source_label"":null,""xml_paragraph_index_1based"":113}]"
paper-77cc3e5bcb3be4ba,paper-77cc3e5bcb3be4ba:embedded:1fd84c196c4b68a31dde:8,mol-82c429fb04e392f406039067795ce79361f8c370d1abe672702f82ebec24e9e1,C=C[C@@H](O)CC(C)=O,,,,native_CDX_conversion_candidate,RDKit native ChemDraw CDX interpretation of source bonds; independent stereochemistry review pending,pending_native_source_and_label_review,8,archive-001,papers/paper-77cc3e5bcb3be4ba/supporting_information/si-001.docx,9c776a9a888937f07252254df464d12c299c7b933c4414ae6815604c2dcd5a44,,OOXML member word/embeddings/oleObject3.bin / CONTENTS; CDX 1fd84c196c4b68a31dde692026fd2e4b386ecbcb5545510c9a87cd0fa87a63de; native molecule index 8,word/embeddings/oleObject3.bin,6628f15a492b4c8ac7f21eea2628fa8dde8b144992bd8f0f062baee9654f9fc3,1fd84c196c4b68a31dde692026fd2e4b386ecbcb5545510c9a87cd0fa87a63de,CONTENTS,0,"[{""source_label"":null,""xml_paragraph_index_1based"":113}]"
paper-77cc3e5bcb3be4ba,paper-77cc3e5bcb3be4ba:embedded:23433abc125ecd834957:1,mol-0aad9fcccfaa09c4e4bd998a2ac879c7a2f69c4843c770ac5778f36bfe827812,[O-][n+]1cc(Cl)cc(Cl)c1,,,,native_CDX_conversion_candidate,RDKit native ChemDraw CDX interpretation of source bonds; independent stereochemistry review pending,pending_native_source_and_label_review,1,archive-001,papers/paper-77cc3e5bcb3be4ba/supporting_information/si-001.docx,9c776a9a888937f07252254df464d12c299c7b933c4414ae6815604c2dcd5a44,,OOXML member word/embeddings/oleObject5.bin / CONTENTS; CDX 23433abc125ecd834957b33b5d0aa41b378a9af968b2708ba448a33585ca8ffe; native molecule index 1,word/embeddings/oleObject5.bin,e064954bf4fd8f346ecc07244b1784ec328dd217cfb7532d57ee8f398e0c8a68,23433abc125ecd834957b33b5d0aa41b378a9af968b2708ba448a33585ca8ffe,CONTENTS,0,"[{""source_label"":null,""xml_paragraph_index_1based"":136}]"
paper-77cc3e5bcb3be4ba,paper-77cc3e5bcb3be4ba:embedded:23433abc125ecd834957:2,mol-574d13cc44e730214585588bc0d19e4a212d5fddb3afe8ee4f14f8c6fa6888bd,C=C[C@H](C[C@@]1(C)CC(=O)CO1)O[Si](C)(C)C(C)(C)C,,,,native_CDX_conversion_candidate,RDKit native ChemDraw CDX interpretation of source bonds; independent stereochemistry review pending,pending_native_source_and_label_review,2,archive-001,papers/paper-77cc3e5bcb3be4ba/supporting_information/si-001.docx,9c776a9a888937f07252254df464d12c299c7b933c4414ae6815604c2dcd5a44,,OOXML member word/embeddings/oleObject5.bin / CONTENTS; CDX 23433abc125ecd834957b33b5d0aa41b378a9af968b2708ba448a33585ca8ffe; native molecule index 2,word/embeddings/oleObject5.bin,e064954bf4fd8f346ecc07244b1784ec328dd217cfb7532d57ee8f398e0c8a68,23433abc125ecd834957b33b5d0aa41b378a9af968b2708ba448a33585ca8ffe,CONTENTS,0,"[{""source_label"":null,""xml_paragraph_index_1based"":136}]"
paper-77cc3e5bcb3be4ba,paper-77cc3e5bcb3be4ba:embedded:23433abc125ecd834957:4,mol-15a758f848fcfa7fcefafc55e17647fc8c7ebea6bac78da2b92db3b55f97e3a7,C#CC[C@](C)(O)C[C@@H](C=C)O[Si](C)(C)C(C)(C)C,,,,native_CDX_conversion_candidate,RDKit native ChemDraw CDX interpretation of source bonds; independent stereochemistry review pending,pending_native_source_and_label_review,4,archive-001,papers/paper-77cc3e5bcb3be4ba/supporting_information/si-001.docx,9c776a9a888937f07252254df464d12c299c7b933c4414ae6815604c2dcd5a44,,OOXML member word/embeddings/oleObject5.bin / CONTENTS; CDX 23433abc125ecd834957b33b5d0aa41b378a9af968b2708ba448a33585ca8ffe; native molecule index 4,word/embeddings/oleObject5.bin,e064954bf4fd8f346ecc07244b1784ec328dd217cfb7532d57ee8f398e0c8a68,23433abc125ecd834957b33b5d0aa41b378a9af968b2708ba448a33585ca8ffe,CONTENTS,0,"[{""source_label"":null,""xml_paragraph_index_1based"":136}]"
paper-77cc3e5bcb3be4ba,paper-77cc3e5bcb3be4ba:embedded:33f329b1b40dcea761cf:1,mol-561ae2b4a17aa21360412442c9de944c9a10028f4d43393127064e5797e0e7e2,C=C(C)[C@H]1CC(=O)[C@@H]2[C@@H](C1)[C@H]1C(=O)O[C@H]3C[C@@]4(C)O[C@@H]2C(=O)[C@H]4[C@@H]13,,,,native_CDX_conversion_candidate,RDKit native ChemDraw CDX interpretation of source bonds; independent stereochemistry review pending,pending_native_source_and_label_review,1,archive-001,papers/paper-77cc3e5bcb3be4ba/supporting_information/si-001.docx,9c776a9a888937f07252254df464d12c299c7b933c4414ae6815604c2dcd5a44,,OOXML member word/embeddings/oleObject17.bin / CONTENTS; CDX 33f329b1b40dcea761cf0881f58693ef661b54babc9be71c2b29b08d872ddcfd; native molecule index 1,word/embeddings/oleObject17.bin,b5ddb9d2a92ffddb6e55b4562b0c9300e65c63a7542b04a89f1530ecaa082352,33f329b1b40dcea761cf0881f58693ef661b54babc9be71c2b29b08d872ddcfd,CONTENTS,0,"[{""source_label"":null,""xml_paragraph_index_1based"":253}]"
paper-77cc3e5bcb3be4ba,paper-77cc3e5bcb3be4ba:embedded:33f329b1b40dcea761cf:2,mol-7f322e838706a614a5bf30ea6d60927034959852119d1b9951637ab36df0b09b,C[C@]12C[C@@H]3OC(=O)[C@@H]4[C@@H]5CC=CC(=O)[C@H]5[C@H](O1)C(=O)[C@H]2[C@@H]43,,,,native_CDX_conversion_candidate,RDKit native ChemDraw CDX interpretation of source bonds; independent stereochemistry review pending,pending_native_source_and_label_review,2,archive-001,papers/paper-77cc3e5bcb3be4ba/supporting_information/si-001.docx,9c776a9a888937f07252254df464d12c299c7b933c4414ae6815604c2dcd5a44,,OOXML member word/embeddings/oleObject17.bin / CONTENTS; CDX 33f329b1b40dcea761cf0881f58693ef661b54babc9be71c2b29b08d872ddcfd; native molecule index 2,word/embeddings/oleObject17.bin,b5ddb9d2a92ffddb6e55b4562b0c9300e65c63a7542b04a89f1530ecaa082352,33f329b1b40dcea761cf0881f58693ef661b54babc9be71c2b29b08d872ddcfd,CONTENTS,0,"[{""source_label"":null,""xml_paragraph_index_1based"":253}]"
paper-77cc3e5bcb3be4ba,paper-77cc3e5bcb3be4ba:embedded:37105f38362f473e3458:1,mol-f1709d2bf82601b25cbf86018f4231554ea699f243d05e9a82d3d9884a9b173d,C[C@@]12C[C@@H]3OC(=O)[C@H]4[C@@H]3[C@@H]1C(=C1CCCC[C@H]14)CO2,,,,native_CDX_conversion_candidate,RDKit native ChemDraw CDX interpretation of source bonds; independent stereochemistry review pending,pending_native_source_and_label_review,1,archive-001,papers/paper-77cc3e5bcb3be4ba/supporting_information/si-001.docx,9c776a9a888937f07252254df464d12c299c7b933c4414ae6815604c2dcd5a44,,OOXML member word/embeddings/oleObject11.bin / CONTENTS; CDX 37105f38362f473e34581dbcc5674ef9f67786ab9f688a855158a2aebf61e2c1; native molecule index 1,word/embeddings/oleObject11.bin,41153c9aa48264f4374cae5194d190ea5559dff75c9ec2f76ba68d7a18f8e9c0,37105f38362f473e34581dbcc5674ef9f67786ab9f688a855158a2aebf61e2c1,CONTENTS,0,"[{""source_label"":null,""xml_paragraph_index_1based"":193}]"
paper-77cc3e5bcb3be4ba,paper-77cc3e5bcb3be4ba:embedded:37105f38362f473e3458:3,mol-3966ec9c5bd53141ff14a64f8167cf7ead4058ef258eb38460c3d02fe1d71c98,C[C@@]12C[C@@H]3OC(=O)[C@H]4[C@@H]3[C@@H]1C(=C1C(=O)CCC[C@H]14)CO2,,,,native_CDX_conversion_candidate,RDKit native ChemDraw CDX interpretation of source bonds; independent stereochemistry review pending,pending_native_source_and_label_review,3,archive-001,papers/paper-77cc3e5bcb3be4ba/supporting_information/si-001.docx,9c776a9a888937f07252254df464d12c299c7b933c4414ae6815604c2dcd5a44,,OOXML member word/embeddings/oleObject11.bin / CONTENTS; CDX 37105f38362f473e34581dbcc5674ef9f67786ab9f688a855158a2aebf61e2c1; native molecule index 3,word/embeddings/oleObject11.bin,41153c9aa48264f4374cae5194d190ea5559dff75c9ec2f76ba68d7a18f8e9c0,37105f38362f473e34581dbcc5674ef9f67786ab9f688a855158a2aebf61e2c1,CONTENTS,0,"[{""source_label"":null,""xml_paragraph_index_1based"":193}]"
paper-77cc3e5bcb3be4ba,paper-77cc3e5bcb3be4ba:embedded:3ee7d29e682cd3a73926:1,mol-7f322e838706a614a5bf30ea6d60927034959852119d1b9951637ab36df0b09b,C[C@]12C[C@@H]3OC(=O)[C@@H]4[C@@H]5CC=CC(=O)[C@H]5[C@H](O1)C(=O)[C@H]2[C@@H]43,,,,native_CDX_conversion_candidate,RDKit native ChemDraw CDX interpretation of source bonds; independent stereochemistry review pending,pending_native_source_and_label_review,1,archive-001,papers/paper-77cc3e5bcb3be4ba/supporting_information/si-001.docx,9c776a9a888937f07252254df464d12c299c7b933c4414ae6815604c2dcd5a44,,OOXML member word/embeddings/oleObject69.bin / CONTENTS; CDX 3ee7d29e682cd3a739269a15957d7ca3380fd4fbed07492626046299783e5ce8; native molecule index 1,word/embeddings/oleObject69.bin,e49653825f4765bef3d685f74e5fcbdf2844216df550a665d7766efb36f0ef60,3ee7d29e682cd3a739269a15957d7ca3380fd4fbed07492626046299783e5ce8,CONTENTS,0,"[{""source_label"":null,""xml_paragraph_index_1based"":628}]"
paper-77cc3e5bcb3be4ba,paper-77cc3e5bcb3be4ba:embedded:4200bdc2b030b3c102a1:1,mol-3966ec9c5bd53141ff14a64f8167cf7ead4058ef258eb38460c3d02fe1d71c98,C[C@@]12C[C@@H]3OC(=O)[C@H]4[C@@H]3[C@@H]1C(=C1C(=O)CCC[C@H]14)CO2,,,,native_CDX_conversion_candidate,RDKit native ChemDraw CDX interpretation of source bonds; independent stereochemistry review pending,pending_native_source_and_label_review,1,archive-001,papers/paper-77cc3e5bcb3be4ba/supporting_information/si-001.docx,9c776a9a888937f07252254df464d12c299c7b933c4414ae6815604c2dcd5a44,,OOXML member word/embeddings/oleObject12.bin / CONTENTS; CDX 4200bdc2b030b3c102a15f32709c6ff71cbf7459bcdf966ae99ffc2e1e6fff9e; native molecule index 1,word/embeddings/oleObject12.bin,a5b9aa41998e076f23cce4a1ebbf306f4f7627981ed8e074edc4392394bd22fb,4200bdc2b030b3c102a15f32709c6ff71cbf7459bcdf966ae99ffc2e1e6fff9e,CONTENTS,0,"[{""source_label"":null,""xml_paragraph_index_1based"":203}]"
paper-77cc3e5bcb3be4ba,paper-77cc3e5bcb3be4ba:embedded:4200bdc2b030b3c102a1:2,mol-c8803a425c23b1026e390b93ad2a1ea9bfc836d84b7b6c2173491167a0ea03ea,C[C@@]12C[C@@H]3OC(=O)[C@H]4[C@@H]3[C@@H]1C(=C1C(=O)CCC[C@H]14)[C@@H](O)O2,,,,native_CDX_conversion_candidate,RDKit native ChemDraw CDX interpretation of source bonds; independent stereochemistry review pending,pending_native_source_and_label_review,2,archive-001,papers/paper-77cc3e5bcb3be4ba/supporting_information/si-001.docx,9c776a9a888937f07252254df464d12c299c7b933c4414ae6815604c2dcd5a44,,OOXML member word/embeddings/oleObject12.bin / CONTENTS; CDX 4200bdc2b030b3c102a15f32709c6ff71cbf7459bcdf966ae99ffc2e1e6fff9e; native molecule index 2,word/embeddings/oleObject12.bin,a5b9aa41998e076f23cce4a1ebbf306f4f7627981ed8e074edc4392394bd22fb,4200bdc2b030b3c102a15f32709c6ff71cbf7459bcdf966ae99ffc2e1e6fff9e,CONTENTS,0,"[{""source_label"":null,""xml_paragraph_index_1based"":203}]"
paper-77cc3e5bcb3be4ba,paper-77cc3e5bcb3be4ba:embedded:435f8901c84c46ad34f1:1,mol-f671265872a3d159db331f96f4989d44f836b0085cab98ecbdcd5f32c09431e1,C[C@@]12C[C@@H]3OC(=O)[C@H]4[C@@H]3[C@@H]1[C@H](C1C(=O)CCC[C@H]14)[C@@H](O)O2,,,,native_CDX_conversion_candidate,RDKit native ChemDraw CDX interpretation of source bonds; independent stereochemistry review pending,pending_native_source_and_label_review,1,archive-001,papers/paper-77cc3e5bcb3be4ba/supporting_information/si-001.docx,9c776a9a888937f07252254df464d12c299c7b933c4414ae6815604c2dcd5a44,,OOXML member word/embeddings/oleObject14.bin / CONTENTS; CDX 435f8901c84c46ad34f14b5ea73e994027754f15e6bf158840e986f8ebb147df; native molecule index 1,word/embeddings/oleObject14.bin,a5fa0f6e79b92edcfe817bf55141dee572f07cb7c497f76da7ed7da3b031064b,435f8901c84c46ad34f14b5ea73e994027754f15e6bf158840e986f8ebb147df,CONTENTS,0,"[{""source_label"":null,""xml_paragraph_index_1based"":222}]"
paper-77cc3e5bcb3be4ba,paper-77cc3e5bcb3be4ba:embedded:435f8901c84c46ad34f1:3,mol-c8803a425c23b1026e390b93ad2a1ea9bfc836d84b7b6c2173491167a0ea03ea,C[C@@]12C[C@@H]3OC(=O)[C@H]4[C@@H]3[C@@H]1C(=C1C(=O)CCC[C@H]14)[C@@H](O)O2,,,,native_CDX_conversion_candidate,RDKit native ChemDraw CDX interpretation of source bonds; independent stereochemistry review pending,pending_native_source_and_label_review,3,archive-001,papers/paper-77cc3e5bcb3be4ba/supporting_information/si-001.docx,9c776a9a888937f07252254df464d12c299c7b933c4414ae6815604c2dcd5a44,,OOXML member word/embeddings/oleObject14.bin / CONTENTS; CDX 435f8901c84c46ad34f14b5ea73e994027754f15e6bf158840e986f8ebb147df; native molecule index 3,word/embeddings/oleObject14.bin,a5fa0f6e79b92edcfe817bf55141dee572f07cb7c497f76da7ed7da3b031064b,435f8901c84c46ad34f14b5ea73e994027754f15e6bf158840e986f8ebb147df,CONTENTS,0,"[{""source_label"":null,""xml_paragraph_index_1based"":222}]"
paper-77cc3e5bcb3be4ba,paper-77cc3e5bcb3be4ba:embedded:49fb26b0295350cba476:1,mol-59665130c5d6cb3b96b15f88fc4c2f006a7e111c9c53ca874090e976a7fa296e,C=CC(=O)O,,,,native_CDX_conversion_candidate,RDKit native ChemDraw CDX interpretation of source bonds; independent stereochemistry review pending,pending_native_source_and_label_review,1,archive-001,papers/paper-77cc3e5bcb3be4ba/supporting_information/si-001.docx,9c776a9a888937f07252254df464d12c299c7b933c4414ae6815604c2dcd5a44,,OOXML member word/embeddings/oleObject8.bin / CONTENTS; CDX 49fb26b0295350cba4761df1e371234b6217e45123e4764517fbf9dbf1f28ac7; native molecule index 1,word/embeddings/oleObject8.bin,7defb62e0f967d61ce5cc12c43fb6b8f924d7368dcbefd6e32596a28e9bccf5f,49fb26b0295350cba4761df1e371234b6217e45123e4764517fbf9dbf1f28ac7,CONTENTS,0,"[{""source_label"":null,""xml_paragraph_index_1based"":163}]"
paper-77cc3e5bcb3be4ba,paper-77cc3e5bcb3be4ba:embedded:49fb26b0295350cba476:2,mol-d6d98b74c530d55f7582a4f5a1705df2ad99bf509ac9c68f2a7c42b261171625,C=C[C@@H](O)C[C@@]1(C)C=C(C2=CCCCC2)CO1,,,,native_CDX_conversion_candidate,RDKit native ChemDraw CDX interpretation of source bonds; independent stereochemistry review pending,pending_native_source_and_label_review,2,archive-001,papers/paper-77cc3e5bcb3be4ba/supporting_information/si-001.docx,9c776a9a888937f07252254df464d12c299c7b933c4414ae6815604c2dcd5a44,,OOXML member word/embeddings/oleObject8.bin / CONTENTS; CDX 49fb26b0295350cba4761df1e371234b6217e45123e4764517fbf9dbf1f28ac7; native molecule index 2,word/embeddings/oleObject8.bin,7defb62e0f967d61ce5cc12c43fb6b8f924d7368dcbefd6e32596a28e9bccf5f,49fb26b0295350cba4761df1e371234b6217e45123e4764517fbf9dbf1f28ac7,CONTENTS,0,"[{""source_label"":null,""xml_paragraph_index_1based"":163}]"
paper-77cc3e5bcb3be4ba,paper-77cc3e5bcb3be4ba:embedded:49fb26b0295350cba476:3,mol-fdaa46b1321010375e2a310f1e7e2b5f861faf524bc8accb7a65120c9db6c771,C=CC(=O)O[C@H](C=C)C[C@@]1(C)C=C(C2=CCCCC2)CO1,,,,native_CDX_conversion_candidate,RDKit native ChemDraw CDX interpretation of source bonds; independent stereochemistry review pending,pending_native_source_and_label_review,3,archive-001,papers/paper-77cc3e5bcb3be4ba/supporting_information/si-001.docx,9c776a9a888937f07252254df464d12c299c7b933c4414ae6815604c2dcd5a44,,OOXML member word/embeddings/oleObject8.bin / CONTENTS; CDX 49fb26b0295350cba4761df1e371234b6217e45123e4764517fbf9dbf1f28ac7; native molecule index 3,word/embeddings/oleObject8.bin,7defb62e0f967d61ce5cc12c43fb6b8f924d7368dcbefd6e32596a28e9bccf5f,49fb26b0295350cba4761df1e371234b6217e45123e4764517fbf9dbf1f28ac7,CONTENTS,0,"[{""source_label"":null,""xml_paragraph_index_1based"":163}]"
paper-77cc3e5bcb3be4ba,paper-77cc3e5bcb3be4ba:embedded:4ad58c5821e75af9f25e:1,mol-1a5ea43d5fce663022cecc1352f2d829bb108e89fd4ef67404e52dc38e918df5,C[C@]1(C[C@H]2C=CC(=O)O2)C=C(C2=CCCCC2)CO1,,,,native_CDX_conversion_candidate,RDKit native ChemDraw CDX interpretation of source bonds; independent stereochemistry review pending,pending_native_source_and_label_review,1,archive-001,papers/paper-77cc3e5bcb3be4ba/supporting_information/si-001.docx,9c776a9a888937f07252254df464d12c299c7b933c4414ae6815604c2dcd5a44,,OOXML member word/embeddings/oleObject41.bin / CONTENTS; CDX 4ad58c5821e75af9f25e3c30b5d861516fb4b7a240bf55cb81863f02bd6bfa6c; native molecule index 1,word/embeddings/oleObject41.bin,e71a328a9c4809083f11e23fd007691a85047f7c19d68704bef2eed3fd5e91d8,4ad58c5821e75af9f25e3c30b5d861516fb4b7a240bf55cb81863f02bd6bfa6c,CONTENTS,0,"[{""source_label"":null,""xml_paragraph_index_1based"":593}]"
paper-77cc3e5bcb3be4ba,paper-77cc3e5bcb3be4ba:embedded:4ad58c5821e75af9f25e:1,mol-1a5ea43d5fce663022cecc1352f2d829bb108e89fd4ef67404e52dc38e918df5,C[C@]1(C[C@H]2C=CC(=O)O2)C=C(C2=CCCCC2)CO1,,,,native_CDX_conversion_candidate,RDKit native ChemDraw CDX interpretation of source bonds; independent stereochemistry review pending,pending_native_source_and_label_review,1,archive-001,papers/paper-77cc3e5bcb3be4ba/supporting_information/si-001.docx,9c776a9a888937f07252254df464d12c299c7b933c4414ae6815604c2dcd5a44,,OOXML member word/embeddings/oleObject43.bin / CONTENTS; CDX 4ad58c5821e75af9f25e3c30b5d861516fb4b7a240bf55cb81863f02bd6bfa6c; native molecule index 1,word/embeddings/oleObject43.bin,e71a328a9c4809083f11e23fd007691a85047f7c19d68704bef2eed3fd5e91d8,4ad58c5821e75af9f25e3c30b5d861516fb4b7a240bf55cb81863f02bd6bfa6c,CONTENTS,0,"[{""source_label"":null,""xml_paragraph_index_1based"":595}]"
paper-77cc3e5bcb3be4ba,paper-77cc3e5bcb3be4ba:embedded:4c0f51845b46a64658a9:1,mol-d356d7f90679db087e6fc67797d956ba0f5a130ef143dbbf7c5ce20cf81ea54d,C[C@]12C[C@@H]3OC(=O)[C@@H]4[C@@H]5CCCC(=O)[C@H]5[C@H](O1)C(=O)[C@H]2[C@@H]43,,,,native_CDX_conversion_candidate,RDKit native ChemDraw CDX interpretation of source bonds; independent stereochemistry review pending,pending_native_source_and_label_review,1,archive-001,papers/paper-77cc3e5bcb3be4ba/supporting_information/si-001.docx,9c776a9a888937f07252254df464d12c299c7b933c4414ae6815604c2dcd5a44,,OOXML member word/embeddings/oleObject16.bin / CONTENTS; CDX 4c0f51845b46a64658a978b6a04b00d3cb679bab8d8a978543a76822acb7124a; native molecule index 1,word/embeddings/oleObject16.bin,6af34d3b4f81b31ad8e2b26c0ee1bbeb95ecf64721199ada7950b93a7ca9edf3,4c0f51845b46a64658a978b6a04b00d3cb679bab8d8a978543a76822acb7124a,CONTENTS,0,"[{""source_label"":null,""xml_paragraph_index_1based"":243}]"
paper-77cc3e5bcb3be4ba,paper-77cc3e5bcb3be4ba:embedded:4c0f51845b46a64658a9:2,mol-7f322e838706a614a5bf30ea6d60927034959852119d1b9951637ab36df0b09b,C[C@]12C[C@@H]3OC(=O)[C@@H]4[C@@H]5CC=CC(=O)[C@H]5[C@H](O1)C(=O)[C@H]2[C@@H]43,,,,native_CDX_conversion_candidate,RDKit native ChemDraw CDX interpretation of source bonds; independent stereochemistry review pending,pending_native_source_and_label_review,2,archive-001,papers/paper-77cc3e5bcb3be4ba/supporting_information/si-001.docx,9c776a9a888937f07252254df464d12c299c7b933c4414ae6815604c2dcd5a44,,OOXML member word/embeddings/oleObject16.bin / CONTENTS; CDX 4c0f51845b46a64658a978b6a04b00d3cb679bab8d8a978543a76822acb7124a; native molecule index 2,word/embeddings/oleObject16.bin,6af34d3b4f81b31ad8e2b26c0ee1bbeb95ecf64721199ada7950b93a7ca9edf3,4c0f51845b46a64658a978b6a04b00d3cb679bab8d8a978543a76822acb7124a,CONTENTS,0,"[{""source_label"":null,""xml_paragraph_index_1based"":243}]"
paper-77cc3e5bcb3be4ba,paper-77cc3e5bcb3be4ba:embedded:552e3f3e7dd3c08e5754:1,mol-d356d7f90679db087e6fc67797d956ba0f5a130ef143dbbf7c5ce20cf81ea54d,C[C@]12C[C@@H]3OC(=O)[C@@H]4[C@@H]5CCCC(=O)[C@H]5[C@H](O1)C(=O)[C@H]2[C@@H]43,,,,native_CDX_conversion_candidate,RDKit native ChemDraw CDX interpretation of source bonds; independent stereochemistry review pending,pending_native_source_and_label_review,1,archive-001,papers/paper-77cc3e5bcb3be4ba/supporting_information/si-001.docx,9c776a9a888937f07252254df464d12c299c7b933c4414ae6815604c2dcd5a44,,OOXML member word/embeddings/oleObject65.bin / CONTENTS; CDX 552e3f3e7dd3c08e5754956fa226e72fc1edfbd4bde5e9e2638c626bf1d36302; native molecule index 1,word/embeddings/oleObject65.bin,c88b7035d392fd1cf8c8e5cfdd65b218fad7bcdce0c850707e8f86aa00c044d6,552e3f3e7dd3c08e5754956fa226e72fc1edfbd4bde5e9e2638c626bf1d36302,CONTENTS,0,"[{""source_label"":null,""xml_paragraph_index_1based"":623}]"
paper-77cc3e5bcb3be4ba,paper-77cc3e5bcb3be4ba:embedded:60ac6830efee55f0059d:1,mol-574d13cc44e730214585588bc0d19e4a212d5fddb3afe8ee4f14f8c6fa6888bd,C=C[C@H](C[C@@]1(C)CC(=O)CO1)O[Si](C)(C)C(C)(C)C,,,,native_CDX_conversion_candidate,RDKit native ChemDraw CDX interpretation of source bonds; independent stereochemistry review pending,pending_native_source_and_label_review,1,archive-001,papers/paper-77cc3e5bcb3be4ba/supporting_information/si-001.docx,9c776a9a888937f07252254df464d12c299c7b933c4414ae6815604c2dcd5a44,,OOXML member word/embeddings/oleObject27.bin / CONTENTS; CDX 60ac6830efee55f0059d1133e803bd83e0bb9b180fb6888e40fd187df2902028; native molecule index 1,word/embeddings/oleObject27.bin,9882b7f9dad53dfa8a3508c4a5c3925990a9e989f6529d35464b4a39910d36c4,60ac6830efee55f0059d1133e803bd83e0bb9b180fb6888e40fd187df2902028,CONTENTS,0,"[{""source_label"":null,""xml_paragraph_index_1based"":575}]"
paper-77cc3e5bcb3be4ba,paper-77cc3e5bcb3be4ba:embedded:62becf9880526236ddef:1,mol-561ae2b4a17aa21360412442c9de944c9a10028f4d43393127064e5797e0e7e2,C=C(C)[C@H]1CC(=O)[C@@H]2[C@@H](C1)[C@H]1C(=O)O[C@H]3C[C@@]4(C)O[C@@H]2C(=O)[C@H]4[C@@H]13,,,,native_CDX_conversion_candidate,RDKit native ChemDraw CDX interpretation of source bonds; independent stereochemistry review pending,pending_native_source_and_label_review,1,archive-001,papers/paper-77cc3e5bcb3be4ba/supporting_information/si-001.docx,9c776a9a888937f07252254df464d12c299c7b933c4414ae6815604c2dcd5a44,,OOXML member word/embeddings/oleObject75.bin / CONTENTS; CDX 62becf9880526236ddef22688bdd09377b5365a0fccecb7874795eef919261eb; native molecule index 1,word/embeddings/oleObject75.bin,8f1f5ce3bd8c820cb0b8c5e29d7bda8fb733bab22b5e0a973beef85366834b7d,62becf9880526236ddef22688bdd09377b5365a0fccecb7874795eef919261eb,CONTENTS,0,"[{""source_label"":null,""xml_paragraph_index_1based"":635}]"
paper-77cc3e5bcb3be4ba,paper-77cc3e5bcb3be4ba:embedded:6794dacec49f7b5c098b:1,mol-d6d98b74c530d55f7582a4f5a1705df2ad99bf509ac9c68f2a7c42b261171625,C=C[C@@H](O)C[C@@]1(C)C=C(C2=CCCCC2)CO1,,,,native_CDX_conversion_candidate,RDKit native ChemDraw CDX interpretation of source bonds; independent stereochemistry review pending,pending_native_source_and_label_review,1,archive-001,papers/paper-77cc3e5bcb3be4ba/supporting_information/si-001.docx,9c776a9a888937f07252254df464d12c299c7b933c4414ae6815604c2dcd5a44,,OOXML member word/embeddings/oleObject36.bin / CONTENTS; CDX 6794dacec49f7b5c098b11ae4f8a09dcb5523db3087c10200d1f7566d1c50975; native molecule index 1,word/embeddings/oleObject36.bin,52e35ddd1794d090f89ed08c123600aac8f00a50917c44076e5791b92bacbe98,6794dacec49f7b5c098b11ae4f8a09dcb5523db3087c10200d1f7566d1c50975,CONTENTS,0,"[{""source_label"":null,""xml_paragraph_index_1based"":586}]"
paper-77cc3e5bcb3be4ba,paper-77cc3e5bcb3be4ba:embedded:75c28fc4eb660a7007bf:1,mol-a6953935ff3c02b838401ce8fed6edb70672cff0474e7be8feb59c1c5b441144,C[C@@]12C[C@@H]3OC(=O)[C@H]4[C@@H]3[C@@H]1[C@]1(O[C@H]1O2)C1C(=O)CCC[C@H]14,,,,native_CDX_conversion_candidate,RDKit native ChemDraw CDX interpretation of source bonds; independent stereochemistry review pending,pending_native_source_and_label_review,1,archive-001,papers/paper-77cc3e5bcb3be4ba/supporting_information/si-001.docx,9c776a9a888937f07252254df464d12c299c7b933c4414ae6815604c2dcd5a44,,OOXML member word/embeddings/oleObject2.bin / CONTENTS; CDX 75c28fc4eb660a7007bfd4d50322e2e2617f02821701cb9c5210323648660af7; native molecule index 1,word/embeddings/oleObject2.bin,a2864999504dc2e86fb1f5bd1f9a7dfbb1a4d184c42d1c8cdc7c5444c8002717,75c28fc4eb660a7007bfd4d50322e2e2617f02821701cb9c5210323648660af7,CONTENTS,0,"[{""source_label"":null,""xml_paragraph_index_1based"":73}]"
paper-77cc3e5bcb3be4ba,paper-77cc3e5bcb3be4ba:embedded:75c28fc4eb660a7007bf:2,mol-d0d54a8b808a3ad3c8340df39bc792ccfdfdc817d3f40d6c18d38105acdd1833,C[C@@]12C[C@@H]3OC(=O)[C@H]4[C@@H]3[C@@H]1[C@](O)(C1C(=O)CCC[C@H]14)[C@@H](O)O2,,,,native_CDX_conversion_candidate,RDKit native ChemDraw CDX interpretation of source bonds; independent stereochemistry review pending,pending_native_source_and_label_review,2,archive-001,papers/paper-77cc3e5bcb3be4ba/supporting_information/si-001.docx,9c776a9a888937f07252254df464d12c299c7b933c4414ae6815604c2dcd5a44,,OOXML member word/embeddings/oleObject2.bin / CONTENTS; CDX 75c28fc4eb660a7007bfd4d50322e2e2617f02821701cb9c5210323648660af7; native molecule index 2,word/embeddings/oleObject2.bin,a2864999504dc2e86fb1f5bd1f9a7dfbb1a4d184c42d1c8cdc7c5444c8002717,75c28fc4eb660a7007bfd4d50322e2e2617f02821701cb9c5210323648660af7,CONTENTS,0,"[{""source_label"":null,""xml_paragraph_index_1based"":73}]"
paper-77cc3e5bcb3be4ba,paper-77cc3e5bcb3be4ba:embedded:75c28fc4eb660a7007bf:3,mol-c0f3d8382978262dafb3f974536971eb1e8dc475ba4f5522cd222ee78ed1f399,C[C@@]12C[C@@H]3OC(=O)[C@H]4[C@@H]3[C@@H]1C(=CO2)C1C(=O)CCC[C@H]14,,,,native_CDX_conversion_candidate,RDKit native ChemDraw CDX interpretation of source bonds; independent stereochemistry review pending,pending_native_source_and_label_review,3,archive-001,papers/paper-77cc3e5bcb3be4ba/supporting_information/si-001.docx,9c776a9a888937f07252254df464d12c299c7b933c4414ae6815604c2dcd5a44,,OOXML member word/embeddings/oleObject2.bin / CONTENTS; CDX 75c28fc4eb660a7007bfd4d50322e2e2617f02821701cb9c5210323648660af7; native molecule index 3,word/embeddings/oleObject2.bin,a2864999504dc2e86fb1f5bd1f9a7dfbb1a4d184c42d1c8cdc7c5444c8002717,75c28fc4eb660a7007bfd4d50322e2e2617f02821701cb9c5210323648660af7,CONTENTS,0,"[{""source_label"":null,""xml_paragraph_index_1based"":73}]"
paper-77cc3e5bcb3be4ba,paper-77cc3e5bcb3be4ba:embedded:75c28fc4eb660a7007bf:4,mol-d356d7f90679db087e6fc67797d956ba0f5a130ef143dbbf7c5ce20cf81ea54d,C[C@]12C[C@@H]3OC(=O)[C@@H]4[C@@H]5CCCC(=O)[C@H]5[C@H](O1)C(=O)[C@H]2[C@@H]43,,,,native_CDX_conversion_candidate,RDKit native ChemDraw CDX interpretation of source bonds; independent stereochemistry review pending,pending_native_source_and_label_review,4,archive-001,papers/paper-77cc3e5bcb3be4ba/supporting_information/si-001.docx,9c776a9a888937f07252254df464d12c299c7b933c4414ae6815604c2dcd5a44,,OOXML member word/embeddings/oleObject2.bin / CONTENTS; CDX 75c28fc4eb660a7007bfd4d50322e2e2617f02821701cb9c5210323648660af7; native molecule index 4,word/embeddings/oleObject2.bin,a2864999504dc2e86fb1f5bd1f9a7dfbb1a4d184c42d1c8cdc7c5444c8002717,75c28fc4eb660a7007bfd4d50322e2e2617f02821701cb9c5210323648660af7,CONTENTS,0,"[{""source_label"":null,""xml_paragraph_index_1based"":73}]"
paper-77cc3e5bcb3be4ba,paper-77cc3e5bcb3be4ba:embedded:75c28fc4eb660a7007bf:6,mol-c8803a425c23b1026e390b93ad2a1ea9bfc836d84b7b6c2173491167a0ea03ea,C[C@@]12C[C@@H]3OC(=O)[C@H]4[C@@H]3[C@@H]1C(=C1C(=O)CCC[C@H]14)[C@@H](O)O2,,,,native_CDX_conversion_candidate,RDKit native ChemDraw CDX interpretation of source bonds; independent stereochemistry review pending,pending_native_source_and_label_review,6,archive-001,papers/paper-77cc3e5bcb3be4ba/supporting_information/si-001.docx,9c776a9a888937f07252254df464d12c299c7b933c4414ae6815604c2dcd5a44,,OOXML member word/embeddings/oleObject2.bin / CONTENTS; CDX 75c28fc4eb660a7007bfd4d50322e2e2617f02821701cb9c5210323648660af7; native molecule index 6,word/embeddings/oleObject2.bin,a2864999504dc2e86fb1f5bd1f9a7dfbb1a4d184c42d1c8cdc7c5444c8002717,75c28fc4eb660a7007bfd4d50322e2e2617f02821701cb9c5210323648660af7,CONTENTS,0,"[{""source_label"":null,""xml_paragraph_index_1based"":73}]"
paper-77cc3e5bcb3be4ba,paper-77cc3e5bcb3be4ba:embedded:79623363d55908736130:1,mol-883c585217151936db0d9e2f163d5abf6a3fd3c966563bc529bd1f45a3b7da46,CC(C)(C)[Si](C)(C)O[C@H]1O[C@]2(C)C[C@@H]3OC(=O)[C@H]4[C@@H]3[C@@H]2C1=C1C(=O)CCC[C@H]14,,,,native_CDX_conversion_candidate,RDKit native ChemDraw CDX interpretation of source bonds; independent stereochemistry review pending,pending_native_source_and_label_review,1,archive-001,papers/paper-77cc3e5bcb3be4ba/supporting_information/si-001.docx,9c776a9a888937f07252254df464d12c299c7b933c4414ae6815604c2dcd5a44,,OOXML member word/embeddings/oleObject59.bin / CONTENTS; CDX 79623363d559087361300690830dbd056a1f633b3f189399fd31299e75b8e41f; native molecule index 1,word/embeddings/oleObject59.bin,cb86db25cc3aa76834f0cd4a9fef700ae3a6e42a25bb34eef18a3751a20f4afe,79623363d559087361300690830dbd056a1f633b3f189399fd31299e75b8e41f,CONTENTS,0,"[{""source_label"":null,""xml_paragraph_index_1based"":615}]"
paper-77cc3e5bcb3be4ba,paper-77cc3e5bcb3be4ba:embedded:82faf416937f141df1e3:1,mol-61659638843f7b6b67e86cc63127cdaeb0736ce49a943e31c4a4aed1fb0eefdb,C=C(C)[C@H]1CC(=O)[C@@H]2[C@@H](C1)[C@H]1C(=O)O[C@H]3C[C@@]4(C)O[C@@H]2C(=O)[C@@]4(C)[C@@H]13,,,,native_CDX_conversion_candidate,RDKit native ChemDraw CDX interpretation of source bonds; independent stereochemistry review pending,pending_native_source_and_label_review,1,archive-001,papers/paper-77cc3e5bcb3be4ba/supporting_information/si-001.docx,9c776a9a888937f07252254df464d12c299c7b933c4414ae6815604c2dcd5a44,,OOXML member word/embeddings/oleObject18.bin / CONTENTS; CDX 82faf416937f141df1e323bf16d8ccfe353b084714956847a97bf20ae928ba88; native molecule index 1,word/embeddings/oleObject18.bin,dd6caa999f99a82dd55fbe8ec5f60b80c66836b4cb0fb3b1fd25ed8b374fbd1c,82faf416937f141df1e323bf16d8ccfe353b084714956847a97bf20ae928ba88,CONTENTS,0,"[{""source_label"":null,""xml_paragraph_index_1based"":265}]"
paper-77cc3e5bcb3be4ba,paper-77cc3e5bcb3be4ba:embedded:82faf416937f141df1e3:1,mol-61659638843f7b6b67e86cc63127cdaeb0736ce49a943e31c4a4aed1fb0eefdb,C=C(C)[C@H]1CC(=O)[C@@H]2[C@@H](C1)[C@H]1C(=O)O[C@H]3C[C@@]4(C)O[C@@H]2C(=O)[C@@]4(C)[C@@H]13,,,,native_CDX_conversion_candidate,RDKit native ChemDraw CDX interpretation of source bonds; independent stereochemistry review pending,pending_native_source_and_label_review,1,archive-001,papers/paper-77cc3e5bcb3be4ba/supporting_information/si-001.docx,9c776a9a888937f07252254df464d12c299c7b933c4414ae6815604c2dcd5a44,,OOXML member word/embeddings/oleObject19.bin / CONTENTS; CDX 82faf416937f141df1e323bf16d8ccfe353b084714956847a97bf20ae928ba88; native molecule index 1,word/embeddings/oleObject19.bin,dd6caa999f99a82dd55fbe8ec5f60b80c66836b4cb0fb3b1fd25ed8b374fbd1c,82faf416937f141df1e323bf16d8ccfe353b084714956847a97bf20ae928ba88,CONTENTS,0,"[{""source_label"":null,""xml_paragraph_index_1based"":387}]"
paper-77cc3e5bcb3be4ba,paper-77cc3e5bcb3be4ba:embedded:909c9530052d88d32390:1,mol-1a5ea43d5fce663022cecc1352f2d829bb108e89fd4ef67404e52dc38e918df5,C[C@]1(C[C@H]2C=CC(=O)O2)C=C(C2=CCCCC2)CO1,,,,native_CDX_conversion_candidate,RDKit native ChemDraw CDX interpretation of source bonds; independent stereochemistry review pending,pending_native_source_and_label_review,1,archive-001,papers/paper-77cc3e5bcb3be4ba/supporting_information/si-001.docx,9c776a9a888937f07252254df464d12c299c7b933c4414ae6815604c2dcd5a44,,OOXML member word/embeddings/oleObject9.bin / CONTENTS; CDX 909c9530052d88d323901e8a3b02dd045e0e45e2f424a0e02e704bac9cdb9c56; native molecule index 1,word/embeddings/oleObject9.bin,41f82ec9e28c17ccf01b96b989daa4d82c43478a79d039604825271abadadd84,909c9530052d88d323901e8a3b02dd045e0e45e2f424a0e02e704bac9cdb9c56,CONTENTS,0,"[{""source_label"":null,""xml_paragraph_index_1based"":172}]"
paper-77cc3e5bcb3be4ba,paper-77cc3e5bcb3be4ba:embedded:909c9530052d88d32390:2,mol-fdaa46b1321010375e2a310f1e7e2b5f861faf524bc8accb7a65120c9db6c771,C=CC(=O)O[C@H](C=C)C[C@@]1(C)C=C(C2=CCCCC2)CO1,,,,native_CDX_conversion_candidate,RDKit native ChemDraw CDX interpretation of source bonds; independent stereochemistry review pending,pending_native_source_and_label_review,2,archive-001,papers/paper-77cc3e5bcb3be4ba/supporting_information/si-001.docx,9c776a9a888937f07252254df464d12c299c7b933c4414ae6815604c2dcd5a44,,OOXML member word/embeddings/oleObject9.bin / CONTENTS; CDX 909c9530052d88d323901e8a3b02dd045e0e45e2f424a0e02e704bac9cdb9c56; native molecule index 2,word/embeddings/oleObject9.bin,41f82ec9e28c17ccf01b96b989daa4d82c43478a79d039604825271abadadd84,909c9530052d88d323901e8a3b02dd045e0e45e2f424a0e02e704bac9cdb9c56,CONTENTS,0,"[{""source_label"":null,""xml_paragraph_index_1based"":172}]"
paper-77cc3e5bcb3be4ba,paper-77cc3e5bcb3be4ba:embedded:91db1ce528b430282869:1,mol-c8803a425c23b1026e390b93ad2a1ea9bfc836d84b7b6c2173491167a0ea03ea,C[C@@]12C[C@@H]3OC(=O)[C@H]4[C@@H]3[C@@H]1C(=C1C(=O)CCC[C@H]14)[C@@H](O)O2,,,,native_CDX_conversion_candidate,RDKit native ChemDraw CDX interpretation of source bonds; independent stereochemistry review pending,pending_native_source_and_label_review,1,archive-001,papers/paper-77cc3e5bcb3be4ba/supporting_information/si-001.docx,9c776a9a888937f07252254df464d12c299c7b933c4414ae6815604c2dcd5a44,,OOXML member word/embeddings/oleObject13.bin / CONTENTS; CDX 91db1ce528b430282869384f4ed6789a8e42b3a9cd1c0ae43f2de29f3fba4519; native molecule index 1,word/embeddings/oleObject13.bin,e989e226dc215d40205859a71bb32e535a79909df238b32c3ac439ca2c95c2e3,91db1ce528b430282869384f4ed6789a8e42b3a9cd1c0ae43f2de29f3fba4519,CONTENTS,0,"[{""source_label"":null,""xml_paragraph_index_1based"":212}]"
paper-77cc3e5bcb3be4ba,paper-77cc3e5bcb3be4ba:embedded:91db1ce528b430282869:2,mol-883c585217151936db0d9e2f163d5abf6a3fd3c966563bc529bd1f45a3b7da46,CC(C)(C)[Si](C)(C)O[C@H]1O[C@]2(C)C[C@@H]3OC(=O)[C@H]4[C@@H]3[C@@H]2C1=C1C(=O)CCC[C@H]14,,,,native_CDX_conversion_candidate,RDKit native ChemDraw CDX interpretation of source bonds; independent stereochemistry review pending,pending_native_source_and_label_review,2,archive-001,papers/paper-77cc3e5bcb3be4ba/supporting_information/si-001.docx,9c776a9a888937f07252254df464d12c299c7b933c4414ae6815604c2dcd5a44,,OOXML member word/embeddings/oleObject13.bin / CONTENTS; CDX 91db1ce528b430282869384f4ed6789a8e42b3a9cd1c0ae43f2de29f3fba4519; native molecule index 2,word/embeddings/oleObject13.bin,e989e226dc215d40205859a71bb32e535a79909df238b32c3ac439ca2c95c2e3,91db1ce528b430282869384f4ed6789a8e42b3a9cd1c0ae43f2de29f3fba4519,CONTENTS,0,"[{""source_label"":null,""xml_paragraph_index_1based"":212}]"
paper-77cc3e5bcb3be4ba,paper-77cc3e5bcb3be4ba:embedded:95fcb33b6a4a20ac3930:1,mol-f671265872a3d159db331f96f4989d44f836b0085cab98ecbdcd5f32c09431e1,C[C@@]12C[C@@H]3OC(=O)[C@H]4[C@@H]3[C@@H]1[C@H](C1C(=O)CCC[C@H]14)[C@@H](O)O2,,,,native_CDX_conversion_candidate,RDKit native ChemDraw CDX interpretation of source bonds; independent stereochemistry review pending,pending_native_source_and_label_review,1,archive-001,papers/paper-77cc3e5bcb3be4ba/supporting_information/si-001.docx,9c776a9a888937f07252254df464d12c299c7b933c4414ae6815604c2dcd5a44,,OOXML member word/embeddings/oleObject61.bin / CONTENTS; CDX 95fcb33b6a4a20ac3930ecd90a6f64e249363e5e01f782c0206bd80f5d25e839; native molecule index 1,word/embeddings/oleObject61.bin,dcb3cd63617f041d5f817ad371e279228d3c2a5485123b26417ec969cb39be1c,95fcb33b6a4a20ac3930ecd90a6f64e249363e5e01f782c0206bd80f5d25e839,CONTENTS,0,"[{""source_label"":null,""xml_paragraph_index_1based"":617}]"
paper-77cc3e5bcb3be4ba,paper-77cc3e5bcb3be4ba:embedded:95fcb33b6a4a20ac3930:1,mol-f671265872a3d159db331f96f4989d44f836b0085cab98ecbdcd5f32c09431e1,C[C@@]12C[C@@H]3OC(=O)[C@H]4[C@@H]3[C@@H]1[C@H](C1C(=O)CCC[C@H]14)[C@@H](O)O2,,,,native_CDX_conversion_candidate,RDKit native ChemDraw CDX interpretation of source bonds; independent stereochemistry review pending,pending_native_source_and_label_review,1,archive-001,papers/paper-77cc3e5bcb3be4ba/supporting_information/si-001.docx,9c776a9a888937f07252254df464d12c299c7b933c4414ae6815604c2dcd5a44,,OOXML member word/embeddings/oleObject63.bin / CONTENTS; CDX 95fcb33b6a4a20ac3930ecd90a6f64e249363e5e01f782c0206bd80f5d25e839; native molecule index 1,word/embeddings/oleObject63.bin,dcb3cd63617f041d5f817ad371e279228d3c2a5485123b26417ec969cb39be1c,95fcb33b6a4a20ac3930ecd90a6f64e249363e5e01f782c0206bd80f5d25e839,CONTENTS,0,"[{""source_label"":null,""xml_paragraph_index_1based"":619}]"
paper-77cc3e5bcb3be4ba,paper-77cc3e5bcb3be4ba:embedded:990dd6e9b41b73c2ec0f:1,mol-3966ec9c5bd53141ff14a64f8167cf7ead4058ef258eb38460c3d02fe1d71c98,C[C@@]12C[C@@H]3OC(=O)[C@H]4[C@@H]3[C@@H]1C(=C1C(=O)CCC[C@H]14)CO2,,,,native_CDX_conversion_candidate,RDKit native ChemDraw CDX interpretation of source bonds; independent stereochemistry review pending,pending_native_source_and_label_review,1,archive-001,papers/paper-77cc3e5bcb3be4ba/supporting_information/si-001.docx,9c776a9a888937f07252254df464d12c299c7b933c4414ae6815604c2dcd5a44,,OOXML member word/embeddings/oleObject51.bin / CONTENTS; CDX 990dd6e9b41b73c2ec0f5ec0a4f32edd7e0599f2a09dd44d28828e34251384e7; native molecule index 1,word/embeddings/oleObject51.bin,21902d4d5774f22146a34f92bceb6c4d50cde01d79f7b26b03069a5a6d9371e5,990dd6e9b41b73c2ec0f5ec0a4f32edd7e0599f2a09dd44d28828e34251384e7,CONTENTS,0,"[{""source_label"":null,""xml_paragraph_index_1based"":605}]"
paper-77cc3e5bcb3be4ba,paper-77cc3e5bcb3be4ba:embedded:9b4444abcfa26e41c83d:1,mol-c8803a425c23b1026e390b93ad2a1ea9bfc836d84b7b6c2173491167a0ea03ea,C[C@@]12C[C@@H]3OC(=O)[C@H]4[C@@H]3[C@@H]1C(=C1C(=O)CCC[C@H]14)[C@@H](O)O2,,,,native_CDX_conversion_candidate,RDKit native ChemDraw CDX interpretation of source bonds; independent stereochemistry review pending,pending_native_source_and_label_review,1,archive-001,papers/paper-77cc3e5bcb3be4ba/supporting_information/si-001.docx,9c776a9a888937f07252254df464d12c299c7b933c4414ae6815604c2dcd5a44,,OOXML member word/embeddings/oleObject55.bin / CONTENTS; CDX 9b4444abcfa26e41c83d31d4495e033fae82f351a6b6a163e3111365f038adb2; native molecule index 1,word/embeddings/oleObject55.bin,fbf3f308b151b6f79c6df94c8b6a1c5e68c379d0a7b242884d220308ca29ddea,9b4444abcfa26e41c83d31d4495e033fae82f351a6b6a163e3111365f038adb2,CONTENTS,0,"[{""source_label"":null,""xml_paragraph_index_1based"":610}]"
paper-77cc3e5bcb3be4ba,paper-77cc3e5bcb3be4ba:embedded:9d123c7232bd59ba5d4d:1,mol-883c585217151936db0d9e2f163d5abf6a3fd3c966563bc529bd1f45a3b7da46,CC(C)(C)[Si](C)(C)O[C@H]1O[C@]2(C)C[C@@H]3OC(=O)[C@H]4[C@@H]3[C@@H]2C1=C1C(=O)CCC[C@H]14,,,,native_CDX_conversion_candidate,RDKit native ChemDraw CDX interpretation of source bonds; independent stereochemistry review pending,pending_native_source_and_label_review,1,archive-001,papers/paper-77cc3e5bcb3be4ba/supporting_information/si-001.docx,9c776a9a888937f07252254df464d12c299c7b933c4414ae6815604c2dcd5a44,,OOXML member word/embeddings/oleObject57.bin / CONTENTS; CDX 9d123c7232bd59ba5d4d1cb98e38c223f27426debaf0176e9802488812923e0a; native molecule index 1,word/embeddings/oleObject57.bin,6a54e8094de551c8d4855eb1b8758ae2f74dc4b2b9361b9d51ab84975c460f6b,9d123c7232bd59ba5d4d1cb98e38c223f27426debaf0176e9802488812923e0a,CONTENTS,0,"[{""source_label"":null,""xml_paragraph_index_1based"":613}]"
paper-77cc3e5bcb3be4ba,paper-77cc3e5bcb3be4ba:embedded:9e4d8d944f99bff9680d:1,mol-d6d98b74c530d55f7582a4f5a1705df2ad99bf509ac9c68f2a7c42b261171625,C=C[C@@H](O)C[C@@]1(C)C=C(C2=CCCCC2)CO1,,,,native_CDX_conversion_candidate,RDKit native ChemDraw CDX interpretation of source bonds; independent stereochemistry review pending,pending_native_source_and_label_review,1,archive-001,papers/paper-77cc3e5bcb3be4ba/supporting_information/si-001.docx,9c776a9a888937f07252254df464d12c299c7b933c4414ae6815604c2dcd5a44,,OOXML member word/embeddings/oleObject33.bin / CONTENTS; CDX 9e4d8d944f99bff9680da1a541665a7d94bc0cc3448269ce1e2f0b7f9befe38d; native molecule index 1,word/embeddings/oleObject33.bin,5b2dce83a972a6365e320c981f42fd108a595eef380dfcb5c9828905e9b7aee1,9e4d8d944f99bff9680da1a541665a7d94bc0cc3448269ce1e2f0b7f9befe38d,CONTENTS,0,"[{""source_label"":null,""xml_paragraph_index_1based"":583}]"
paper-77cc3e5bcb3be4ba,paper-77cc3e5bcb3be4ba:embedded:a49ef389f3de5d453f08:1,mol-f1709d2bf82601b25cbf86018f4231554ea699f243d05e9a82d3d9884a9b173d,C[C@@]12C[C@@H]3OC(=O)[C@H]4[C@@H]3[C@@H]1C(=C1CCCC[C@H]14)CO2,,,,native_CDX_conversion_candidate,RDKit native ChemDraw CDX interpretation of source bonds; independent stereochemistry review pending,pending_native_source_and_label_review,1,archive-001,papers/paper-77cc3e5bcb3be4ba/supporting_information/si-001.docx,9c776a9a888937f07252254df464d12c299c7b933c4414ae6815604c2dcd5a44,,OOXML member word/embeddings/oleObject45.bin / CONTENTS; CDX a49ef389f3de5d453f08f2a76e2a336d78e012128d3c7ee1475602e049329605; native molecule index 1,word/embeddings/oleObject45.bin,4674e9f3d25324e9c38e8c2cc32d4878d065dc7a1ad759387db6b5ad05b10080,a49ef389f3de5d453f08f2a76e2a336d78e012128d3c7ee1475602e049329605,CONTENTS,0,"[{""source_label"":null,""xml_paragraph_index_1based"":598}]"
paper-77cc3e5bcb3be4ba,paper-77cc3e5bcb3be4ba:embedded:a49ef389f3de5d453f08:1,mol-f1709d2bf82601b25cbf86018f4231554ea699f243d05e9a82d3d9884a9b173d,C[C@@]12C[C@@H]3OC(=O)[C@H]4[C@@H]3[C@@H]1C(=C1CCCC[C@H]14)CO2,,,,native_CDX_conversion_candidate,RDKit native ChemDraw CDX interpretation of source bonds; independent stereochemistry review pending,pending_native_source_and_label_review,1,archive-001,papers/paper-77cc3e5bcb3be4ba/supporting_information/si-001.docx,9c776a9a888937f07252254df464d12c299c7b933c4414ae6815604c2dcd5a44,,OOXML member word/embeddings/oleObject47.bin / CONTENTS; CDX a49ef389f3de5d453f08f2a76e2a336d78e012128d3c7ee1475602e049329605; native molecule index 1,word/embeddings/oleObject47.bin,4674e9f3d25324e9c38e8c2cc32d4878d065dc7a1ad759387db6b5ad05b10080,a49ef389f3de5d453f08f2a76e2a336d78e012128d3c7ee1475602e049329605,CONTENTS,0,"[{""source_label"":null,""xml_paragraph_index_1based"":600}]"
paper-77cc3e5bcb3be4ba,paper-77cc3e5bcb3be4ba:embedded:a9e9380868c688e327d2:1,mol-82c429fb04e392f406039067795ce79361f8c370d1abe672702f82ebec24e9e1,C=C[C@@H](O)CC(C)=O,,,,native_CDX_conversion_candidate,RDKit native ChemDraw CDX interpretation of source bonds; independent stereochemistry review pending,pending_native_source_and_label_review,1,archive-001,papers/paper-77cc3e5bcb3be4ba/supporting_information/si-001.docx,9c776a9a888937f07252254df464d12c299c7b933c4414ae6815604c2dcd5a44,,OOXML member word/embeddings/oleObject4.bin / CONTENTS; CDX a9e9380868c688e327d2bd01ffdb9d90831dfc40bc9d79e83337638f33ffedfd; native molecule index 1,word/embeddings/oleObject4.bin,7cc19e17d88127cb99afcc3be47d5fcded024599e554e91170f93566b9f0d925,a9e9380868c688e327d2bd01ffdb9d90831dfc40bc9d79e83337638f33ffedfd,CONTENTS,0,"[{""source_label"":null,""xml_paragraph_index_1based"":126}]"
paper-77cc3e5bcb3be4ba,paper-77cc3e5bcb3be4ba:embedded:a9e9380868c688e327d2:2,mol-5aafc9f4b107441ed5082740f7b4ba064883df3d1dcaba042cb38a96f394c7ba,C#C[CH2][Zn][Br],,,,native_CDX_conversion_candidate,RDKit native ChemDraw CDX interpretation of source bonds; independent stereochemistry review pending,pending_native_source_and_label_review,2,archive-001,papers/paper-77cc3e5bcb3be4ba/supporting_information/si-001.docx,9c776a9a888937f07252254df464d12c299c7b933c4414ae6815604c2dcd5a44,,OOXML member word/embeddings/oleObject4.bin / CONTENTS; CDX a9e9380868c688e327d2bd01ffdb9d90831dfc40bc9d79e83337638f33ffedfd; native molecule index 2,word/embeddings/oleObject4.bin,7cc19e17d88127cb99afcc3be47d5fcded024599e554e91170f93566b9f0d925,a9e9380868c688e327d2bd01ffdb9d90831dfc40bc9d79e83337638f33ffedfd,CONTENTS,0,"[{""source_label"":null,""xml_paragraph_index_1based"":126}]"
paper-77cc3e5bcb3be4ba,paper-77cc3e5bcb3be4ba:embedded:a9e9380868c688e327d2:4,mol-15a758f848fcfa7fcefafc55e17647fc8c7ebea6bac78da2b92db3b55f97e3a7,C#CC[C@](C)(O)C[C@@H](C=C)O[Si](C)(C)C(C)(C)C,,,,native_CDX_conversion_candidate,RDKit native ChemDraw CDX interpretation of source bonds; independent stereochemistry review pending,pending_native_source_and_label_review,4,archive-001,papers/paper-77cc3e5bcb3be4ba/supporting_information/si-001.docx,9c776a9a888937f07252254df464d12c299c7b933c4414ae6815604c2dcd5a44,,OOXML member word/embeddings/oleObject4.bin / CONTENTS; CDX a9e9380868c688e327d2bd01ffdb9d90831dfc40bc9d79e83337638f33ffedfd; native molecule index 4,word/embeddings/oleObject4.bin,7cc19e17d88127cb99afcc3be47d5fcded024599e554e91170f93566b9f0d925,a9e9380868c688e327d2bd01ffdb9d90831dfc40bc9d79e83337638f33ffedfd,CONTENTS,0,"[{""source_label"":null,""xml_paragraph_index_1based"":126}]"
paper-77cc3e5bcb3be4ba,paper-77cc3e5bcb3be4ba:embedded:aca2240164a47dd0b439:1,mol-574d13cc44e730214585588bc0d19e4a212d5fddb3afe8ee4f14f8c6fa6888bd,C=C[C@H](C[C@@]1(C)CC(=O)CO1)O[Si](C)(C)C(C)(C)C,,,,native_CDX_conversion_candidate,RDKit native ChemDraw CDX interpretation of source bonds; independent stereochemistry review pending,pending_native_source_and_label_review,1,archive-001,papers/paper-77cc3e5bcb3be4ba/supporting_information/si-001.docx,9c776a9a888937f07252254df464d12c299c7b933c4414ae6815604c2dcd5a44,,OOXML member word/embeddings/oleObject25.bin / CONTENTS; CDX aca2240164a47dd0b43988d2966575d958a76c38d20a89b9f1c08fa3c876165d; native molecule index 1,word/embeddings/oleObject25.bin,0a5b198540767d77f5823bb498be223ef82ff5dab7d3ae3ade2036c6d69650d0,aca2240164a47dd0b43988d2966575d958a76c38d20a89b9f1c08fa3c876165d,CONTENTS,0,"[{""source_label"":null,""xml_paragraph_index_1based"":573}]"
paper-77cc3e5bcb3be4ba,paper-77cc3e5bcb3be4ba:embedded:bec8ed5a7521d9cac491:1,mol-a6953935ff3c02b838401ce8fed6edb70672cff0474e7be8feb59c1c5b441144,C[C@@]12C[C@@H]3OC(=O)[C@H]4[C@@H]3[C@@H]1[C@]1(O[C@H]1O2)C1C(=O)CCC[C@H]14,,,,native_CDX_conversion_candidate,RDKit native ChemDraw CDX interpretation of source bonds; independent stereochemistry review pending,pending_native_source_and_label_review,1,archive-001,papers/paper-77cc3e5bcb3be4ba/supporting_information/si-001.docx,9c776a9a888937f07252254df464d12c299c7b933c4414ae6815604c2dcd5a44,,OOXML member word/embeddings/oleObject15.bin / CONTENTS; CDX bec8ed5a7521d9cac49188294338d9280b4a196ce2aa2ed9d0ebbea254a5113f; native molecule index 1,word/embeddings/oleObject15.bin,3566cff0dd933bbc4ba362d220b121568d1c2ecb92da45b0fd25c3ebf3a66895,bec8ed5a7521d9cac49188294338d9280b4a196ce2aa2ed9d0ebbea254a5113f,CONTENTS,0,"[{""source_label"":null,""xml_paragraph_index_1based"":232}]"
paper-77cc3e5bcb3be4ba,paper-77cc3e5bcb3be4ba:embedded:bec8ed5a7521d9cac491:2,mol-f671265872a3d159db331f96f4989d44f836b0085cab98ecbdcd5f32c09431e1,C[C@@]12C[C@@H]3OC(=O)[C@H]4[C@@H]3[C@@H]1[C@H](C1C(=O)CCC[C@H]14)[C@@H](O)O2,,,,native_CDX_conversion_candidate,RDKit native ChemDraw CDX interpretation of source bonds; independent stereochemistry review pending,pending_native_source_and_label_review,2,archive-001,papers/paper-77cc3e5bcb3be4ba/supporting_information/si-001.docx,9c776a9a888937f07252254df464d12c299c7b933c4414ae6815604c2dcd5a44,,OOXML member word/embeddings/oleObject15.bin / CONTENTS; CDX bec8ed5a7521d9cac49188294338d9280b4a196ce2aa2ed9d0ebbea254a5113f; native molecule index 2,word/embeddings/oleObject15.bin,3566cff0dd933bbc4ba362d220b121568d1c2ecb92da45b0fd25c3ebf3a66895,bec8ed5a7521d9cac49188294338d9280b4a196ce2aa2ed9d0ebbea254a5113f,CONTENTS,0,"[{""source_label"":null,""xml_paragraph_index_1based"":232}]"
paper-77cc3e5bcb3be4ba,paper-77cc3e5bcb3be4ba:embedded:bec8ed5a7521d9cac491:3,mol-c0f3d8382978262dafb3f974536971eb1e8dc475ba4f5522cd222ee78ed1f399,C[C@@]12C[C@@H]3OC(=O)[C@H]4[C@@H]3[C@@H]1C(=CO2)C1C(=O)CCC[C@H]14,,,,native_CDX_conversion_candidate,RDKit native ChemDraw CDX interpretation of source bonds; independent stereochemistry review pending,pending_native_source_and_label_review,3,archive-001,papers/paper-77cc3e5bcb3be4ba/supporting_information/si-001.docx,9c776a9a888937f07252254df464d12c299c7b933c4414ae6815604c2dcd5a44,,OOXML member word/embeddings/oleObject15.bin / CONTENTS; CDX bec8ed5a7521d9cac49188294338d9280b4a196ce2aa2ed9d0ebbea254a5113f; native molecule index 3,word/embeddings/oleObject15.bin,3566cff0dd933bbc4ba362d220b121568d1c2ecb92da45b0fd25c3ebf3a66895,bec8ed5a7521d9cac49188294338d9280b4a196ce2aa2ed9d0ebbea254a5113f,CONTENTS,0,"[{""source_label"":null,""xml_paragraph_index_1based"":232}]"
paper-77cc3e5bcb3be4ba,paper-77cc3e5bcb3be4ba:embedded:bec8ed5a7521d9cac491:4,mol-d356d7f90679db087e6fc67797d956ba0f5a130ef143dbbf7c5ce20cf81ea54d,C[C@]12C[C@@H]3OC(=O)[C@@H]4[C@@H]5CCCC(=O)[C@H]5[C@H](O1)C(=O)[C@H]2[C@@H]43,,,,native_CDX_conversion_candidate,RDKit native ChemDraw CDX interpretation of source bonds; independent stereochemistry review pending,pending_native_source_and_label_review,4,archive-001,papers/paper-77cc3e5bcb3be4ba/supporting_information/si-001.docx,9c776a9a888937f07252254df464d12c299c7b933c4414ae6815604c2dcd5a44,,OOXML member word/embeddings/oleObject15.bin / CONTENTS; CDX bec8ed5a7521d9cac49188294338d9280b4a196ce2aa2ed9d0ebbea254a5113f; native molecule index 4,word/embeddings/oleObject15.bin,3566cff0dd933bbc4ba362d220b121568d1c2ecb92da45b0fd25c3ebf3a66895,bec8ed5a7521d9cac49188294338d9280b4a196ce2aa2ed9d0ebbea254a5113f,CONTENTS,0,"[{""source_label"":null,""xml_paragraph_index_1based"":232}]"
paper-77cc3e5bcb3be4ba,paper-77cc3e5bcb3be4ba:embedded:c10283a1c52e69d94b60:1,mol-7f322e838706a614a5bf30ea6d60927034959852119d1b9951637ab36df0b09b,C[C@]12C[C@@H]3OC(=O)[C@@H]4[C@@H]5CC=CC(=O)[C@H]5[C@H](O1)C(=O)[C@H]2[C@@H]43,,,,native_CDX_conversion_candidate,RDKit native ChemDraw CDX interpretation of source bonds; independent stereochemistry review pending,pending_native_source_and_label_review,1,archive-001,papers/paper-77cc3e5bcb3be4ba/supporting_information/si-001.docx,9c776a9a888937f07252254df464d12c299c7b933c4414ae6815604c2dcd5a44,,OOXML member word/embeddings/oleObject71.bin / CONTENTS; CDX c10283a1c52e69d94b60c8baa0fe1afb7d719e7fdfa63fbd73bf8121c5555987; native molecule index 1,word/embeddings/oleObject71.bin,1342aee1c5a60879d315f3d0085cb5202f12c2ff52859e147cace326b99150b9,c10283a1c52e69d94b60c8baa0fe1afb7d719e7fdfa63fbd73bf8121c5555987,CONTENTS,0,"[{""source_label"":null,""xml_paragraph_index_1based"":630}]"
paper-77cc3e5bcb3be4ba,paper-77cc3e5bcb3be4ba:embedded:d2109307f262098b7150:1,mol-15a758f848fcfa7fcefafc55e17647fc8c7ebea6bac78da2b92db3b55f97e3a7,C#CC[C@](C)(O)C[C@@H](C=C)O[Si](C)(C)C(C)(C)C,,,,native_CDX_conversion_candidate,RDKit native ChemDraw CDX interpretation of source bonds; independent stereochemistry review pending,pending_native_source_and_label_review,1,archive-001,papers/paper-77cc3e5bcb3be4ba/supporting_information/si-001.docx,9c776a9a888937f07252254df464d12c299c7b933c4414ae6815604c2dcd5a44,,OOXML member word/embeddings/oleObject21.bin / CONTENTS; CDX d2109307f262098b71501d445857f37fafebb55f449d0322cdcb69aaea2da106; native molecule index 1,word/embeddings/oleObject21.bin,df664f28016656fd5398850415ae145e38cadefc45f48b48f74fc48f93b5ebc4,d2109307f262098b71501d445857f37fafebb55f449d0322cdcb69aaea2da106,CONTENTS,0,"[{""source_label"":null,""xml_paragraph_index_1based"":566}]"
paper-77cc3e5bcb3be4ba,paper-77cc3e5bcb3be4ba:embedded:e580b267b26e06ef421c:1,mol-561ae2b4a17aa21360412442c9de944c9a10028f4d43393127064e5797e0e7e2,C=C(C)[C@H]1CC(=O)[C@@H]2[C@@H](C1)[C@H]1C(=O)O[C@H]3C[C@@]4(C)O[C@@H]2C(=O)[C@H]4[C@@H]13,,,,native_CDX_conversion_candidate,RDKit native ChemDraw CDX interpretation of source bonds; independent stereochemistry review pending,pending_native_source_and_label_review,1,archive-001,papers/paper-77cc3e5bcb3be4ba/supporting_information/si-001.docx,9c776a9a888937f07252254df464d12c299c7b933c4414ae6815604c2dcd5a44,,OOXML member word/embeddings/oleObject73.bin / CONTENTS; CDX e580b267b26e06ef421c38adf44c3d06e9af6d4cbaf3529846d689a3534bfe35; native molecule index 1,word/embeddings/oleObject73.bin,3869ae98d1afcff7aca7065e277297a7773e94556adf107beb4f51f28388a24d,e580b267b26e06ef421c38adf44c3d06e9af6d4cbaf3529846d689a3534bfe35,CONTENTS,0,"[{""source_label"":null,""xml_paragraph_index_1based"":633}]"
paper-77cc3e5bcb3be4ba,paper-77cc3e5bcb3be4ba:embedded:f1ee6547fa856e1bb6e8:1,mol-3966ec9c5bd53141ff14a64f8167cf7ead4058ef258eb38460c3d02fe1d71c98,C[C@@]12C[C@@H]3OC(=O)[C@H]4[C@@H]3[C@@H]1C(=C1C(=O)CCC[C@H]14)CO2,,,,native_CDX_conversion_candidate,RDKit native ChemDraw CDX interpretation of source bonds; independent stereochemistry review pending,pending_native_source_and_label_review,1,archive-001,papers/paper-77cc3e5bcb3be4ba/supporting_information/si-001.docx,9c776a9a888937f07252254df464d12c299c7b933c4414ae6815604c2dcd5a44,,OOXML member word/embeddings/oleObject1.bin / CONTENTS; CDX f1ee6547fa856e1bb6e859d036fce9bb9a602520d3553df8ee388209bfa2d7b5; native molecule index 1,word/embeddings/oleObject1.bin,9a2a3aebb4a34c79f8b9a9fedcfb3a90b5d5f8e75eb6c943d3f7d1667bdd46f5,f1ee6547fa856e1bb6e859d036fce9bb9a602520d3553df8ee388209bfa2d7b5,CONTENTS,0,"[{""source_label"":null,""xml_paragraph_index_1based"":42}]"
paper-77cc3e5bcb3be4ba,paper-77cc3e5bcb3be4ba:embedded:f1ee6547fa856e1bb6e8:2,mol-c0f3d8382978262dafb3f974536971eb1e8dc475ba4f5522cd222ee78ed1f399,C[C@@]12C[C@@H]3OC(=O)[C@H]4[C@@H]3[C@@H]1C(=CO2)C1C(=O)CCC[C@H]14,,,,native_CDX_conversion_candidate,RDKit native ChemDraw CDX interpretation of source bonds; independent stereochemistry review pending,pending_native_source_and_label_review,2,archive-001,papers/paper-77cc3e5bcb3be4ba/supporting_information/si-001.docx,9c776a9a888937f07252254df464d12c299c7b933c4414ae6815604c2dcd5a44,,OOXML member word/embeddings/oleObject1.bin / CONTENTS; CDX f1ee6547fa856e1bb6e859d036fce9bb9a602520d3553df8ee388209bfa2d7b5; native molecule index 2,word/embeddings/oleObject1.bin,9a2a3aebb4a34c79f8b9a9fedcfb3a90b5d5f8e75eb6c943d3f7d1667bdd46f5,f1ee6547fa856e1bb6e859d036fce9bb9a602520d3553df8ee388209bfa2d7b5,CONTENTS,0,"[{""source_label"":null,""xml_paragraph_index_1based"":42}]"
paper-77cc3e5bcb3be4ba,paper-77cc3e5bcb3be4ba:embedded:f8449b7c0235cbbdf9e7:1,mol-574d13cc44e730214585588bc0d19e4a212d5fddb3afe8ee4f14f8c6fa6888bd,C=C[C@H](C[C@@]1(C)CC(=O)CO1)O[Si](C)(C)C(C)(C)C,,,,native_CDX_conversion_candidate,RDKit native ChemDraw CDX interpretation of source bonds; independent stereochemistry review pending,pending_native_source_and_label_review,1,archive-001,papers/paper-77cc3e5bcb3be4ba/supporting_information/si-001.docx,9c776a9a888937f07252254df464d12c299c7b933c4414ae6815604c2dcd5a44,,OOXML member word/embeddings/oleObject6.bin / CONTENTS; CDX f8449b7c0235cbbdf9e7cc73ff0eecffeba5d0e08a0f63ece1b79126a85076f6; native molecule index 1,word/embeddings/oleObject6.bin,a4c1c7b6e0143def988b21ab476df4fd4311c17bde97527f8a253fc01444a945,f8449b7c0235cbbdf9e7cc73ff0eecffeba5d0e08a0f63ece1b79126a85076f6,CONTENTS,0,"[{""source_label"":null,""xml_paragraph_index_1based"":145}]"
paper-8c076c5cf883e668,paper-8c076c5cf883e668:embedded:2d3ed14dbdd2ad2688c3:1,mol-25a33090fbac7a370e3864fd58b89d6aced1636a04d32537c354da18f530f331,CC1(C)C=Cc2c(cc3occ(I)c(=O)c3c2O)O1,,,,native_CDX_conversion_candidate,RDKit native ChemDraw CDX interpretation of source bonds; independent stereochemistry review pending,pending_native_source_and_label_review,1,archive-004,papers/paper-8c076c5cf883e668/supporting_information/si-003.zip,b9577aae62fd231c88a395d5b14cde5294cc75ed7a167a8cdcfb9591517ac2c5,,OOXML member word/embeddings/oleObject11.bin / CONTENTS; CDX 2d3ed14dbdd2ad2688c32d6f3c14bd8a03bfbbb707a872519079e8327f54d411; native molecule index 1,word/embeddings/oleObject11.bin,4578342d7d976bd7aba7a49541d59082a4d0437e90daa0b144373228e077bb4d,2d3ed14dbdd2ad2688c32d6f3c14bd8a03bfbbb707a872519079e8327f54d411,CONTENTS,0,"[{""source_label"":null,""xml_paragraph_index_1based"":441}]"
paper-8c076c5cf883e668,paper-8c076c5cf883e668:embedded:2d3ed14dbdd2ad2688c3:1,mol-25a33090fbac7a370e3864fd58b89d6aced1636a04d32537c354da18f530f331,CC1(C)C=Cc2c(cc3occ(I)c(=O)c3c2O)O1,,,,native_CDX_conversion_candidate,RDKit native ChemDraw CDX interpretation of source bonds; independent stereochemistry review pending,pending_native_source_and_label_review,1,archive-004,papers/paper-8c076c5cf883e668/supporting_information/si-003.zip,b9577aae62fd231c88a395d5b14cde5294cc75ed7a167a8cdcfb9591517ac2c5,,OOXML member word/embeddings/oleObject18.bin / CONTENTS; CDX 2d3ed14dbdd2ad2688c32d6f3c14bd8a03bfbbb707a872519079e8327f54d411; native molecule index 1,word/embeddings/oleObject18.bin,4578342d7d976bd7aba7a49541d59082a4d0437e90daa0b144373228e077bb4d,2d3ed14dbdd2ad2688c32d6f3c14bd8a03bfbbb707a872519079e8327f54d411,CONTENTS,0,"[{""source_label"":null,""xml_paragraph_index_1based"":485}]"
paper-8c076c5cf883e668,paper-8c076c5cf883e668:embedded:48a92521e6477007e92a:1,mol-aff0a6019f1dc98f37322d78482adecf614448683d7b901a652283551f0cfe01,COCOc1cc2occ(I)c(=O)c2c(OCOC)c1CC=C(C)C,,,,native_CDX_conversion_candidate,RDKit native ChemDraw CDX interpretation of source bonds; independent stereochemistry review pending,pending_native_source_and_label_review,1,archive-004,papers/paper-8c076c5cf883e668/supporting_information/si-003.zip,b9577aae62fd231c88a395d5b14cde5294cc75ed7a167a8cdcfb9591517ac2c5,,OOXML member word/embeddings/oleObject6.bin / CONTENTS; CDX 48a92521e6477007e92a3af6c73019dcceccbbd9422a1ef9993ad87f9ebe695d; native molecule index 1,word/embeddings/oleObject6.bin,cc72db2088b039c2eeceb66dd64978eb90a0fd82b6afa5dd5b8d0886fae40c2c,48a92521e6477007e92a3af6c73019dcceccbbd9422a1ef9993ad87f9ebe695d,CONTENTS,0,"[{""source_label"":null,""xml_paragraph_index_1based"":400}]"
paper-8c076c5cf883e668,paper-8c076c5cf883e668:embedded:4a24638d4c83da6cd2d9:1,mol-33ae459e86cd43f17e982afcdaed175881924aa71ef61eafa0feb35ba947f6b5,COc1ccc(Oc2cc(=O)c3c(O)c(CC=C(C)C)c(O)cc3o2)cc1,,,,native_CDX_conversion_candidate,RDKit native ChemDraw CDX interpretation of source bonds; independent stereochemistry review pending,pending_native_source_and_label_review,1,archive-004,papers/paper-8c076c5cf883e668/supporting_information/si-003.zip,b9577aae62fd231c88a395d5b14cde5294cc75ed7a167a8cdcfb9591517ac2c5,,OOXML member word/embeddings/oleObject10.bin / CONTENTS; CDX 4a24638d4c83da6cd2d9d09ce24094ffd1724c8d39742bdeb4deac938e14e122; native molecule index 1,word/embeddings/oleObject10.bin,dd97c12d1f77cd7b9bea7acddd38440b83a5f15d13c69c13fa71e3e01a6417d4,4a24638d4c83da6cd2d9d09ce24094ffd1724c8d39742bdeb4deac938e14e122,CONTENTS,0,"[{""source_label"":null,""xml_paragraph_index_1based"":433}]"
paper-8c076c5cf883e668,paper-8c076c5cf883e668:embedded:4a24638d4c83da6cd2d9:1,mol-33ae459e86cd43f17e982afcdaed175881924aa71ef61eafa0feb35ba947f6b5,COc1ccc(Oc2cc(=O)c3c(O)c(CC=C(C)C)c(O)cc3o2)cc1,,,,native_CDX_conversion_candidate,RDKit native ChemDraw CDX interpretation of source bonds; independent stereochemistry review pending,pending_native_source_and_label_review,1,archive-004,papers/paper-8c076c5cf883e668/supporting_information/si-003.zip,b9577aae62fd231c88a395d5b14cde5294cc75ed7a167a8cdcfb9591517ac2c5,,OOXML member word/embeddings/oleObject17.bin / CONTENTS; CDX 4a24638d4c83da6cd2d9d09ce24094ffd1724c8d39742bdeb4deac938e14e122; native molecule index 1,word/embeddings/oleObject17.bin,dd97c12d1f77cd7b9bea7acddd38440b83a5f15d13c69c13fa71e3e01a6417d4,4a24638d4c83da6cd2d9d09ce24094ffd1724c8d39742bdeb4deac938e14e122,CONTENTS,0,"[{""source_label"":null,""xml_paragraph_index_1based"":482}]"
paper-8c076c5cf883e668,paper-8c076c5cf883e668:embedded:4a24638d4c83da6cd2d9:1,mol-33ae459e86cd43f17e982afcdaed175881924aa71ef61eafa0feb35ba947f6b5,COc1ccc(Oc2cc(=O)c3c(O)c(CC=C(C)C)c(O)cc3o2)cc1,,,,native_CDX_conversion_candidate,RDKit native ChemDraw CDX interpretation of source bonds; independent stereochemistry review pending,pending_native_source_and_label_review,1,archive-004,papers/paper-8c076c5cf883e668/supporting_information/si-003.zip,b9577aae62fd231c88a395d5b14cde5294cc75ed7a167a8cdcfb9591517ac2c5,,OOXML member word/embeddings/oleObject21.bin / CONTENTS; CDX 4a24638d4c83da6cd2d9d09ce24094ffd1724c8d39742bdeb4deac938e14e122; native molecule index 1,word/embeddings/oleObject21.bin,dd97c12d1f77cd7b9bea7acddd38440b83a5f15d13c69c13fa71e3e01a6417d4,4a24638d4c83da6cd2d9d09ce24094ffd1724c8d39742bdeb4deac938e14e122,CONTENTS,0,"[{""source_label"":null,""xml_paragraph_index_1based"":502}]"
paper-8c076c5cf883e668,paper-8c076c5cf883e668:embedded:4a24638d4c83da6cd2d9:1,mol-33ae459e86cd43f17e982afcdaed175881924aa71ef61eafa0feb35ba947f6b5,COc1ccc(Oc2cc(=O)c3c(O)c(CC=C(C)C)c(O)cc3o2)cc1,,,,native_CDX_conversion_candidate,RDKit native ChemDraw CDX interpretation of source bonds; independent stereochemistry review pending,pending_native_source_and_label_review,1,archive-004,papers/paper-8c076c5cf883e668/supporting_information/si-003.zip,b9577aae62fd231c88a395d5b14cde5294cc75ed7a167a8cdcfb9591517ac2c5,,OOXML member word/embeddings/oleObject9.bin / CONTENTS; CDX 4a24638d4c83da6cd2d9d09ce24094ffd1724c8d39742bdeb4deac938e14e122; native molecule index 1,word/embeddings/oleObject9.bin,dd97c12d1f77cd7b9bea7acddd38440b83a5f15d13c69c13fa71e3e01a6417d4,4a24638d4c83da6cd2d9d09ce24094ffd1724c8d39742bdeb4deac938e14e122,CONTENTS,0,"[{""source_label"":null,""xml_paragraph_index_1based"":424}]"
paper-8c076c5cf883e668,paper-8c076c5cf883e668:embedded:52cc8070f758bc65d652:1,mol-89d1625b38bdc29a229b772eae30d179ebd77eb9e9519812d2cad7bfe526a643,COCOc1cc(OCC=C(C)C)c(C(C)=O)c(OCOC)c1,,,,native_CDX_conversion_candidate,RDKit native ChemDraw CDX interpretation of source bonds; independent stereochemistry review pending,pending_native_source_and_label_review,1,archive-004,papers/paper-8c076c5cf883e668/supporting_information/si-003.zip,b9577aae62fd231c88a395d5b14cde5294cc75ed7a167a8cdcfb9591517ac2c5,,OOXML member word/embeddings/oleObject4.bin / CONTENTS; CDX 52cc8070f758bc65d652f9f421bda8a07be52c318d21b7156e06a229d4d8d2c2; native molecule index 1,word/embeddings/oleObject4.bin,18efe06b17102da9b9670ab30489e959010b235ed50361b571762520cdf5001e,52cc8070f758bc65d652f9f421bda8a07be52c318d21b7156e06a229d4d8d2c2,CONTENTS,0,"[{""source_label"":null,""xml_paragraph_index_1based"":384}]"
paper-8c076c5cf883e668,paper-8c076c5cf883e668:embedded:5bb805fbddca451d905e:1,mol-b0a29e981c0fb67817d9d24bbb04d506f80fb82fd68e25311074872ac9621c07,CC(=O)c1c(O)cc(O)cc1O,,,,native_CDX_conversion_candidate,RDKit native ChemDraw CDX interpretation of source bonds; independent stereochemistry review pending,pending_native_source_and_label_review,1,archive-004,papers/paper-8c076c5cf883e668/supporting_information/si-003.zip,b9577aae62fd231c88a395d5b14cde5294cc75ed7a167a8cdcfb9591517ac2c5,,OOXML member word/embeddings/oleObject1.bin / CONTENTS; CDX 5bb805fbddca451d905ef2bf4f1a41d480469ecdd1806fb7e35d0a750a5059cd; native molecule index 1,word/embeddings/oleObject1.bin,d31a94a8d5dd67f7f78ab3f94e9e92bc3270a366277b723b64518e468114e622,5bb805fbddca451d905ef2bf4f1a41d480469ecdd1806fb7e35d0a750a5059cd,CONTENTS,0,"[{""source_label"":null,""xml_paragraph_index_1based"":62}]"
paper-8c076c5cf883e668,paper-8c076c5cf883e668:embedded:5bb805fbddca451d905e:11,mol-0831e3b1b7fe3a86df3005b875e535890f17fed05a0f46963ba47e52488a0e98,c1nnc[nH]1,,,,native_CDX_conversion_candidate,RDKit native ChemDraw CDX interpretation of source bonds; independent stereochemistry review pending,pending_native_source_and_label_review,11,archive-004,papers/paper-8c076c5cf883e668/supporting_information/si-003.zip,b9577aae62fd231c88a395d5b14cde5294cc75ed7a167a8cdcfb9591517ac2c5,,OOXML member word/embeddings/oleObject1.bin / CONTENTS; CDX 5bb805fbddca451d905ef2bf4f1a41d480469ecdd1806fb7e35d0a750a5059cd; native molecule index 11,word/embeddings/oleObject1.bin,d31a94a8d5dd67f7f78ab3f94e9e92bc3270a366277b723b64518e468114e622,5bb805fbddca451d905ef2bf4f1a41d480469ecdd1806fb7e35d0a750a5059cd,CONTENTS,0,"[{""source_label"":null,""xml_paragraph_index_1based"":62}]"
paper-8c076c5cf883e668,paper-8c076c5cf883e668:embedded:5bb805fbddca451d905e:12,mol-0e8a5ebce8cee5b9a0d7f4f67eabc23510706ffb44e9a984b26572f669ce3228,COc1ccc(O)cc1,,,,native_CDX_conversion_candidate,RDKit native ChemDraw CDX interpretation of source bonds; independent stereochemistry review pending,pending_native_source_and_label_review,12,archive-004,papers/paper-8c076c5cf883e668/supporting_information/si-003.zip,b9577aae62fd231c88a395d5b14cde5294cc75ed7a167a8cdcfb9591517ac2c5,,OOXML member word/embeddings/oleObject1.bin / CONTENTS; CDX 5bb805fbddca451d905ef2bf4f1a41d480469ecdd1806fb7e35d0a750a5059cd; native molecule index 12,word/embeddings/oleObject1.bin,d31a94a8d5dd67f7f78ab3f94e9e92bc3270a366277b723b64518e468114e622,5bb805fbddca451d905ef2bf4f1a41d480469ecdd1806fb7e35d0a750a5059cd,CONTENTS,0,"[{""source_label"":null,""xml_paragraph_index_1based"":62}]"
paper-8c076c5cf883e668,paper-8c076c5cf883e668:embedded:5bb805fbddca451d905e:14,mol-89d1625b38bdc29a229b772eae30d179ebd77eb9e9519812d2cad7bfe526a643,COCOc1cc(OCC=C(C)C)c(C(C)=O)c(OCOC)c1,,,,native_CDX_conversion_candidate,RDKit native ChemDraw CDX interpretation of source bonds; independent stereochemistry review pending,pending_native_source_and_label_review,14,archive-004,papers/paper-8c076c5cf883e668/supporting_information/si-003.zip,b9577aae62fd231c88a395d5b14cde5294cc75ed7a167a8cdcfb9591517ac2c5,,OOXML member word/embeddings/oleObject1.bin / CONTENTS; CDX 5bb805fbddca451d905ef2bf4f1a41d480469ecdd1806fb7e35d0a750a5059cd; native molecule index 14,word/embeddings/oleObject1.bin,d31a94a8d5dd67f7f78ab3f94e9e92bc3270a366277b723b64518e468114e622,5bb805fbddca451d905ef2bf4f1a41d480469ecdd1806fb7e35d0a750a5059cd,CONTENTS,0,"[{""source_label"":null,""xml_paragraph_index_1based"":62}]"
paper-8c076c5cf883e668,paper-8c076c5cf883e668:embedded:5bb805fbddca451d905e:16,mol-68bd1bd95ba465c01242172601c742e27c193936ade6718ca7f8c8b4764c40d4,Cl,,,,native_CDX_conversion_candidate,RDKit native ChemDraw CDX interpretation of source bonds; independent stereochemistry review pending,pending_native_source_and_label_review,16,archive-004,papers/paper-8c076c5cf883e668/supporting_information/si-003.zip,b9577aae62fd231c88a395d5b14cde5294cc75ed7a167a8cdcfb9591517ac2c5,,OOXML member word/embeddings/oleObject1.bin / CONTENTS; CDX 5bb805fbddca451d905ef2bf4f1a41d480469ecdd1806fb7e35d0a750a5059cd; native molecule index 16,word/embeddings/oleObject1.bin,d31a94a8d5dd67f7f78ab3f94e9e92bc3270a366277b723b64518e468114e622,5bb805fbddca451d905ef2bf4f1a41d480469ecdd1806fb7e35d0a750a5059cd,CONTENTS,0,"[{""source_label"":null,""xml_paragraph_index_1based"":62}]"
paper-8c076c5cf883e668,paper-8c076c5cf883e668:embedded:5bb805fbddca451d905e:17,mol-f49846dcb85c1769192768c8258ee7e95c13f5f5017f6b01205673cc3d209ad3,CC(C)=CCc1c(O)cc2occ(I)c(=O)c2c1O,,,,native_CDX_conversion_candidate,RDKit native ChemDraw CDX interpretation of source bonds; independent stereochemistry review pending,pending_native_source_and_label_review,17,archive-004,papers/paper-8c076c5cf883e668/supporting_information/si-003.zip,b9577aae62fd231c88a395d5b14cde5294cc75ed7a167a8cdcfb9591517ac2c5,,OOXML member word/embeddings/oleObject1.bin / CONTENTS; CDX 5bb805fbddca451d905ef2bf4f1a41d480469ecdd1806fb7e35d0a750a5059cd; native molecule index 17,word/embeddings/oleObject1.bin,d31a94a8d5dd67f7f78ab3f94e9e92bc3270a366277b723b64518e468114e622,5bb805fbddca451d905ef2bf4f1a41d480469ecdd1806fb7e35d0a750a5059cd,CONTENTS,0,"[{""source_label"":null,""xml_paragraph_index_1based"":62}]"
paper-8c076c5cf883e668,paper-8c076c5cf883e668:embedded:5bb805fbddca451d905e:18,mol-25a33090fbac7a370e3864fd58b89d6aced1636a04d32537c354da18f530f331,CC1(C)C=Cc2c(cc3occ(I)c(=O)c3c2O)O1,,,,native_CDX_conversion_candidate,RDKit native ChemDraw CDX interpretation of source bonds; independent stereochemistry review pending,pending_native_source_and_label_review,18,archive-004,papers/paper-8c076c5cf883e668/supporting_information/si-003.zip,b9577aae62fd231c88a395d5b14cde5294cc75ed7a167a8cdcfb9591517ac2c5,,OOXML member word/embeddings/oleObject1.bin / CONTENTS; CDX 5bb805fbddca451d905ef2bf4f1a41d480469ecdd1806fb7e35d0a750a5059cd; native molecule index 18,word/embeddings/oleObject1.bin,d31a94a8d5dd67f7f78ab3f94e9e92bc3270a366277b723b64518e468114e622,5bb805fbddca451d905ef2bf4f1a41d480469ecdd1806fb7e35d0a750a5059cd,CONTENTS,0,"[{""source_label"":null,""xml_paragraph_index_1based"":62}]"
paper-8c076c5cf883e668,paper-8c076c5cf883e668:embedded:5bb805fbddca451d905e:2,mol-c63eabcc341a6269a02e5bd9c86e422ff533458d3c97b113f5045f8990d6efa1,COCOc1cc(O)c(C(C)=O)c(OCOC)c1,,,,native_CDX_conversion_candidate,RDKit native ChemDraw CDX interpretation of source bonds; independent stereochemistry review pending,pending_native_source_and_label_review,2,archive-004,papers/paper-8c076c5cf883e668/supporting_information/si-003.zip,b9577aae62fd231c88a395d5b14cde5294cc75ed7a167a8cdcfb9591517ac2c5,,OOXML member word/embeddings/oleObject1.bin / CONTENTS; CDX 5bb805fbddca451d905ef2bf4f1a41d480469ecdd1806fb7e35d0a750a5059cd; native molecule index 2,word/embeddings/oleObject1.bin,d31a94a8d5dd67f7f78ab3f94e9e92bc3270a366277b723b64518e468114e622,5bb805fbddca451d905ef2bf4f1a41d480469ecdd1806fb7e35d0a750a5059cd,CONTENTS,0,"[{""source_label"":null,""xml_paragraph_index_1based"":62}]"
paper-8c076c5cf883e668,paper-8c076c5cf883e668:embedded:5bb805fbddca451d905e:20,mol-0831e3b1b7fe3a86df3005b875e535890f17fed05a0f46963ba47e52488a0e98,c1nnc[nH]1,,,,native_CDX_conversion_candidate,RDKit native ChemDraw CDX interpretation of source bonds; independent stereochemistry review pending,pending_native_source_and_label_review,20,archive-004,papers/paper-8c076c5cf883e668/supporting_information/si-003.zip,b9577aae62fd231c88a395d5b14cde5294cc75ed7a167a8cdcfb9591517ac2c5,,OOXML member word/embeddings/oleObject1.bin / CONTENTS; CDX 5bb805fbddca451d905ef2bf4f1a41d480469ecdd1806fb7e35d0a750a5059cd; native molecule index 20,word/embeddings/oleObject1.bin,d31a94a8d5dd67f7f78ab3f94e9e92bc3270a366277b723b64518e468114e622,5bb805fbddca451d905ef2bf4f1a41d480469ecdd1806fb7e35d0a750a5059cd,CONTENTS,0,"[{""source_label"":null,""xml_paragraph_index_1based"":62}]"
paper-8c076c5cf883e668,paper-8c076c5cf883e668:embedded:5bb805fbddca451d905e:21,mol-cd6fbb7e874f775d4495911c430a7fe6334c8ccb9683c517762f3290b7f7e9c6,Oc1ccc(O)cc1,,,,native_CDX_conversion_candidate,RDKit native ChemDraw CDX interpretation of source bonds; independent stereochemistry review pending,pending_native_source_and_label_review,21,archive-004,papers/paper-8c076c5cf883e668/supporting_information/si-003.zip,b9577aae62fd231c88a395d5b14cde5294cc75ed7a167a8cdcfb9591517ac2c5,,OOXML member word/embeddings/oleObject1.bin / CONTENTS; CDX 5bb805fbddca451d905ef2bf4f1a41d480469ecdd1806fb7e35d0a750a5059cd; native molecule index 21,word/embeddings/oleObject1.bin,d31a94a8d5dd67f7f78ab3f94e9e92bc3270a366277b723b64518e468114e622,5bb805fbddca451d905ef2bf4f1a41d480469ecdd1806fb7e35d0a750a5059cd,CONTENTS,0,"[{""source_label"":null,""xml_paragraph_index_1based"":62}]"
paper-8c076c5cf883e668,paper-8c076c5cf883e668:embedded:5bb805fbddca451d905e:23,mol-47e690bbace347567045958ac59c119c441d310eceecce8cc642dcb3a3260b4a,CC1(C)C=Cc2c(cc3oc(-n4cncn4)cc(=O)c3c2O)O1,,,,native_CDX_conversion_candidate,RDKit native ChemDraw CDX interpretation of source bonds; independent stereochemistry review pending,pending_native_source_and_label_review,23,archive-004,papers/paper-8c076c5cf883e668/supporting_information/si-003.zip,b9577aae62fd231c88a395d5b14cde5294cc75ed7a167a8cdcfb9591517ac2c5,,OOXML member word/embeddings/oleObject1.bin / CONTENTS; CDX 5bb805fbddca451d905ef2bf4f1a41d480469ecdd1806fb7e35d0a750a5059cd; native molecule index 23,word/embeddings/oleObject1.bin,d31a94a8d5dd67f7f78ab3f94e9e92bc3270a366277b723b64518e468114e622,5bb805fbddca451d905ef2bf4f1a41d480469ecdd1806fb7e35d0a750a5059cd,CONTENTS,0,"[{""source_label"":null,""xml_paragraph_index_1based"":62}]"
paper-8c076c5cf883e668,paper-8c076c5cf883e668:embedded:5bb805fbddca451d905e:3,mol-4d259a9bad8348461f0814eb74e1ea4f79405147bfb5ff710f2c92455cd0f33f,CC(C)=CCBr,,,,native_CDX_conversion_candidate,RDKit native ChemDraw CDX interpretation of source bonds; independent stereochemistry review pending,pending_native_source_and_label_review,3,archive-004,papers/paper-8c076c5cf883e668/supporting_information/si-003.zip,b9577aae62fd231c88a395d5b14cde5294cc75ed7a167a8cdcfb9591517ac2c5,,OOXML member word/embeddings/oleObject1.bin / CONTENTS; CDX 5bb805fbddca451d905ef2bf4f1a41d480469ecdd1806fb7e35d0a750a5059cd; native molecule index 3,word/embeddings/oleObject1.bin,d31a94a8d5dd67f7f78ab3f94e9e92bc3270a366277b723b64518e468114e622,5bb805fbddca451d905ef2bf4f1a41d480469ecdd1806fb7e35d0a750a5059cd,CONTENTS,0,"[{""source_label"":null,""xml_paragraph_index_1based"":62}]"
paper-8c076c5cf883e668,paper-8c076c5cf883e668:embedded:5bb805fbddca451d905e:4,mol-33ae459e86cd43f17e982afcdaed175881924aa71ef61eafa0feb35ba947f6b5,COc1ccc(Oc2cc(=O)c3c(O)c(CC=C(C)C)c(O)cc3o2)cc1,,,,native_CDX_conversion_candidate,RDKit native ChemDraw CDX interpretation of source bonds; independent stereochemistry review pending,pending_native_source_and_label_review,4,archive-004,papers/paper-8c076c5cf883e668/supporting_information/si-003.zip,b9577aae62fd231c88a395d5b14cde5294cc75ed7a167a8cdcfb9591517ac2c5,,OOXML member word/embeddings/oleObject1.bin / CONTENTS; CDX 5bb805fbddca451d905ef2bf4f1a41d480469ecdd1806fb7e35d0a750a5059cd; native molecule index 4,word/embeddings/oleObject1.bin,d31a94a8d5dd67f7f78ab3f94e9e92bc3270a366277b723b64518e468114e622,5bb805fbddca451d905ef2bf4f1a41d480469ecdd1806fb7e35d0a750a5059cd,CONTENTS,0,"[{""source_label"":null,""xml_paragraph_index_1based"":62}]"
paper-8c076c5cf883e668,paper-8c076c5cf883e668:embedded:5bb805fbddca451d905e:5,mol-c002d1c859f27bbe084840c2d07c56e252ffcaba71d990ee4f4888da0f1aaf4d,CC1(C)C=Cc2c(cc3oc(Oc4ccc(O)cc4)cc(=O)c3c2O)O1,,,,native_CDX_conversion_candidate,RDKit native ChemDraw CDX interpretation of source bonds; independent stereochemistry review pending,pending_native_source_and_label_review,5,archive-004,papers/paper-8c076c5cf883e668/supporting_information/si-003.zip,b9577aae62fd231c88a395d5b14cde5294cc75ed7a167a8cdcfb9591517ac2c5,,OOXML member word/embeddings/oleObject1.bin / CONTENTS; CDX 5bb805fbddca451d905ef2bf4f1a41d480469ecdd1806fb7e35d0a750a5059cd; native molecule index 5,word/embeddings/oleObject1.bin,d31a94a8d5dd67f7f78ab3f94e9e92bc3270a366277b723b64518e468114e622,5bb805fbddca451d905ef2bf4f1a41d480469ecdd1806fb7e35d0a750a5059cd,CONTENTS,0,"[{""source_label"":null,""xml_paragraph_index_1based"":62}]"
paper-8c076c5cf883e668,paper-8c076c5cf883e668:embedded:5bb805fbddca451d905e:6,mol-8c1d422de68d422ce61f4117ec138b2a71086f2961d2f69d92b8542d303c8819,COC(OC)N(C)C,,,,native_CDX_conversion_candidate,RDKit native ChemDraw CDX interpretation of source bonds; independent stereochemistry review pending,pending_native_source_and_label_review,6,archive-004,papers/paper-8c076c5cf883e668/supporting_information/si-003.zip,b9577aae62fd231c88a395d5b14cde5294cc75ed7a167a8cdcfb9591517ac2c5,,OOXML member word/embeddings/oleObject1.bin / CONTENTS; CDX 5bb805fbddca451d905ef2bf4f1a41d480469ecdd1806fb7e35d0a750a5059cd; native molecule index 6,word/embeddings/oleObject1.bin,d31a94a8d5dd67f7f78ab3f94e9e92bc3270a366277b723b64518e468114e622,5bb805fbddca451d905ef2bf4f1a41d480469ecdd1806fb7e35d0a750a5059cd,CONTENTS,0,"[{""source_label"":null,""xml_paragraph_index_1based"":62}]"
paper-8c076c5cf883e668,paper-8c076c5cf883e668:embedded:5bb805fbddca451d905e:7,mol-78125c781c23330a789af6d7f5a329756aa9e349f83406de484515386f20f01e,COCOc1cc(O)c(C(C)=O)c(OCOC)c1CC=C(C)C,,,,native_CDX_conversion_candidate,RDKit native ChemDraw CDX interpretation of source bonds; independent stereochemistry review pending,pending_native_source_and_label_review,7,archive-004,papers/paper-8c076c5cf883e668/supporting_information/si-003.zip,b9577aae62fd231c88a395d5b14cde5294cc75ed7a167a8cdcfb9591517ac2c5,,OOXML member word/embeddings/oleObject1.bin / CONTENTS; CDX 5bb805fbddca451d905ef2bf4f1a41d480469ecdd1806fb7e35d0a750a5059cd; native molecule index 7,word/embeddings/oleObject1.bin,d31a94a8d5dd67f7f78ab3f94e9e92bc3270a366277b723b64518e468114e622,5bb805fbddca451d905ef2bf4f1a41d480469ecdd1806fb7e35d0a750a5059cd,CONTENTS,0,"[{""source_label"":null,""xml_paragraph_index_1based"":62}]"
paper-8c076c5cf883e668,paper-8c076c5cf883e668:embedded:5bb805fbddca451d905e:8,mol-aff0a6019f1dc98f37322d78482adecf614448683d7b901a652283551f0cfe01,COCOc1cc2occ(I)c(=O)c2c(OCOC)c1CC=C(C)C,,,,native_CDX_conversion_candidate,RDKit native ChemDraw CDX interpretation of source bonds; independent stereochemistry review pending,pending_native_source_and_label_review,8,archive-004,papers/paper-8c076c5cf883e668/supporting_information/si-003.zip,b9577aae62fd231c88a395d5b14cde5294cc75ed7a167a8cdcfb9591517ac2c5,,OOXML member word/embeddings/oleObject1.bin / CONTENTS; CDX 5bb805fbddca451d905ef2bf4f1a41d480469ecdd1806fb7e35d0a750a5059cd; native molecule index 8,word/embeddings/oleObject1.bin,d31a94a8d5dd67f7f78ab3f94e9e92bc3270a366277b723b64518e468114e622,5bb805fbddca451d905ef2bf4f1a41d480469ecdd1806fb7e35d0a750a5059cd,CONTENTS,0,"[{""source_label"":null,""xml_paragraph_index_1based"":62}]"
paper-8c076c5cf883e668,paper-8c076c5cf883e668:embedded:5bb805fbddca451d905e:9,mol-4f14e067f893d3d3a6aeaa7b779bdaf468309016522f6356a9956081b57729e4,CC(C)=CCc1c(O)cc2oc(-n3cncn3)cc(=O)c2c1O,,,,native_CDX_conversion_candidate,RDKit native ChemDraw CDX interpretation of source bonds; independent stereochemistry review pending,pending_native_source_and_label_review,9,archive-004,papers/paper-8c076c5cf883e668/supporting_information/si-003.zip,b9577aae62fd231c88a395d5b14cde5294cc75ed7a167a8cdcfb9591517ac2c5,,OOXML member word/embeddings/oleObject1.bin / CONTENTS; CDX 5bb805fbddca451d905ef2bf4f1a41d480469ecdd1806fb7e35d0a750a5059cd; native molecule index 9,word/embeddings/oleObject1.bin,d31a94a8d5dd67f7f78ab3f94e9e92bc3270a366277b723b64518e468114e622,5bb805fbddca451d905ef2bf4f1a41d480469ecdd1806fb7e35d0a750a5059cd,CONTENTS,0,"[{""source_label"":null,""xml_paragraph_index_1based"":62}]"
paper-8c076c5cf883e668,paper-8c076c5cf883e668:embedded:5d5cf338d51a20d70c5b:1,mol-78125c781c23330a789af6d7f5a329756aa9e349f83406de484515386f20f01e,COCOc1cc(O)c(C(C)=O)c(OCOC)c1CC=C(C)C,,,,native_CDX_conversion_candidate,RDKit native ChemDraw CDX interpretation of source bonds; independent stereochemistry review pending,pending_native_source_and_label_review,1,archive-004,papers/paper-8c076c5cf883e668/supporting_information/si-003.zip,b9577aae62fd231c88a395d5b14cde5294cc75ed7a167a8cdcfb9591517ac2c5,,OOXML member word/embeddings/oleObject5.bin / CONTENTS; CDX 5d5cf338d51a20d70c5b3fd2507c307db53e0082b21e71fd507d11f86ebefb9b; native molecule index 1,word/embeddings/oleObject5.bin,734e3126f5bc2f5b83087711581209d9e2e2b63c11c5ccabe874037e3cd718b9,5d5cf338d51a20d70c5b3fd2507c307db53e0082b21e71fd507d11f86ebefb9b,CONTENTS,0,"[{""source_label"":null,""xml_paragraph_index_1based"":393}]"
paper-8c076c5cf883e668,paper-8c076c5cf883e668:embedded:62c340c2d3ece24b1c55:1,mol-f49846dcb85c1769192768c8258ee7e95c13f5f5017f6b01205673cc3d209ad3,CC(C)=CCc1c(O)cc2occ(I)c(=O)c2c1O,,,,native_CDX_conversion_candidate,RDKit native ChemDraw CDX interpretation of source bonds; independent stereochemistry review pending,pending_native_source_and_label_review,1,archive-004,papers/paper-8c076c5cf883e668/supporting_information/si-003.zip,b9577aae62fd231c88a395d5b14cde5294cc75ed7a167a8cdcfb9591517ac2c5,,OOXML member word/embeddings/oleObject15.bin / CONTENTS; CDX 62c340c2d3ece24b1c55449678c55d931df7918957659a4296af070abad05dbb; native molecule index 1,word/embeddings/oleObject15.bin,28ea8ada11f8914dc8fc4ed6a613247f69a9323684562753e7e98a2eb2d2af8f,62c340c2d3ece24b1c55449678c55d931df7918957659a4296af070abad05dbb,CONTENTS,0,"[{""source_label"":null,""xml_paragraph_index_1based"":474}]"
paper-8c076c5cf883e668,paper-8c076c5cf883e668:embedded:62c340c2d3ece24b1c55:1,mol-f49846dcb85c1769192768c8258ee7e95c13f5f5017f6b01205673cc3d209ad3,CC(C)=CCc1c(O)cc2occ(I)c(=O)c2c1O,,,,native_CDX_conversion_candidate,RDKit native ChemDraw CDX interpretation of source bonds; independent stereochemistry review pending,pending_native_source_and_label_review,1,archive-004,papers/paper-8c076c5cf883e668/supporting_information/si-003.zip,b9577aae62fd231c88a395d5b14cde5294cc75ed7a167a8cdcfb9591517ac2c5,,OOXML member word/embeddings/oleObject7.bin / CONTENTS; CDX 62c340c2d3ece24b1c55449678c55d931df7918957659a4296af070abad05dbb; native molecule index 1,word/embeddings/oleObject7.bin,28ea8ada11f8914dc8fc4ed6a613247f69a9323684562753e7e98a2eb2d2af8f,62c340c2d3ece24b1c55449678c55d931df7918957659a4296af070abad05dbb,CONTENTS,0,"[{""source_label"":null,""xml_paragraph_index_1based"":408}]"
paper-8c076c5cf883e668,paper-8c076c5cf883e668:embedded:78d640a743a03945457d:1,mol-4f14e067f893d3d3a6aeaa7b779bdaf468309016522f6356a9956081b57729e4,CC(C)=CCc1c(O)cc2oc(-n3cncn3)cc(=O)c2c1O,,,,native_CDX_conversion_candidate,RDKit native ChemDraw CDX interpretation of source bonds; independent stereochemistry review pending,pending_native_source_and_label_review,1,archive-004,papers/paper-8c076c5cf883e668/supporting_information/si-003.zip,b9577aae62fd231c88a395d5b14cde5294cc75ed7a167a8cdcfb9591517ac2c5,,OOXML member word/embeddings/oleObject16.bin / CONTENTS; CDX 78d640a743a03945457d7bf59bf0e67e4487f98861551028ca29f9685fe68bd4; native molecule index 1,word/embeddings/oleObject16.bin,fe3504913d91331c77dd8095799a47306e408441781e3f4487e7e012fed27523,78d640a743a03945457d7bf59bf0e67e4487f98861551028ca29f9685fe68bd4,CONTENTS,0,"[{""source_label"":null,""xml_paragraph_index_1based"":477}]"
paper-8c076c5cf883e668,paper-8c076c5cf883e668:embedded:78d640a743a03945457d:1,mol-4f14e067f893d3d3a6aeaa7b779bdaf468309016522f6356a9956081b57729e4,CC(C)=CCc1c(O)cc2oc(-n3cncn3)cc(=O)c2c1O,,,,native_CDX_conversion_candidate,RDKit native ChemDraw CDX interpretation of source bonds; independent stereochemistry review pending,pending_native_source_and_label_review,1,archive-004,papers/paper-8c076c5cf883e668/supporting_information/si-003.zip,b9577aae62fd231c88a395d5b14cde5294cc75ed7a167a8cdcfb9591517ac2c5,,OOXML member word/embeddings/oleObject8.bin / CONTENTS; CDX 78d640a743a03945457d7bf59bf0e67e4487f98861551028ca29f9685fe68bd4; native molecule index 1,word/embeddings/oleObject8.bin,fe3504913d91331c77dd8095799a47306e408441781e3f4487e7e012fed27523,78d640a743a03945457d7bf59bf0e67e4487f98861551028ca29f9685fe68bd4,CONTENTS,0,"[{""source_label"":null,""xml_paragraph_index_1based"":416}]"
paper-8c076c5cf883e668,paper-8c076c5cf883e668:embedded:7fb14730dd4f419cae0a:1,mol-33ae459e86cd43f17e982afcdaed175881924aa71ef61eafa0feb35ba947f6b5,COc1ccc(Oc2cc(=O)c3c(O)c(CC=C(C)C)c(O)cc3o2)cc1,,,,native_CDX_conversion_candidate,RDKit native ChemDraw CDX interpretation of source bonds; independent stereochemistry review pending,pending_native_source_and_label_review,1,archive-004,papers/paper-8c076c5cf883e668/supporting_information/si-003.zip,b9577aae62fd231c88a395d5b14cde5294cc75ed7a167a8cdcfb9591517ac2c5,,OOXML member word/embeddings/oleObject2.bin / CONTENTS; CDX 7fb14730dd4f419cae0a3078e71d406241b2fe1044a98f5c47b8c9c9cdb6ea02; native molecule index 1,word/embeddings/oleObject2.bin,b0539e9edb45264fd816ef2081df309123c66f66cfe59915871372321f78dd6c,7fb14730dd4f419cae0a3078e71d406241b2fe1044a98f5c47b8c9c9cdb6ea02,CONTENTS,0,"[{""source_label"":null,""xml_paragraph_index_1based"":112}]"
paper-8c076c5cf883e668,paper-8c076c5cf883e668:embedded:7fb14730dd4f419cae0a:2,mol-c002d1c859f27bbe084840c2d07c56e252ffcaba71d990ee4f4888da0f1aaf4d,CC1(C)C=Cc2c(cc3oc(Oc4ccc(O)cc4)cc(=O)c3c2O)O1,,,,native_CDX_conversion_candidate,RDKit native ChemDraw CDX interpretation of source bonds; independent stereochemistry review pending,pending_native_source_and_label_review,2,archive-004,papers/paper-8c076c5cf883e668/supporting_information/si-003.zip,b9577aae62fd231c88a395d5b14cde5294cc75ed7a167a8cdcfb9591517ac2c5,,OOXML member word/embeddings/oleObject2.bin / CONTENTS; CDX 7fb14730dd4f419cae0a3078e71d406241b2fe1044a98f5c47b8c9c9cdb6ea02; native molecule index 2,word/embeddings/oleObject2.bin,b0539e9edb45264fd816ef2081df309123c66f66cfe59915871372321f78dd6c,7fb14730dd4f419cae0a3078e71d406241b2fe1044a98f5c47b8c9c9cdb6ea02,CONTENTS,0,"[{""source_label"":null,""xml_paragraph_index_1based"":112}]"
paper-8c076c5cf883e668,paper-8c076c5cf883e668:embedded:a297c349b090f3bb61c2:1,mol-c63eabcc341a6269a02e5bd9c86e422ff533458d3c97b113f5045f8990d6efa1,COCOc1cc(O)c(C(C)=O)c(OCOC)c1,,,,native_CDX_conversion_candidate,RDKit native ChemDraw CDX interpretation of source bonds; independent stereochemistry review pending,pending_native_source_and_label_review,1,archive-004,papers/paper-8c076c5cf883e668/supporting_information/si-003.zip,b9577aae62fd231c88a395d5b14cde5294cc75ed7a167a8cdcfb9591517ac2c5,,OOXML member word/embeddings/oleObject3.bin / CONTENTS; CDX a297c349b090f3bb61c2e8f123b03b7172817759d9636a224dc28d2c9bfe0494; native molecule index 1,word/embeddings/oleObject3.bin,5d687c5677d3c3afe39e98b3412676a07b6c074bee0e8302a40a7d6964b1e158,a297c349b090f3bb61c2e8f123b03b7172817759d9636a224dc28d2c9bfe0494,CONTENTS,0,"[{""source_label"":null,""xml_paragraph_index_1based"":377}]"
paper-8c076c5cf883e668,paper-8c076c5cf883e668:embedded:da847472158090b72ec5:1,mol-47e690bbace347567045958ac59c119c441d310eceecce8cc642dcb3a3260b4a,CC1(C)C=Cc2c(cc3oc(-n4cncn4)cc(=O)c3c2O)O1,,,,native_CDX_conversion_candidate,RDKit native ChemDraw CDX interpretation of source bonds; independent stereochemistry review pending,pending_native_source_and_label_review,1,archive-004,papers/paper-8c076c5cf883e668/supporting_information/si-003.zip,b9577aae62fd231c88a395d5b14cde5294cc75ed7a167a8cdcfb9591517ac2c5,,OOXML member word/embeddings/oleObject12.bin / CONTENTS; CDX da847472158090b72ec57ccbb1dfd15d8ae7fbfbf9512536699241de6a00c588; native molecule index 1,word/embeddings/oleObject12.bin,bbc8164c42cfe582e7256417e025c9d5dfe12f256ad7b3be663959a13d581be4,da847472158090b72ec57ccbb1dfd15d8ae7fbfbf9512536699241de6a00c588,CONTENTS,0,"[{""source_label"":null,""xml_paragraph_index_1based"":449}]"
paper-8c076c5cf883e668,paper-8c076c5cf883e668:embedded:da847472158090b72ec5:1,mol-47e690bbace347567045958ac59c119c441d310eceecce8cc642dcb3a3260b4a,CC1(C)C=Cc2c(cc3oc(-n4cncn4)cc(=O)c3c2O)O1,,,,native_CDX_conversion_candidate,RDKit native ChemDraw CDX interpretation of source bonds; independent stereochemistry review pending,pending_native_source_and_label_review,1,archive-004,papers/paper-8c076c5cf883e668/supporting_information/si-003.zip,b9577aae62fd231c88a395d5b14cde5294cc75ed7a167a8cdcfb9591517ac2c5,,OOXML member word/embeddings/oleObject19.bin / CONTENTS; CDX da847472158090b72ec57ccbb1dfd15d8ae7fbfbf9512536699241de6a00c588; native molecule index 1,word/embeddings/oleObject19.bin,bbc8164c42cfe582e7256417e025c9d5dfe12f256ad7b3be663959a13d581be4,da847472158090b72ec57ccbb1dfd15d8ae7fbfbf9512536699241de6a00c588,CONTENTS,0,"[{""source_label"":null,""xml_paragraph_index_1based"":492}]"
paper-8c076c5cf883e668,paper-8c076c5cf883e668:embedded:f1bee70952ff54651148:1,mol-c002d1c859f27bbe084840c2d07c56e252ffcaba71d990ee4f4888da0f1aaf4d,CC1(C)C=Cc2c(cc3oc(Oc4ccc(O)cc4)cc(=O)c3c2O)O1,,,,native_CDX_conversion_candidate,RDKit native ChemDraw CDX interpretation of source bonds; independent stereochemistry review pending,pending_native_source_and_label_review,1,archive-004,papers/paper-8c076c5cf883e668/supporting_information/si-003.zip,b9577aae62fd231c88a395d5b14cde5294cc75ed7a167a8cdcfb9591517ac2c5,,OOXML member word/embeddings/oleObject13.bin / CONTENTS; CDX f1bee70952ff546511483ce1d6b8e774a4b5dec85d41a7eadb7d094d97ae0716; native molecule index 1,word/embeddings/oleObject13.bin,538fa821ce907103a14c8e31d8f6ff03685bdcf6e3937ffc97270857a72872bb,f1bee70952ff546511483ce1d6b8e774a4b5dec85d41a7eadb7d094d97ae0716,CONTENTS,0,"[{""source_label"":null,""xml_paragraph_index_1based"":457}]"
paper-8c076c5cf883e668,paper-8c076c5cf883e668:embedded:f1bee70952ff54651148:1,mol-c002d1c859f27bbe084840c2d07c56e252ffcaba71d990ee4f4888da0f1aaf4d,CC1(C)C=Cc2c(cc3oc(Oc4ccc(O)cc4)cc(=O)c3c2O)O1,,,,native_CDX_conversion_candidate,RDKit native ChemDraw CDX interpretation of source bonds; independent stereochemistry review pending,pending_native_source_and_label_review,1,archive-004,papers/paper-8c076c5cf883e668/supporting_information/si-003.zip,b9577aae62fd231c88a395d5b14cde5294cc75ed7a167a8cdcfb9591517ac2c5,,OOXML member word/embeddings/oleObject14.bin / CONTENTS; CDX f1bee70952ff546511483ce1d6b8e774a4b5dec85d41a7eadb7d094d97ae0716; native molecule index 1,word/embeddings/oleObject14.bin,538fa821ce907103a14c8e31d8f6ff03685bdcf6e3937ffc97270857a72872bb,f1bee70952ff546511483ce1d6b8e774a4b5dec85d41a7eadb7d094d97ae0716,CONTENTS,0,"[{""source_label"":null,""xml_paragraph_index_1based"":465}]"
paper-8c076c5cf883e668,paper-8c076c5cf883e668:embedded:f1bee70952ff54651148:1,mol-c002d1c859f27bbe084840c2d07c56e252ffcaba71d990ee4f4888da0f1aaf4d,CC1(C)C=Cc2c(cc3oc(Oc4ccc(O)cc4)cc(=O)c3c2O)O1,,,,native_CDX_conversion_candidate,RDKit native ChemDraw CDX interpretation of source bonds; independent stereochemistry review pending,pending_native_source_and_label_review,1,archive-004,papers/paper-8c076c5cf883e668/supporting_information/si-003.zip,b9577aae62fd231c88a395d5b14cde5294cc75ed7a167a8cdcfb9591517ac2c5,,OOXML member word/embeddings/oleObject20.bin / CONTENTS; CDX f1bee70952ff546511483ce1d6b8e774a4b5dec85d41a7eadb7d094d97ae0716; native molecule index 1,word/embeddings/oleObject20.bin,538fa821ce907103a14c8e31d8f6ff03685bdcf6e3937ffc97270857a72872bb,f1bee70952ff546511483ce1d6b8e774a4b5dec85d41a7eadb7d094d97ae0716,CONTENTS,0,"[{""source_label"":null,""xml_paragraph_index_1based"":495}]"
paper-8c076c5cf883e668,paper-8c076c5cf883e668:embedded:f1bee70952ff54651148:1,mol-c002d1c859f27bbe084840c2d07c56e252ffcaba71d990ee4f4888da0f1aaf4d,CC1(C)C=Cc2c(cc3oc(Oc4ccc(O)cc4)cc(=O)c3c2O)O1,,,,native_CDX_conversion_candidate,RDKit native ChemDraw CDX interpretation of source bonds; independent stereochemistry review pending,pending_native_source_and_label_review,1,archive-004,papers/paper-8c076c5cf883e668/supporting_information/si-003.zip,b9577aae62fd231c88a395d5b14cde5294cc75ed7a167a8cdcfb9591517ac2c5,,OOXML member word/embeddings/oleObject22.bin / CONTENTS; CDX f1bee70952ff546511483ce1d6b8e774a4b5dec85d41a7eadb7d094d97ae0716; native molecule index 1,word/embeddings/oleObject22.bin,538fa821ce907103a14c8e31d8f6ff03685bdcf6e3937ffc97270857a72872bb,f1bee70952ff546511483ce1d6b8e774a4b5dec85d41a7eadb7d094d97ae0716,CONTENTS,0,"[{""source_label"":null,""xml_paragraph_index_1based"":514}]"
