issue_id,paper_id,severity,subject,detail,provenance
paper-002ed49144be1357:issue:provisional_candidates:1,paper-002ed49144be1357,provisional_extraction_gap,14,"{""code"":""systematic_name_unresolved"",""paper_label"":""14"",""source_id"":""archive-001"",""source_name"":""sı Supporting InformationACCESS Metrics & More Article Recommendations * Downloaded from ABSTRACT: A generalized and divergent asymmetric approach to the synthesis of eudesmane-type sesquiterpenoids, which exhibit substantial therapeutic potential, has remained elusive. This study reports the collective asymmetric synthesis of 16 eudesmane-type natural products from (+)-verbenone. Specifically, the trans-6/6 bicyclic core was constructed through ring-closing metathesis catalyzed by a second-generation Grubbs catalyst, while the butenolide framework was assembled through TiCl4-mediated regioselective γ-lactonization. The Gram-scale synthesis of atractylenolide I (ATL-I; 2) facilitated biomimetic diversification to C8-oxygenated and C8-nitrogenated congeners via nucleophilic addition−elimination, while photochemical [2 + 2] cycloaddition of 2 afforded dimeric biepiasreorlid II (16). Using this platform, cespilamides C (13), D"",""source_references"":[{""locator"":""Compound 14 chemical-name heading and associated source section"",""page_number"":1,""paper_id"":""paper-002ed49144be1357"",""source_id"":""archive-001"",""source_path"":""papers/paper-002ed49144be1357/article/main.pdf"",""source_sha256"":""c3349b346e5165585be78e9ac63e6730cd3849c64016a024eff8e1ae504f12e8""}]}",provisional_candidates
paper-002ed49144be1357:issue:provisional_candidates:2,paper-002ed49144be1357,provisional_extraction_gap,3,"{""code"":""systematic_name_unresolved"",""paper_label"":""3"",""source_id"":""archive-001"",""source_name"":""Downloaded fromBurgess reagent, which show limited steric discrimination TiCl4-mediated cross-condensation of 18 with methyl pyruvate among β-hydrogens and produce a mixture of exocyclic olefin and α,α′-dimethoxyacetone, followed by in situ lactonization,22 30 and the more stable endocyclic olefin 31, Martin sulfurane afforded ATL-I (2)4d,j and ATL-II"",""source_references"":[{""locator"":""Compound 3 chemical-name heading and associated source section"",""page_number"":4,""paper_id"":""paper-002ed49144be1357"",""source_id"":""archive-001"",""source_path"":""papers/paper-002ed49144be1357/article/main.pdf"",""source_sha256"":""c3349b346e5165585be78e9ac63e6730cd3849c64016a024eff8e1ae504f12e8""}]}",provisional_candidates
paper-002ed49144be1357:issue:route_dataset:formal,paper-002ed49144be1357,representation_boundary,17/35,Formal syntheses only: two literature steps beyond 4 are not performed/reported here. Endpoints 17/35 are not counted as experimentally extracted products.,route_dataset
paper-002ed49144be1357:issue:route_dataset:independent-review,paper-002ed49144be1357,review_pending,all,Source-bound facts require independent chemist review.,route_dataset
paper-002ed49144be1357:issue:route_dataset:ratio,paper-002ed49144be1357,source_conflict,A05C,"Martin sulfurane 30:31 ratio is 8:1 in main Scheme 2, approximately 8:1 in prose, but 5:1 in SI p8.",route_dataset
paper-002ed49144be1357:issue:route_dataset:revision,paper-002ed49144be1357,review_pending,13/14/15,"Authors revise absolute configuration from optical rotation signs and the synthetic route; this is their source assignment, pending independent chemical review.",route_dataset
paper-002ed49144be1357:issue:route_dataset:temperature,paper-002ed49144be1357,source_conflict,E05/D01,Main E05 uses 60 C but SI uses 90 C. Main water addition D01 uses 50 C but SI describes room temperature. No silently reconciled condition.,route_dataset
paper-002ed49144be1357:issue:route_dataset:upstream,paper-002ed49144be1357,representation_boundary,21 to 27/32,"Three literature steps are referenced, but individual intermediate structures and procedures are absent. 32 reported 66% over three steps in SI p9; not converted into invented stepwise events.",route_dataset
paper-02468cd0966939d2:issue:provisional_candidates:1,paper-02468cd0966939d2,provisional_extraction_gap,68,"{""code"":""systematic_name_unresolved"",""paper_label"":""68"",""source_id"":""archive-001"",""source_name"":""tribromoamidine 57 (white solid, 30 mg, 64%) and tetrabromoami- 11.0 Hz, 1H), 1.21 (t, J = 7.1 Hz, 3H); 13C{1H} NMR (125 MHz, dine 58 (pale yellow solid, 12 mg, 23%). Note: Performing acetone-d6): δ 172.7, 170.5, 170.0, 148.8, 138.1, 134.1, 133.7, 128.6, bromination at −78 °C resulted in the same product distribution 128.3, 127.7, 125.6, 125.0, 124.5, 121.3, 112.4, 71.1, 60.8, 56.0, 49.4, within 2 h. 39.0, 37.5, 37.4, 35.4, 30.6, 22.9, 14.5; HRMS (ESI) m/z calc’d for Ethyl 2-((12R,12aR)-2,4,10-Tribromo-12a-(2-(dimethylami- C25H29N3O4: 435.2158, found 435.2121. no)-2-oxoethyl)-12,12a-dihydroindolo[1,2-c]quinazolin-12- Ethyl 2-((12R,12aR)-5-Acetyl-8,10-dibromo-12a-(2-(dimeyl)acetate (57). Rf 0.24 (acetone/hexanes = 1:2), visualized with thylamino)-2-oxoethyl)-5,6,12,12a-tetrahydroindolo[1,2-c]-UV; 1H NMR (500 MHz, CDCl3): δ 7.96 (s, 1H), 7.75 (d, J = 2.0 quinazolin-12-yl)acetate"",""source_references"":[{""locator"":""Compound 68 chemical-name heading and associated source section"",""page_number"":19,""paper_id"":""paper-02468cd0966939d2"",""source_id"":""archive-001"",""source_path"":""papers/paper-02468cd0966939d2/article/main.pdf"",""source_sha256"":""6e6c1aa1248fc1038d2d8b8dc93ffb6cd827368522528f94dd06543ab7cf3b73""}]}",provisional_candidates
paper-02468cd0966939d2:issue:provisional_candidates:2,paper-02468cd0966939d2,provisional_extraction_gap,77,"{""code"":""systematic_name_unresolved"",""paper_label"":""77"",""source_id"":""archive-001"",""source_name"":""(28 mg, 0.042 mmol, 1 equiv) in CH2Cl2 (1 mL, 0.04 M) was A vial containing the material was wrapped with aluminum foil and added Vaska’s complex (0.3 mg, 0.42 μmol, 10 mol %) followed by stored in a freezer to avoid degradation. 1H NMR (500 MHz, TMDS (37 μL, 0.21 mmol, 5 equiv). After stirring for 30 min, 1 M aq. CDCl3): δ 8.03 (d, J = 8.1 Hz, 2H), 7.46 (d, J = 8.1 Hz, 2H), 2.54 (s, HCl was added, and the mixture was stirred for 10 min. The reaction 3H). mixture was then diluted with H2O and extracted with CH2Cl2 twice. tert-Butyl (12R,12aR)-2,8,10-Tribromo-12a-(2-(dimethylami-The combined organic extract was dried over Na2SO4, filtered, and no)-2-oxoethyl)-12-(2-ethoxy-2-oxoethyl)-12,12aevaporated, providing crude material, which was purified using silica dihydroindolo[1,2-c]quinazoline-5(6H)-carboxylate"",""source_references"":[{""locator"":""Compound 77 chemical-name heading and associated source section"",""page_number"":20,""paper_id"":""paper-02468cd0966939d2"",""source_id"":""archive-001"",""source_path"":""papers/paper-02468cd0966939d2/article/main.pdf"",""source_sha256"":""6e6c1aa1248fc1038d2d8b8dc93ffb6cd827368522528f94dd06543ab7cf3b73""}]}",provisional_candidates
paper-02468cd0966939d2:issue:provisional_candidates:3,paper-02468cd0966939d2,provisional_extraction_gap,89,"{""code"":""systematic_name_unresolved"",""paper_label"":""89"",""source_id"":""archive-001"",""source_name"":""tert-Butyl (12R,12aR)-12-(2-Ethoxy-2-oxoethyl)-12a-(2- equiv) in toluene (3.5 mL, 0.10 M) was added Boc2O (159 mg, 0.73 (hydroxyimino)ethyl)-12,12a-dihydroindolo[1,2-c]- mmol, 2.1 equiv) at room temperature. The reaction mixture was then quinazoline-5(6H)-carboxylate"",""source_references"":[{""locator"":""Compound 89 chemical-name heading and associated source section"",""page_number"":23,""paper_id"":""paper-02468cd0966939d2"",""source_id"":""archive-001"",""source_path"":""papers/paper-02468cd0966939d2/article/main.pdf"",""source_sha256"":""6e6c1aa1248fc1038d2d8b8dc93ffb6cd827368522528f94dd06543ab7cf3b73""}]}",provisional_candidates
paper-02468cd0966939d2:issue:route_dataset:generic-boundary,paper-02468cd0966939d2,representation_boundary,20-22,"Generic aryl/PG screening structures do not specify all actual substrates, yields or recovered fractions; cannot expand Cartesian combinations as factual molecules.",route_dataset
paper-02468cd0966939d2:issue:route_dataset:independent-review,paper-02468cd0966939d2,review_pending,all,Source-bound facts require independent chemist review.,route_dataset
paper-02468cd0966939d2:issue:route_dataset:label-errors,paper-02468cd0966939d2,source_conflict,35/61,Page 23 calls lactam 51 compound 35; page 20 calls dimethylamine 80 compound 61; connectivity follows schemes and product headings.,route_dataset
paper-02468cd0966939d2:issue:route_dataset:mechanistic-boundary,paper-02468cd0966939d2,representation_boundary,26/38/40-43/46/59-62/65-66/78/83/87-88/90,Mechanistic proposals and unisolated transient drawings are not isolated-compound records; operation stages retained. Hypothetical and historical scheme transformations excluded.,route_dataset
paper-02468cd0966939d2:issue:route_dataset:stereo-review,paper-02468cd0966939d2,review_pending,all,Racemic representative stereochemistry and enriched-series correspondence require independent review. 18 S per source analogy; 19 R representative. Oxime geometry mixtures not assigned individually.,route_dataset
paper-02468cd0966939d2:issue:route_dataset:yield-disagreements,paper-02468cd0966939d2,source_conflict,9/47/56/68/82,Scheme/prose yields differ: 9 98 vs 96; 47 61 vs 60; 56 21 vs 11; 68 92 vs 99; SI-2 to 82 93 vs 83. Detailed experimental yields retained.,route_dataset
paper-03577c3c53263ea5:issue:provisional_candidates:1,paper-03577c3c53263ea5,provisional_extraction_gap,38,"{""code"":""systematic_name_unresolved"",""paper_label"":""38"",""source_id"":""archive-001"",""source_name"":""access 33, the 4,6-diol (5) was first esterified with the gallic acid matching within the typical ranges reported for ellagitannins.derivative 3433 (derived from methyl gallate), followed by a These results strongly support the structural identity of the TSINGHUA second esterification with the gallic acid derivative 6, affording synthetic materials. UNIVthe 4,6-diester 36. After TBS deprotection, oxidative coupling For casuarictin (38), only partial 13C NMR data were userwith [Cu(OH)(TMEDA)]2Cl2 proceeded smoothly to deliver reported in the original literature. Among the carbons for which compound 37. natural values are available, the synthetic sample exhibits a close on01 To confirm the stereochemistry of 37, we sought its correspondence, generally within ±0.6 ppm. The only notable conversion to the known natural product casuarictin"",""source_references"":[{""locator"":""Compound 38 chemical-name heading and associated source section"",""page_number"":7,""paper_id"":""paper-03577c3c53263ea5"",""source_id"":""archive-001"",""source_path"":""papers/paper-03577c3c53263ea5/article/main.pdf"",""source_sha256"":""12c04f8cfe7a5ac9847fb2dc6b48114672cd04e7b9f26a2179d382dd8867ef96""}]}",provisional_candidates
paper-03577c3c53263ea5:issue:provisional_candidates:2,paper-03577c3c53263ea5,provisional_extraction_gap,9,"{""code"":""systematic_name_unresolved"",""paper_label"":""9"",""source_id"":""archive-001"",""source_name"":""observed, and the overall pattern of chemical shifts is fully MHz, CDCl3) δ: 165.2, 164.8, 149.7, 149.5, 146.6, 146.3, 137.6, 137.0, consistent with the assigned structure. 133.2, 128.9, 128.1, 128.0, 127.7, 127.6, 127.5, 126.2, 124.6, 123.7, Taken together, the excellent agreement in the 1H NMR 117.5, 116.1, 116.0, 101.5, 96.1, 79.6, 74.0, 72.0, 69.4, 68.9, 68.7, 62.7, 25.7, 18.3, −4.49, −4.53; HRMS-DUIS (m/z): calculated forspectra and the generally consistent 13C NMR data within the C68H96O14Si4K [M + K]+ 1287.5509; found, 1287.5492.limits of the available natural information confirm that Allyl 4,6-O-Benzylidene-2,3-bis-O-4-(benzyloxy-3,5-dihysynthetic casuarictin (38) and platycaryanin A (2) are identical droxybenzoyl)-α-D-glucopyranoside"",""source_references"":[{""locator"":""Compound 9 chemical-name heading and associated source section"",""page_number"":8,""paper_id"":""paper-03577c3c53263ea5"",""source_id"":""archive-001"",""source_path"":""papers/paper-03577c3c53263ea5/article/main.pdf"",""source_sha256"":""12c04f8cfe7a5ac9847fb2dc6b48114672cd04e7b9f26a2179d382dd8867ef96""}]}",provisional_candidates
paper-03577c3c53263ea5:issue:provisional_candidates:3,paper-03577c3c53263ea5,provisional_extraction_gap,11,"{""code"":""systematic_name_unresolved"",""paper_label"":""11"",""source_id"":""archive-001"",""source_name"":""= 8.4 Hz, H-2), 5.23−4.94 (18H, m, PhCH2), 4.86 (2H, dd, J = 2.4, 11 80.7, 70.2, 28.1; Anal. calculated for C17H22O5: C, 66.63; H, 7.24; Hz, PhCH2), 4.64 (2H, t, J = 9.2 Hz, PhCH2), 4.15 (1H, t, J = 9.2 Hz, H- found: C, 66.76; H, 7.24. 4), 3.33 (1H, d, J = 9.2 Hz, H-5); 13C{1H} NMR (125 MHz, CDCl3) δ: Benzyl 2-[2,6-Bis(allyloxy)-4-tert-butoxycarbonylphenoxy]-169.8, 167.6, 164.4, 152.8, 152.7, 152.5, 144.7, 143.9, 143.0, 137.5, 3,4,5-tris(benzyloxy)benzoate"",""source_references"":[{""locator"":""Compound 11 chemical-name heading and associated source section"",""page_number"":10,""paper_id"":""paper-03577c3c53263ea5"",""source_id"":""archive-001"",""source_path"":""papers/paper-03577c3c53263ea5/article/main.pdf"",""source_sha256"":""12c04f8cfe7a5ac9847fb2dc6b48114672cd04e7b9f26a2179d382dd8867ef96""}]}",provisional_candidates
paper-03577c3c53263ea5:issue:provisional_candidates:4,paper-03577c3c53263ea5,provisional_extraction_gap,33,"{""code"":""systematic_name_unresolved"",""paper_label"":""33"",""source_id"":""archive-001"",""source_name"":""temperature for 23 h. The mixture was poured into water (30 mL) and 1-O-[3,4,5-Tris(benzyloxy)benzoyl]-2,3-O-(S)-[4,4′,5,5′,6,6′-extracted with EtOAc (3 × 50 mL). The combined organic layers were hexakis(benzyloxy)-1,1′-biphenyl-2,2′-dicarboxylate]-4-O-(4-washed with brine, dried over MgSO4, and concentrated under reduced benzyloxy-3,5-dihydroxybenzoyl)-6-O-[3,5-dihydroxy-4-(methoxymethoxy)benzoyl]-β-D-glucopyranoside"",""source_references"":[{""locator"":""Compound 33 chemical-name heading and associated source section"",""page_number"":12,""paper_id"":""paper-03577c3c53263ea5"",""source_id"":""archive-001"",""source_path"":""papers/paper-03577c3c53263ea5/article/main.pdf"",""source_sha256"":""12c04f8cfe7a5ac9847fb2dc6b48114672cd04e7b9f26a2179d382dd8867ef96""}]}",provisional_candidates
paper-03577c3c53263ea5:issue:route_dataset:18-procedure,paper-03577c3c53263ea5,source_conflict,E07,"Scheme 2 explicitly CCl3CN/DBU,93%; experimental paragraph instead copies DMP oxidation and quantitative yield, incompatible with named/drawn trichloroacetimidate and Cl3N formula. Scheme route retained; do not operationally rely on paragraph.",route_dataset
paper-03577c3c53263ea5:issue:route_dataset:26-label,paper-03577c3c53263ea5,source_conflict,E15,"Experimental preparation of 26 incorrectly names starting 12; Scheme 3, product and mass require diaryl ether 11.",route_dataset
paper-03577c3c53263ea5:issue:route_dataset:Bn-halide,paper-03577c3c53263ea5,source_conflict,E30,Scheme 7 lists BnBr for initial phenol protection; experimental section specifies BnCl at 80 C. Both source statements preserved.,route_dataset
paper-03577c3c53263ea5:issue:route_dataset:axial-representation,paper-03577c3c53263ea5,representation_boundary,HHDP,Source S axes retained in molecule metadata; standard SMILES/SDF roundtrip does not establish atropisomeric identity. Requires independent stereochemistry review.,route_dataset
paper-03577c3c53263ea5:issue:route_dataset:independent-review,paper-03577c3c53263ea5,review_pending,all,Source-bound facts require independent chemist review.,route_dataset
paper-03577c3c53263ea5:issue:route_dataset:known-starts,paper-03577c3c53263ea5,representation_boundary,6/13/19/32,Previously published preparations are not reconstructed beyond source-shown arrows.,route_dataset
paper-03577c3c53263ea5:issue:route_dataset:unisolated-scope,paper-03577c3c53263ea5,representation_boundary,23/37/30,Drawn intermediates retained without independent yields; downstream combined yields explicitly reference upstream precursor. Hypothetical failed product 3 is excluded.,route_dataset
paper-03987f5a75395436:issue:route_dataset:HRMS-20,paper-03987f5a75395436,source_conflict,20,SI reports C10H13O5 [M+H]+ but calculated 231.0757; neutral graph C10H12O5 requires [M+H]+ 213.0757. Reported mass appears digit transposition.,route_dataset
paper-03987f5a75395436:issue:route_dataset:HRMS-8,paper-03987f5a75395436,source_conflict,8,"SI S28 calculated 382.2103 but found 382.2005; retained source discrepancy, graph not altered.",route_dataset
paper-03987f5a75395436:issue:route_dataset:independent-review,paper-03987f5a75395436,review_pending,all,Source-bound facts require independent chemist review.,route_dataset
paper-03987f5a75395436:issue:route_dataset:mechanistic-only,paper-03987f5a75395436,representation_boundary,biogenesis,"CoA precursors, proposed intermediates I-IV and model 9a/10a are hypothetical mechanism drawings, excluded from isolated preparation network.",route_dataset
paper-03987f5a75395436:issue:route_dataset:tautomer-feed,paper-03987f5a75395436,representation_boundary,31A/31B,"Both drawn forms retained; events use 31B as feed representative, with inseparable-mixture note. Not two coupling equivalents.",route_dataset
paper-07ff316d638655e4:issue:route_dataset:independent-review,paper-07ff316d638655e4,review_pending,all,Source-bound candidate transcription; independent chemist review remains pending.,route_dataset
paper-07ff316d638655e4:issue:route_dataset:unavailable-si,paper-07ff316d638655e4,representation_boundary,S1-S4,"Partner structures are source-drawn, but SI-only upstream preparations are not available and are not invented.",route_dataset
paper-0ae671ac9a8bbe22:issue:provisional_candidates:1,paper-0ae671ac9a8bbe22,provisional_extraction_gap,12,"{""code"":""systematic_name_unresolved"",""paper_label"":""12"",""source_id"":""archive-001"",""source_name"":""the known procedure4b afforded (−)-haplocidine (11) in 69% of aspidosperma indole alkaloids 1−11 and the formal total yield. The structures of 1−11 were confirmed by NMR and synthesis of 12 in 3−10 steps from the pentacyclic common HRMS. The spectroscopic data and specific rotation values intermediate 25. Among these, (+)-O-demethylaspidospermatched well with those reported (see Supporting Information mine (3) and (+)-12-demethoxy-N-acetylcylindrocarine (9) for details). were synthesized for the first time through the longest linear The versatile application of the synthetic protocol was also sequence of 15 and 16 steps, respectively, from the known 2-demonstrated by the formal synthesis of (−)-deoxoapodine aryl-cyclohexane-1,3-dione. The divergent syntheses of these"",""source_references"":[{""locator"":""Compound 12 chemical-name heading and associated source section"",""page_number"":5,""paper_id"":""paper-0ae671ac9a8bbe22"",""source_id"":""archive-001"",""source_path"":""papers/paper-0ae671ac9a8bbe22/article/main.pdf"",""source_sha256"":""82def464f69522b9b9d1276fa1f5465aa8873f4a20e6b84ffdf1ff4b899acbac""}]}",provisional_candidates
paper-0ae671ac9a8bbe22:issue:provisional_candidates:2,paper-0ae671ac9a8bbe22,provisional_extraction_gap,9,"{""code"":""systematic_name_unresolved"",""paper_label"":""9"",""source_id"":""archive-002"",""source_name"":""(+)-12-demethoxy-N-acetylcylindrocarine"",""source_references"":[{""locator"":""Compound 9 chemical-name heading and associated source section"",""page_number"":17,""paper_id"":""paper-0ae671ac9a8bbe22"",""source_id"":""archive-002"",""source_path"":""papers/paper-0ae671ac9a8bbe22/supporting_information/si-001.pdf"",""source_sha256"":""12d89578011a62dfcb72d6e927df1499bb52a7f00da663668fb9d229fba97c32""}]}",provisional_candidates
paper-0ae671ac9a8bbe22:issue:route_dataset:I01,paper-0ae671ac9a8bbe22,boundary,23,"Preparation of 23 is referenced to Chem 2025, 11, 102440 (reference 16a); not reported step-by-step in this article/SI. Routes explicitly start at 23.",route_dataset
paper-0ae671ac9a8bbe22:issue:route_dataset:I02,paper-0ae671ac9a8bbe22,boundary,12,Only formal synthesis: experimental route stops at 40; 40 to deoxoapodine is a two-step literature link (reference 20). No fabricated observed reactions.,route_dataset
paper-0ae671ac9a8bbe22:issue:route_dataset:I03,paper-0ae671ac9a8bbe22,source_conflict,3,"Main article and Scheme 1 use (+), while SI S7-S9 uses (-), with measured rotation -70.0 and ent-3 reference +110.4. Optical sign not resolved by SMILES.",route_dataset
paper-0ae671ac9a8bbe22:issue:route_dataset:I04,paper-0ae671ac9a8bbe22,source_numeric_anomaly,4,SI S10 reports [M+H]+ C22H31N2O2 at 255.2380/255.2370; formula predicts approximately 355.2380. Preserve original numbers; flag probable 100 Da typo.,route_dataset
paper-0ae671ac9a8bbe22:issue:route_dataset:I05,paper-0ae671ac9a8bbe22,source_conflict,E23,Scheme 4 specifies DMF; SI S23 specifies CH2Cl2 as reaction solvent. Structured conditions use experimental SI and preserve conflict.,route_dataset
paper-0ae671ac9a8bbe22:issue:route_dataset:I06,paper-0ae671ac9a8bbe22,source_conflict,E02,Article says without column purification; SI S4 describes flash chromatography of dialdehyde intermediate.,route_dataset
paper-0ae671ac9a8bbe22:issue:route_dataset:I07,paper-0ae671ac9a8bbe22,stereo_scope,26|32,"C5-OH is wavy and epimerization is reported. This center remains unassigned, not silently fixed to 25. Enol-ether geometry of 32 represents the depicted form, not a measured isomer ratio.",route_dataset
paper-0ae671ac9a8bbe22:issue:route_dataset:I08,paper-0ae671ac9a8bbe22,interpretation,U*,"Unnumbered structures are interpretations of procedural text, not independent isolated/characterized molecules. Excluded from source-drawn-only training export.",route_dataset
paper-0ae671ac9a8bbe22:issue:route_dataset:I09,paper-0ae671ac9a8bbe22,review,all,Source-based model transcription and RDKit checks do not constitute independent expert admission. All benchmark admission flags remain false.,route_dataset
paper-0ae671ac9a8bbe22:issue:route_dataset:I10,paper-0ae671ac9a8bbe22,source_role,si-002.pdf,"Seven-page main-article duplicate stored under supporting_information. Deduplicate by page-text digest, not by the misleading directory label or different byte hash.",route_dataset
paper-0ae671ac9a8bbe22:issue:route_dataset:I11,paper-0ae671ac9a8bbe22,yield_scope,E04|E05|E15|E22,"Combined yields are attached to their reported starting boundary (25), never copied onto each elementary stage.",route_dataset
paper-0ae671ac9a8bbe22:issue:route_dataset:I12,paper-0ae671ac9a8bbe22,legacy_candidate,existing targets.json,Earlier connectivity-only candidates are not treated as truth; this case independently transcribes the drawings and records comparison without silently rewriting the frozen release.,route_dataset
paper-0ae671ac9a8bbe22:issue:route_dataset:I13,paper-0ae671ac9a8bbe22,scope,Figure 1,Compounds 13-22 illustrate prior work/background. They are not new experimental route products in this paper and are excluded from the extracted reaction corpus.,route_dataset
paper-0bac8bc7088bc164:issue:provisional_candidates:1,paper-0bac8bc7088bc164,provisional_extraction_gap,8,"{""code"":""systematic_name_unresolved"",""paper_label"":""8"",""source_id"":""archive-001"",""source_name"":""The reaction mixture was stirred at room temperature for 3 h and MHz, DMSO) δ 159.8, 158.3, 152.2/152.2, 152.0, 128.0/128.0, monitored by TLC. Upon completion, the pH was adjusted to 7−8 127.9/127.9, 121.6, 113.4, 108.9, 108.6/108.5, 105.3, 99.0, 76.8/76.8, with 2 N HCl. The ethanol was removed under reduced pressure, and 70.1, 68.4/68.4, 56.0, 55.6, 31.3/31.3, 30.7/30.6, 26.7, 26.0/26.0, the aqueous residue was extracted with ethyl acetate (3 × 25 mL). 20.6/20.4; HRMS, m/z [M + H]+ calcd for C22H27O5 371.1853, The combined organic layers were washed with saturated brine (2 × found 371.1853. 25 mL), dried over anhydrous Na2SO4, filtered, and concentrated. (R)-3-(2,4-Dimethoxyphenyl)-8,8-dimethyl-3,4-dihydro-Purification by column chromatography (PE/EA = 2:1) afforded the 2H,8H-pyrano[2,3-f ]chromene"",""source_references"":[{""locator"":""Compound 8 chemical-name heading and associated source section"",""page_number"":7,""paper_id"":""paper-0bac8bc7088bc164"",""source_id"":""archive-001"",""source_path"":""papers/paper-0bac8bc7088bc164/article/main.pdf"",""source_sha256"":""3c267ab99b5e43d52366b3df41d8c12d323121763bc94b18bd496dc9a790dd87""}]}",provisional_candidates
paper-0bac8bc7088bc164:issue:route_dataset:I01,paper-0bac8bc7088bc164,scope,"Schemes 1, 2, 6",Previous syntheses in Scheme 1 and retrosynthetic labels 1/1-prime in Scheme 2 are excluded. Scheme 6 mechanistic protonated/epoxide states are not counted as experimentally observed steps.,route_dataset
paper-0bac8bc7088bc164:issue:route_dataset:I02,paper-0bac8bc7088bc164,stereo_scope,a2|a3|6|7,THP acetal configurations are unspecified. Compound 6 is an inseparable diastereomeric mixture (article p7; SI S11); C9 is left unassigned. Bracketed 7 also has unspecified C9 configuration.,route_dataset
paper-0bac8bc7088bc164:issue:route_dataset:I03,paper-0bac8bc7088bc164,source_conflict,9 ee,"Abstract (p1) claims 99.9% ee; conclusion (p5) and experimental section (p7) report 99% ee. SI S15 shows a single integrated peak at 100.00 area percent, which is not independently converted into a precise ee.",route_dataset
paper-0bac8bc7088bc164:issue:route_dataset:I04,paper-0bac8bc7088bc164,source_numeric_anomaly,E07,The preparation of b states b4 5.04 g/2.4 mmol and vinyl acetate 3.5 g/3.6 mmol; reported masses and mmol values are inconsistent. Retain reported 78% yield without deriving corrected quantities.,route_dataset
paper-0bac8bc7088bc164:issue:route_dataset:I05,paper-0bac8bc7088bc164,source_numeric_anomaly,E12,"The preparation of 8 states compound 6 71 mg/0.8 mmol, inconsistent with C22H26O5; the product is 56 mg and reported 83%. No mmol correction is silently made.",route_dataset
paper-0bac8bc7088bc164:issue:route_dataset:I06,paper-0bac8bc7088bc164,source_numeric_anomaly,E01,"PPTS is reported as 3.65 g, 1.45 mmol, 0.04 equiv (article p5); these values are internally inconsistent.",route_dataset
paper-0bac8bc7088bc164:issue:route_dataset:I07,paper-0bac8bc7088bc164,source_conflict,E02|E10|E13,Schemes abbreviate conditions: E02 omits additional 15 h at room temperature; E10 omits 3 h room-temperature phase; final HCl hydrolysis is marked rt in Scheme 5 but 0-10 C experimentally. Structured steps use the detailed experimental section.,route_dataset
paper-0bac8bc7088bc164:issue:route_dataset:I08,paper-0bac8bc7088bc164,yield_scope,E11|E12|E14,57% is combined 4-to-6 yield and 83% is combined 6-to-8 yield. No yield is copied onto internal steps. Table 1 86% for 4-to-5 belongs to a separate selected optimization trial.,route_dataset
paper-0bac8bc7088bc164:issue:route_dataset:I09,paper-0bac8bc7088bc164,terminology,b4-to-b,"The paper calls the enzymatic step kinetic resolution. Drawn b4 is prochiral with equivalent CH2OH groups; normalized transformation is enantioselective monoacetylation/desymmetrization. This is a curator interpretation of terminology, not new experimental evidence.",route_dataset
paper-0bac8bc7088bc164:issue:route_dataset:I10,paper-0bac8bc7088bc164,source_role,si-002.pdf,"The file filed as SI-002 is a byte-distinct, text-identical duplicate of the 9-page main article; deduplicated using page text digest.",route_dataset
paper-0bac8bc7088bc164:issue:route_dataset:I11,paper-0bac8bc7088bc164,review,all,"Model-assisted source transcription, RDKit canonicalization, formula/CIP checks and export validation are not independent expert admission. No atom mapping, atom balance or ORD submission certification is asserted.",route_dataset
paper-0bac8bc7088bc164:issue:route_dataset:I12,paper-0bac8bc7088bc164,yield_scope,overall,The abstract 19% overall yield applies to the six-event assembled-fragment sequence. The calculated product of its reported yields is approximately 19%; it is not the total yield including both separately prepared fragment branches.,route_dataset
paper-0e05697c35b4bd20:issue:route_dataset:PENS-44-YIELD,paper-0e05697c35b4bd20,source_conflict,44,Figure5 gives 60%; prose gives 61%; figure mixture yield retained.,route_dataset
paper-0e05697c35b4bd20:issue:route_dataset:PENS-BIO,paper-0e05697c35b4bd20,representation_boundary,biosynthetic scope,This main article also reports enzymatic substrate scope and additional ester analogues. Their full preparation network requires SI and remains unextracted.,route_dataset
paper-0e05697c35b4bd20:issue:route_dataset:PENS-CORRECTION,paper-0e05697c35b4bd20,review_pending,article,Correction DOI 10.1021/acscentsci.6c01223 located; text unavailable so its effect on extraction is unresolved.,route_dataset
paper-0e05697c35b4bd20:issue:route_dataset:PENS-MINOR,paper-0e05697c35b4bd20,representation_boundary,44,Minor diastereomer not independently drawn; cannot assign mixture yield to major structure.,route_dataset
paper-0e05697c35b4bd20:issue:route_dataset:PENS-SI,paper-0e05697c35b4bd20,representation_boundary,coverage,Supporting information unavailable locally; PMC delivery encountered reCAPTCHA and publisher access unavailable. Chemical main Fig5c only.,route_dataset
paper-0e05697c35b4bd20:issue:route_dataset:independent-review,paper-0e05697c35b4bd20,review_pending,all,Source-bound facts require independent chemist review.,route_dataset
paper-12c087bbcec8cc4c:issue:provisional_candidates:1,paper-12c087bbcec8cc4c,provisional_extraction_gap,12,"{""code"":""systematic_name_unresolved"",""paper_label"":""12"",""source_id"":""archive-001"",""source_name"":""To a solution of Compound 10 (1.41 g, 2.67 mmol) in DCM (5 mL) at 0 °C was added 4 M HCl in 1,4-dioxane (2.5 mL, 9.88 mmol). The mixture was stirred at 0 °C for 15 min, then at RT for 2 h. After concentration in vacuo, the residue was diluted with DCM (200 mL), washed sequentially with saturated NaHCO3(50 mL), H2O (50 mL), and brine (50 mL), dried over anhydrous Na2SO4, filtered, and concentrated to give the crude title Compound 11 (0.98 g) as a colorless oil. 1H NMR (400 MHz, DMSO-d6) δ 10.51 (s, 1H), 8.16 (s, 3H), 6.87 – 6.79 (m, 2H), 6.70 (d, J = 8.2 Hz, 1H), 3.77 (s, 3H), 3.71 (d, J = 10.1 Hz, 6H), 3.18 – 3.05 (m, 6H), 2.85 – 2.70 (m, 4H), 2.42 – 2.33 (m, 2H), 1.89 – 1.77 (m, 4H), 1.66 – 1.57 (m, 2H), 1.51 (d, J = 7.1 Hz, 3H). HRMS (ESI) m/z [M+H]+ calcd for C22H38N3O5, 424.2806; Found 424.2801. Synthesis of methyl (E)-N-(4-(3-(3,4-dimethoxyphenyl)acrylamido)butyl)-N-(3-(3-(3,4-dimethoxyphenyl)propanamido)propyl)alaninate"",""source_references"":[{""locator"":""Compound 12 chemical-name heading and associated source section"",""page_number"":1,""paper_id"":""paper-12c087bbcec8cc4c"",""source_id"":""archive-001"",""source_path"":""papers/paper-12c087bbcec8cc4c/supporting_information/si-001.docx"",""source_sha256"":""56c4b259d9d1373bccfda452bb884366b725eb8a2029e09bd3b48072d1031581""}]}",provisional_candidates
paper-12c087bbcec8cc4c:issue:provisional_candidates:2,paper-12c087bbcec8cc4c,provisional_extraction_gap,2,"{""code"":""systematic_name_unresolved"",""paper_label"":""2"",""source_id"":""archive-001"",""source_name"":""(E)-N-(4-(3-(3,4-dihydroxyphenyl)acrylamido)butyl)-N-(3-(3-(3,4-dihydroxyphenyl)propanamido)propyl)alanine ((±) - Lycium Spermidine A)"",""source_references"":[{""locator"":""Compound 2 chemical-name heading and associated source section"",""page_number"":1,""paper_id"":""paper-12c087bbcec8cc4c"",""source_id"":""archive-001"",""source_path"":""papers/paper-12c087bbcec8cc4c/supporting_information/si-001.docx"",""source_sha256"":""56c4b259d9d1373bccfda452bb884366b725eb8a2029e09bd3b48072d1031581""}]}",provisional_candidates
paper-12c087bbcec8cc4c:issue:provisional_candidates:3,paper-12c087bbcec8cc4c,provisional_extraction_gap,4,"{""code"":""systematic_name_unresolved"",""paper_label"":""4"",""source_id"":""archive-001"",""source_name"":""Scheme 1: Synthesis of natural compound N1-dihydrocaffeoyl-N10-caffeoyl spermidine. Reagents and conditions: (i) Acrylonitrile, MeOH, RT, 16 h, quantitative; (ii) TEA, Benzyl chloroformate (CbzCl), THF, RT, overnight, 85%; (iii) NiCl2·6H2O, NaBH4, DIPEA, NHS ester B, MeOH, RT, overnight, 68%; (iv) 4M HCl in 1,4-dioxane, DCM, 0 °C – RT, 2 h, crude compound; (v) DIPEA, NHS ester C, DCM, RT, overnight, 88%; (vi) BBr3, DCM, 0 °C – RT, overnight, 71 %. Synthesis of tert-butyl (4-((2-cyanoethyl)amino)butyl)carbamate"",""source_references"":[{""locator"":""Compound 4 chemical-name heading and associated source section"",""page_number"":1,""paper_id"":""paper-12c087bbcec8cc4c"",""source_id"":""archive-001"",""source_path"":""papers/paper-12c087bbcec8cc4c/supporting_information/si-001.docx"",""source_sha256"":""56c4b259d9d1373bccfda452bb884366b725eb8a2029e09bd3b48072d1031581""}]}",provisional_candidates
paper-12c087bbcec8cc4c:issue:provisional_candidates:4,paper-12c087bbcec8cc4c,provisional_extraction_gap,9,"{""code"":""systematic_name_unresolved"",""paper_label"":""9"",""source_id"":""archive-001"",""source_name"":""Scheme 2: The synthesis of the natural product (±) - Lycium spermidine A. Reagents and conditions: (i) methyl 2-bromopropionate, potassium carbonate, acetonitrile, refluxed, overnight, 73%; (ii) NiCl2·6H2O, NaBH4, DIPEA, NHS ester B, MeOH, RT, overnight, 50%; (iii) 4M HCl in 1,4-dioxane, DCM, 0 °C – RT, 2 h, crude compound; (iv) DIPEA, NHS ester C, DCM, RT, overnight, 78%; (v) LiOH, THF/H2O, 0 °C – 35 °C, 5h; (vi) BBr3, DCM, 0 °C – RT, overnight, 85 %. Synthesis of methyl N-(4-((tert-butoxycarbonyl)amino)butyl)-N-(2-cyanoethyl)alaninate"",""source_references"":[{""locator"":""Compound 9 chemical-name heading and associated source section"",""page_number"":1,""paper_id"":""paper-12c087bbcec8cc4c"",""source_id"":""archive-001"",""source_path"":""papers/paper-12c087bbcec8cc4c/supporting_information/si-001.docx"",""source_sha256"":""56c4b259d9d1373bccfda452bb884366b725eb8a2029e09bd3b48072d1031581""}]}",provisional_candidates
paper-12c087bbcec8cc4c:issue:route_dataset:chlorinating-agent,paper-12c087bbcec8cc4c,source_conflict,E01/E02,"Source writes COCl2, but the two mass/mmol pairs imply approximately 127 g/mol. Reagent identity is unresolved; normalized SMILES remains null.",route_dataset
paper-12c087bbcec8cc4c:issue:route_dataset:crude-yields,paper-12c087bbcec8cc4c,representation_boundary,E03/E06/E11/E13,Quantitative yield remains qualitative; crude recovered masses are not converted into invented numeric isolated yields.,route_dataset
paper-12c087bbcec8cc4c:issue:route_dataset:lithium-hydroxide-hydration,paper-12c087bbcec8cc4c,source_conflict,E13,Source writes LiOH; reported mass/mmol implies a hydrate. Normalization records named lithium hydroxide without asserting hydration.,route_dataset
paper-12c087bbcec8cc4c:issue:route_dataset:main-missing,paper-12c087bbcec8cc4c,coverage_gap,paper,Main article is not available locally; coverage applies to the available SI preparation network only.,route_dataset
paper-12c087bbcec8cc4c:issue:route_dataset:natural-synthetic-double-bond,paper-12c087bbcec8cc4c,source_conflict,1,"Comparison table reports isolated-sample olefin J=12.5 Hz versus synthetic J=15.7 Hz, with olefin carbon differences 4.3 and 3.5 ppm. Preserve source-drawn synthetic E geometry; natural/synthetic identity is not independently established.",route_dataset
paper-12c087bbcec8cc4c:issue:route_dataset:nmr-target-number,paper-12c087bbcec8cc4c,source_conflict,1/13,Comparison-table heading calls the natural/synthetic target 13 although Scheme 1 and preparation identify it as 1. Compound 13 in Scheme 2 is a distinct precursor.,route_dataset
paper-12c087bbcec8cc4c:issue:route_dataset:procedure-label,paper-12c087bbcec8cc4c,source_conflict,E13,Procedure for 12 to 13 says compound 6 was consumed. Preparation heading and scheme identify 12; the conflicting text is retained as an issue.,route_dataset
paper-12c087bbcec8cc4c:issue:route_dataset:racemate,paper-12c087bbcec8cc4c,representation_boundary,2,"Target is explicitly racemic; unassigned tetrahedral stereochemistry is retained, never completed to an arbitrary enantiomer.",route_dataset
paper-12c087bbcec8cc4c:issue:route_dataset:salt1,paper-12c087bbcec8cc4c,source_conflict,1,Overview Scheme 1 annotates HCl; individual preparation drawing annotates HBr and elemental analysis uses C25H34BrN3O6. Covalent parent is stored separately; no isolated salt SMILES is asserted.,route_dataset
paper-12c087bbcec8cc4c:issue:route_dataset:salt7-11,paper-12c087bbcec8cc4c,source_conflict,7/11,Drawings annotate HCl but procedures include aqueous bicarbonate workup and describe crude oils. Salt annotations are retained separately from source covalent graphs.,route_dataset
paper-12c087bbcec8cc4c:issue:route_dataset:unreported-internal,paper-12c087bbcec8cc4c,representation_boundary,E01/E02/E05/E10,Two experimental stages are grouped per preparation; no source drawing exists for the internal acid chlorides or reduced amines.,route_dataset
paper-13a38f0d3231b5ac:issue:provisional_candidates:1,paper-13a38f0d3231b5ac,provisional_extraction_gap,8,"{""code"":""systematic_name_unresolved"",""paper_label"":""8"",""source_id"":""archive-001"",""source_name"":""1,2-dioxane (7) and"",""source_references"":[{""locator"":""Compound 8 chemical-name heading and associated source section"",""page_number"":39,""paper_id"":""paper-13a38f0d3231b5ac"",""source_id"":""archive-001"",""source_path"":""papers/paper-13a38f0d3231b5ac/supporting_information/si-001.pdf"",""source_sha256"":""b0b6621f8c247a6b3c96bfa893da2f6ead658d9ffc6ca2d2d17547b36bcc0f08""}]}",provisional_candidates
paper-13a38f0d3231b5ac:issue:route_dataset:ketone-boundary,paper-13a38f0d3231b5ac,source_boundary,ketone,Preparation of the R-gossonorol ketone precursor is referred to prior literature; that upstream sequence is not reconstructed from imagination.,route_dataset
paper-13a38f0d3231b5ac:issue:route_dataset:main-missing,paper-13a38f0d3231b5ac,source_missing,article,Main article is unavailable; coverage is limited to target-specific SI preparations and controls.,route_dataset
paper-13a38f0d3231b5ac:issue:route_dataset:major-enantiomer,paper-13a38f0d3231b5ac,representation_boundary,6S,"S-6 is the minority enantiomer of reported scalemic R-6 and a component of the racemic control. Its graph is derived by inversion, not claimed as an isolated or separately drawn sample.",route_dataset
paper-13a38f0d3231b5ac:issue:route_dataset:mixture-yields,paper-13a38f0d3231b5ac,representation_boundary,all events,"Yields are combined sample yields. No individual isolated yield is assigned to an enantiomer or diastereomer, and a single mixture experiment is not split into multiple reactions.",route_dataset
paper-13a38f0d3231b5ac:issue:route_dataset:racemic-start,paper-13a38f0d3231b5ac,source_boundary,E05,Racemic 6 is supplied as starting material for the control cyclization. Its upstream preparation is not a separately quantified target-specific example here.,route_dataset
paper-13a38f0d3231b5ac:issue:route_dataset:samarium,paper-13a38f0d3231b5ac,representation_boundary,E03/E05,The source uses an oxidized samarium iodide solution with a proposed peroxide reagent identity. No discrete catalyst structure or mechanistic reaction is asserted.,route_dataset
paper-13a38f0d3231b5ac:issue:route_dataset:sample-ee,paper-13a38f0d3231b5ac,source_precision,E01/E02,The precursor preparation has three scale-dependent yield/ee results. The 87% ee example is retained as the main path because it matches the stated hydroperoxidation substrate; the other examples remain metadata.,route_dataset
paper-13a38f0d3231b5ac:issue:route_dataset:scope,paper-13a38f0d3231b5ac,representation_boundary,SI,"Ligand synthesis, substrate scope, screening, titration and mechanistic control procedures are outside the natural-product route dataset.",route_dataset
paper-16903c93b7961b97:issue:provisional_candidates:1,paper-16903c93b7961b97,provisional_extraction_gap,24,"{""code"":""systematic_name_unresolved"",""paper_label"":""24"",""source_id"":""archive-002"",""source_name"":""5-bromoquinone"",""source_references"":[{""locator"":""Compound 24 chemical-name heading and associated source section"",""page_number"":30,""paper_id"":""paper-16903c93b7961b97"",""source_id"":""archive-002"",""source_path"":""papers/paper-16903c93b7961b97/supporting_information/si-001.pdf"",""source_sha256"":""05cf7774957afc63c24a518364b023253f356f2c3b8ae9705dfa85958565d982""}]}",provisional_candidates
paper-16903c93b7961b97:issue:route_dataset:EXI-01,paper-16903c93b7961b97,source_conflict,source yields and quantities,"Main/SI differences: 5 65/59%, 14 41/44%,10 83/80%; asymmetric route several yields differ. SI event values prioritized. SI19 35.2 mg substrate versus 380 mg product typo; no correction invented.",route_dataset
paper-16903c93b7961b97:issue:route_dataset:EXI-02,paper-16903c93b7961b97,source_conflict,SI labels/formulas,SI27/28 amine6 also called S17; SI29 distinct 2-bromoquinone S17 renamed S17-bromo. SI30 scheme draws N-Boc on5/23/24 contrary names/formula and main; main plus HRMS used. SI16 O5 formula for29 is erroneous (O3 mass); SI33 S24 incorrectly includes Si; SI23 calculated masses off about1 Da.,route_dataset
paper-16903c93b7961b97:issue:route_dataset:EXI-03,paper-16903c93b7961b97,review_pending,stereochemical completeness,Racemic1b/27b relative stereo and C7 hemiacetal absolute assignments await independent source drawing review; not strict stereochemical training data.,route_dataset
paper-16903c93b7961b97:issue:route_dataset:EXI-04,paper-16903c93b7961b97,review_pending,paper risk screen,"IDO1 IC50 10–30 nM in main Table1 is a recombinant-enzyme endpoint, not cytotoxicity. No target high-toxicity exclusion established by reviewed source.",route_dataset
paper-16903c93b7961b97:issue:route_dataset:EXI-05,paper-16903c93b7961b97,representation_boundary,operation scope,"Only experimentally reported compounds included; mechanistic proposals2–4,22,37–44 excluded. Source identifies exotherm for dimethylhydantoin precursor; routine reagent warnings are not target toxicity evidence.",route_dataset
paper-16903c93b7961b97:issue:route_dataset:independent-review,paper-16903c93b7961b97,review_pending,all,Source-bound facts require independent chemist review.,route_dataset
paper-17346d5cc784e311:issue:route_dataset:independent-review,paper-17346d5cc784e311,review_pending,stereochemistry,Source-native stereobonds are preserved; neither source absolute configurations nor spectroscopic identity are independently certified.,route_dataset
paper-17346d5cc784e311:issue:route_dataset:internal-stage,paper-17346d5cc784e311,representation_boundary,E03,Arrow 3 states sequential copper-mediated transformation then methyl chloroformate. The internal intermediate is not drawn and is not assigned a SMILES.,route_dataset
paper-17346d5cc784e311:issue:route_dataset:si-scope,paper-17346d5cc784e311,source_incompleteness,conditions,"Available binary Word SI contains Scheme 2 and spectra; detailed textual preparations, solvent identities for some arrows and isolated-yield basis are absent. No missing conditions are inferred.",route_dataset
paper-17346d5cc784e311:issue:route_dataset:upstream-missing,paper-17346d5cc784e311,source_missing,10,Preparation of starting intermediate 10 and the main article are absent. This six-event segment is not a complete route from commercial starting materials.,route_dataset
paper-2d6f8f626286ab28:issue:provisional_candidates:1,paper-2d6f8f626286ab28,provisional_extraction_gap,7,"{""code"":""systematic_name_unresolved"",""paper_label"":""7"",""source_id"":""archive-002"",""source_name"":""General procedures .............................................................................................................................. 4 2 Synthetic procedures............................................................................................................................ 5 2.1 ß-Tetralone S3 ............................................................................................................................. 5 2.2 Alkylated (±)-ß-tetralone 6 ......................................................................................................... 6 2.3 (1-(Ethoxycarbonyl)cyclopropyl)triphenylphosphonium bromide lithium chloride"",""source_references"":[{""locator"":""Compound 7 chemical-name heading and associated source section"",""page_number"":2,""paper_id"":""paper-2d6f8f626286ab28"",""source_id"":""archive-002"",""source_path"":""papers/paper-2d6f8f626286ab28/supporting_information/si-001.pdf"",""source_sha256"":""0ed717675cc92a3c65a3b04abd2064da4f8d2af4f886d3623243100a76cfe320""}]}",provisional_candidates
paper-2d6f8f626286ab28:issue:provisional_candidates:2,paper-2d6f8f626286ab28,provisional_extraction_gap,7,"{""code"":""systematic_name_unresolved"",""paper_label"":""7"",""source_id"":""archive-002"",""source_name"":""2.3 (1-(Ethoxycarbonyl)cyclopropyl)triphenylphosphonium bromide lithium chloride"",""source_references"":[{""locator"":""Compound 7 chemical-name heading and associated source section"",""page_number"":7,""paper_id"":""paper-2d6f8f626286ab28"",""source_id"":""archive-002"",""source_path"":""papers/paper-2d6f8f626286ab28/supporting_information/si-001.pdf"",""source_sha256"":""0ed717675cc92a3c65a3b04abd2064da4f8d2af4f886d3623243100a76cfe320""}]}",provisional_candidates
paper-2d6f8f626286ab28:issue:route_dataset:RELATIVE-PERSPECTIVE,paper-2d6f8f626286ab28,review_pending,13-position and endoperoxide12,Source uses perspective cage drawing without an explicit stereobond at the amino-nitrile quaternary site or two peroxide stereocenters. Their detailed relative stereochemistry is pending independent chemical review; SMILES intentionally leaves these centers unspecified.,route_dataset
paper-2d6f8f626286ab28:issue:route_dataset:RETROSYNTHESIS,paper-2d6f8f626286ab28,representation_boundary,1/3/4,These labels appear only in retrosynthesis and are not preparation events.,route_dataset
paper-2d6f8f626286ab28:issue:route_dataset:S14-TYPO,paper-2d6f8f626286ab28,source_conflict,SI28,"Scheme calls the mixture S15:17, but heading/drawn major product is S14; preserved as S14/17 combined 80% at1:0.6.",route_dataset
paper-2d6f8f626286ab28:issue:route_dataset:S9-SALT,paper-2d6f8f626286ab28,source_conflict,9,"MainScheme3 shows an ammonium sulfate zwitterion; SI11/12 explicitly draws the sulfate acid with an ammonium chloride counterion. The SI-characterized salt is encoded, and this representation difference is retained.",route_dataset
paper-2d6f8f626286ab28:issue:route_dataset:YIELD-SCOPE,paper-2d6f8f626286ab28,source_conflict,15-to17,Main gives87% from15; SI isolated operations give83% and97% in distinct experiments; record individual SI yields and main sequence separately without arithmetic substitution.,route_dataset
paper-2d6f8f626286ab28:issue:route_dataset:independent-review,paper-2d6f8f626286ab28,review_pending,all,Source-bound facts require independent chemist review.,route_dataset
paper-2d9b2cb848bfbd04:issue:provisional_candidates:1,paper-2d9b2cb848bfbd04,provisional_extraction_gap,20,"{""code"":""systematic_name_unresolved"",""paper_label"":""20"",""source_id"":""archive-001"",""source_name"":""superior performance of TBCD relative to NBS remain unclear whose structure was subsequently revised to incorporate a and would require dedicated mechanistic and computational trans-THF moiety (3, Figure 1).8 Considering this, we studies to establish conclusively. The inseparable mixture of 5a envisioned adopting our previously developed strategy to and 5a′ was desilylated to afford the separable epimers 15a construct the trans-2,5-disubstituted-3-oxygenated THF moi-(65%) and 15b (21%). ety employing the diastereoselective Tsuji−Trost cyclization.10 The chemoselective primary OH oxidation of 15a or 15b To begin with, an allyl acetate 19 was prepared from lactone and subsequent Wittig olefination with n-hex-3-enyltriphenyl- 12 (Scheme 5).10 Next, Pd(OAc)2 catalyzed Tsuji−Trost phosphonium bromide provided olefins 16a and 16b in good yields of 72% and 70%, respectively, over two steps (Scheme Scheme 5. Synthesis of trans-THF"",""source_references"":[{""locator"":""Compound 20 chemical-name heading and associated source section"",""page_number"":4,""paper_id"":""paper-2d9b2cb848bfbd04"",""source_id"":""archive-001"",""source_path"":""papers/paper-2d9b2cb848bfbd04/article/main.pdf"",""source_sha256"":""c706656d4286c247094735b09a44c0ac37d5994fadbba9b426d37b2007c86073""}]}",provisional_candidates
paper-2d9b2cb848bfbd04:issue:provisional_candidates:2,paper-2d9b2cb848bfbd04,provisional_extraction_gap,13,"{""code"":""systematic_name_unresolved"",""paper_label"":""13"",""source_id"":""archive-001"",""source_name"":""layers were washed with water and brine, dried (Na2SO4) and Triphenyl(3-trimethylsilyl)prop-2-yn-1-ylphosphonium concentrated. The crude aldehyde (2.0 g) was used without bromide"",""source_references"":[{""locator"":""Compound 13 chemical-name heading and associated source section"",""page_number"":7,""paper_id"":""paper-2d9b2cb848bfbd04"",""source_id"":""archive-001"",""source_path"":""papers/paper-2d9b2cb848bfbd04/article/main.pdf"",""source_sha256"":""c706656d4286c247094735b09a44c0ac37d5994fadbba9b426d37b2007c86073""}]}",provisional_candidates
paper-2d9b2cb848bfbd04:issue:route_dataset:allene-axis,paper-2d9b2cb848bfbd04,representation_boundary,all bromoallenes,"Ordinary canonical SMILES/SDF does not encode allene axial chirality. Axial descriptors and source locators distinguish 5a/5a prime, 15a/b, 16a/b, 27a/b and target epimers; identical ordinary SMILES are not evidence of identical full stereochemical identity.",route_dataset
paper-2d9b2cb848bfbd04:issue:route_dataset:independent-review,paper-2d9b2cb848bfbd04,review_pending,all,Source-bound facts require independent chemist review.,route_dataset
paper-2d9b2cb848bfbd04:issue:route_dataset:limited-characterization,paper-2d9b2cb848bfbd04,representation_boundary,22-25,Scheme 6 footnote limits characterization to TLC/crude NMR; later full experimental data for 22 do not supply full characterization of every 23-25 mixture.,route_dataset
paper-2d9b2cb848bfbd04:issue:route_dataset:rotation2aprime,paper-2d9b2cb848bfbd04,source_conflict,2a',Experimental prose positive sign conflicts with negative heading/negative rotation. Do not infer absolute configuration from rotation alone.,route_dataset
paper-2d9b2cb848bfbd04:issue:route_dataset:salt-boundary,paper-2d9b2cb848bfbd04,representation_boundary,hex-3-enyl phosphonium iodide,Trans procedure explicitly uses iodide; cis procedure supplies a bromide preparation. No counterion exchange or iodide preparation is invented.,route_dataset
paper-2d9b2cb848bfbd04:issue:route_dataset:yield23,paper-2d9b2cb848bfbd04,source_conflict,C07,Scheme 6 reports 94%; narrative reports 93% for trisylation. Product is an inseparable mixture.,route_dataset
paper-2d9b2cb848bfbd04:issue:route_dataset:yield26,paper-2d9b2cb848bfbd04,source_conflict,C10,Scheme 7 gives 94%; experimental section gives 93%. Preserve experimental value and scheme discrepancy.,route_dataset
paper-2ecc227214f2cf77:issue:route_dataset:coverage,paper-2ecc227214f2cf77,coverage_gap,upstream/SI,"Only locally available main article reviewed. Preparations of8,17 absent; cited intermediates not invented. SI experimental validation pending.",route_dataset
paper-2ecc227214f2cf77:issue:route_dataset:independent-review,paper-2ecc227214f2cf77,review_pending,all,Source-bound facts require independent chemist review.,route_dataset
paper-2ecc227214f2cf77:issue:route_dataset:retrosynthesis-labels,paper-2ecc227214f2cf77,source_conflict,42/43,Retrosynthetic labels42/43 correspond to prepared49/46. Conclusion calls coupling feed43; experimental Scheme5 uses46.,route_dataset
paper-30d3cf1b14fd5066:issue:route_dataset:ST-BOUNDARY,paper-30d3cf1b14fd5066,representation_boundary,SI50,"Future Liebeskind route has undefined R thioester and no detailed preparation, excluded from definitive reaction network.",route_dataset
paper-30d3cf1b14fd5066:issue:route_dataset:ST-ENT-YIELDS,paper-30d3cf1b14fd5066,representation_boundary,ent-5/6/7,Parallel ent structures are drawn; yields only explicitly reported for unprefixed procedure and are not copied to ent branch.,route_dataset
paper-30d3cf1b14fd5066:issue:route_dataset:ST-ER,paper-30d3cf1b14fd5066,source_conflict,3,"SI4 preparation reports er8:1, SI5 consumption says er>20:1 without enrichment operation; no unreported purification invented.",route_dataset
paper-30d3cf1b14fd5066:issue:route_dataset:ST-HRMS,paper-30d3cf1b14fd5066,source_conflict,"36,S26",SI36 HRMS printed formula omits N; S26 omits B. Graph and exact mass identify C47H57NO9 and C31H39BO4.,route_dataset
paper-30d3cf1b14fd5066:issue:route_dataset:ST-SOURCE,paper-30d3cf1b14fd5066,source_conflict,reagent names,SI5 text says 2-bromo pentene but product drawing and C22 formula show isopropenyl addition. SI10 text says isobutylchloride but S22 ketone drawing requires isobutyryl chloride. Drawn structures retained.,route_dataset
paper-30d3cf1b14fd5066:issue:route_dataset:ST-STEREO,paper-30d3cf1b14fd5066,review_pending,early aldol and auxiliary,"Several auxiliary, preliminary aldol and hemiacetal branch assignments remain pending. Final 1 absolute 2S3S5R7R8S source SI50 is explicitly assigned.",route_dataset
paper-30d3cf1b14fd5066:issue:route_dataset:independent-review,paper-30d3cf1b14fd5066,review_pending,all,Source-bound facts require independent chemist review.,route_dataset
paper-30f79134d51e3020:issue:route_dataset:3a-stereo,paper-30f79134d51e3020,source_conflict,3a,Product 3a on PDF page 9 and starting 3a on page 10 differ at a side-chain stereobond. The product drawing is retained provisionally; the conflicting starting drawing matches the 3b relative pattern.,route_dataset
paper-30f79134d51e3020:issue:route_dataset:brsm,paper-30f79134d51e3020,yield_basis,E10/E14,Diazoketone yields are 55/70% brsm; following ester yields 88/91% are based on that intermediate. These are not overall yields from 16a/16b.,route_dataset
paper-30f79134d51e3020:issue:route_dataset:formula-copy,paper-30f79134d51e3020,source_conflict,IV/V/III,IV/V HRMS lines print precursor-like C32H47N2O8 despite m/z near 297/299. III prints C19H25N2O although its saturated graph requires two more H. Literal formula mismatches are preserved separately from graph-derived mass checks.,route_dataset
paper-30f79134d51e3020:issue:route_dataset:homologation,paper-30f79134d51e3020,source_incompleteness,E10/E14,"Mixed anhydride, isolated unnamed diazoketone, and homologated acid structures are not drawn in the available SI. Endpoints are recorded as grouped preparation events; internal SMILES and overall yields remain unassigned.",route_dataset
paper-30f79134d51e3020:issue:route_dataset:main-missing,paper-30f79134d51e3020,source_missing,article,Only SI is available. The full article route cannot be marked covered.,route_dataset
paper-30f79134d51e3020:issue:route_dataset:mass-errors,paper-30f79134d51e3020,source_conflict,HRMS,Several reported found masses differ substantially from graph exact masses (especially 17a-prime). Mass error in ppm is retained; matching formula or valid SMILES is not a certificate of chemical identity.,route_dataset
paper-30f79134d51e3020:issue:route_dataset:racemates,paper-30f79134d51e3020,representation_boundary,stereo,All chiral products are reported racemic. Canonical SMILES represents one source-relative enantiomer; enhanced AND-group CXSMILES and racemate metadata must accompany stereochemical use.,route_dataset
paper-30f79134d51e3020:issue:route_dataset:upstream,paper-30f79134d51e3020,source_boundary,9/5,Starting ester 9 and acetal acid 5 are drawn but their preparations are delegated to references; no upstream chemistry inferred.,route_dataset
paper-327998a67c12eca6:issue:route_dataset:8c-stereobond-conflict,paper-327998a67c12eca6,source_conflict,8c,Gram-scale native object 6 differs from NMR objects 55/56 at one bridge-H stereobond. Characterization drawings are used provisionally; conflicting overview graph retained for review.,route_dataset
paper-327998a67c12eca6:issue:route_dataset:precursor-yield,paper-327998a67c12eca6,source_incompleteness,E01,"Generic SI preparation instantiated for explicitly named 2,5-dimethylfuran/6a. No precursor isolated yield is reported.",route_dataset
paper-327998a67c12eca6:issue:route_dataset:relative-stereo,paper-327998a67c12eca6,representation_boundary,7c/8c,Only relative configurations are reported. Ordinary canonical SMILES represents one relative drawing; enhanced AND-group CXSMILES and explicit scope must accompany any absolute-stereo use. No ee or enantiopurity is inferred.,route_dataset
paper-327998a67c12eca6:issue:route_dataset:scope,paper-327998a67c12eca6,representation_boundary,network,"Only the natural-product target network is included; generic substrate scope, catalyst optimization, mechanistic proposals and transformations of model compound 7a are outside this target extraction.",route_dataset
paper-327998a67c12eca6:issue:route_dataset:standard-mass-yield,paper-327998a67c12eca6,source_conflict,E02,"SI reports 35.0 mg and 74%; at the general 0.2 mmol scale the graph mass implies about 60%. The source-reported 74% is retained, not silently recalculated. Main text also mentions a separate 0.4 mmol preparation without separate yields.",route_dataset
paper-33bf034f0faef47b:issue:route_dataset:10-yield,paper-33bf034f0faef47b,source_conflict,10,"SI10 says53.2%over3steps from5, but SchemeS4 startsglucose+6 and passes8/9. Retain sequence statement without inventing a single-step yield.",route_dataset
paper-33bf034f0faef47b:issue:route_dataset:11-name,paper-33bf034f0faef47b,source_conflict,11,"SI11 heading duplicates7 substitution pattern; scheme and feed10+1 unequivocally put hydroxylated chain atO1 and nonhydroxylated chain atO6. Graph follows SchemeS5, supporting NMR assignmentFigS1.",route_dataset
paper-33bf034f0faef47b:issue:route_dataset:1PosB-HRMS,paper-33bf034f0faef47b,source_conflict,1-PosB,"Reported317.0820 vs calculated317.0843 [M+Na] differ7.3ppm; retain neutralC11H18O9, do not silently correct experimental mass.",route_dataset
paper-33bf034f0faef47b:issue:route_dataset:independent-review,paper-33bf034f0faef47b,review_pending,all,Source-bound facts require independent chemist review.,route_dataset
paper-33bf034f0faef47b:issue:route_dataset:source-boundary,paper-33bf034f0faef47b,coverage_boundary,1/6 and stability assays,"Upstream acid preparations referenced, not reproduced. SI19/20 stability assays with degradation species are not isolated synthetic transformations.",route_dataset
paper-3d207c0789378667:issue:route_dataset:10-temperature,paper-3d207c0789378667,source_conflict,E12,Scheme3 lists90C1.5h; experimentalp9 reports80C3h.,route_dataset
paper-3d207c0789378667:issue:route_dataset:11-stoichiometry,paper-3d207c0789378667,source_conflict,E13,Scheme3 caption gives2equiv prenyl bromide despite four incorporated prenyl groups in drawn11. Atom incorporation count4 is distinguished from reported reagent equivalents.,route_dataset
paper-3d207c0789378667:issue:route_dataset:14-yield-conflict,paper-3d207c0789378667,source_conflict,E15,Scheme3 gives69% for14; experimentalp9 gives64%. Mainp5 says32% overtwo steps. Scheme yield retained without merging incompatible reports.,route_dataset
paper-3d207c0789378667:issue:route_dataset:8-mass,paper-3d207c0789378667,source_conflict,8,Experimental HRMS calculated413.2770 differs from found413.2697 and graph-derived [M+H]+413.2697.,route_dataset
paper-3d207c0789378667:issue:route_dataset:independent-review,paper-3d207c0789378667,review_pending,all,Source-bound facts require independent chemist review.,route_dataset
paper-3d207c0789378667:issue:route_dataset:mechanisms,paper-3d207c0789378667,representation_boundary,i-iii,Bracketed proposed intermediates are not isolated preparations. Unoptimized <15% direct 4a/b to 6a/b lacks a single selected protocol and is not assigned guessed yields.,route_dataset
paper-3d207c0789378667:issue:route_dataset:reagent-equivalents,paper-3d207c0789378667,source_conflict,E04/E08/E14,Scheme 2 and p8 exchange TEMPO/PIDA equivalents. Scheme 3 caption gives only 2 equivalents of prenyl bromide for incorporation of three prenyl groups in 13; drawn product retained with incorporation count distinguished from reported reagent equivalents.,route_dataset
paper-3d207c0789378667:issue:route_dataset:tautomers,paper-3d207c0789378667,representation_boundary,1/2,"Reported 3:1 enol-ketone mixtures represented by source-drawn enol connectivity, not two independently isolated products.",route_dataset
paper-3d207c0789378667:issue:route_dataset:temperature,paper-3d207c0789378667,source_conflict,E09,"Scheme 3 lists 80 C/reflux, experimental p8 lists room temperature; no single resolved temperature asserted.",route_dataset
paper-3e14822739da3f53:issue:route_dataset:conditions,paper-3e14822739da3f53,source_conflict,electrolysis,"General text describes graphite electrodes, but optimized and preparative records specify C-Pt. Individual preparation conditions retained.",route_dataset
paper-3e14822739da3f53:issue:route_dataset:hrms-calcd,paper-3e14822739da3f53,source_conflict,2/4/5/7/8,Several reported calculated HRMS values resemble average molecular weights and disagree with exact masses; source found values and printed formulas are retained without silently correcting the article.,route_dataset
paper-3e14822739da3f53:issue:route_dataset:independent-review,paper-3e14822739da3f53,review_pending,all,Source-bound candidate transcription; independent chemist review remains pending.,route_dataset
paper-3e14822739da3f53:issue:route_dataset:missing-upstream,paper-3e14822739da3f53,scope,4a-unnumbered,"Its use is explicit in section 3.1.5, but its preparation is not given in the available article; no guessed condensation route is inserted.",route_dataset
paper-4535edb11a27941f:issue:provisional_candidates:1,paper-4535edb11a27941f,provisional_extraction_gap,1,"{""code"":""systematic_name_unresolved"",""paper_label"":""1"",""source_id"":""archive-001"",""source_name"":""3-Hydroxy-2-methylpyridine (1, 20.01 g, 183.36 mmol) was dissolved in acetonitrile (MeCN, 150 mL), and NBS (65.15 g, 366.05 mmol) was added in five batches. The mixture was stirred vigorously at 90°C in a metal heating mantle for 1 h. When the reaction was complete, as indicated by TLC analysis, the solution was cooled to room temperature and then filtered. The solid was washed with dichloromethane (20 mL). The filtrate was concentrated, and the residue was purified by column chromatography on silica gel using petroleum ether/ethyl acetate (PE/EA = 5:1, v/v) as the eluent to give the desired product 2 (43.78 g, 89.5%) as a Fig"",""source_references"":[{""locator"":""Compound 1 chemical-name heading and associated source section"",""page_number"":2,""paper_id"":""paper-4535edb11a27941f"",""source_id"":""archive-001"",""source_path"":""papers/paper-4535edb11a27941f/article/main.pdf"",""source_sha256"":""1e14ebb56ecaeb2012b391497d2ec5bc9a00c5e54b8648fa7c6b89e1f6431f72""}]}",provisional_candidates
paper-4535edb11a27941f:issue:provisional_candidates:2,paper-4535edb11a27941f,provisional_extraction_gap,3,"{""code"":""systematic_name_unresolved"",""paper_label"":""3"",""source_id"":""archive-001"",""source_name"":""4H), 7.48 (s, 1H), 7.44 (dd, J = 8.3, 6.6 Hz, 2H), 7.40 - 7.33 4-(benzyloxy)-3-methoxy-2-methyl-6-"",""source_references"":[{""locator"":""Compound 3 chemical-name heading and associated source section"",""page_number"":4,""paper_id"":""paper-4535edb11a27941f"",""source_id"":""archive-001"",""source_path"":""papers/paper-4535edb11a27941f/article/main.pdf"",""source_sha256"":""1e14ebb56ecaeb2012b391497d2ec5bc9a00c5e54b8648fa7c6b89e1f6431f72""}]}",provisional_candidates
paper-4535edb11a27941f:issue:route_dataset:independent-review,paper-4535edb11a27941f,review_pending,all,Source-bound candidate transcription; independent chemist review remains pending.,route_dataset
paper-4535edb11a27941f:issue:route_dataset:quantity,paper-4535edb11a27941f,source_conflict,5a,Reported dodecene mass/mmol and formula quantities are internally inconsistent; graph follows named dodecyl product and HRMS.,route_dataset
paper-4535edb11a27941f:issue:route_dataset:solvent,paper-4535edb11a27941f,source_conflict,1 to 2,Experimental text specifies acetonitrile whereas Figure 2 labels DMF; procedure solvent retained.,route_dataset
paper-4535edb11a27941f:issue:route_dataset:tautomers,paper-4535edb11a27941f,representation,6a-l,Figures depict keto/hydroxy tautomerism; keto forms are primary canonical identities and source hydroxy forms are retained separately. No automatic tautomer identity merging is performed.,route_dataset
paper-4535edb11a27941f:issue:route_dataset:yield,paper-4535edb11a27941f,source_conflict,5a/5k,Screening conversions differ from isolated yields. General 5j-l yield range does not include individually reported 5k 68.4%; individual values retained.,route_dataset
paper-4cc43638c809d619:issue:route_dataset:acid-solvent,paper-4cc43638c809d619,source_conflict,E02,"SI p3 explicitly uses 1,2-dichloroethane/TFA, while main Table 1 specifies CH2Cl2/TFA. Procedure values retained.",route_dataset
paper-4cc43638c809d619:issue:route_dataset:independent-review,paper-4cc43638c809d619,review_pending,all,Source-bound facts require independent chemist review.,route_dataset
paper-4cc43638c809d619:issue:route_dataset:known-start,paper-4cc43638c809d619,representation_boundary,4,Previously published upstream synthesis is cited but not repeated here; target route begins at the source-drawn known macrocycle.,route_dataset
paper-4cc43638c809d619:issue:route_dataset:regio-stereo,paper-4cc43638c809d619,review_pending,9,Source drawing does not assign new C8/C9 centers; no stereochemical completion inferred.,route_dataset
paper-53d2449f553459cc:issue:provisional_candidates:1,paper-53d2449f553459cc,provisional_extraction_gap,3,"{""code"":""systematic_name_unresolved"",""paper_label"":""3"",""source_id"":""archive-001"",""source_name"":""he Stemona alkaloids have attracted a significant amount In continuation of our interest in developing novel catalytic of attention from both the synthetic and medicinal carbonylation strategies and methodologies to facilitate totalTcommunities due to their diverse, novel, and complex synthesis,6 in 2020, we reported a palladium-catalyzed structures and broad-spectrum biological activities.1 Within cyclopropanol ring-opening carbonylative lactonization meththis family, stemocurtisine (1, Figure 1A, also named od to synthesize fused bicyclic lactones, especially tetrahydrofuro[2,3-b]furanone (cf. 5 →4, Figure 1B).7 Thepyridostemin) and a few closely related family members corresponding cyclopropanol substrate can be prepared fromincluding stemocurtisinol (2) and oxystemokerrin"",""source_references"":[{""locator"":""Compound 3 chemical-name heading and associated source section"",""page_number"":1,""paper_id"":""paper-53d2449f553459cc"",""source_id"":""archive-001"",""source_path"":""papers/paper-53d2449f553459cc/article/main.pdf"",""source_sha256"":""31ac8bba27f498bcf4378b5135c7f734f263151bb5d531bd3a362ab6bb9cfb6a""}]}",provisional_candidates
paper-53d2449f553459cc:issue:route_dataset:independent-review,paper-53d2449f553459cc,review_pending,all,Source-bound facts require independent chemist review.,route_dataset
paper-53d2449f553459cc:issue:route_dataset:mixtures,paper-53d2449f553459cc,stereochemistry_ambiguity,35/38,Wavy C12 lactol and C13 bromide retained unspecified; do not count these as fully stereo-resolved training examples.,route_dataset
paper-53d2449f553459cc:issue:route_dataset:wavy37c,paper-53d2449f553459cc,stereochemistry_ambiguity,37c,SI19 explicitly draws wavy C13-H in37c; retained unspecified despite being described as third diastereomer.,route_dataset
paper-561d3429850cabb7:issue:provisional_candidates:1,paper-561d3429850cabb7,provisional_extraction_gap,9,"{""code"":""systematic_name_unresolved"",""paper_label"":""9"",""source_id"":""archive-001"",""source_name"":""Table S14. 13C NMR Comparison Table for ent-12β-acetoxykaur-16-en-19-oic acid"",""source_references"":[{""locator"":""Compound 9 chemical-name heading and associated source section"",""page_number"":20,""paper_id"":""paper-561d3429850cabb7"",""source_id"":""archive-001"",""source_path"":""papers/paper-561d3429850cabb7/supporting_information/si-001.pdf"",""source_sha256"":""db1cf21d054591711ba20834c83560a160d7a945517a819ab72bca013171e7c2""}]}",provisional_candidates
paper-561d3429850cabb7:issue:provisional_candidates:2,paper-561d3429850cabb7,provisional_extraction_gap,4,"{""code"":""systematic_name_unresolved"",""paper_label"":""4"",""source_id"":""archive-001"",""source_name"":""ent-15α,16α-epoxykauran-19-oic acid"",""source_references"":[{""locator"":""Compound 4 chemical-name heading and associated source section"",""page_number"":49,""paper_id"":""paper-561d3429850cabb7"",""source_id"":""archive-001"",""source_path"":""papers/paper-561d3429850cabb7/supporting_information/si-001.pdf"",""source_sha256"":""db1cf21d054591711ba20834c83560a160d7a945517a819ab72bca013171e7c2""}]}",provisional_candidates
paper-561d3429850cabb7:issue:provisional_candidates:3,paper-561d3429850cabb7,provisional_extraction_gap,6,"{""code"":""systematic_name_unresolved"",""paper_label"":""6"",""source_id"":""archive-001"",""source_name"":""methyl 16α,17-dihydroxy-15-oxo-ent-kauran-19-oate"",""source_references"":[{""locator"":""Compound 6 chemical-name heading and associated source section"",""page_number"":51,""paper_id"":""paper-561d3429850cabb7"",""source_id"":""archive-001"",""source_path"":""papers/paper-561d3429850cabb7/supporting_information/si-001.pdf"",""source_sha256"":""db1cf21d054591711ba20834c83560a160d7a945517a819ab72bca013171e7c2""}]}",provisional_candidates
paper-561d3429850cabb7:issue:route_dataset:15-er-sign,paper-561d3429850cabb7,source_conflict,15,"Scheme writes er=89.6%, HPLC says 89.6:10.4; text calls (-)-15 while measured rotation listed +98.3. Use er ratio and source drawing, not sign-inferred absolute configuration.",route_dataset
paper-561d3429850cabb7:issue:route_dataset:5-heading,paper-561d3429850cabb7,source_conflict,5,"SI p52 heading/prose erroneously call final hydrolysis an epoxide/compound4. Diagram, formula and characterization identify keto-diol acid5; no Na+ included in neutral acid recovered after acidic workup.",route_dataset
paper-561d3429850cabb7:issue:route_dataset:6-HRMS,paper-561d3429850cabb7,source_conflict,6,SI p52 labels [M+Na]+ for C21H33NaO5 at365.2323; formula/mass inconsistent. Neutral C21H32O5 topology from source is retained; no erroneous formula enforced.,route_dataset
paper-561d3429850cabb7:issue:route_dataset:S8-rotation,paper-561d3429850cabb7,source_conflict,S8,"No asymmetric reagent before S9-catalyzed step, yet S8 rotation and single-wedge depiction are supplied. S8 retained with unknown stereochemistry.",route_dataset
paper-561d3429850cabb7:issue:route_dataset:boundaries,paper-561d3429850cabb7,representation_boundary,S5/S7,Known fragment origins not reproduced before Scheme S1. Source supplies the subsequent preparation network.,route_dataset
paper-561d3429850cabb7:issue:route_dataset:chair-center,paper-561d3429850cabb7,representation_boundary,S21/S22/S25/28/29,C3 hydroxyl/thiocarbonyl relative configuration is not asserted from ambiguous chair bonds; requires independent review.,route_dataset
paper-561d3429850cabb7:issue:route_dataset:conditions,paper-561d3429850cabb7,source_conflict,S8/15/S2,"Scheme vs experimental temperatures/solvents differ: S8 alkylation60 vs50C, 15 cyclization MeCN50 vsDMSO40C, S2 displacement80 vs50C. Experimental conditions retained.",route_dataset
paper-561d3429850cabb7:issue:route_dataset:epoxide-conflict,paper-561d3429850cabb7,representation_boundary,4/28/29/30/31,"SI comparison Table S3 calls 4 ent-15beta,16beta-epoxide, but procedures call alpha,alpha. Source p50 draws 30 epoxide opposite to p49. C15/C16 epoxide stereo and 31 C15 are unresolved; not complete stereo training records.",route_dataset
paper-561d3429850cabb7:issue:route_dataset:independent-review,paper-561d3429850cabb7,review_pending,all,Source-bound facts require independent chemist review.,route_dataset
paper-561d3429850cabb7:issue:route_dataset:source-typos,paper-561d3429850cabb7,source_conflict,13/31,p31 calls S18 feed16; p50 calls epoxide30 feed31. Diagrams resolve identifiers.,route_dataset
paper-59ea1b0b856fb5d7:issue:route_dataset:alkene-ratio,paper-59ea1b0b856fb5d7,source_conflict,24-dehydration,Scheme3.3:1 vs narrative3.1:1 trisubstituted/tetrasubstituted.71%scope not allocated to individual regioisomers.,route_dataset
paper-59ea1b0b856fb5d7:issue:route_dataset:coverage,paper-59ea1b0b856fb5d7,coverage_gap,14/20/27/29,Upstream feed preparations and unnamed side products/derivatives referenced in absent SI. Main schemes covered only; not commercial-start complete.,route_dataset
paper-59ea1b0b856fb5d7:issue:route_dataset:independent-review,paper-59ea1b0b856fb5d7,review_pending,all,Source-bound facts require independent chemist review.,route_dataset
paper-59ea1b0b856fb5d7:issue:route_dataset:sidechain-controls,paper-59ea1b0b856fb5d7,representation_limit,26/original-polyols,Four original-route isomers cannot be unambiguously assigned by source NMR; individual22-45%two-step yields only in missing SI. No individual values invented.,route_dataset
paper-59ea1b0b856fb5d7:issue:route_dataset:yield-24,paper-59ea1b0b856fb5d7,source_conflict,24,Scheme84%over2steps; footnote98%silylation and86%hydrogenation. Preserve84%sequence without inventing undrawn protected intermediate.,route_dataset
paper-5adb96be45d961bc:issue:route_dataset:failed-decarboxylation,paper-5adb96be45d961bc,scope,12,The intended decarboxylation failed; no product edge is created.,route_dataset
paper-5adb96be45d961bc:issue:route_dataset:independent-review,paper-5adb96be45d961bc,review_pending,all,Source-bound candidate transcription; independent chemist review remains pending.,route_dataset
paper-5adb96be45d961bc:issue:route_dataset:known-start,paper-5adb96be45d961bc,scope,8,Scheme 2 cites a four-step 50% literature sequence from 9; detailed intermediate identities are unavailable here.,route_dataset
paper-5adb96be45d961bc:issue:route_dataset:mixture,paper-5adb96be45d961bc,representation,13b / 6a,Only source-assigned stereocenters retained; mixture yield is not assigned to hypothetical individual isomers.,route_dataset
paper-5c1b0ced6dd085a6:issue:route_dataset:independent-review,paper-5c1b0ced6dd085a6,review_pending,all,Source-bound facts require independent chemist review.,route_dataset
paper-5c1b0ced6dd085a6:issue:route_dataset:mixture,paper-5c1b0ced6dd085a6,representation_boundary,E04,55% belongs to inseparable 16S-15/16 mixture.,route_dataset
paper-5c1b0ced6dd085a6:issue:route_dataset:upstream-aldehyde,paper-5c1b0ced6dd085a6,representation_boundary,15R-8,SI provides Grignard conditions but no precursor structure; main article required.,route_dataset
paper-5ffc2379ff4366f0:issue:route_dataset:coverage,paper-5ffc2379ff4366f0,coverage_gap,undrawn intermediates,"No individual molecular nodes invented for compounds unshown between fragment endpoints; operations and their step-specific yields retained. SI unavailable, including optimization TableS3.",route_dataset
paper-5ffc2379ff4366f0:issue:route_dataset:final-yield,paper-5ffc2379ff4366f0,source_conflict,iso-gladiolin-Me,5%isolated yield spans two deprotection steps fromABCD;91%is crude combined acetonide mixture and is not individual product yield.,route_dataset
paper-5ffc2379ff4366f0:issue:route_dataset:independent-review,paper-5ffc2379ff4366f0,review_pending,all,Source-bound facts require independent chemist review.,route_dataset
paper-5ffc2379ff4366f0:issue:route_dataset:unmodeled-controls,paper-5ffc2379ff4366f0,coverage_gap,B(Epin)/ring-opening,"Text mentions abandoned B(Epin) derivative, free hydroxy acid and TBAF ring-opening without displayed product structures; retained as unresolved, not invented.",route_dataset
paper-64cf72c50cdd94d5:issue:route_dataset:coverage,paper-64cf72c50cdd94d5,coverage_gap,paper,"Main article unavailable locally. This dataset covers SI section 2 preparative networks, not section 3 optimization tables or section 4/5 unsuccessful schemes.",route_dataset
paper-64cf72c50cdd94d5:issue:route_dataset:cyclization-label,paper-64cf72c50cdd94d5,source_conflict,E25,Individual cyclization drawing labels the aldehyde 22 and procedure names starting 23; overview and the aldehyde graph identify 4. Products are 23a/23a-prime.,route_dataset
paper-64cf72c50cdd94d5:issue:route_dataset:cyclization-yield,paper-64cf72c50cdd94d5,source_conflict,E25,"Overview reports 48%; individual drawing reports 45%, and procedure gives 25% plus 20%. Individual reported yields retained.",route_dataset
paper-64cf72c50cdd94d5:issue:route_dataset:desilylation-yield,paper-64cf72c50cdd94d5,source_conflict,E17,Scheme reports greater than 90%; procedure reports 80% and an inconsistent isolated mass. Dataset retains the procedure percentage without recomputing it.,route_dataset
paper-64cf72c50cdd94d5:issue:route_dataset:diol-label,paper-64cf72c50cdd94d5,source_conflict,5/7,Diol is labeled 5 in its preparation and 7 in the next two preparations. Native graphs match exactly; record 5 retains alias 7 without inventing a conversion.,route_dataset
paper-64cf72c50cdd94d5:issue:route_dataset:hrms23,paper-64cf72c50cdd94d5,representation_boundary,23a/23ap,One HRMS spectrum measured the diastereomeric mixture. Formula agreement is not two independent stereoisomer confirmations.,route_dataset
paper-64cf72c50cdd94d5:issue:route_dataset:missing-internals,paper-64cf72c50cdd94d5,representation_boundary,E02/E05/E15,Multi-stage preparations without internal source drawings remain grouped. No intermediate SMILES or numerical yield is inferred.,route_dataset
paper-64cf72c50cdd94d5:issue:route_dataset:mixture-substrates,paper-64cf72c50cdd94d5,representation_boundary,E14/E19/E26,"Each experiment uses a diastereomeric mixture, not coupling between the two listed molecules. Both source-drawn structures are retained in a single preparation event.",route_dataset
paper-64cf72c50cdd94d5:issue:route_dataset:racemization18,paper-64cf72c50cdd94d5,stereo_uncertainty,18,TBDMS branch product 18 is reported partially racemized. Drawing depicts the positive enantiomer but is not an assertion of pure sample; ee is not calculated from optical rotation.,route_dataset
paper-64cf72c50cdd94d5:issue:route_dataset:recovered-s3,paper-64cf72c50cdd94d5,representation_boundary,E04,Recovered s3 at 41% is stored separately from the main iodination/deprotection path. The bracketed iodinated intermediate is drawn and retained as an operation endpoint.,route_dataset
paper-64cf72c50cdd94d5:issue:route_dataset:screening-vs-preparation,paper-64cf72c50cdd94d5,representation_boundary,E23,Small-scale optimization yields up to 83% are not substituted for the reported 70% preparative yield.,route_dataset
paper-64cf72c50cdd94d5:issue:route_dataset:six-mass,paper-64cf72c50cdd94d5,source_conflict,6,Several procedures use a mass/mmol pair for 6 inconsistent with its acetylated molecular formula. Native drawing and HRMS establish the recorded graph; no stoichiometric correction is inferred.,route_dataset
paper-64cf72c50cdd94d5:issue:route_dataset:two-stage17,paper-64cf72c50cdd94d5,representation_boundary,E18,16% and 11% yields refer to the two-stage sequence from 16. Unnumbered aldehyde was isolated at 67% in the text but not drawn; no new intermediate graph is invented.,route_dataset
paper-65486c490d434d36:issue:route_dataset:independent-review,paper-65486c490d434d36,review_pending,all,Source-bound facts require independent chemist review.,route_dataset
paper-65486c490d434d36:issue:route_dataset:missing-starts,paper-65486c490d434d36,representation_boundary,E01,Drawings of aldehyde 3 and phosphonate 4 require main article; not inferred.,route_dataset
paper-65486c490d434d36:issue:route_dataset:quantity-conflicts,paper-65486c490d434d36,source_conflict,E02/E05/E07,"SI p3: 78.3 mg of 5 called 0.105 mmol, inconsistent with formula; p5: 75.9 mg of 9 from 36.0 mg of 8 at 79%; p7: A-HCl 7.9 mg from 6.7 mg free A called 78%. Reported yields retained, quantities not repaired.",route_dataset
paper-65486c490d434d36:issue:route_dataset:reassignment,paper-65486c490d434d36,representation_boundary,1/2,"CIP descriptors belong to revised structures. B is ring-expanded constitution, not merely epimerized A.",route_dataset
paper-6a63c9306e309ac6:issue:provisional_candidates:1,paper-6a63c9306e309ac6,provisional_extraction_gap,2,"{""code"":""systematic_name_unresolved"",""paper_label"":""2"",""source_id"":""archive-001"",""source_name"":""(+)-Pleuromutilin (1), a diterpene antibiotic, was ﬁrst isolated from the 8-membered ring was generated by a Grob fragmentation12. In 2013 fungus Clitopilus passeckerianus in 1951 (Fig. 1)1. (+)-Pleuromutilin and 2018, Procter’s group13,14 and Reisman’s group15 independently exerts its mechanism of action by selectively binding to the highly utilized a SmI2-mediated cyclization to establish the 8-membered conserved peptidyl transferase center of bacterial ribosomes2. Thus, ring via the formation of C5 −C14 bond, respectively. In 2017, Herthe resistance to 1 is slow to develop, and it displays minimal cross- zon’s group creatively employed a nickel-catalyzed reductive cycliresistance with existing antibiotics. So far, four semisynthetic deriva- zation to assemble the 8-membered ring by the formation of tives of 1 have been approved by the FDA3–5. (+)-Mutilin"",""source_references"":[{""locator"":""Compound 2 chemical-name heading and associated source section"",""page_number"":1,""paper_id"":""paper-6a63c9306e309ac6"",""source_id"":""archive-001"",""source_path"":""papers/paper-6a63c9306e309ac6/article/main.pdf"",""source_sha256"":""faca389ec535ed600e386e1f5bb8dd26d5c2246673068c14f59317c546e4ad19""}]}",provisional_candidates
paper-6a63c9306e309ac6:issue:provisional_candidates:2,paper-6a63c9306e309ac6,provisional_extraction_gap,2,"{""code"":""systematic_name_unresolved"",""paper_label"":""2"",""source_id"":""archive-001"",""source_name"":""epi-6 as the sole product in 70% yield, whose structure was conﬁrmed titanocene-mediated addition of 3-bromo-2-methylpropene to aldeby X-ray crystallography analysis. Unfortunately, the C10 stereocenter hyde 17 was conducted16–18. Gratefully, the desired diastereomer 18 of 6 was not the desired conﬁguration. Two possible transition states, was formed with 10:1 stereoselectivity. TS-3 and TS-4, could be considered (Fig. 5)36,37. Because of the sig- Removalof the acetyl group of 18 with Me3SnOH provided alcohol niﬁcant steric hindrance of the C10 methyl group in TS-4, the less 1940, and the structures of compounds 18 and 19 have been unamhindered TS-3 should be favored, allowing the formation of the biguously conﬁrmed by X-ray crystallography analysis. Subsequently, undesired C10-epi-6. compound 19 underwent intermolecular oleﬁn metathesis with cis-1,4-diacetoxy-2-butene to furnish compound 2041,42. The C11 primary Total synthesis of (+)-pleuromutilin (1), (+)-mutilin"",""source_references"":[{""locator"":""Compound 2 chemical-name heading and associated source section"",""page_number"":3,""paper_id"":""paper-6a63c9306e309ac6"",""source_id"":""archive-001"",""source_path"":""papers/paper-6a63c9306e309ac6/article/main.pdf"",""source_sha256"":""faca389ec535ed600e386e1f5bb8dd26d5c2246673068c14f59317c546e4ad19""}]}",provisional_candidates
paper-6a63c9306e309ac6:issue:route_dataset:PL-HRMS,paper-6a63c9306e309ac6,source_conflict,"S1,1",SI14 sodium formula prints one excessH; SI30 pleuromutilin negative-ion formula C22H32O5 should C22H33O5 for reported377.2333. Neutral source target C22H34O5 retained.,route_dataset
paper-6a63c9306e309ac6:issue:route_dataset:PL-MECH,paper-6a63c9306e309ac6,representation_boundary,"biosynthesis,transition states",Historical biosynthesis and proposed TS structures are not isolated route intermediates. SI optimization failed-condition tables are reviewed but not each entered as a synthetic step.,route_dataset
paper-6a63c9306e309ac6:issue:route_dataset:PL-MIX,paper-6a63c9306e309ac6,representation_boundary,"11,15,18",Combined mixture yields preserved; source-namedC5/C10epimers represented; undrawn minorC14product not fabricated.,route_dataset
paper-6a63c9306e309ac6:issue:route_dataset:PL-REF,paper-6a63c9306e309ac6,review_pending,absolute scaffold,PubChem CID9886081 isomeric SMILES used only to anchor source-drawn absolute natural scaffold by exact graph isomorphism. Core retention and explicit epimer differences checked against source diagrams; early diol exceptions left unassigned.,route_dataset
paper-6a63c9306e309ac6:issue:route_dataset:PL-STEREO,paper-6a63c9306e309ac6,review_pending,"13,14",C3 alcohol and C4 alpha-hydroxyketone perspective configurations require independent stereochemical review.,route_dataset
paper-6a63c9306e309ac6:issue:route_dataset:PL-YIELD-20,paper-6a63c9306e309ac6,source_conflict,20,"Main57%(95%brsm); SI24 initial52%, cumulative75%after two recovery/recycle rounds. Values kept at distinct scope.",route_dataset
paper-6a63c9306e309ac6:issue:route_dataset:PL-YIELD-S1,paper-6a63c9306e309ac6,source_conflict,S1,SI14 scheme77%dr3:1 versus prose57%; prose retained.,route_dataset
paper-6a63c9306e309ac6:issue:route_dataset:independent-review,paper-6a63c9306e309ac6,review_pending,all,Source-bound facts require independent chemist review.,route_dataset
paper-6f84dc000b1334a0:issue:route_dataset:C11-assignment,paper-6f84dc000b1334a0,representation_boundary,"1a,1b",Main assigns natural C11 R through synthetic epimer comparison; independent source-truth admission is pending.,route_dataset
paper-6f84dc000b1334a0:issue:route_dataset:HSQC-calibration,paper-6f84dc000b1334a0,source_conflict,natural comparison,SI p4 states natural 13C values were reconstructed from HSQC and recalibrated; the comparison is not an independently measured natural-product 13C spectrum.,route_dataset
paper-6f84dc000b1334a0:issue:route_dataset:acetal-stereo,paper-6f84dc000b1334a0,review_pending,"9a,9b",New benzylidene acetal center remains unspecified until independent chair-projection verification.,route_dataset
paper-6f84dc000b1334a0:issue:route_dataset:independent-review,paper-6f84dc000b1334a0,review_pending,all,Source-bound facts require independent chemist review.,route_dataset
paper-6f84dc000b1334a0:issue:route_dataset:yield-scope,paper-6f84dc000b1334a0,source_conflict,E09-E12,SI describes crude 7a/7b and reports 94%/88% two-step yields; main draws separate 97/97% and 99/88% step yields. SI scope retained.,route_dataset
paper-6fb246fd524d3d54:issue:provisional_candidates:1,paper-6fb246fd524d3d54,provisional_extraction_gap,13,"{""code"":""systematic_name_unresolved"",""paper_label"":""13"",""source_id"":""archive-001"",""source_name"":""afford 1. Given the potential reversibility of the aldol condensed by using EDC·HCl and 4-DMAP to afford ester cyclization in constructing a highly strained ring system,33 we 19 in 92% yield. This compound was subjected to a modified envisioned a radical cyclization strategy (Figure 2B) that Fowler protocol47 (CbzCl, KBH4) for pyridine reduction, and retains the key bond-forming site while adopting a synthetically 1,2-dihydropyridine 20 was obtained smoothly. Selective pubs.​acs.​org/​jacsat/​article-pdf/​148/​26/​27023/​65230127/​jacs.​6c02105.​pdf more viable reaction mode. A tertiary radical intermediate (10) formation of the (E)-enol ether (LiHMDS, TMSCl),48 by arising from precursor 11 might cyclize to provide compound followed by in situ Ireland−Claisen rearrangement, gave 12, which could then undergo indole C3-alkylation to form the carboxylic acid 21 as a single detectable diastereoisomer inscholarisine A core"",""source_references"":[{""locator"":""Compound 13 chemical-name heading and associated source section"",""page_number"":2,""paper_id"":""paper-6fb246fd524d3d54"",""source_id"":""archive-001"",""source_path"":""papers/paper-6fb246fd524d3d54/article/main.pdf"",""source_sha256"":""03b2c207c99ddef89c80be6b552995cf0485ef2b39a6090f74303f89d299b6ac""}]}",provisional_candidates
paper-6fb246fd524d3d54:issue:route_dataset:SCH-01,paper-6fb246fd524d3d54,review_pending,stereochemical review,"Source S25/R25 names, Z ethylidene and E enol ether encoded; sulfoxide24/26 absolute sulfur descriptors await transcription. Projected cage stereochemistry remains pending independent chemical review.",route_dataset
paper-6fb246fd524d3d54:issue:route_dataset:SCH-02,paper-6fb246fd524d3d54,representation_boundary,preparation boundaries,"25 preparation cited elsewhere; no upstream invented. CCDC derivative of22 drawn only as ORTEP not a stated preparation, not added. Proposed intermediates5–16 excluded.",route_dataset
paper-6fb246fd524d3d54:issue:route_dataset:SCH-03,paper-6fb246fd524d3d54,review_pending,risk assessment,"Reviewed main biological effect is impaired lysosomal acidification/autophagy, not a reported lethal-dose or potent cytotoxic endpoint. No specific high-toxicity target evidence found in reviewed source.",route_dataset
paper-6fb246fd524d3d54:issue:route_dataset:independent-review,paper-6fb246fd524d3d54,review_pending,all,Source-bound facts require independent chemist review.,route_dataset
paper-6ff9a985e64e1b0e:issue:provisional_candidates:1,paper-6ff9a985e64e1b0e,provisional_extraction_gap,8,"{""code"":""systematic_name_unresolved"",""paper_label"":""8"",""source_id"":""archive-001"",""source_name"":""AND DISCUSSION ■RESULTS Our synthetic plan for scytonemin is disclosed in Scheme 1. TSINGHUA Scytonemin (1) was obtained from ketone 3 by oxidation and UNIV deprotection. The triisopropylsilyl group (TIPS) was emuser ployed as the protective group of phenols to remove in the on final step under mild conditions.8 Ketone 3 might be afforded 01 by oxidative coupling of monomer 4. The tricyclic structure of monomer 4 could be constructed by the intramolecularFigure 1. Structure of scytonemin (1) and reduced scytonemin (2). Mannich reaction9 via iminium 5, which would be generated September from aminal 6. Aminal 6 might be synthesized by coupling 2026 between isatin (7) and 4-(4-triisopropylsiloxyphenyl)butan-2-1993, structures of scytonemin (1) and reduced scytonemin one"",""source_references"":[{""locator"":""Compound 8 chemical-name heading and associated source section"",""page_number"":1,""paper_id"":""paper-6ff9a985e64e1b0e"",""source_id"":""archive-001"",""source_path"":""papers/paper-6ff9a985e64e1b0e/article/main.pdf"",""source_sha256"":""b00fdfc1724e0509d7637ed5983e5430b629783dd239828ac82f40a137ad33ec""}]}",provisional_candidates
paper-6ff9a985e64e1b0e:issue:route_dataset:independent-review,paper-6ff9a985e64e1b0e,review_pending,all,Source-bound candidate transcription; independent chemist review remains pending.,route_dataset
paper-6ff9a985e64e1b0e:issue:route_dataset:mass14,paper-6ff9a985e64e1b0e,source_conflict,14,SI low-MS line repeats S1 formula/mass and notes ionization degradation; not used as molecular identity.,route_dataset
paper-6ff9a985e64e1b0e:issue:route_dataset:stereo,paper-6ff9a985e64e1b0e,representation,12/15,Relative stereochemistry of dimer mixtures was not assigned by the source.,route_dataset
paper-6ff9a985e64e1b0e:issue:route_dataset:yield-conflicts,paper-6ff9a985e64e1b0e,source_conflict,10/16/1,"Main scheme reports quantitative/71%/quantitative, whereas corresponding SI isolations give 95%/72%/88%; SI values used.",route_dataset
paper-715f9106f76c8961:issue:provisional_candidates:1,paper-715f9106f76c8961,provisional_extraction_gap,1,"{""code"":""systematic_name_unresolved"",""paper_label"":""1"",""source_id"":""archive-001"",""source_name"":""oxidation14 of the methyl group using SeO2 should thenprovide ascidiathiazone A (1), while an additional base- pubs.​acs.​org/​joceah/​article-pdf/​91/​27/​9358/​65245908/​acs.​joc.​6c00749.​pdf catalyzed air oxidation of the [3,2-g] sulfone would give Figure 2. XRD structure of (A) 7-chloroethylamino-QQ 3 and (B) 6- by ascidiathiazone B (2). Formation of the carboxylic acid chloroethylamino-QQ 4. functionality at a late stage in the synthesis was envisionedto avoid the need to protect this group, since a free carboxylic sodium sulfide then gave the primary thiols that underwent in TSINGHUA acid could complicate the synthesis.7,15,16 Chlorides 3 and 4 situ cyclization to form tricyclic quinones 7 and 8, respectively. UNIV could, in turn, be synthesized from dichloroquinone 5, which is Both could be isolated as purple crystalline products. user readily accessible via oxidation of commercially available 8- To prepare ascidiathiazone A"",""source_references"":[{""locator"":""Compound 1 chemical-name heading and associated source section"",""page_number"":2,""paper_id"":""paper-715f9106f76c8961"",""source_id"":""archive-001"",""source_path"":""papers/paper-715f9106f76c8961/article/main.pdf"",""source_sha256"":""785478d5dfb6070e70d6f0370fcf60dbb844abc8ae21e0ae6e695c8a538a41fc""}]}",provisional_candidates
paper-715f9106f76c8961:issue:provisional_candidates:2,paper-715f9106f76c8961,provisional_extraction_gap,19,"{""code"":""systematic_name_unresolved"",""paper_label"":""19"",""source_id"":""archive-001"",""source_name"":""provided single crystals for XRD analysis (Figure 4A), which tuberculosis mc26230. The first-line TB drug isoniazid (MIC = provided unequivocal proof of its structure. 0.2 μM) was used as a positive control. First, the effect of the oxidation state of sulfur on the antimicrobial activity of the [2,3-g] ascidiathiazone analogues was analyzed (Table 1, entries 1−7). For the carboxyfunctionalized derivatives, the presence of a sulfone increased growth inhibition compared to the corresponding sulfoxide or sulfide, as evidenced in the remarkably low MIC of ascidiathiazone A (1, MIC = 1.6 μM, entry 1) compared to pubs.​acs.​org/​joceah/​article-pdf/​91/​27/​9358/​65245908/​acs.​joc.​6c00749.​pdf sulfoxide 12 and sulfide 11 (MIC = 100 μM, entries 2 and 3, by Figure 4. XRD structure of (A) ascidiathiazone B (2) and (B) respectively). The oxidation state of sulfur also affected the dihydro-ascidiathiazone B"",""source_references"":[{""locator"":""Compound 19 chemical-name heading and associated source section"",""page_number"":4,""paper_id"":""paper-715f9106f76c8961"",""source_id"":""archive-001"",""source_path"":""papers/paper-715f9106f76c8961/article/main.pdf"",""source_sha256"":""785478d5dfb6070e70d6f0370fcf60dbb844abc8ae21e0ae6e695c8a538a41fc""}]}",provisional_candidates
paper-715f9106f76c8961:issue:provisional_candidates:3,paper-715f9106f76c8961,provisional_extraction_gap,C3,"{""code"":""systematic_name_unresolved"",""paper_label"":""C3"",""source_id"":""archive-001"",""source_name"":""6,7-Dichloro-2-methyl-5,8-quinolinequinone (5) (MeOH) λmax (log ε): 553 nm (3.42); IR (υmaz): 3358, 1676, 1620, 1592, 1574, 1547, 1488, 1204, 1153, 1119, 816, 733, 538, 468, 413In a round-bottomed flask, 8-hydroxy-2-methyl-quinoline (14.5 g, cm−1; 1H NMR (500 MHz, CDCl3) δ ppm 8.22 (d, J8,9 = 7.7 Hz, 1H,0.09 mol) was dissolved in conc. HCl (600 mL) and the reaction H9), 7.41 (d, J8,9 = 7.9 Hz, 1H, H8), 6.17 (br. s, 1H, NH), 3.79 (t, J2,3warmed to 40 °C. Sodium chlorate (48.5 g, 0.45 mol, 5 equiv) was = 4.3 Hz, 2H, H3), 3.01 (q, J2,3 = 4.1 Hz, 2H, H2), 2.69 (s, 3H, CH3);then slowly added to the reaction mixture over 1 h, after which time 13C{1H} NMR (125 MHz, CDCl3) δ ppm 178.6 (C5), 176.6 (C10),the reaction was stirred at room temperature for an additional 2 h. 163.1 (C7), 146.3 (C5a), 141.3 (C4a), 134.3 (C9), 128.4 (C9a),The solution was then diluted to 1 L with H2O and the white precipitate filtered, the filtrate extracted with CH2Cl2 (6 × 250 mL) 127.8 (C8), 111.1 (C10a), 42.0"",""source_references"":[{""locator"":""Compound C3 chemical-name heading and associated source section"",""page_number"":7,""paper_id"":""paper-715f9106f76c8961"",""source_id"":""archive-001"",""source_path"":""papers/paper-715f9106f76c8961/article/main.pdf"",""source_sha256"":""785478d5dfb6070e70d6f0370fcf60dbb844abc8ae21e0ae6e695c8a538a41fc""}]}",provisional_candidates
paper-715f9106f76c8961:issue:provisional_candidates:4,paper-715f9106f76c8961,provisional_extraction_gap,8,"{""code"":""systematic_name_unresolved"",""paper_label"":""8"",""source_id"":""archive-001"",""source_name"":""DMSO-d6) δ ppm 8.34 (d, J8,9 = 8.0 Hz, 1H, H9), 8.27 (d, J8,9 = 8.0 H3), 6.60 (d, J2,3 = 8.9 Hz, 1H, H2); 13C{1H} NMR (150 MHz, Hz, 1H, H8), 8.15 (br. s, 1H, NH), 3.66−3.63 (m, 2H, H3), 2.99− pyridine-d5) δ ppm 178.2 (C10), 176.2 (C5), 165.9 (CO2H), 153.4 2.97 (m, 2H, H2); 13C{1H} NMR (125 MHz, DMSO-d6) δ ppm (C7), 146.9 (C5a), 142.1 (C4a), 136.2 (C9), 131.1 (C3), 130.8 176.7 (C5), 175.8 (C10), 165.8 (CO2H), 151.0 (C7), 147.0 (C5a), (C9a), 129.3 (C8), 115.8 (C10a), 112.5 (C2); HRMS (ESI-TOF) m/ 143.7 (C4a), 134.9 (C9), 132.3 (C9a), 129.0 (C8), 109.2 (C10a), z: [M - H]−Calcd for C12H5N2O6S 304.9874; Found 304.9878. The 42.2 (C3), 23.1 (C2); HRMS (ESI-TOF) m/z: [M + H]+ Calcd for data obtained for this compound matched those reported in C12H9N2O4S 277.0278; Found 277.0277, and [M - H]−Calcd for literature.7 C12H7N2O4S 275.0132; Found 275.0135. 8-Methyl-2,3-dihydro-4H-[1,4]thiazino[3,2-g]-1-Oxo-2,3-dihydro-4H-[1,4]thiazino[2,3-g]- quinoline-5,10-dione"",""source_references"":[{""locator"":""Compound 8 chemical-name heading and associated source section"",""page_number"":8,""paper_id"":""paper-715f9106f76c8961"",""source_id"":""archive-001"",""source_path"":""papers/paper-715f9106f76c8961/article/main.pdf"",""source_sha256"":""785478d5dfb6070e70d6f0370fcf60dbb844abc8ae21e0ae6e695c8a538a41fc""}]}",provisional_candidates
paper-715f9106f76c8961:issue:route_dataset:independent-review,paper-715f9106f76c8961,review_pending,all,Source-bound facts require independent chemist review.,route_dataset
paper-715f9106f76c8961:issue:route_dataset:restricted-scope,paper-715f9106f76c8961,coverage_boundary,all,"Chemical structure/network dataset only. No reagents, solvents, yield values, temperatures, times, procedural stages, microbiological assays, or pathogen cultivation protocols are part of this extraction.",route_dataset
paper-715f9106f76c8961:issue:route_dataset:source-copy,paper-715f9106f76c8961,source_classification,sources,"si-001.pdf is an11-page main article copy with different watermark. ActualSI is si-002.pdf (82 pages, NMR/crystallographic data); classification corrected without modifying source bytes.",route_dataset
paper-715f9106f76c8961:issue:route_dataset:sulfoxide-stereo,paper-715f9106f76c8961,stereochemistry_scope,9/12/14/18,"Perspective S=O marks in sulfoxide drawings have not been resolved to absolute sulfur configuration in this candidate. Sulfur stereochemistry is omitted, not certified absent from the source; no enantiopurity claim.",route_dataset
paper-74e49e9e3bf2071e:issue:provisional_candidates:1,paper-74e49e9e3bf2071e,provisional_extraction_gap,14,"{""code"":""systematic_name_unresolved"",""paper_label"":""14"",""source_id"":""archive-001"",""source_name"":""biomimetic approach, wherein an intramolecular Mitsunobu Scheme 2. (A) Preparation of Diene (13) and (B) reaction of hydroxamic acid intermediate 12 delivers an N- Construction of 1,2-Oxazine via Nitroso Diels-Alder (NDA) hydroxy-DKP (10), which was found to undergo stereo- Cycloaddition selective oxidation and ring closure to yield 1 (Scheme 1B).11 Based upon our long-standing interest in DKP-containing natural products,4,12−14 we sought to develop a synthesis of (+)-raistrickindole A (1), wherein stereocontrol could be relayed from a single asymmetric center. As illustrated in Scheme 1C, our synthetic design anticipated the formation of the 1,2-oxazine core via an intermolecular nitroso Diels−Alder (NDA) cycloaddition between conjugated indole 13 and a phenylalanine-derived acyl nitroso species"",""source_references"":[{""locator"":""Compound 14 chemical-name heading and associated source section"",""page_number"":2,""paper_id"":""paper-74e49e9e3bf2071e"",""source_id"":""archive-001"",""source_path"":""papers/paper-74e49e9e3bf2071e/article/main.pdf"",""source_sha256"":""7840a33208ffb4418ac2b0618634e2add81b250a89af87ad26dc3474d135f245""}]}",provisional_candidates
paper-74e49e9e3bf2071e:issue:route_dataset:Ns,paper-74e49e9e3bf2071e,review_pending,Ns,Conventional nosyl expansion requires SI confirmation.,route_dataset
paper-74e49e9e3bf2071e:issue:route_dataset:independent-review,paper-74e49e9e3bf2071e,review_pending,all,Source-bound facts require independent chemist review.,route_dataset
paper-7536ef37e89afbbd:issue:provisional_candidates:1,paper-7536ef37e89afbbd,provisional_extraction_gap,1,"{""code"":""systematic_name_unresolved"",""paper_label"":""1"",""source_id"":""archive-002"",""source_name"":""S1. Synthesis of 1,3-Dibehenate (7a): In a 100 mL round-bottom flask, 0.94 g of 95% behenic acid (2.64 mmol) was added. The reaction was performed under an inert atmosphere by supplying argon with a balloon and heated until complete melting of the reagent was achieved (80°C). Subsequently, 0.011 g (0.063 mmol) of iron (III) chloride hexahydrate and 1.05 µL of pyridine were added, and stirring was maintained for a couple of minutes. Finally, 1.00 g of glycidyl behenate (10a) (2.52 mmol) was added, while maintaining heating and the inert atmosphere. The reaction was kept heated for 48 hours. The reaction mixture was purified by column chromatography using a 90:6:4 system (Hexane: DCM: Ethyl acetate). Three fractions were obtained; In the first fraction, 0.59 g of product 7a was obtained, in the second fraction, 0.33 g of a mixture of products 7a - 7a´"",""source_references"":[{""locator"":""Compound 1 chemical-name heading and associated source section"",""page_number"":2,""paper_id"":""paper-7536ef37e89afbbd"",""source_id"":""archive-002"",""source_path"":""papers/paper-7536ef37e89afbbd/supporting_information/si-001.zip!/molecules-4204437-supplementary.pdf"",""source_sha256"":""aa974e3700122bf9b080d2e7802f4c5b980ea6a31866fa3c064cb629887f4388""}]}",provisional_candidates
paper-7536ef37e89afbbd:issue:provisional_candidates:10,paper-7536ef37e89afbbd,provisional_extraction_gap,15,"{""code"":""systematic_name_unresolved"",""paper_label"":""15"",""source_id"":""archive-002"",""source_name"":""S15. Synthesis of 1,3-Dibehenyl-2-cinnamyl glyceride"",""source_references"":[{""locator"":""Compound 15 chemical-name heading and associated source section"",""page_number"":7,""paper_id"":""paper-7536ef37e89afbbd"",""source_id"":""archive-002"",""source_path"":""papers/paper-7536ef37e89afbbd/supporting_information/si-001.zip!/molecules-4204437-supplementary.pdf"",""source_sha256"":""aa974e3700122bf9b080d2e7802f4c5b980ea6a31866fa3c064cb629887f4388""}]}",provisional_candidates
paper-7536ef37e89afbbd:issue:provisional_candidates:11,paper-7536ef37e89afbbd,provisional_extraction_gap,1,"{""code"":""systematic_name_unresolved"",""paper_label"":""1"",""source_id"":""archive-002"",""source_name"":""S17. Synthesis of 1,3-Dibehenyl-2-ferulyl glyceride"",""source_references"":[{""locator"":""Compound 1 chemical-name heading and associated source section"",""page_number"":8,""paper_id"":""paper-7536ef37e89afbbd"",""source_id"":""archive-002"",""source_path"":""papers/paper-7536ef37e89afbbd/supporting_information/si-001.zip!/molecules-4204437-supplementary.pdf"",""source_sha256"":""aa974e3700122bf9b080d2e7802f4c5b980ea6a31866fa3c064cb629887f4388""}]}",provisional_candidates
paper-7536ef37e89afbbd:issue:provisional_candidates:12,paper-7536ef37e89afbbd,provisional_extraction_gap,19,"{""code"":""systematic_name_unresolved"",""paper_label"":""19"",""source_id"":""archive-002"",""source_name"":""S16. Synthesis of 1,3-Dipalmityl-2-caffeoyl glyceride"",""source_references"":[{""locator"":""Compound 19 chemical-name heading and associated source section"",""page_number"":8,""paper_id"":""paper-7536ef37e89afbbd"",""source_id"":""archive-002"",""source_path"":""papers/paper-7536ef37e89afbbd/supporting_information/si-001.zip!/molecules-4204437-supplementary.pdf"",""source_sha256"":""aa974e3700122bf9b080d2e7802f4c5b980ea6a31866fa3c064cb629887f4388""}]}",provisional_candidates
paper-7536ef37e89afbbd:issue:provisional_candidates:2,paper-7536ef37e89afbbd,provisional_extraction_gap,16,"{""code"":""systematic_name_unresolved"",""paper_label"":""16"",""source_id"":""archive-002"",""source_name"":""S7. Synthesis of 1,3-Dipalmityl-2-(4-acetyl)ferulyl glyceride"",""source_references"":[{""locator"":""Compound 16 chemical-name heading and associated source section"",""page_number"":4,""paper_id"":""paper-7536ef37e89afbbd"",""source_id"":""archive-002"",""source_path"":""papers/paper-7536ef37e89afbbd/supporting_information/si-001.zip!/molecules-4204437-supplementary.pdf"",""source_sha256"":""aa974e3700122bf9b080d2e7802f4c5b980ea6a31866fa3c064cb629887f4388""}]}",provisional_candidates
paper-7536ef37e89afbbd:issue:provisional_candidates:3,paper-7536ef37e89afbbd,provisional_extraction_gap,18,"{""code"":""systematic_name_unresolved"",""paper_label"":""18"",""source_id"":""archive-002"",""source_name"":""S8. Synthesis of 1,3-Dipalmityl-2-(3,4-diacetyl)caffeoyl glyceride"",""source_references"":[{""locator"":""Compound 18 chemical-name heading and associated source section"",""page_number"":5,""paper_id"":""paper-7536ef37e89afbbd"",""source_id"":""archive-002"",""source_path"":""papers/paper-7536ef37e89afbbd/supporting_information/si-001.zip!/molecules-4204437-supplementary.pdf"",""source_sha256"":""aa974e3700122bf9b080d2e7802f4c5b980ea6a31866fa3c064cb629887f4388""}]}",provisional_candidates
paper-7536ef37e89afbbd:issue:provisional_candidates:4,paper-7536ef37e89afbbd,provisional_extraction_gap,20,"{""code"":""systematic_name_unresolved"",""paper_label"":""20"",""source_id"":""archive-002"",""source_name"":""S9. Synthesis of 1,3-Dipalmityl-2-cinnamyl glyceride"",""source_references"":[{""locator"":""Compound 20 chemical-name heading and associated source section"",""page_number"":5,""paper_id"":""paper-7536ef37e89afbbd"",""source_id"":""archive-002"",""source_path"":""papers/paper-7536ef37e89afbbd/supporting_information/si-001.zip!/molecules-4204437-supplementary.pdf"",""source_sha256"":""aa974e3700122bf9b080d2e7802f4c5b980ea6a31866fa3c064cb629887f4388""}]}",provisional_candidates
paper-7536ef37e89afbbd:issue:provisional_candidates:5,paper-7536ef37e89afbbd,provisional_extraction_gap,21,"{""code"":""systematic_name_unresolved"",""paper_label"":""21"",""source_id"":""archive-002"",""source_name"":""S10. Synthesis of 1,3-Dioleoyl-2-(4-acetyl)ferulyl glyceride"",""source_references"":[{""locator"":""Compound 21 chemical-name heading and associated source section"",""page_number"":5,""paper_id"":""paper-7536ef37e89afbbd"",""source_id"":""archive-002"",""source_path"":""papers/paper-7536ef37e89afbbd/supporting_information/si-001.zip!/molecules-4204437-supplementary.pdf"",""source_sha256"":""aa974e3700122bf9b080d2e7802f4c5b980ea6a31866fa3c064cb629887f4388""}]}",provisional_candidates
paper-7536ef37e89afbbd:issue:provisional_candidates:6,paper-7536ef37e89afbbd,provisional_extraction_gap,22,"{""code"":""systematic_name_unresolved"",""paper_label"":""22"",""source_id"":""archive-002"",""source_name"":""S11. Synthesis of 1,3-Dioleoyl-2-(3,4-diacetyl)caffeoyl glyceride"",""source_references"":[{""locator"":""Compound 22 chemical-name heading and associated source section"",""page_number"":6,""paper_id"":""paper-7536ef37e89afbbd"",""source_id"":""archive-002"",""source_path"":""papers/paper-7536ef37e89afbbd/supporting_information/si-001.zip!/molecules-4204437-supplementary.pdf"",""source_sha256"":""aa974e3700122bf9b080d2e7802f4c5b980ea6a31866fa3c064cb629887f4388""}]}",provisional_candidates
paper-7536ef37e89afbbd:issue:provisional_candidates:7,paper-7536ef37e89afbbd,provisional_extraction_gap,23,"{""code"":""systematic_name_unresolved"",""paper_label"":""23"",""source_id"":""archive-002"",""source_name"":""S12. Synthesis of 1,3-Dioleoyl-2-cinnamyl glyceride"",""source_references"":[{""locator"":""Compound 23 chemical-name heading and associated source section"",""page_number"":6,""paper_id"":""paper-7536ef37e89afbbd"",""source_id"":""archive-002"",""source_path"":""papers/paper-7536ef37e89afbbd/supporting_information/si-001.zip!/molecules-4204437-supplementary.pdf"",""source_sha256"":""aa974e3700122bf9b080d2e7802f4c5b980ea6a31866fa3c064cb629887f4388""}]}",provisional_candidates
paper-7536ef37e89afbbd:issue:provisional_candidates:8,paper-7536ef37e89afbbd,provisional_extraction_gap,12,"{""code"":""systematic_name_unresolved"",""paper_label"":""12"",""source_id"":""archive-002"",""source_name"":""S13. Synthesis of 1,3-Dibehenyl-2-(4-acetyl)ferulyl glyceride"",""source_references"":[{""locator"":""Compound 12 chemical-name heading and associated source section"",""page_number"":7,""paper_id"":""paper-7536ef37e89afbbd"",""source_id"":""archive-002"",""source_path"":""papers/paper-7536ef37e89afbbd/supporting_information/si-001.zip!/molecules-4204437-supplementary.pdf"",""source_sha256"":""aa974e3700122bf9b080d2e7802f4c5b980ea6a31866fa3c064cb629887f4388""}]}",provisional_candidates
paper-7536ef37e89afbbd:issue:provisional_candidates:9,paper-7536ef37e89afbbd,provisional_extraction_gap,14,"{""code"":""systematic_name_unresolved"",""paper_label"":""14"",""source_id"":""archive-002"",""source_name"":""S14. Synthesis of 1,3-Dibehenyl-2-(3,4-diacetyl)caffeoyl glyceride"",""source_references"":[{""locator"":""Compound 14 chemical-name heading and associated source section"",""page_number"":7,""paper_id"":""paper-7536ef37e89afbbd"",""source_id"":""archive-002"",""source_path"":""papers/paper-7536ef37e89afbbd/supporting_information/si-001.zip!/molecules-4204437-supplementary.pdf"",""source_sha256"":""aa974e3700122bf9b080d2e7802f4c5b980ea6a31866fa3c064cb629887f4388""}]}",provisional_candidates
paper-7536ef37e89afbbd:issue:route_dataset:I01,paper-7536ef37e89afbbd,source_conflict,10a/10c,DIAD omitted in abbreviated prose despite explicit similar-procedure reference to10b.10a isolated yield not given.,route_dataset
paper-7536ef37e89afbbd:issue:route_dataset:I02,paper-7536ef37e89afbbd,source_conflict,7b,"Reported71%total yield inconsistent with listed input scale and recovered fractions; retain as reported mixture yield, flagged.",route_dataset
paper-7536ef37e89afbbd:issue:route_dataset:I03,paper-7536ef37e89afbbd,source_conflict,1/7a/7c,"SI8 labels target m/z914 as[M+OH], whereas SI27 gives[M+H]. FormulaC57H100O8 has monoisotopic neutral mass912.742; source mixes average mass with nominal ion assignments.7a/7c [M-OH] annotations also inconsistent. Do not use these assignments as exact-mass validation.",route_dataset
paper-7536ef37e89afbbd:issue:route_dataset:I04,paper-7536ef37e89afbbd,source_gap,coverage,Main-text schemes unavailable; 8a/8b preparations and any failed deprotections/compound13 or17 are not inferred.,route_dataset
paper-7536ef37e89afbbd:issue:route_dataset:independent-review,paper-7536ef37e89afbbd,review_pending,all,Source-bound facts require independent chemist review.,route_dataset
paper-77c5a5f42c45c029:issue:provisional_candidates:1,paper-77c5a5f42c45c029,provisional_extraction_gap,1,"{""code"":""systematic_name_unresolved"",""paper_label"":""1"",""source_id"":""archive-001"",""source_name"":""methylated hepta-1,3,6-triene, and a β-hydroxy acid moiety. reagent. However, during later process scale-up the yield Coupling this scaffold with L-citrulline generates PM100618 decreased, and the use of isobutyl chloroformate in NMP (N-"",""source_references"":[{""locator"":""Compound 1 chemical-name heading and associated source section"",""page_number"":4,""paper_id"":""paper-77c5a5f42c45c029"",""source_id"":""archive-001"",""source_path"":""papers/paper-77c5a5f42c45c029/article/main.pdf"",""source_sha256"":""410981f05bf11a5d640c882e52e4da73d0b2d04357a3efea3a3b3faed6bbee63""}]}",provisional_candidates
paper-77c5a5f42c45c029:issue:route_dataset:hrms-typo,paper-77c5a5f42c45c029,source_conflict,"5,7",SI prints C5H8N7O3 beside m/z 130.0499; graph formula is C5H7NO3 neutral. Retain discrepancy rather than copying N7.,route_dataset
paper-77c5a5f42c45c029:issue:route_dataset:independent-review,paper-77c5a5f42c45c029,review_pending,all,Source-bound candidate transcription; independent chemist review remains pending.,route_dataset
paper-77cc3e5bcb3be4ba:issue:route_dataset:agent16,paper-77cc3e5bcb3be4ba,representation_gap,16,Propargylzinc bromide is identified from the source drawing; a unique solution species or canonical organometallic SMILES is not asserted.,route_dataset
paper-77cc3e5bcb3be4ba:issue:route_dataset:bpin,paper-77cc3e5bcb3be4ba,converter_error,20 and final boronate,Unspecified Bpin nodes were converted as carbon by native parsers; pinacol boronate graphs were transcribed from the source drawings.,route_dataset
paper-77cc3e5bcb3be4ba:issue:route_dataset:hrms29,paper-77cc3e5bcb3be4ba,source_conflict,29,SI writes [M+H]+ but gives a sodium-containing formula and sodium-adduct mass. Both claims are preserved; structure matches the sodium formula.,route_dataset
paper-77cc3e5bcb3be4ba:issue:route_dataset:mechanism,paper-77cc3e5bcb3be4ba,scope,30,"Bracketed epoxide 30 is a source-proposed intermediate in 10-to-31, not an independently isolated reaction or additional measured yield.",route_dataset
paper-77cc3e5bcb3be4ba:issue:route_dataset:native-roles,paper-77cc3e5bcb3be4ba,source_annotation,native ReactionStep,Raw native associations incorrectly include annotation-only nodes and reagents as products. Curated endpoints were checked against source images and experimental sections.,route_dataset
paper-77cc3e5bcb3be4ba:issue:route_dataset:reference15,paper-77cc3e5bcb3be4ba,source_attribution,S1-to-15,SI attributes preparation of commercial substrate 15 to reference 1; do not count this as newly established methodology in this article.,route_dataset
paper-77cc3e5bcb3be4ba:issue:route_dataset:scope,paper-77cc3e5bcb3be4ba,coverage,main_article,"Only SI is archived. This is a complete transcription of the selected SI preparation network, not verified full-article coverage.",route_dataset
paper-77cc3e5bcb3be4ba:issue:route_dataset:solvent29,paper-77cc3e5bcb3be4ba,source_conflict,27-to-29,Scheme writes MeOH; experimental paragraph specifies EtOH/toluene. No silent normalization to either condition.,route_dataset
paper-77cc3e5bcb3be4ba:issue:route_dataset:triflate,paper-77cc3e5bcb3be4ba,converter_error,19,Spurious square-planar sulfonyl sulfur stereo removed by source-figure transcription; carbon stereochemistry retained.,route_dataset
paper-77fd7065d0ee2310:issue:route_dataset:er-scope,paper-77fd7065d0ee2310,representation,1a/1b,Crude e.r. 59:41/64:36 changes to 54:46/62:38 after purification. Mixture yields are not assigned to either pure enantiomer.,route_dataset
paper-77fd7065d0ee2310:issue:route_dataset:independent-review,paper-77fd7065d0ee2310,review_pending,all,Source-bound candidate transcription; independent chemist review remains pending.,route_dataset
paper-7cb3eccb7d7bacf1:issue:provisional_candidates:1,paper-7cb3eccb7d7bacf1,provisional_extraction_gap,12,"{""code"":""systematic_name_unresolved"",""paper_label"":""12"",""source_id"":""archive-001"",""source_name"":""NaHCO3 solution (70 mL), followed by brine (50 mL). The organic 72.4, 72.3, 69.3, 65.1, 19.0, 18.9. HRMS (ESI): m/z [M + Na]+ Calcd phase was dried over anhydrous Na2SO4, filtered, and concentrated for C10H14NaO6: 253.0688; found, 253.0684. under reduced pressure. The crude residue was purified by flash Ethyl (S,Z)-4-(Allyloxy)-4-((4S,5R)-5-((R)-1-hydroxyethyl)-2-column chromatography on silica gel (petroleum ether/EtOAc = oxo-1,3-dioxolan-4-yl)but-2-enoate"",""source_references"":[{""locator"":""Compound 12 chemical-name heading and associated source section"",""page_number"":6,""paper_id"":""paper-7cb3eccb7d7bacf1"",""source_id"":""archive-001"",""source_path"":""papers/paper-7cb3eccb7d7bacf1/article/main.pdf"",""source_sha256"":""e3b5bca9bd3e9f4e64fa6b6a07a1544e708462edaabd6d5cabe3fe56693eedcd""}]}",provisional_candidates
paper-7cb3eccb7d7bacf1:issue:route_dataset:independent-review,paper-7cb3eccb7d7bacf1,review_pending,all,Source-bound candidate transcription; independent chemist review remains pending.,route_dataset
paper-7feec71cd6acc726:issue:route_dataset:independent-review,paper-7feec71cd6acc726,review_pending,all,Source-bound facts require independent chemist review.,route_dataset
paper-7feec71cd6acc726:issue:route_dataset:missing-SI,paper-7feec71cd6acc726,representation_boundary,all,Main article only. Unshown TMS-enol-ether alternative (21% from33) and unidentified reduced side products are documented in prose but not assigned invented molecular graphs.,route_dataset
paper-7feec71cd6acc726:issue:route_dataset:one-pot-count,paper-7feec71cd6acc726,representation_boundary,E04a-E04c,Three structure-resolved events correspond to source single synthetic step; 24% yield belongs to complete sequence.,route_dataset
paper-7feec71cd6acc726:issue:route_dataset:racemic,paper-7feec71cd6acc726,representation_boundary,all,Wedges specify relative configurations of racemic synthesis; one enantiomeric representative in SMILES must not be interpreted as an enantiopure natural isolate.,route_dataset
paper-80b3004a95a413da:issue:provisional_candidates:1,paper-80b3004a95a413da,provisional_extraction_gap,12,"{""code"":""systematic_name_unresolved"",""paper_label"":""12"",""source_id"":""archive-003"",""source_name"":""2-((1S,2R,6S)-4’-Hydroxy-6-(4-methoxybenzoyl)-3-methyl-1,2,5,6-tetrahydro-[1,1’- Downloadedbiphenyl]-2-yl)ethyl acetate"",""source_references"":[{""locator"":""Compound 12 chemical-name heading and associated source section"",""page_number"":15,""paper_id"":""paper-80b3004a95a413da"",""source_id"":""archive-003"",""source_path"":""papers/paper-80b3004a95a413da/supporting_information/si-002.pdf"",""source_sha256"":""a6ffe5e992e896da765adbe931c05789fef9282a9c836565dcde757a6c1edf24""}]}",provisional_candidates
paper-80b3004a95a413da:issue:provisional_candidates:2,paper-80b3004a95a413da,provisional_extraction_gap,14,"{""code"":""systematic_name_unresolved"",""paper_label"":""14"",""source_id"":""archive-003"",""source_name"":""OAc OAc TfO PdCl2(PPh3)2 (10 mol%) dppp (10 mol%) Me Ph Me Bu3N (2.1 equiv) HCO2H (5.0 equiv) O O pubs.​acs.​org/​orlef7/​article-supplement/​5165540/​pdf/​ol6c02169_si_001/​ DMF, 80 ºC, 4 h by TSINGHUA UNIV OMe OMe user 13 14 on 01 2-((1S,2R,6S)-6-(4-Methoxybenzoyl)-3-methyl-1,2,5,6-tetrahydro-[1,1’-biphenyl]-2-yl)ethyl Septemberacetate"",""source_references"":[{""locator"":""Compound 14 chemical-name heading and associated source section"",""page_number"":16,""paper_id"":""paper-80b3004a95a413da"",""source_id"":""archive-003"",""source_path"":""papers/paper-80b3004a95a413da/supporting_information/si-002.pdf"",""source_sha256"":""a6ffe5e992e896da765adbe931c05789fef9282a9c836565dcde757a6c1edf24""}]}",provisional_candidates
paper-80b3004a95a413da:issue:provisional_candidates:3,paper-80b3004a95a413da,provisional_extraction_gap,16,"{""code"":""systematic_name_unresolved"",""paper_label"":""16"",""source_id"":""archive-003"",""source_name"":""2-((1S,2R,6S)-6-(4-Methoxybenzoyl)-3-methyl-1,2,5,6-tetrahydro-[1,1’-biphenyl]-2- Downloadedyl)acetaldehyde"",""source_references"":[{""locator"":""Compound 16 chemical-name heading and associated source section"",""page_number"":18,""paper_id"":""paper-80b3004a95a413da"",""source_id"":""archive-003"",""source_path"":""papers/paper-80b3004a95a413da/supporting_information/si-002.pdf"",""source_sha256"":""a6ffe5e992e896da765adbe931c05789fef9282a9c836565dcde757a6c1edf24""}]}",provisional_candidates
paper-80b3004a95a413da:issue:provisional_candidates:4,paper-80b3004a95a413da,provisional_extraction_gap,17,"{""code"":""systematic_name_unresolved"",""paper_label"":""17"",""source_id"":""archive-003"",""source_name"":""OMe OMe 16 17 Downloaded (4-Methoxyphenyl)((1S,2S,6R)-5-methyl-6-(3-methylbut-2-en-1-yl)-1,2,3,6-tetrahydro-[1,1’-from biphenyl]-2-yl)methanone"",""source_references"":[{""locator"":""Compound 17 chemical-name heading and associated source section"",""page_number"":20,""paper_id"":""paper-80b3004a95a413da"",""source_id"":""archive-003"",""source_path"":""papers/paper-80b3004a95a413da/supporting_information/si-002.pdf"",""source_sha256"":""a6ffe5e992e896da765adbe931c05789fef9282a9c836565dcde757a6c1edf24""}]}",provisional_candidates
paper-80b3004a95a413da:issue:provisional_candidates:5,paper-80b3004a95a413da,provisional_extraction_gap,27,"{""code"":""systematic_name_unresolved"",""paper_label"":""27"",""source_id"":""archive-003"",""source_name"":""tetrahydro-[1,1’-biphenyl]-2-carbonyl)carbamate"",""source_references"":[{""locator"":""Compound 27 chemical-name heading and associated source section"",""page_number"":21,""paper_id"":""paper-80b3004a95a413da"",""source_id"":""archive-003"",""source_path"":""papers/paper-80b3004a95a413da/supporting_information/si-002.pdf"",""source_sha256"":""a6ffe5e992e896da765adbe931c05789fef9282a9c836565dcde757a6c1edf24""}]}",provisional_candidates
paper-80b3004a95a413da:issue:provisional_candidates:6,paper-80b3004a95a413da,provisional_extraction_gap,29,"{""code"":""systematic_name_unresolved"",""paper_label"":""29"",""source_id"":""archive-003"",""source_name"":""N HO O Boc 27 28 H 29 MeO (1S,2S,6R)-5-Methyl-6-(3-methylbut-2-en-1-yl)-1,2,3,6-tetrahydro-[1,1’-biphenyl]-2-carbaldehyde"",""source_references"":[{""locator"":""Compound 29 chemical-name heading and associated source section"",""page_number"":23,""paper_id"":""paper-80b3004a95a413da"",""source_id"":""archive-003"",""source_path"":""papers/paper-80b3004a95a413da/supporting_information/si-002.pdf"",""source_sha256"":""a6ffe5e992e896da765adbe931c05789fef9282a9c836565dcde757a6c1edf24""}]}",provisional_candidates
paper-80b3004a95a413da:issue:provisional_candidates:7,paper-80b3004a95a413da,provisional_extraction_gap,4,"{""code"":""systematic_name_unresolved"",""paper_label"":""4"",""source_id"":""archive-003"",""source_name"":""(+)-2-Hydroxyisopanduratin A"",""source_references"":[{""locator"":""Compound 4 chemical-name heading and associated source section"",""page_number"":29,""paper_id"":""paper-80b3004a95a413da"",""source_id"":""archive-003"",""source_path"":""papers/paper-80b3004a95a413da/supporting_information/si-002.pdf"",""source_sha256"":""a6ffe5e992e896da765adbe931c05789fef9282a9c836565dcde757a6c1edf24""}]}",provisional_candidates
paper-80b3004a95a413da:issue:route_dataset:S13-time,paper-80b3004a95a413da,source_conflict,E18,"SI page 28 procedure says oxidation for 2 h, whereas its arrow says overnight. No harmonized duration is assigned.",route_dataset
paper-80b3004a95a413da:issue:route_dataset:catalysts,paper-80b3004a95a413da,representation_boundary,S5/S6,"Source chiral silver catalysts are retained as named/source-labelled agents, not assigned speculative solution-complex SMILES.",route_dataset
paper-80b3004a95a413da:issue:route_dataset:crude-intermediates,paper-80b3004a95a413da,representation_boundary,24/25/26/S8/S10/S12,24 is an E/Z mixture (76:24); 25/26 are an inseparable crude mixture before selective Boc protection. Alcohol centers drawn wavy remain unspecified.,route_dataset
paper-80b3004a95a413da:issue:route_dataset:grouped-yields,paper-80b3004a95a413da,representation_boundary,E08/E09/E11/E13/E14/E16/E18/E20,Multistep isolated yields belong to events. Individual crude intermediate stage yields are not inferred or copied from total yields.,route_dataset
paper-80b3004a95a413da:issue:route_dataset:racemic-alternative,paper-80b3004a95a413da,source_scope,E20,Main Scheme 2 alternative oxidation is clarified by SI page 19 as rac-14 to rac-16. It is kept outside the enriched target routes.,route_dataset
paper-80b3004a95a413da:issue:route_dataset:sample-ee,paper-80b3004a95a413da,representation_boundary,11/1/2/3/4,Named major configurations are represented by canonical SMILES. Measured ee values 83/87/84/84/85% are sample metadata; no enantiopurity or downstream propagation is asserted.,route_dataset
paper-80b3004a95a413da:issue:route_dataset:scope,paper-80b3004a95a413da,representation_boundary,model experiments,Table 1 model optimization and failed beta-ocimene attempts are not target-route steps. The four successful total-synthesis branches and the explicit racemic oxidation control are included.,route_dataset
paper-80b3004a95a413da:issue:route_dataset:upstream,paper-80b3004a95a413da,source_boundary,9/10/S7,"Known precursors are drawn and referenced, but their preparations are not reproduced in this paper. They are not invented or counted as extracted commercial-to-precursor routes.",route_dataset
paper-85e8c2686b8db79f:issue:route_dataset:independent-review,paper-85e8c2686b8db79f,review_pending,all,Source-bound facts require independent chemist review.,route_dataset
paper-85e8c2686b8db79f:issue:route_dataset:source-13-HRMS,paper-85e8c2686b8db79f,source_conflict,13,SI50 expectedHRMScationnotfound; formula drawn graph preserved.,route_dataset
paper-85e8c2686b8db79f:issue:route_dataset:source-S13,paper-85e8c2686b8db79f,source_conflict,S13,SI158 scheme labelsDIPEAand44%two steps; proseEt3Nand44%isolatedsingleprotection. Proseusedwithconflictflag.,route_dataset
paper-85e8c2686b8db79f:issue:route_dataset:source-S13-carbon,paper-85e8c2686b8db79f,source_conflict,S13/S14,SI158/161expectedcarboncounts34/29conflictwith40/33fromformula; notusedtochangegraph.,route_dataset
paper-85e8c2686b8db79f:issue:route_dataset:source-cautions,paper-85e8c2686b8db79f,source_caution,SI8,Source reports scale-dependent exotherm and nitrogen oxide evolution; extraction does not validate experimental process safety.,route_dataset
paper-85e8c2686b8db79f:issue:route_dataset:stereo-mixtures,paper-85e8c2686b8db79f,stereochemistry_ambiguity,S8/30/31,Wavy tetrahedral and allene mixture descriptors retained unknown.,route_dataset
paper-85e8c2686b8db79f:issue:route_dataset:stereo-review,paper-85e8c2686b8db79f,review_required,chair projections,Absolute anchor and source chair relationships encoded; independent chemical review remains required.,route_dataset
paper-85ead15cb461d3b7:issue:provisional_candidates:1,paper-85ead15cb461d3b7,provisional_extraction_gap,6,"{""code"":""systematic_name_unresolved"",""paper_label"":""6"",""source_id"":""archive-001"",""source_name"":""(benzyloxy)butyl)-1H-pyrrole-2-carboxylic acid"",""source_references"":[{""locator"":""Compound 6 chemical-name heading and associated source section"",""page_number"":4,""paper_id"":""paper-85ead15cb461d3b7"",""source_id"":""archive-001"",""source_path"":""papers/paper-85ead15cb461d3b7/supporting_information/si-001.pdf"",""source_sha256"":""77cd6a4a846450d2d9e88ad6a99358c57860e9e37d78934f9439260ce1ac6260""}]}",provisional_candidates
paper-85ead15cb461d3b7:issue:provisional_candidates:2,paper-85ead15cb461d3b7,provisional_extraction_gap,7,"{""code"":""systematic_name_unresolved"",""paper_label"":""7"",""source_id"":""archive-001"",""source_name"":""tetrakis(benzyloxy)butyl)-1H-pyrrole-2-carboxylate"",""source_references"":[{""locator"":""Compound 7 chemical-name heading and associated source section"",""page_number"":5,""paper_id"":""paper-85ead15cb461d3b7"",""source_id"":""archive-001"",""source_path"":""papers/paper-85ead15cb461d3b7/supporting_information/si-001.pdf"",""source_sha256"":""77cd6a4a846450d2d9e88ad6a99358c57860e9e37d78934f9439260ce1ac6260""}]}",provisional_candidates
paper-85ead15cb461d3b7:issue:provisional_candidates:3,paper-85ead15cb461d3b7,provisional_extraction_gap,8,"{""code"":""systematic_name_unresolved"",""paper_label"":""8"",""source_id"":""archive-001"",""source_name"":""tetrakis(benzyloxy)butyl)-1H-pyrrole-2-carboxylate"",""source_references"":[{""locator"":""Compound 8 chemical-name heading and associated source section"",""page_number"":5,""paper_id"":""paper-85ead15cb461d3b7"",""source_id"":""archive-001"",""source_path"":""papers/paper-85ead15cb461d3b7/supporting_information/si-001.pdf"",""source_sha256"":""77cd6a4a846450d2d9e88ad6a99358c57860e9e37d78934f9439260ce1ac6260""}]}",provisional_candidates
paper-85ead15cb461d3b7:issue:provisional_candidates:4,paper-85ead15cb461d3b7,provisional_extraction_gap,10,"{""code"":""systematic_name_unresolved"",""paper_label"":""10"",""source_id"":""archive-001"",""source_name"":""tetrahydro-2H-4,7-epoxyoxepino[4,5-c]pyrrol-2-yl)butanoate"",""source_references"":[{""locator"":""Compound 10 chemical-name heading and associated source section"",""page_number"":6,""paper_id"":""paper-85ead15cb461d3b7"",""source_id"":""archive-001"",""source_path"":""papers/paper-85ead15cb461d3b7/supporting_information/si-001.pdf"",""source_sha256"":""77cd6a4a846450d2d9e88ad6a99358c57860e9e37d78934f9439260ce1ac6260""}]}",provisional_candidates
paper-85ead15cb461d3b7:issue:route_dataset:formula,paper-85ead15cb461d3b7,source_conflict,9/10/target,"Drawings, formula records and transformations conflict; terminal structures not imported as resolved molecules.",route_dataset
paper-85ead15cb461d3b7:issue:route_dataset:gaps,paper-85ead15cb461d3b7,source_incompleteness,1/4a/5/6a,Starting-material structures and transformations absent or incomplete; disconnected fragments retained.,route_dataset
paper-85ead15cb461d3b7:issue:route_dataset:legacy,paper-85ead15cb461d3b7,source_conflict,9,Old name parser candidate C9H4NO4- is inconsistent with source C14H19NO7; not admitted into curated route graph.,route_dataset
paper-85ead15cb461d3b7:issue:route_dataset:stereo,paper-85ead15cb461d3b7,representation_boundary,6/7,New hydroxyl stereocenter not specified in source name/drawing; remains unassigned.,route_dataset
paper-8736f8c2a9e952ac:issue:provisional_candidates:1,paper-8736f8c2a9e952ac,provisional_extraction_gap,3,"{""code"":""systematic_name_unresolved"",""paper_label"":""3"",""source_id"":""archive-001"",""source_name"":""dinoflagellate Effrenium voratum and show inhibitory effects Received: May 28, 2026on biomarkers for benign prostatic hyperplasia.5 All three Revised: June 24, 2026zwitterionic compounds contain a dihydroindolizinium ring Accepted: June 30, 2026and a spiroketal substructure, a 6,6-spiroketal for voratins A Published: July 2, 2026(1) and B (2) and a 6,5-spiroketal for voratin C"",""source_references"":[{""locator"":""Compound 3 chemical-name heading and associated source section"",""page_number"":1,""paper_id"":""paper-8736f8c2a9e952ac"",""source_id"":""archive-001"",""source_path"":""papers/paper-8736f8c2a9e952ac/article/main.pdf"",""source_sha256"":""b8b086bd01acf06c7c3c5f62d6843ac26d2a83630835c657b433cd3b5cb37d98""}]}",provisional_candidates
paper-8736f8c2a9e952ac:issue:provisional_candidates:10,paper-8736f8c2a9e952ac,provisional_extraction_gap,22,"{""code"":""systematic_name_unresolved"",""paper_label"":""22"",""source_id"":""archive-003"",""source_name"":""2.12 (R)-5-bromo-4-methylpent-1-ene"",""source_references"":[{""locator"":""Compound 22 chemical-name heading and associated source section"",""page_number"":16,""paper_id"":""paper-8736f8c2a9e952ac"",""source_id"":""archive-003"",""source_path"":""papers/paper-8736f8c2a9e952ac/supporting_information/si-002.pdf"",""source_sha256"":""8ec0bbd4b71b6aa5c658dff76d2b9f9c973b758abf555209076a58aa5ffe173f""}]}",provisional_candidates
paper-8736f8c2a9e952ac:issue:provisional_candidates:11,paper-8736f8c2a9e952ac,provisional_extraction_gap,25,"{""code"":""systematic_name_unresolved"",""paper_label"":""25"",""source_id"":""archive-003"",""source_name"":""2.14 tert-butyl (2S,7R,E)-2-((tert-butyldimethylsilyl)oxy)-10-(6-((S)-4-((tertbutyldimethylsilyl)oxy)butan-2-yl)pyridin-2-yl)-7-methyl-5-oxodec-9-enoate"",""source_references"":[{""locator"":""Compound 25 chemical-name heading and associated source section"",""page_number"":18,""paper_id"":""paper-8736f8c2a9e952ac"",""source_id"":""archive-003"",""source_path"":""papers/paper-8736f8c2a9e952ac/supporting_information/si-002.pdf"",""source_sha256"":""8ec0bbd4b71b6aa5c658dff76d2b9f9c973b758abf555209076a58aa5ffe173f""}]}",provisional_candidates
paper-8736f8c2a9e952ac:issue:provisional_candidates:12,paper-8736f8c2a9e952ac,provisional_extraction_gap,27,"{""code"":""systematic_name_unresolved"",""paper_label"":""27"",""source_id"":""archive-003"",""source_name"":""2.15 tert-butyl (2S,7R,9S,10S)-2-((tert-butyldimethylsilyl)oxy)-10-(6-((S)-4-((tertbutyldimethyl-silyl)oxy)butan-2-yl)pyridin-2-yl)-9,10-dihydroxy-7-methyl-5-oxodecanoate"",""source_references"":[{""locator"":""Compound 27 chemical-name heading and associated source section"",""page_number"":19,""paper_id"":""paper-8736f8c2a9e952ac"",""source_id"":""archive-003"",""source_path"":""papers/paper-8736f8c2a9e952ac/supporting_information/si-002.pdf"",""source_sha256"":""8ec0bbd4b71b6aa5c658dff76d2b9f9c973b758abf555209076a58aa5ffe173f""}]}",provisional_candidates
paper-8736f8c2a9e952ac:issue:provisional_candidates:13,paper-8736f8c2a9e952ac,provisional_extraction_gap,26,"{""code"":""systematic_name_unresolved"",""paper_label"":""26"",""source_id"":""archive-003"",""source_name"":""2.16 tert-butyl (2S,7R)-2-((tert-butyldimethylsilyl)oxy)-8-((2S,3S)-3-(6-((S)-4 ((tertbutyldimethyl-silyl)oxy)butan-2-yl)pyridin-2-yl)oxiran-2-yl)-7-methyl-5-oxooctanoate"",""source_references"":[{""locator"":""Compound 26 chemical-name heading and associated source section"",""page_number"":20,""paper_id"":""paper-8736f8c2a9e952ac"",""source_id"":""archive-003"",""source_path"":""papers/paper-8736f8c2a9e952ac/supporting_information/si-002.pdf"",""source_sha256"":""8ec0bbd4b71b6aa5c658dff76d2b9f9c973b758abf555209076a58aa5ffe173f""}]}",provisional_candidates
paper-8736f8c2a9e952ac:issue:provisional_candidates:14,paper-8736f8c2a9e952ac,provisional_extraction_gap,28,"{""code"":""systematic_name_unresolved"",""paper_label"":""28"",""source_id"":""archive-003"",""source_name"":""2.17 tert-butyl (2S,7R)-2-hydroxy-8-((2S,3S)-3-(6-((S)-4-hydroxybutan-2-yl)pyridin-2-yl)oxiran-2-yl)-7-methyl-5-oxooctanoate"",""source_references"":[{""locator"":""Compound 28 chemical-name heading and associated source section"",""page_number"":22,""paper_id"":""paper-8736f8c2a9e952ac"",""source_id"":""archive-003"",""source_path"":""papers/paper-8736f8c2a9e952ac/supporting_information/si-002.pdf"",""source_sha256"":""8ec0bbd4b71b6aa5c658dff76d2b9f9c973b758abf555209076a58aa5ffe173f""}]}",provisional_candidates
paper-8736f8c2a9e952ac:issue:provisional_candidates:15,paper-8736f8c2a9e952ac,provisional_extraction_gap,29,"{""code"":""systematic_name_unresolved"",""paper_label"":""29"",""source_id"":""archive-003"",""source_name"":""2.18 tert-butyl (2S,5R,7S,9R)-7-((S)-hydroxy(6-((S)-4-hydroxybutan-2-yl)pyridin-2-yl)methyl)-9-methyl-1,6-dioxaspiro[4.5]decane-2-carboxylate"",""source_references"":[{""locator"":""Compound 29 chemical-name heading and associated source section"",""page_number"":23,""paper_id"":""paper-8736f8c2a9e952ac"",""source_id"":""archive-003"",""source_path"":""papers/paper-8736f8c2a9e952ac/supporting_information/si-002.pdf"",""source_sha256"":""8ec0bbd4b71b6aa5c658dff76d2b9f9c973b758abf555209076a58aa5ffe173f""}]}",provisional_candidates
paper-8736f8c2a9e952ac:issue:provisional_candidates:16,paper-8736f8c2a9e952ac,provisional_extraction_gap,30,"{""code"":""systematic_name_unresolved"",""paper_label"":""30"",""source_id"":""archive-003"",""source_name"":""2.19 tert-butyl (2R,5S,7R,9R)-7-((S)-hydroxy(6-((S)-4-hydroxybutan-2-yl)pyridin-2-yl)methyl)-9-methyl-1,6-dioxaspiro[4.5]decane-2-carboxylate"",""source_references"":[{""locator"":""Compound 30 chemical-name heading and associated source section"",""page_number"":24,""paper_id"":""paper-8736f8c2a9e952ac"",""source_id"":""archive-003"",""source_path"":""papers/paper-8736f8c2a9e952ac/supporting_information/si-002.pdf"",""source_sha256"":""8ec0bbd4b71b6aa5c658dff76d2b9f9c973b758abf555209076a58aa5ffe173f""}]}",provisional_candidates
paper-8736f8c2a9e952ac:issue:provisional_candidates:17,paper-8736f8c2a9e952ac,provisional_extraction_gap,10,"{""code"":""source_label_repeated_requires_review"",""paper_label"":""10"",""source_id"":""archive-003""}",provisional_candidates
paper-8736f8c2a9e952ac:issue:provisional_candidates:18,paper-8736f8c2a9e952ac,provisional_extraction_gap,10,"{""code"":""systematic_name_unresolved"",""paper_label"":""10"",""source_id"":""archive-003"",""source_name"":""butyldimethylsilyl)oxy)butan-2-yl)-6-vinylpyridine"",""source_references"":[{""locator"":""Compound 10 chemical-name heading and associated source section"",""page_number"":62,""paper_id"":""paper-8736f8c2a9e952ac"",""source_id"":""archive-003"",""source_path"":""papers/paper-8736f8c2a9e952ac/supporting_information/si-002.pdf"",""source_sha256"":""8ec0bbd4b71b6aa5c658dff76d2b9f9c973b758abf555209076a58aa5ffe173f""}]}",provisional_candidates
paper-8736f8c2a9e952ac:issue:provisional_candidates:2,paper-8736f8c2a9e952ac,provisional_extraction_gap,14,"{""code"":""systematic_name_unresolved"",""paper_label"":""14"",""source_id"":""archive-003"",""source_name"":""2.1 (E)-3-(6-bromopyridin-2-yl)but-2-enenitrile"",""source_references"":[{""locator"":""Compound 14 chemical-name heading and associated source section"",""page_number"":5,""paper_id"":""paper-8736f8c2a9e952ac"",""source_id"":""archive-003"",""source_path"":""papers/paper-8736f8c2a9e952ac/supporting_information/si-002.pdf"",""source_sha256"":""8ec0bbd4b71b6aa5c658dff76d2b9f9c973b758abf555209076a58aa5ffe173f""}]}",provisional_candidates
paper-8736f8c2a9e952ac:issue:provisional_candidates:3,paper-8736f8c2a9e952ac,provisional_extraction_gap,15,"{""code"":""systematic_name_unresolved"",""paper_label"":""15"",""source_id"":""archive-003"",""source_name"":""2.2 (S)-3-(6-bromopyridin-2-yl)butanenitrile"",""source_references"":[{""locator"":""Compound 15 chemical-name heading and associated source section"",""page_number"":6,""paper_id"":""paper-8736f8c2a9e952ac"",""source_id"":""archive-003"",""source_path"":""papers/paper-8736f8c2a9e952ac/supporting_information/si-002.pdf"",""source_sha256"":""8ec0bbd4b71b6aa5c658dff76d2b9f9c973b758abf555209076a58aa5ffe173f""}]}",provisional_candidates
paper-8736f8c2a9e952ac:issue:provisional_candidates:4,paper-8736f8c2a9e952ac,provisional_extraction_gap,16,"{""code"":""systematic_name_unresolved"",""paper_label"":""16"",""source_id"":""archive-003"",""source_name"":""2.4 (S)-3-(6-bromopyridin-2-yl)butan-1-ol"",""source_references"":[{""locator"":""Compound 16 chemical-name heading and associated source section"",""page_number"":8,""paper_id"":""paper-8736f8c2a9e952ac"",""source_id"":""archive-003"",""source_path"":""papers/paper-8736f8c2a9e952ac/supporting_information/si-002.pdf"",""source_sha256"":""8ec0bbd4b71b6aa5c658dff76d2b9f9c973b758abf555209076a58aa5ffe173f""}]}",provisional_candidates
paper-8736f8c2a9e952ac:issue:provisional_candidates:5,paper-8736f8c2a9e952ac,provisional_extraction_gap,17,"{""code"":""systematic_name_unresolved"",""paper_label"":""17"",""source_id"":""archive-003"",""source_name"":""2.5 (S)-2-bromo-6-(4-((tert-butyldimethylsilyl)oxy)butan-2-yl)pyridine"",""source_references"":[{""locator"":""Compound 17 chemical-name heading and associated source section"",""page_number"":10,""paper_id"":""paper-8736f8c2a9e952ac"",""source_id"":""archive-003"",""source_path"":""papers/paper-8736f8c2a9e952ac/supporting_information/si-002.pdf"",""source_sha256"":""8ec0bbd4b71b6aa5c658dff76d2b9f9c973b758abf555209076a58aa5ffe173f""}]}",provisional_candidates
paper-8736f8c2a9e952ac:issue:provisional_candidates:6,paper-8736f8c2a9e952ac,provisional_extraction_gap,10,"{""code"":""systematic_name_unresolved"",""paper_label"":""10"",""source_id"":""archive-003"",""source_name"":""2.6 (S)-2-(4-((tert-butyldimethylsilyl)oxy)butan-2-yl)-6-vinylpyridine"",""source_references"":[{""locator"":""Compound 10 chemical-name heading and associated source section"",""page_number"":11,""paper_id"":""paper-8736f8c2a9e952ac"",""source_id"":""archive-003"",""source_path"":""papers/paper-8736f8c2a9e952ac/supporting_information/si-002.pdf"",""source_sha256"":""8ec0bbd4b71b6aa5c658dff76d2b9f9c973b758abf555209076a58aa5ffe173f""}]}",provisional_candidates
paper-8736f8c2a9e952ac:issue:provisional_candidates:7,paper-8736f8c2a9e952ac,provisional_extraction_gap,19,"{""code"":""systematic_name_unresolved"",""paper_label"":""19"",""source_id"":""archive-003"",""source_name"":""2.7 Synthesis of tert-butyl (R)-5-oxotetrahydrofuran-2-carboxylate"",""source_references"":[{""locator"":""Compound 19 chemical-name heading and associated source section"",""page_number"":12,""paper_id"":""paper-8736f8c2a9e952ac"",""source_id"":""archive-003"",""source_path"":""papers/paper-8736f8c2a9e952ac/supporting_information/si-002.pdf"",""source_sha256"":""8ec0bbd4b71b6aa5c658dff76d2b9f9c973b758abf555209076a58aa5ffe173f""}]}",provisional_candidates
paper-8736f8c2a9e952ac:issue:provisional_candidates:8,paper-8736f8c2a9e952ac,provisional_extraction_gap,20,"{""code"":""systematic_name_unresolved"",""paper_label"":""20"",""source_id"":""archive-003"",""source_name"":""2.8 tert-butyl (R)-2-hydroxy-5-(methoxy(methyl)amino)-5-oxopentanoate"",""source_references"":[{""locator"":""Compound 20 chemical-name heading and associated source section"",""page_number"":12,""paper_id"":""paper-8736f8c2a9e952ac"",""source_id"":""archive-003"",""source_path"":""papers/paper-8736f8c2a9e952ac/supporting_information/si-002.pdf"",""source_sha256"":""8ec0bbd4b71b6aa5c658dff76d2b9f9c973b758abf555209076a58aa5ffe173f""}]}",provisional_candidates
paper-8736f8c2a9e952ac:issue:provisional_candidates:9,paper-8736f8c2a9e952ac,provisional_extraction_gap,21,"{""code"":""systematic_name_unresolved"",""paper_label"":""21"",""source_id"":""archive-003"",""source_name"":""(methyl)amino)-5-oxopentanoate"",""source_references"":[{""locator"":""Compound 21 chemical-name heading and associated source section"",""page_number"":13,""paper_id"":""paper-8736f8c2a9e952ac"",""source_id"":""archive-003"",""source_path"":""papers/paper-8736f8c2a9e952ac/supporting_information/si-002.pdf"",""source_sha256"":""8ec0bbd4b71b6aa5c658dff76d2b9f9c973b758abf555209076a58aa5ffe173f""}]}",provisional_candidates
paper-8736f8c2a9e952ac:issue:route_dataset:14-mixture,paper-8736f8c2a9e952ac,source_conflict,14,Main/SI scheme reports E/Z 8:2 but SI prose names isolated E material. Encode drawn E with explicit mixture qualification; do not claim stereopure material.,route_dataset
paper-8736f8c2a9e952ac:issue:route_dataset:independent-review,paper-8736f8c2a9e952ac,review_pending,all,Source-bound facts require independent chemist review.,route_dataset
paper-8736f8c2a9e952ac:issue:route_dataset:nomenclature,paper-8736f8c2a9e952ac,source_conflict,25-30,SI headings assign conflicting stereodescriptors: C17 is called 2S in 25-28 despite the unchanged source drawing from R-24; The 29 heading also disagrees at C9 and C17; 30 agrees with the drawing-derived assignments. Drawing-derived graphs are authoritative here; independent review is required.,route_dataset
paper-8736f8c2a9e952ac:issue:route_dataset:precursor-boundary,paper-8736f8c2a9e952ac,representation_boundary,8/22a,Upstream preparations not given in this paper; no invented steps.,route_dataset
paper-8736f8c2a9e952ac:issue:route_dataset:racemic,paper-8736f8c2a9e952ac,representation_boundary,10-rac/10a,SI heading says S but 1% ee HPLC and main prose establish effectively racemic product; separate from productive enantioenriched 10.,route_dataset
paper-8736f8c2a9e952ac:issue:route_dataset:times,paper-8736f8c2a9e952ac,source_conflict,experimental conditions,"SI prose and scheme differ for multiple reaction times (16a,16,17,10,22,25,26,28,29/30); no standardized trusted time assigned.",route_dataset
paper-8c076c5cf883e668:issue:provisional_candidates:1,paper-8c076c5cf883e668,provisional_extraction_gap,8,"{""code"":""systematic_name_unresolved"",""paper_label"":""8"",""source_id"":""archive-004"",""source_name"":""1.2 Experimental Procedures and Characterization Preparations of 1-(2-hydroxy-4,6-bis(methoxymethoxy)phenyl)ethanone"",""source_references"":[{""locator"":""Compound 8 chemical-name heading and associated source section"",""page_number"":1,""paper_id"":""paper-8c076c5cf883e668"",""source_id"":""archive-004"",""source_path"":""papers/paper-8c076c5cf883e668/supporting_information/si-003.zip"",""source_sha256"":""b9577aae62fd231c88a395d5b14cde5294cc75ed7a167a8cdcfb9591517ac2c5""}]}",provisional_candidates
paper-8c076c5cf883e668:issue:route_dataset:duration1,paper-8c076c5cf883e668,source_conflict,E01,Article Scheme 1 reports 3 h while the SI scheme says 4 h; procedure includes cooling/addition intervals. A single harmonized duration is not asserted.,route_dataset
paper-8c076c5cf883e668:issue:route_dataset:figure2-label4,paper-8c076c5cf883e668,source_conflict,4 versus 15,Article Figure 2 labels the cyclic triazolyl intermediate 4; forward Scheme 2 and SI label that structure 15 and reserve 4 for the cyclic iodide. Compound identities use forward-scheme numbering.,route_dataset
paper-8c076c5cf883e668:issue:route_dataset:hrms15,paper-8c076c5cf883e668,source_conflict,15,SI reports calculated 313.0906 for C16H13N3O4 but found 311.0907; neutral graph mass is about 311.0906. Original values are retained.,route_dataset
paper-8c076c5cf883e668:issue:route_dataset:hrms4,paper-8c076c5cf883e668,source_conflict,4,SI reports calculated 371.9702 for C14H11IO4 but found 369.9703; neutral graph mass is about 369.9702. Original values are retained.,route_dataset
paper-8c076c5cf883e668:issue:route_dataset:internal-stage,paper-8c076c5cf883e668,representation_boundary,E04,"6 plus 11 to 12 comprises condensation followed by iodination. No structure is drawn for the unisolated internal species, so no intermediate SMILES is invented.",route_dataset
paper-8c076c5cf883e668:issue:route_dataset:nmr6,paper-8c076c5cf883e668,source_conflict,6,The 13C list for ketone 6 duplicates the list for chromone 12. That list is not used as independent structure confirmation.,route_dataset
paper-8c076c5cf883e668:issue:route_dataset:rounded-yields,paper-8c076c5cf883e668,source_precision,E01/E04/E06,SI procedure yields 72.3/77.5/73.4 percent differ from rounded scheme labels 72/78/73; dataset uses procedure values.,route_dataset
paper-8c076c5cf883e668:issue:route_dataset:substrate-name,paper-8c076c5cf883e668,source_conflict,SI paragraph 87,"The substrate name is copied from a phenoxy compound, but label 5, amount/mmol, forward schemes and product 4 identify the iodinated precursor. This conflict is retained; the name is not used to replace the graph.",route_dataset
paper-920358bb74cd4159:issue:route_dataset:S6-identity,paper-920358bb74cd4159,source_conflict,S6,"S6 is a C8-CH2-C5linked sideproduct, not oxidative dimer2; no isolatedyieldlocated for S6.",route_dataset
paper-920358bb74cd4159:issue:route_dataset:S7-conflict,paper-920358bb74cd4159,source_conflict,S7,S17characterization C14H12O5 and scheme showonly4-OMe; S31electrolysis scheme additionallyshows7-OMe. Decomposition experiment not assigned a fabricated unique feed.,route_dataset
paper-920358bb74cd4159:issue:route_dataset:independent-review,paper-920358bb74cd4159,review_pending,all,Source-bound facts require independent chemist review.,route_dataset
paper-920358bb74cd4159:issue:route_dataset:scope,paper-920358bb74cd4159,coverage_gap,coverage,Main article unavailable. DFT/cation/radical intermediates excluded from preparations; stereochemistry of unmarked control centers unresolved.,route_dataset
paper-920358bb74cd4159:issue:route_dataset:source-arithmetic,paper-920358bb74cd4159,source_conflict,S5/S9/S10,"S5headercalls2-methoxybutactualgraphfreephenols;540mgquantfrom2.09mmol differsfromformula249. S23product15 mass0.079mg inconsistentwith15%; textualyieldretained,arithmeticnotusedtosynthesizefacts.",route_dataset
paper-92c5e420009953b7:issue:provisional_candidates:1,paper-92c5e420009953b7,provisional_extraction_gap,1,"{""code"":""systematic_name_unresolved"",""paper_label"":""1"",""source_id"":""archive-001"",""source_name"":""Figure 2. Dose-dependent cytotoxic effect of 7a on cholangiocarcinoma (KKU-M055) and MMNK-1 (human cholangiocyte) cell lines at 72 h. 5-Fluorouracil (5-FU) is used as a positive control. Data are presented as the percentage of cell viability and are expressed as mean ± SEM. TSINGHUA UNIV The synthetic natural compounds"",""source_references"":[{""locator"":""Compound 1 chemical-name heading and associated source section"",""page_number"":7,""paper_id"":""paper-92c5e420009953b7"",""source_id"":""archive-001"",""source_path"":""papers/paper-92c5e420009953b7/article/main.pdf"",""source_sha256"":""5c3cac57b641d17284fb2fbb3f63fa4221ebcad14c33beb9d14cb216729d61ff""}]}",provisional_candidates
paper-92c5e420009953b7:issue:route_dataset:11a-quantity,paper-92c5e420009953b7,source_conflict,11a,"SI reports 430 g from a 2 mmol iodination; inconsistent mass unit retained as a source issue, not normalized.",route_dataset
paper-92c5e420009953b7:issue:route_dataset:conversion-control,paper-92c5e420009953b7,representation_boundary,3 equilibrium,"Main Scheme 5B reports 70:30 NMR equilibrium of dimer/monomer, not isolated synthetic yields. Stored as control metadata, excluded from target paths.",route_dataset
paper-92c5e420009953b7:issue:route_dataset:internal-graphs,paper-92c5e420009953b7,representation_boundary,intermediates,Uncharacterized procedure intermediates are explicitly flagged; source-drawn aldehyde 9 and aromatic crude intermediates are retained as drawings.,route_dataset
paper-92c5e420009953b7:issue:route_dataset:minor-isomers,paper-92c5e420009953b7,source_boundary,7/22,"Two minor alcohol isomers and minor dimer 22 components are not structurally assigned in source. Their presence is retained as unresolved mixture components, not fabricated structures.",route_dataset
paper-92c5e420009953b7:issue:route_dataset:mixture-yields,paper-92c5e420009953b7,representation_boundary,E05/E10/E12/E14/E15/E16/E17,Combined isolated yields and additional single-isomer purification yields are distinct. Do not multiply a mixture ratio to invent isolated yields.,route_dataset
paper-92c5e420009953b7:issue:route_dataset:model-identity,paper-92c5e420009953b7,source_boundary,17,17 is the synthesized originally misassigned K structure. Revised natural K is 3; these identities must not be merged.,route_dataset
paper-92c5e420009953b7:issue:route_dataset:source-ratios,paper-92c5e420009953b7,source_conflict,7/1,"Source 7 input ratios vary between 44:43:8:5, 51:49 and 54:43:3 across preparations; source 1 is 86:14 in SI and 83:17 in main Scheme 5. Preserve experiment-specific values.",route_dataset
paper-92c5e420009953b7:issue:route_dataset:upstream,paper-92c5e420009953b7,source_boundary,13-precursor/16/19,Known chiral precursor and model starting-material syntheses are outside this paper. No commercial-start completeness asserted.,route_dataset
paper-94a995685012cf20:issue:provisional_candidates:1,paper-94a995685012cf20,provisional_extraction_gap,5,"{""code"":""systematic_name_unresolved"",""paper_label"":""5"",""source_id"":""archive-001"",""source_name"":""synthesized from methyl 4-iodo-3,5-dihydroxybenzoate20b (see Scheme 6. Synthesis of Mulberrofuran G (4) and SI for details), and this underwent selective Sonogashira Inethermulberrofuran C"",""source_references"":[{""locator"":""Compound 5 chemical-name heading and associated source section"",""page_number"":3,""paper_id"":""paper-94a995685012cf20"",""source_id"":""archive-001"",""source_path"":""papers/paper-94a995685012cf20/article/main.pdf"",""source_sha256"":""6e0d4573235aea9ebb9014db50984f0476f53ca16168486e0d8eef0f83e7a6e6""}]}",provisional_candidates
paper-94a995685012cf20:issue:route_dataset:17-label,paper-94a995685012cf20,source_conflict,17,SI S10 prose calls product 16; heading/scheme/formula identify acetate 17. SI S11 calls cycloaddition feed 8 but mass and scheme identify 17.,route_dataset
paper-94a995685012cf20:issue:route_dataset:20-conditions,paper-94a995685012cf20,source_conflict,19-to-20,Main Scheme 7 gives H2SO4/EtOH/60 C; SI S17 actual experiment gives HCl/MeOH/80 C. Both locators retained; SI conditions are used.,route_dataset
paper-94a995685012cf20:issue:route_dataset:S7-amount,paper-94a995685012cf20,source_conflict,19-to-S7,"SI gives 68.7 mg as 0.815 mmol; inconsistent with molecular mass, so no trusted reagent loading inferred.",route_dataset
paper-94a995685012cf20:issue:route_dataset:bridge-stereo,paper-94a995685012cf20,representation_boundary,5/21/6,"Perspective bridged drawings were inspected, but C1 in 5 and C1/C4 in 21/6 are left unassigned rather than guessing. These records are not complete stereochemical training targets until independently resolved.",route_dataset
paper-94a995685012cf20:issue:route_dataset:independent-review,paper-94a995685012cf20,review_pending,all,Source-bound facts require independent chemist review.,route_dataset
paper-94a995685012cf20:issue:route_dataset:resolution,paper-94a995685012cf20,representation_boundary,6,SI S24 separates (-)-6 (4.28 mg) and (+)-6 (4.37 mg) from 10 mg racemate; no absolute graph assignment is inferred solely from signs or HPLC retention.,route_dataset
paper-9575513b24b2c4f6:issue:route_dataset:EUP-01,paper-9575513b24b2c4f6,source_conflict,17b source structure,"Main calls17b a C5 diastereomer, but SI17 drawing also shifts exomethylene6=17 to endocyclic6=7 and labels17 asMe; source-drawn connectivity retained and C7 stereocenter absent. Requires independent review.",route_dataset
paper-9575513b24b2c4f6:issue:route_dataset:EUP-02,paper-9575513b24b2c4f6,source_conflict,yields and conditions,17->6 main90%then87% versus SI75%overall; Claisen-methylation mainNMP versus SIDMF; 21->22 main84%over2 versus SI96%then93% plus22a2%. SI event yields used.,route_dataset
paper-9575513b24b2c4f6:issue:route_dataset:EUP-03,paper-9575513b24b2c4f6,representation_boundary,mixtures,C13minor epimer in16/7 acknowledged but not separate unnamed isolated compounds; hydroboration15a mixture9/9-epi13 explicitly preserved.,route_dataset
paper-9575513b24b2c4f6:issue:route_dataset:EUP-04,paper-9575513b24b2c4f6,representation_boundary,source boundaries,Iodide10 drawn/coupled without local upstream preparation. Proposed failed S7–S10 and18a excluded as isolated compounds; failed screening outcomes retained here as source boundaries.,route_dataset
paper-9575513b24b2c4f6:issue:route_dataset:EUP-05,paper-9575513b24b2c4f6,review_pending,risk screen,"MainPDF4 reports no cytotoxicity of EupB itself up to20 micromolar in tested cells; IC50 values2.70/5.76 micromolar concern suppression of induced pyroptosis, not killing.",route_dataset
paper-9575513b24b2c4f6:issue:route_dataset:independent-review,paper-9575513b24b2c4f6,review_pending,all,Source-bound facts require independent chemist review.,route_dataset
paper-960f0a43f7299433:issue:provisional_candidates:1,paper-960f0a43f7299433,provisional_extraction_gap,1,"{""code"":""systematic_name_unresolved"",""paper_label"":""1"",""source_id"":""archive-003"",""source_name"":""1H NMR (400 MHz, Chloroform-d) δ 9.66 (s, 1H), 7.61 (d, J = 2.6 Hz, 1H), 7.45 (d, J = 8.4 Hz, 1H), 7.35 – 7.21 (m, 2H), 7.07 (d, J = 2.6 Hz, 1H), 6.91 (dd, J = 8.3, 2.6 Hz, 1H), 6.78 (dd, J = 8.2, 2.0 Hz, 1H), 6.71 (d, J = 8.2 Hz, 1H), 6.34 (d, J = 16.3 Hz, 1H), 6.13 – 5.94 (m, 2H), 4.31 (d, J = 11.3 Hz, 1H), 4.05 (d, J = 11.3 Hz, 1H), 3.90 (s, 3H), 3.81 (s, 3H), 3.67 (d, J = 9.5 Hz, 1H), 3.60 (d, J = 9.6 Hz, 1H), 1.18 (s, 3H), 1.16 (s, 3H). 13C NMR (101 MHz, Chloroform-d) δ 191.6, 160.4, 159.8, 150.0, 149.0, 139.8, 138.7, 136.7, 133.9, 131.9, 129.6, 129.6, 129.1, 123.1, 120.1, 115.1, 112.7, 112.4, 112.2, 110.6, 75.6, 56.3, 55.5, 38.6, 21.6, 21.5.HRMS (ESI) m/z: [M+Na]+ Calcd for C28H28NaO5+ 467.1829; found: 467.1831; [α]D20 = 23.6 (c = pubs.​acs.​org/​jacsat/​article-supplement/​5172499/​pdf/​ja6c10123_si_001/​ by 0.11, CHCl3). TSINGHUA (E)-14-methyl-10-oxo-3,9-dioxa-1"",""source_references"":[{""locator"":""Compound 1 chemical-name heading and associated source section"",""page_number"":47,""paper_id"":""paper-960f0a43f7299433"",""source_id"":""archive-003"",""source_path"":""papers/paper-960f0a43f7299433/supporting_information/si-002.pdf"",""source_sha256"":""c4ff5ec3a8c8d71c932b6695fa1e28977c720592685bbf2e28c73c65efc4a892""}]}",provisional_candidates
paper-960f0a43f7299433:issue:provisional_candidates:2,paper-960f0a43f7299433,provisional_extraction_gap,1,"{""code"":""systematic_name_unresolved"",""paper_label"":""1"",""source_id"":""archive-003"",""source_name"":""(1R,2S,5R)-2-isopropyl-5-methylcyclohexyl (E)-3-((E)-62-formyl-26,55-dimethoxy-7-oxa-1,2(1,3),5"",""source_references"":[{""locator"":""Compound 1 chemical-name heading and associated source section"",""page_number"":55,""paper_id"":""paper-960f0a43f7299433"",""source_id"":""archive-003"",""source_path"":""papers/paper-960f0a43f7299433/supporting_information/si-002.pdf"",""source_sha256"":""c4ff5ec3a8c8d71c932b6695fa1e28977c720592685bbf2e28c73c65efc4a892""}]}",provisional_candidates
paper-960f0a43f7299433:issue:route_dataset:axis,paper-960f0a43f7299433,representation_boundary,1aa/7/8/Isoplagiochin D,Axial/planar chirality is not represented by ordinary canonical SMILES; preserve source drawing and M target assignment/ee.,route_dataset
paper-960f0a43f7299433:issue:route_dataset:independent-review,paper-960f0a43f7299433,review_pending,all,Source-bound facts require independent chemist review.,route_dataset
paper-960f0a43f7299433:issue:route_dataset:pdload,paper-960f0a43f7299433,source_conflict,E07,SI p58 Pd(OAc)2 1.1 g/5 mmol conflicts with 10 mol% on 5 mmol substrate; do not normalize into a trusted loading.,route_dataset
paper-960f0a43f7299433:issue:route_dataset:typo5,paper-960f0a43f7299433,source_conflict,5,"SI p57 prose calls product 9, while drawn scheme and subsequent use identify 5.",route_dataset
paper-960f0a43f7299433:issue:route_dataset:upstream,paper-960f0a43f7299433,representation_boundary,2-1,SI p56 cites literature reference 2 for preparation; no invented upstream steps.,route_dataset
paper-96939387a0ca2d6e:issue:provisional_candidates:1,paper-96939387a0ca2d6e,provisional_extraction_gap,4,"{""code"":""systematic_name_unresolved"",""paper_label"":""4"",""source_id"":""archive-001"",""source_name"":""• 3-epi-Geissoschizol"",""source_references"":[{""locator"":""Compound 4 chemical-name heading and associated source section"",""page_number"":12,""paper_id"":""paper-96939387a0ca2d6e"",""source_id"":""archive-001"",""source_path"":""papers/paper-96939387a0ca2d6e/supporting_information/si-001.pdf"",""source_sha256"":""8dbab87089168466b121cb32bba920e93dc528477140af78806f3c80b276cb7f""}]}",provisional_candidates
paper-96939387a0ca2d6e:issue:route_dataset:boundary,paper-96939387a0ca2d6e,representation_boundary,5,Eburnamine is source starting material; no unavailable upstream route invented.,route_dataset
paper-96939387a0ca2d6e:issue:route_dataset:brackets,paper-96939387a0ca2d6e,representation_boundary,13a/13b/22,Drawn bracketed intermediates included with that provenance; no isolation claim.,route_dataset
paper-96939387a0ca2d6e:issue:route_dataset:caption,paper-96939387a0ca2d6e,source_conflict,S22,"Scheme shows 23 as input while adjacent prose calls material trans-product25; graph follows actual source drawing, retained as unresolved identity conflict.",route_dataset
paper-96939387a0ca2d6e:issue:route_dataset:helicity,paper-96939387a0ca2d6e,representation_boundary,1/2/26/27/28/29,P/M helix distinctions require source labels or dedicated axial representation and must not be collapsed by ordinary SMILES deduplication.,route_dataset
paper-96939387a0ca2d6e:issue:route_dataset:historical,paper-96939387a0ca2d6e,representation_boundary,S11/S17,Historical model compounds and mechanistic conformers are outside current target graph.,route_dataset
paper-96939387a0ca2d6e:issue:route_dataset:independent-review,paper-96939387a0ca2d6e,review_pending,all,Source-bound facts require independent chemist review.,route_dataset
paper-96939387a0ca2d6e:issue:route_dataset:missing_named_input,paper-96939387a0ca2d6e,representation_boundary,G24/G25/G26,Three coupling connections remain unresolved because eburnamine5 has no verified structure. No reaction SMILES is generated for these connections; terminal paths start independently at drawn28/29.,route_dataset
paper-96939387a0ca2d6e:issue:route_dataset:restricted,paper-96939387a0ca2d6e,representation_boundary,scope,Identity and source-drawn connections only; no operational information. Original combined-task safety block remains historical and no global policy changed.,route_dataset
paper-96939387a0ca2d6e:issue:route_dataset:salts,paper-96939387a0ca2d6e,representation_boundary,1/2,Graph represents parent monocation identity; S2 additionally depicts protonated salts/counterions that are not expanded into operational events.,route_dataset
paper-96939387a0ca2d6e:issue:route_dataset:stereo,paper-96939387a0ca2d6e,review_pending,upstream/alkenes,Early syn/anti and chiral center geometries remain unassigned; E/Z tags and hand-built tetrahedral graph require independent review.,route_dataset
paper-96939387a0ca2d6e:issue:route_dataset:trace,paper-96939387a0ca2d6e,representation_boundary,30/31,Source-drawn trace structures retained; upper quaternary N stereochemistry unassigned.,route_dataset
paper-9737a45310e98867:issue:provisional_candidates:1,paper-9737a45310e98867,provisional_extraction_gap,8,"{""code"":""systematic_name_unresolved"",""paper_label"":""8"",""source_id"":""archive-003"",""source_name"":""O Me TBSO N OMe O O O pubs.​acs.​org/​orlef7/​article-supplement/​5141493/​pdf/​ol6c01172_si_001/​ by (4R,5S)-5-((2R,5R)-5-(((tert-butyldimethylsilyl)oxy)methyl)tetrahydrofuran-2-yl)-N-methoxy-N,2,2-trimethyl-1,3-dioxolane-4- TSINGHUA UNIV carboxamide"",""source_references"":[{""locator"":""Compound 8 chemical-name heading and associated source section"",""page_number"":2,""paper_id"":""paper-9737a45310e98867"",""source_id"":""archive-003"",""source_path"":""papers/paper-9737a45310e98867/supporting_information/si-002.pdf"",""source_sha256"":""b4730f4365e3d00b455f94952ec709f47c2d54e2d4be639841d951fe5b81da1c""}]}",provisional_candidates
paper-9737a45310e98867:issue:provisional_candidates:2,paper-9737a45310e98867,provisional_extraction_gap,11,"{""code"":""systematic_name_unresolved"",""paper_label"":""11"",""source_id"":""archive-003"",""source_name"":""O TBSO O 7 O O pubs.​acs.​org/​orlef7/​article-supplement/​5141493/​pdf/​ol6c01172_si_001/​ by 1-((4R,5S)-5-((2R,5R)-5-(((tert-butyldimethylsilyl)oxy)methyl)tetrahydrofuran-2-yl)-2,2-dimethyl-1,3-dioxolan-4-yl)undec-10-en-1-TSINGHUA one"",""source_references"":[{""locator"":""Compound 11 chemical-name heading and associated source section"",""page_number"":3,""paper_id"":""paper-9737a45310e98867"",""source_id"":""archive-003"",""source_path"":""papers/paper-9737a45310e98867/supporting_information/si-002.pdf"",""source_sha256"":""b4730f4365e3d00b455f94952ec709f47c2d54e2d4be639841d951fe5b81da1c""}]}",provisional_candidates
paper-9737a45310e98867:issue:provisional_candidates:3,paper-9737a45310e98867,provisional_extraction_gap,4,"{""code"":""systematic_name_unresolved"",""paper_label"":""4"",""source_id"":""archive-003"",""source_name"":""[M+Na]+ Calcd for C42H84O4Si2Na 731.5806; Found 731.5808. pubs.​acs.​org/​orlef7/​article-supplement/​5141493/​pdf/​ol6c01172_si_001/​ by Me 10 O 7 TSINGHUA OH TBSO OTBS UNIV user (R)-1-((2R,5R)-5-((5R,7S)-7-(dec-9-en-1-yl)-2,2,3,3,9,9,10,10-octamethyl-4,8-dioxa-3,9-disilaundecan-5-yl)tetrahydrofuran-2- on01-yl)tridecan-1-ol"",""source_references"":[{""locator"":""Compound 4 chemical-name heading and associated source section"",""page_number"":8,""paper_id"":""paper-9737a45310e98867"",""source_id"":""archive-003"",""source_path"":""papers/paper-9737a45310e98867/supporting_information/si-002.pdf"",""source_sha256"":""b4730f4365e3d00b455f94952ec709f47c2d54e2d4be639841d951fe5b81da1c""}]}",provisional_candidates
paper-9737a45310e98867:issue:provisional_candidates:4,paper-9737a45310e98867,provisional_extraction_gap,20,"{""code"":""systematic_name_unresolved"",""paper_label"":""20"",""source_id"":""archive-003"",""source_name"":""PhS O TSINGHUA UNIV O user on 01 (5S)-3-(but-3-en-1-yl)-5-methyl-3-(phenylthio)dihydrofuran-2(3H)-one"",""source_references"":[{""locator"":""Compound 20 chemical-name heading and associated source section"",""page_number"":9,""paper_id"":""paper-9737a45310e98867"",""source_id"":""archive-003"",""source_path"":""papers/paper-9737a45310e98867/supporting_information/si-002.pdf"",""source_sha256"":""b4730f4365e3d00b455f94952ec709f47c2d54e2d4be639841d951fe5b81da1c""}]}",provisional_candidates
paper-9737a45310e98867:issue:provisional_candidates:5,paper-9737a45310e98867,provisional_extraction_gap,5,"{""code"":""systematic_name_unresolved"",""paper_label"":""5"",""source_id"":""archive-003"",""source_name"":""O pubs.​acs.​org/​orlef7/​article-supplement/​5141493/​pdf/​ol6c01172_si_001/​ O by TSINGHUA(S)-3-(but-3-en-1-yl)-5-methylfuran-2(5H)-one"",""source_references"":[{""locator"":""Compound 5 chemical-name heading and associated source section"",""page_number"":10,""paper_id"":""paper-9737a45310e98867"",""source_id"":""archive-003"",""source_path"":""papers/paper-9737a45310e98867/supporting_information/si-002.pdf"",""source_sha256"":""b4730f4365e3d00b455f94952ec709f47c2d54e2d4be639841d951fe5b81da1c""}]}",provisional_candidates
paper-9737a45310e98867:issue:provisional_candidates:6,paper-9737a45310e98867,provisional_extraction_gap,15,"{""code"":""systematic_name_unresolved"",""paper_label"":""15"",""source_id"":""archive-003"",""source_name"":""1-yl)-5-methylfuran-2(5H)-one"",""source_references"":[{""locator"":""Compound 15 chemical-name heading and associated source section"",""page_number"":11,""paper_id"":""paper-9737a45310e98867"",""source_id"":""archive-003"",""source_path"":""papers/paper-9737a45310e98867/supporting_information/si-002.pdf"",""source_sha256"":""b4730f4365e3d00b455f94952ec709f47c2d54e2d4be639841d951fe5b81da1c""}]}",provisional_candidates
paper-9737a45310e98867:issue:provisional_candidates:7,paper-9737a45310e98867,provisional_extraction_gap,16,"{""code"":""systematic_name_unresolved"",""paper_label"":""16"",""source_id"":""archive-003"",""source_name"":""O Me 10 O 9 O OH TBSO OTBS (S)-3-((13S,15R)-13,15-bis((tert-butyldimethylsilyl)oxy)-15-((2R,5R)-5-((R)-1-hydroxytridecyl)tetrahydrofuran-2-yl)pentadecyl)-5- Downloaded from methylfuran-2(5H)-one"",""source_references"":[{""locator"":""Compound 16 chemical-name heading and associated source section"",""page_number"":12,""paper_id"":""paper-9737a45310e98867"",""source_id"":""archive-003"",""source_path"":""papers/paper-9737a45310e98867/supporting_information/si-002.pdf"",""source_sha256"":""b4730f4365e3d00b455f94952ec709f47c2d54e2d4be639841d951fe5b81da1c""}]}",provisional_candidates
paper-9737a45310e98867:issue:provisional_candidates:8,paper-9737a45310e98867,provisional_extraction_gap,18,"{""code"":""systematic_name_unresolved"",""paper_label"":""18"",""source_id"":""archive-003"",""source_name"":""1-yl)-5-methylfuran-2(5H)-one"",""source_references"":[{""locator"":""Compound 18 chemical-name heading and associated source section"",""page_number"":13,""paper_id"":""paper-9737a45310e98867"",""source_id"":""archive-003"",""source_path"":""papers/paper-9737a45310e98867/supporting_information/si-002.pdf"",""source_sha256"":""b4730f4365e3d00b455f94952ec709f47c2d54e2d4be639841d951fe5b81da1c""}]}",provisional_candidates
paper-9737a45310e98867:issue:provisional_candidates:9,paper-9737a45310e98867,provisional_extraction_gap,19,"{""code"":""systematic_name_unresolved"",""paper_label"":""19"",""source_id"":""archive-003"",""source_name"":""O Me 10 O 9 O OH TBSO OTBS (S)-3-((13S,15R)-13,15-bis((tert-butyldimethylsilyl)oxy)-15-((2R,5R)-5-((S)-1-hydroxytridecyl)tetrahydrofuran-2-yl)pentadecyl)-5- Downloaded from methylfuran-2(5H)-one"",""source_references"":[{""locator"":""Compound 19 chemical-name heading and associated source section"",""page_number"":15,""paper_id"":""paper-9737a45310e98867"",""source_id"":""archive-003"",""source_path"":""papers/paper-9737a45310e98867/supporting_information/si-002.pdf"",""source_sha256"":""b4730f4365e3d00b455f94952ec709f47c2d54e2d4be639841d951fe5b81da1c""}]}",provisional_candidates
paper-9737a45310e98867:issue:route_dataset:14-heading,paper-9737a45310e98867,source_conflict,14,"Heading calls 14 a tridecan-1-ol; drawing, oxidation procedure and HRMS require the ketone. Graph follows ketone.",route_dataset
paper-9737a45310e98867:issue:route_dataset:geometry,paper-9737a45310e98867,source_conflict,15/18,Systematic headings specify E but drawings use wavy new alkene bonds. Primary graphs leave geometry unspecified; heading-derived E alternatives are retained separately.,route_dataset
paper-9737a45310e98867:issue:route_dataset:identity,paper-9737a45310e98867,source_conflict,1,SI reports mp 70-72 C versus literature 96-98 C and optical rotation +14 versus +35. Preserve discrepancies; independent natural-product identity validation not asserted.,route_dataset
paper-9737a45310e98867:issue:route_dataset:internal-graphs,paper-9737a45310e98867,representation_boundary,stages,Seven internal graphs interpret explicit experimental transformations and are not separately drawn or characterized. No internal yield allocation from combined yields.,route_dataset
paper-9737a45310e98867:issue:route_dataset:nitrobenzoate,paper-9737a45310e98867,source_conflict,E14,Main Scheme 4 specifies para-nitrobenzoic acid; SI specifies meta. Reagent and inferred ester provisionally follow SI.,route_dataset
paper-9737a45310e98867:issue:route_dataset:quantity,paper-9737a45310e98867,source_conflict,8/5,Some source mass/mmol pairs are inconsistent with molecular formula; no normalized stoichiometry inferred.,route_dataset
paper-9737a45310e98867:issue:route_dataset:reducing-agent,paper-9737a45310e98867,source_conflict,E05,Main prose says tetrabutylammonium; main scheme and SI specify tetramethylammonium triacetoxyborohydride.,route_dataset
paper-9737a45310e98867:issue:route_dataset:temperature,paper-9737a45310e98867,source_conflict,E02/E03,Cyclization main 60 C versus SI 55 C; Grignard addition main -20 C versus SI -30 C. No reconciled numeric temperature asserted.,route_dataset
paper-9737a45310e98867:issue:route_dataset:upstream,paper-9737a45310e98867,source_boundary,9/6,Known precursor preparation lies outside the article-drawn network; no complete synthesis from commercial starting materials claimed.,route_dataset
paper-9c5caeefea123377:issue:route_dataset:10-yield,paper-9c5caeefea123377,source_conflict,10,Main assigns 93% to cross-metathesis whereas SI says over two steps; separate 9 preparation is 95%. Retain conflict rather than multiply into a claimed total.,route_dataset
paper-9c5caeefea123377:issue:route_dataset:30-yield,paper-9c5caeefea123377,yield_scope,30,First hydrostannation is 83%; 82% is two-operation overall yield. Iodine-exchange yield is not separately assigned.,route_dataset
paper-9c5caeefea123377:issue:route_dataset:8a-yield,paper-9c5caeefea123377,source_conflict,7 recycle,Main 52% over two steps versus SI 52% from isolated 8a; preceding oxidation qualitative quantitative.,route_dataset
paper-9c5caeefea123377:issue:route_dataset:LLS,paper-9c5caeefea123377,counting_boundary,operation counts,Authors report LLS 32 and total step count 93 across this and the accompanying paper. Database operation records follow reported isolations and graph-resolvable stages; these metrics are not asserted to reproduce the authors combined-paper count.,route_dataset
paper-9c5caeefea123377:issue:route_dataset:adducts,paper-9c5caeefea123377,source_conflict,42/43 HRMS,"Some doubly charged sodium entries label M+Na despite ion formula containing Na2. Full reported formula, charge and discrepant adduct label retained; formula and mass checked using both sodium ions.",route_dataset
paper-9c5caeefea123377:issue:route_dataset:conditions,paper-9c5caeefea123377,normalization_boundary,all,Reagent and solvent identities normalized; full time/temperature/stoichiometry standardization remains pending. Some scheme/procedure quantities and catalyst loadings disagree.,route_dataset
paper-9c5caeefea123377:issue:route_dataset:identity,paper-9c5caeefea123377,identity_boundary,1/40-epi-1,"Nominal 1 is not the natural-product structure. Actual 40-epi-1 differs only at C40; graphs, events and routes remain distinct.",route_dataset
paper-9c5caeefea123377:issue:route_dataset:intermediates,paper-9c5caeefea123377,representation_boundary,mesylate/AD/diol/borane,Interpreted internal graphs labeled explicitly. Partial TBS-cleavage/enol-silylation mixtures and solution organoborane speciation are not fabricated as discrete compounds.,route_dataset
paper-9c5caeefea123377:issue:route_dataset:minor,paper-9c5caeefea123377,representation_boundary,S7/11,Major source structures retained for incompletely assigned minor diastereomer mixtures; no unsupported minor configurations inferred.,route_dataset
paper-9c5caeefea123377:issue:route_dataset:scope,paper-9c5caeefea123377,source_boundary,analytical/model branches,"Successful target network, H-fragment recycle and polyol 32 preparation included. Mosher/acetonide analytical derivatisations, AB/BC model coupling studies, catalyst synthesis and silica-induced rearrangements 44/45 are outside this target-route dataset.",route_dataset
paper-9c5caeefea123377:issue:route_dataset:upstream,paper-9c5caeefea123377,source_boundary,2/38/40-epi-38/41,Detailed preparations of common epoxide 2 and A/B fragments are in the accompanying paper. Main three-operation preparation from L-aspartic acid is represented as a grouped transformation with explicitly unresolved internal graphs; A/B fragments are known source-drawn starting blocks.,route_dataset
paper-b38d789b97e61341:issue:route_dataset:analytical-boc,paper-b38d789b97e61341,representation_boundary,10/11/12,"SI page 7 describes Boc derivatization of crude RCM material for LC-MS ratios, including a repeat-unit dimer drawing. These analytical derivatives are outside the preparative target and control routes.",route_dataset
paper-b38d789b97e61341:issue:route_dataset:formula17,paper-b38d789b97e61341,source_conflict,17,"SI page 10 HRMS formula C16H24N disagrees with drawing C15H23N and m/z 218.1903, which match protonated C15H24N. Both source and graph-derived formulas are retained.",route_dataset
paper-b38d789b97e61341:issue:route_dataset:ion-formula,paper-b38d789b97e61341,source_notation,6/15,SI labels neutral formulas C13H27NO2 and C21H31NO as [M+H]+. The reported masses match their protonated ions. Neutral formulas are not treated as ion formulas.,route_dataset
paper-b38d789b97e61341:issue:route_dataset:main-missing,paper-b38d789b97e61341,source_missing,article,Main article is not present locally; full article coverage is not asserted.,route_dataset
paper-b38d789b97e61341:issue:route_dataset:mixtures,paper-b38d789b97e61341,representation_boundary,2/3/4/13,Wavy tetrahedral bonds remain unspecified; 4 is an E/Z 7:1 mixture. No E/Z ratio is inferred for final 2 from its precursor.,route_dataset
paper-b38d789b97e61341:issue:route_dataset:precursor13,paper-b38d789b97e61341,source_conflict,E06,"SI page 9 calls the starting compound 13, also the product label. The reported starting mass/mmol matches secondary amine 3; N,N-dimethyl quaternization is represented as 3 to 13, pending review.",route_dataset
paper-b38d789b97e61341:issue:route_dataset:precursor2,paper-b38d789b97e61341,source_conflict,E05,"SI page 8 calls the precursor 3. The drawn cyclic product, lactam reduction and reported precursor mass/mmol identify 4 (365.5 g/mol), not acyclic 3 (393.6 g/mol). This is an explicit interpretation pending review.",route_dataset
paper-b38d789b97e61341:issue:route_dataset:salt4,paper-b38d789b97e61341,source_conflict,4,"SI page 6 draws formic acid beside 4 but prints C24H33N3O2. Parent plus one formic acid would contain O3. The route uses the covalent parent with adduct metadata, without assigning a protonation site or corrected isolated formula.",route_dataset
paper-b38d789b97e61341:issue:route_dataset:transient,paper-b38d789b97e61341,representation_boundary,E03,The source reports the acetal-to-tetrahydro-beta-carboline preparation as one event; no unreported aldehyde intermediate is invented.,route_dataset
paper-b38d789b97e61341:issue:route_dataset:yield15,paper-b38d789b97e61341,source_incompleteness,E08,"Reported yield is 23%; the amount of amine 17 is absent. Yield is transcribed, not recomputed from the separately given acid amount.",route_dataset
paper-bcb45e24169aebc0:issue:provisional_candidates:1,paper-bcb45e24169aebc0,provisional_extraction_gap,17,"{""code"":""systematic_name_unresolved"",""paper_label"":""17"",""source_id"":""archive-002"",""source_name"":""Methyl 5-(3,5-dimethoxy-4-((triisopropylsilyl)oxy)phenyl)-6-tosyl-2,3,3a,4,5,6-hexahydro-1H-indolizino[6,5- TSINGHUA b]indole-4-carboxylate"",""source_references"":[{""locator"":""Compound 17 chemical-name heading and associated source section"",""page_number"":6,""paper_id"":""paper-bcb45e24169aebc0"",""source_id"":""archive-002"",""source_path"":""papers/paper-bcb45e24169aebc0/supporting_information/si-001.pdf"",""source_sha256"":""245408e78c3307c52b62044c473e7f6e8274a17624267459ad85ba33616d32f0""}]}",provisional_candidates
paper-bcb45e24169aebc0:issue:route_dataset:12-name,paper-bcb45e24169aebc0,source_conflict,12,SI text calls 12 an aldehyde; its drawing and systematic heading describe a methyl cinnamate ester. Graph follows the drawing.,route_dataset
paper-bcb45e24169aebc0:issue:route_dataset:S7-S2,paper-bcb45e24169aebc0,source_conflict,S7,SI header/product calls the alcohol S7; both scheme and oxidation procedure use S2. One molecular record preserves both labels.,route_dataset
paper-bcb45e24169aebc0:issue:route_dataset:absolute-claim,paper-bcb45e24169aebc0,source_conflict,22/6,"Main text claims absolute configuration confirmation for 22, while SI reports centrosymmetric P21/n for 22 and P21/c for 6. Encode relative configurations with enhanced AND groups; no enantiopure absolute identity asserted.",route_dataset
paper-bcb45e24169aebc0:issue:route_dataset:brackets,paper-bcb45e24169aebc0,representation_boundary,15/19/20,"Bracketed source-drawn imines and amino bromide are retained only as unisolated internal stages. Proposed oxidation radicals I-IV, 17-star, unfavourable 17-prime and retrosynthetic structures are not isolated syntheses.",route_dataset
paper-bcb45e24169aebc0:issue:route_dataset:crystal-water,paper-bcb45e24169aebc0,representation_boundary,6,"Crystal formula C24H28N2O8 exceeds neutral graph/HRMS C24H26N2O7 by H2O. Possible hydrate is recorded, not incorporated into the covalent graph or asserted without CIF.",route_dataset
paper-bcb45e24169aebc0:issue:route_dataset:natural-identity,paper-bcb45e24169aebc0,source_boundary,4,Compound 4 was synthesized but did not match natural isatindigotindoline B. The revised Scheme 4 structure has not been synthesized in this paper and is not a reaction product.,route_dataset
paper-bcb45e24169aebc0:issue:route_dataset:quantity,paper-bcb45e24169aebc0,source_conflict,E08/E10,SI 7 mmol BF3 etherate is paired with 281 mg; compound 12 is given as 4.13 g and 3.15 mmol in the same one-pot procedure. These inconsistent quantities are not normalized into stoichiometry.,route_dataset
paper-bcb45e24169aebc0:issue:route_dataset:upstream,paper-bcb45e24169aebc0,source_boundary,13-prime/18,The preparation of known N-tosyl acid 13-prime and acquisition/preparation of acetal 18 precede the article-drawn route boundary; commercial-start completeness is not asserted.,route_dataset
paper-be6c8cb9a5ec1a41:issue:provisional_candidates:1,paper-be6c8cb9a5ec1a41,provisional_extraction_gap,9,"{""code"":""systematic_name_unresolved"",""paper_label"":""9"",""source_id"":""archive-003"",""source_name"":""yl)-3-methyloxiran-2-yl)butanoate"",""source_references"":[{""locator"":""Compound 9 chemical-name heading and associated source section"",""page_number"":25,""paper_id"":""paper-be6c8cb9a5ec1a41"",""source_id"":""archive-003"",""source_path"":""papers/paper-be6c8cb9a5ec1a41/supporting_information/si-002.pdf"",""source_sha256"":""bd1eafec43b6cbf90236c716dc4d16d88fc63700c48541ccfad55f5b852577c5""}]}",provisional_candidates
paper-be6c8cb9a5ec1a41:issue:route_dataset:21-22,paper-be6c8cb9a5ec1a41,source_conflict,E16,"SI page 18 procedure calls substrate 22; source drawing, main scheme and substrate mass identify 21. Preserve original label and correction.",route_dataset
paper-be6c8cb9a5ec1a41:issue:route_dataset:conditions,paper-be6c8cb9a5ec1a41,source_conflict,E26/E27,Acetylation SI uses triethylamine/DMAP at room temperature versus scheme pyridine at 0 C; aldehyde oxidation procedure 4 h versus scheme 3 h. Conditions not fully normalized.,route_dataset
paper-be6c8cb9a5ec1a41:issue:route_dataset:internal,paper-be6c8cb9a5ec1a41,representation_boundary,E03/E05/E06,"Preparative sequences retain grouped hydroboration/oxidation, bromohydrin/cyclization and epoxide cleavage. Transient uncharacterized structures are not separately assigned.",route_dataset
paper-be6c8cb9a5ec1a41:issue:route_dataset:macro-yields,paper-be6c8cb9a5ec1a41,yield_scope,E25,47% belongs to monocyclized ester mixture; 18% knightol and 17% compound 25 are overall from SI-5 over cyclization and reduction. 13% macrodiolide is a separate unresolved mixture.,route_dataset
paper-be6c8cb9a5ec1a41:issue:route_dataset:minor-dimers,paper-be6c8cb9a5ec1a41,representation_boundary,SI-7-representative,One source-depicted macrodiolide component only; further stereoisomers and geometries not fully enumerated.,route_dataset
paper-be6c8cb9a5ec1a41:issue:route_dataset:mixtures,paper-be6c8cb9a5ec1a41,representation_boundary,9/SI-5/SI-6/25,Canonical component graphs do not imply pure material. 72% is combined epoxide yield after four recycling cycles. SI-6 diagnostic ratios are not automatically assigned to each subsequent isolate.,route_dataset
paper-be6c8cb9a5ec1a41:issue:route_dataset:quantities,paper-be6c8cb9a5ec1a41,source_conflict,tetraene/E22,Source tetraene crude and isolated masses are inconsistent. Recycling paragraphs contain mmol/micromol inconsistencies; do not derive normalized quantities from these.,route_dataset
paper-be6c8cb9a5ec1a41:issue:route_dataset:rotation,paper-be6c8cb9a5ec1a41,source_conflict,1/2/3,"SI page 32 mislabels knightol comparison as knightol acetate. Synthetic/natural rotations differ, especially 2 and 3; source comparison is not independent identity verification.",route_dataset
paper-be6c8cb9a5ec1a41:issue:route_dataset:targets,paper-be6c8cb9a5ec1a41,source_boundary,1/2/3,"The synthesized targets are knightol, knightol acetate and knightal. Knightine 4 and family compounds 5-8 shown for context are not synthesized.",route_dataset
paper-be6c8cb9a5ec1a41:issue:route_dataset:unassigned,paper-be6c8cb9a5ec1a41,stereochemistry_boundary,13/9/25,Unassigned phosphonate alpha configurations and epoxide 13 configuration remain unspecified. Distal epoxide components are interpreted using source diagnostic SI-6 assignments; macroester B/C and 25 new alkene geometry remains unspecified.,route_dataset
paper-bf1e3268993973fa:issue:provisional_candidates:1,paper-bf1e3268993973fa,provisional_extraction_gap,11,"{""code"":""systematic_name_unresolved"",""paper_label"":""11"",""source_id"":""archive-001"",""source_name"":""Scheme 6. Plausible Mechanism of Cyclization- performed on a JEOL JMS-700 or a JEOL JMS-T100LP Carbonylation-Cyclization Cascade spectrometer. (Z)-Oct-4-en-1-ol (14). To a stirred solution of oct-4-yn-1-ol (13)10 (1.20 g, 9.51 mmol) in MeOH (33 mL), Pd-PEI (120 mg) was added . The mixture was stirred for 22 h at room temperature under a hydrogen atmosphere (balloon). The mixture was diluted with Et2O (×2), washed with water and brine, dried, and concentrated. The residue was purified by flash chromatography on silica gel (10 g, hexane:EtOAc = 10:1) to give 14 (1.05 g, 8.19 mmol, 86%) as a colorless oil. The NMR data of 14 were identical to those previously reported.11 1H NMR (400 MHz, CDCl3) δ 5.42−5.38 (m, 2H), 3.66 (t, J = 6.4 Hz, 2H), 2.14−2.10 (m, 2H), 2.03−2.00 (m, 2H), 1.64 (quint, J = 6.8 Hz, 2H), 1.38 (sext, J = 7.2 Hz, 2H), 0.91 (t, J = 7.6 Hz, 3H); 13C{1H} NMR (100 MHz, CDCl3) δ 130.5, 129.0, 62.6, 32.6, 29.2, 23.6, 22.8, 13.7. (Z)-Oct-4-enal"",""source_references"":[{""locator"":""Compound 11 chemical-name heading and associated source section"",""page_number"":5,""paper_id"":""paper-bf1e3268993973fa"",""source_id"":""archive-001"",""source_path"":""papers/paper-bf1e3268993973fa/article/main.pdf"",""source_sha256"":""a7c02c5e12f257394d5b20c59de788b63b7748962066020ef251505c7e36bbce""}]}",provisional_candidates
paper-bf1e3268993973fa:issue:provisional_candidates:2,paper-bf1e3268993973fa,provisional_extraction_gap,9,"{""code"":""systematic_name_unresolved"",""paper_label"":""9"",""source_id"":""archive-001"",""source_name"":""−24.7 (c 0.72, CHCl3) {Lit. (enantiomer) [α]D25 +25.2 (c 1.0, chromatography on silica gel (100 g, hexane:EtOAc = 30:1) to give 8 CHCl3)};4 1H NMR (CDCl3, 400 MHz) δ 4.07 (br-s, 1H), 3.75 (s, (1.13 g, 3.47 mmol, 87%) as a colorless oil. [α]D23 +18.7 (c 1.065, 3H), 3.50 (s, 2H), 2.76−2.61 (m, 3H), 1.53−1.20 (m, 12H), 0.88 (t, J CHCl3); 1H NMR (400 MHz, CDCl3) δ 5.46−5.39 (m, 1H), 5.36− = 6.8 Hz, 3H); 13C{1H} NMR (CDCl3, 100 MHz) δ 203.6, 167.3, 5.30 (m, 1H), 4.22−4.10 (m, 2H), 2.81 (ddd, J = 17.2, 6.0, 1.6 Hz, 67.5, 52.4, 49.6 (2C), 36.4, 31.7, 29.4, 29.2, 25.4, 22.6, 14.1. 1H), 2.44 (dd, J = 17.2, 8.0 Hz, 1H), 2.45−2.18 (m, 2H), 2.15−2.09 Methyl (3S,5R,Z)-3,5-Dihydroxydodec-8-enoate"",""source_references"":[{""locator"":""Compound 9 chemical-name heading and associated source section"",""page_number"":7,""paper_id"":""paper-bf1e3268993973fa"",""source_id"":""archive-001"",""source_path"":""papers/paper-bf1e3268993973fa/article/main.pdf"",""source_sha256"":""a7c02c5e12f257394d5b20c59de788b63b7748962066020ef251505c7e36bbce""}]}",provisional_candidates
paper-bf1e3268993973fa:issue:provisional_candidates:3,paper-bf1e3268993973fa,provisional_extraction_gap,7,"{""code"":""systematic_name_unresolved"",""paper_label"":""7"",""source_id"":""archive-001"",""source_name"":""1284, 1254, 1156, 1099, 1040 cm−1; HRMS (FAB) calcd for 69.8, 68.5, 55.6, 55.3, 42.5, 36.9, 36.1, 35.2, 31.5, 29.3, 25.9 (3C), C25H50O5SiNa [(M+Na)+] 481.3325, found 481.3325. 25.8, 25.1, 22.8, 22.6, 18.0, 14.5, 14.0, 13.8, −4.2, −4.4; FTIR (KBr) (5R,7S)-5-((Z)-Hept-3-en-1-yl)-7-(2-Iodoethyl)-9,9,10,10-tet- 3440, 2946, 2867, 1515, 1469, 1250, 1144, 1086, 1040 cm−1; HRMS ramethyl-2,4,8-trioxa-9-silaundecane"",""source_references"":[{""locator"":""Compound 7 chemical-name heading and associated source section"",""page_number"":8,""paper_id"":""paper-bf1e3268993973fa"",""source_id"":""archive-001"",""source_path"":""papers/paper-bf1e3268993973fa/article/main.pdf"",""source_sha256"":""a7c02c5e12f257394d5b20c59de788b63b7748962066020ef251505c7e36bbce""}]}",provisional_candidates
paper-bf1e3268993973fa:issue:provisional_candidates:4,paper-bf1e3268993973fa,provisional_extraction_gap,11,"{""code"":""systematic_name_unresolved"",""paper_label"":""11"",""source_id"":""archive-002"",""source_name"":""CDCl3) δ 5.42-5.38 (m, 2H), 3.66 (t, J = 6.4 Hz, 2H), 2.14-2.10 (m, 2H), 2.03-2.00 (m, 2H), 1.64 (quint, J = 6.8 Hz, 2H), 1.38 (sext, J = 7.2 Hz, 2H), 0.91 (t, J = 7.6 Hz, 3H); 13C{1H} NMR (100 MHz, CDCl3) δ 130.5, 129.0, 62.6, 32.6, 29.2, 23.6, 22.8, pubs.​acs.​org/​joceah/​article-supplement/​5158525/​pdf/​jo6c00752_si_001/​ 13.7. by TSINGHUA (Z)-Oct-4-enal"",""source_references"":[{""locator"":""Compound 11 chemical-name heading and associated source section"",""page_number"":2,""paper_id"":""paper-bf1e3268993973fa"",""source_id"":""archive-002"",""source_path"":""papers/paper-bf1e3268993973fa/supporting_information/si-001.pdf"",""source_sha256"":""272c537417304be4d8b55f4356e5eb73a4f1b89cd6cd840cd182953e215dbb28""}]}",provisional_candidates
paper-bf1e3268993973fa:issue:provisional_candidates:5,paper-bf1e3268993973fa,provisional_extraction_gap,24,"{""code"":""systematic_name_unresolved"",""paper_label"":""24"",""source_id"":""archive-002"",""source_name"":""14.6, 14.0, 13.8; FTIR (KBr) 3325, 2976, 2942, 1722, 1640, 1615, 1415, 1335, 1171, 1126, 1056, 1034 cm-1; HRMS (FAB) pubs.​acs.​org/​joceah/​article-supplement/​5158525/​pdf/​jo6c00752_si_001/​ calcd for C34H62N3O9S [(M+H)+] 688.4207, found 688.4208. by TSINGHUA5. Experiments in Scheme 5 UNIV user Methyl (3S,7S,Z)-1-((tert-butoxycarbonyl)imino)-3-((Z)-hept-3-en-1-yl)-7-((R,Z)-2- on 01 (methoxymethoxy)non-5-en-1-yl)-1,2,3,5,6,7-hexahydropyrrolo[1,2-c]pyrimidine-4-carboxylate"",""source_references"":[{""locator"":""Compound 24 chemical-name heading and associated source section"",""page_number"":13,""paper_id"":""paper-bf1e3268993973fa"",""source_id"":""archive-002"",""source_path"":""papers/paper-bf1e3268993973fa/supporting_information/si-001.pdf"",""source_sha256"":""272c537417304be4d8b55f4356e5eb73a4f1b89cd6cd840cd182953e215dbb28""}]}",provisional_candidates
paper-bf1e3268993973fa:issue:route_dataset:THP,paper-bf1e3268993973fa,stereochemistry_boundary,4/S7/S8,THP acetal stereochemistry and hydroxyguanidine protecting-group imino geometry are not assigned by source. Preserve unspecified stereo.,route_dataset
paper-bf1e3268993973fa:issue:route_dataset:ee,paper-bf1e3268993973fa,source_conflict,17a/6a,"Main Scheme 2 claims 98% ee at 17a, while SI HPLC of 6a gives 96% ee. Preserve measured downstream value without assigning pure enantiomer status.",route_dataset
paper-bf1e3268993973fa:issue:route_dataset:known-precursors,paper-bf1e3268993973fa,source_boundary,4/12/13,Known hydroxyguanidine alcohol 4 and cited precursor preparations remain upstream boundaries; not commercial-start completeness.,route_dataset
paper-bf1e3268993973fa:issue:route_dataset:lactone-solvent,paper-bf1e3268993973fa,source_conflict,S2,SI scheme says toluene; SI procedure and main scheme say benzene. Use procedure solvent and preserve discrepancy.,route_dataset
paper-bf1e3268993973fa:issue:route_dataset:lactone-yield,paper-bf1e3268993973fa,source_conflict,8,"Main reports 74% over lactonization/protection, but SI isolated yields are 90% and 87%. Store stage yields without forcing agreement.",route_dataset
paper-bf1e3268993973fa:issue:route_dataset:locant-typo,paper-bf1e3268993973fa,source_conflict,Tables 1/2,"Main comparison headings repeat locant 15 where position 10 is intended. Core configuration follows scheme and explicit 8R,10S,15S conclusion.",route_dataset
paper-bf1e3268993973fa:issue:route_dataset:mixture,paper-bf1e3268993973fa,yield_scope,9/syn-9,97% refers to anti:syn 88:12 combined material before second chromatography. Only anti-9 proceeds to lactonization; no individual yields inferred.,route_dataset
paper-bf1e3268993973fa:issue:route_dataset:quantities,paper-bf1e3268993973fa,source_conflict,S4,Source reports quantitative S4 although product amount exceeds input in mmol; retain qualitative yield without deriving a numeric value.,route_dataset
paper-bf1e3268993973fa:issue:route_dataset:revision,paper-bf1e3268993973fa,source_boundary,2a/2b,"This work synthesizes revised 8R,10S,15S structures 2a/2b. Proposed structures 1a/1b and mechanistic intermediates are not forward-synthesis products in this dataset.",route_dataset
paper-bf1e3268993973fa:issue:route_dataset:salt,paper-bf1e3268993973fa,representation_boundary,2a/2b,"Canonical SMILES retain dication and two trifluoroacetate counterions drawn in source; HRMS uses neutral-parent [M+H]+, not entire salt mass.",route_dataset
paper-bf1e3268993973fa:issue:route_dataset:target-yield,paper-bf1e3268993973fa,source_conflict,2a,SI gives 56% deprotection and different rotation than main 55%; preserve SI as primary and main as conflicting claim.,route_dataset
paper-bf1e3268993973fa:issue:route_dataset:unisolated,paper-bf1e3268993973fa,representation_boundary,19-alcohol/22a-amine/22b-amine,Structures interpret explicitly described unisolated primary alcohol and free amine preparations; no separate isolated yields assigned.,route_dataset
paper-bf43bfa09423bcac:issue:route_dataset:14c-label,paper-bf43bfa09423bcac,source_conflict,15c,SI page 24 scheme calls acid 14c; procedure and earlier preparation identify 14b. Route follows 14b.,route_dataset
paper-bf43bfa09423bcac:issue:route_dataset:1c-yield,paper-bf43bfa09423bcac,source_conflict,1c,Main and SI schemes report 20% over four steps; SI isolation paragraph says 67% with unresolved denominator. Half of crude sample proceeds to final step. Do not allocate 67% to an individual stage.,route_dataset
paper-bf43bfa09423bcac:issue:route_dataset:8-quantity,paper-bf43bfa09423bcac,source_conflict,8,SI gives 1.09 mmol of 8 from 1.03 mmol S11 and describes quantitative yield. Retain qualitative yield; do not calculate >100%.,route_dataset
paper-bf43bfa09423bcac:issue:route_dataset:carbonate,paper-bf43bfa09423bcac,source_conflict,13 deprotection,"Main prose says potassium carbonate, while main scheme and all SI procedures specify sodium carbonate; record sodium carbonate with discrepancy.",route_dataset
paper-bf43bfa09423bcac:issue:route_dataset:conditions,paper-bf43bfa09423bcac,source_conflict,10/5a/1c,"Several scheme/procedure durations differ: acylation 10 h vs 15 h, 5a nitrosation 2 h vs 1 h, 1c cyclization 8 vs 10 min and nitrosation 1 vs 2 h. Conditions not fully normalized.",route_dataset
paper-bf43bfa09423bcac:issue:route_dataset:epimerization,paper-bf43bfa09423bcac,review_boundary,C25,Authors report no C25 epimerization by comparison/UPLC; retain source configuration but independent stereochemical review remains pending.,route_dataset
paper-bf43bfa09423bcac:issue:route_dataset:known-starts,paper-bf43bfa09423bcac,source_boundary,S1/S3/S11,Known precursors are cited to earlier literature; their upstream preparations are not in this dataset.,route_dataset
paper-bf43bfa09423bcac:issue:route_dataset:protected-intermediates,paper-bf43bfa09423bcac,representation_boundary,internal stages,"Unisolated acid, protected amide, amino alcohol, deprotected beta-ketoamide, tetramic and nitroso graphs interpret explicit operations. No individual yields assigned.",route_dataset
paper-bf43bfa09423bcac:issue:route_dataset:rotation,paper-bf43bfa09423bcac,source_conflict,1a,Specific rotation changes after silica short-pass; authors suggest different zwitterion/tautomer populations. Record source graphs without asserting identity from rotation alone.,route_dataset
paper-bf43bfa09423bcac:issue:route_dataset:sample-splits,paper-bf43bfa09423bcac,yield_scope,5a/5b/1b/1c,"Only fractions of crude nitroso material proceed to final hydrogenolysis; preserve source yields and fractions, no batch-wide extrapolation.",route_dataset
paper-bf43bfa09423bcac:issue:route_dataset:stability,paper-bf43bfa09423bcac,representation_boundary,1a,"SI acid-stability experiment reports hydrolysis without fully assigned product structure/yield; retained as analytical metadata, not a preparative target branch.",route_dataset
paper-bf43bfa09423bcac:issue:route_dataset:tautomers,paper-bf43bfa09423bcac,representation_boundary,1a/1c/5a/5b/1b,"Primary canonical graphs use main source-drawn ring-enol forms; SI pages 21 and 26 draw alternate exocyclic enols for 1a/1c, retained as canonical alternate representations. No tautomer collapse or unique solution-species assertion.",route_dataset
paper-bff74b7b8a828b65:issue:route_dataset:S1-yield,paper-bff74b7b8a828b65,source_conflict,F01,SIp8 scheme79% vs p9 prose69%. Source47.4mmol from60mmol is consistent with79%; retain explicit conflict.,route_dataset
paper-bff74b7b8a828b65:issue:route_dataset:S2-identity,paper-bff74b7b8a828b65,source_conflict,E08,"Main text calls vinylmagnesium bromide; actual Scheme2/SIp9 reagent is the Grignard from S2, bearing a two-carbon OTBS side chain.",route_dataset
paper-bff74b7b8a828b65:issue:route_dataset:independent-review,paper-bff74b7b8a828b65,review_pending,all,Source-bound facts require independent chemist review.,route_dataset
paper-bff74b7b8a828b65:issue:route_dataset:racemate,paper-bff74b7b8a828b65,representation_boundary,all,Source relative stereochemistry is encoded as one representative of racemic products; no enantiopure claim.,route_dataset
paper-bff74b7b8a828b65:issue:route_dataset:scope,paper-bff74b7b8a828b65,representation_boundary,all,Mechanistic conformers B1-B9 and optimization rows reuse structures or are unisolated hypotheses; do not create invented intermediates.,route_dataset
paper-bff74b7b8a828b65:issue:route_dataset:source-masses,paper-bff74b7b8a828b65,source_conflict,16/3,"SIp19 says140.6mg=0.2835mol (unit error). SIp29 labels penicibilaene B as2 instead of3 and HRMS301.7774/301.7770 conflicts with C17H26O3Na calculated301.1774. Graph/formula retained, no invented corrected observed mass.",route_dataset
paper-c2d9ec46e06369bf:issue:provisional_candidates:1,paper-c2d9ec46e06369bf,provisional_extraction_gap,6,"{""code"":""systematic_name_unresolved"",""paper_label"":""6"",""source_id"":""archive-001"",""source_name"":""Hz), 1.41−1.29 (4H, m), 0.93 (3H, t, J = 6.8 Hz); 13C NMR (100 MHz, (2H, m), 2.12 (1H, dd, J = 12.8, 2.0 Hz), 2.03−1.92 (2H, m), 1.40− CD3OD): δ 199.9, 153.9, 143.8, 134.3, 127.5, 68.7, 67.7, 54.4, 41.2, 1.21 (6H, m), 0.91 (9H, s), 0.88 (3H, t, J = 7.2 Hz), 0.14 (3H, s), 0.08 34.9, 32.6, 29.7, 23.6, 14.4; HRMS (ESI-TOF) m/z: [M + Na]+ Calcd (3H, s); 13C NMR (100 MHz, CDCl3): δ 205.8, 133.0, 130.1, 70.5, for C14H22NaO4+, 277.1410; found, 277.1417. 62.8, 54.9, 49.0, 38.0, 32.4, 31.4, 28.8, 25.7 (3C), 22.5, 18.0, 14.0, −4.5, (3aS,7R,7aR)-7-((E)-Hept-1-en-1-yl)-2,2-dimethyltetrahydrobenzo- −4.7; HRMS (ESI-TOF) m/z: [M + Na]+ Calcd for C19H34NaO3Si+, [d][1,3]dioxol-5(4H)-one"",""source_references"":[{""locator"":""Compound 6 chemical-name heading and associated source section"",""page_number"":6,""paper_id"":""paper-c2d9ec46e06369bf"",""source_id"":""archive-001"",""source_path"":""papers/paper-c2d9ec46e06369bf/article/main.pdf"",""source_sha256"":""df13b9a8e23a9583be5baca8c773906501a27031468818f7d101a9c6627fe7b1""}]}",provisional_candidates
paper-c2d9ec46e06369bf:issue:provisional_candidates:2,paper-c2d9ec46e06369bf,provisional_extraction_gap,16,"{""code"":""systematic_name_unresolved"",""paper_label"":""16"",""source_id"":""archive-001"",""source_name"":""CHCl3); IR νmax (cm−1): 3393 (br), 2926 (m), 1659 (s), 1629 (s); 1H 22.5, 18.1, 14.0, −4.3, −4.5; HRMS (ESI-TOF) m/z: [M + Na]+ Calcd NMR (400 MHz, CDCl3): δ 6.48 (1H, dt, J = 16.0, 7.2 Hz), 6.09 (1H, for C25H38NaO3SeSi+, 517.1647; found, 517.1666. d, J = 16.0 Hz), 5.77 (1H, d, J = 0.8 Hz), 4.96 (1H, d, J = 8.4 Hz), 3.84 (1R,3R,4R,5R,6S)-5-((tert-Butyldimethylsilyl)oxy)-4-((E)-hept-1-en-(1H, dd, J = 3.6, 2.0 Hz), 3.42−3.41 (1H, m), 2.55 (1H, d, J = 8.4 Hz), 1-yl)-3-(hydroxymethyl)-3-(phenylselanyl)-7-oxabicyclo[4.1.0]heptan-2-2.20 (2H, q, J = 7.2 Hz), 1.46 (2H, quintet, J = 7.2 Hz), 1.38−1.24 (4H, one"",""source_references"":[{""locator"":""Compound 16 chemical-name heading and associated source section"",""page_number"":7,""paper_id"":""paper-c2d9ec46e06369bf"",""source_id"":""archive-001"",""source_path"":""papers/paper-c2d9ec46e06369bf/article/main.pdf"",""source_sha256"":""df13b9a8e23a9583be5baca8c773906501a27031468818f7d101a9c6627fe7b1""}]}",provisional_candidates
paper-c2d9ec46e06369bf:issue:route_dataset:formula-16,paper-c2d9ec46e06369bf,source_conflict,16,"Source HRMS formula prints C26H40NaO3SeSi+; drawing/name and reported calculated 547.1753 require O4. Canonical graph uses O4, while the original printed formula is preserved in the HRMS observation.",route_dataset
paper-c2d9ec46e06369bf:issue:route_dataset:known-start,paper-c2d9ec46e06369bf,scope,4,Enone 4 is cited to earlier literature. No commercial-start completeness is claimed.,route_dataset
paper-c2d9ec46e06369bf:issue:route_dataset:mixtures,paper-c2d9ec46e06369bf,representation,3alpha/3beta and 11/12,"3 is a 3:1 mixture with 68% combined yield, not 68% for each stereoisomer. Epoxidation products 11/12 use their individually reported isolated yields. Dot-separated reaction endpoints do not imply stoichiometric atom balance.",route_dataset
paper-c2d9ec46e06369bf:issue:route_dataset:pyridine,paper-c2d9ec46e06369bf,source_conflict,V15,Scheme 3 lists pyridine; experimental procedure for 20 does not. Procedure agents are retained and this difference remains explicit.,route_dataset
paper-c2d9ec46e06369bf:issue:route_dataset:quantities,paper-c2d9ec46e06369bf,source_conflict,15/17/1-RS and formaldehyde,"Several mass/mmol pairs do not agree with the assigned formulas (e.g. 15, 17, final 1-RS); final MBH formaldehyde amount also differs from concentration/volume. Reported yields are retained, quantities are not silently repaired.",route_dataset
paper-c2d9ec46e06369bf:issue:route_dataset:review,paper-c2d9ec46e06369bf,review_pending,all structures,Local OPSIN resolves source systematic names; source drawings and formula checks were compared. Independent chemist review remains pending.,route_dataset
paper-c2d9ec46e06369bf:issue:route_dataset:side-products,paper-c2d9ec46e06369bf,scope,7/9,"Scheme-only side products have no reported isolated yields; Se-bearing center of 7 is unspecified. No arbitrary yield, reagent identity or stereochemistry is filled in.",route_dataset
paper-c2d9ec46e06369bf:issue:route_dataset:structure-revision,paper-c2d9ec46e06369bf,identity,1-RR / 1-RS,"Natural violaceoid E is revised to (4R,5R)-1; (4R,5S)-1 is the synthesized proposed structure and not the natural-product assignment.",route_dataset
paper-c4c0d668b9a2b9f7:issue:provisional_candidates:1,paper-c4c0d668b9a2b9f7,provisional_extraction_gap,16,"{""code"":""systematic_name_unresolved"",""paper_label"":""16"",""source_id"":""archive-001"",""source_name"":""methoxyphenoxy)tetrahydro-2H-pyran-3,4,5-triyl triacetate"",""source_references"":[{""locator"":""Compound 16 chemical-name heading and associated source section"",""page_number"":6,""paper_id"":""paper-c4c0d668b9a2b9f7"",""source_id"":""archive-001"",""source_path"":""papers/paper-c4c0d668b9a2b9f7/supporting_information/si-001.pdf"",""source_sha256"":""8ee96cb227c536e043dca0d5ada32ff08c5429ba887e8863487b3fa401977a3e""}]}",provisional_candidates
paper-c4c0d668b9a2b9f7:issue:provisional_candidates:2,paper-c4c0d668b9a2b9f7,provisional_extraction_gap,18,"{""code"":""source_section_contains_other_intermediate_product"",""page_number"":11,""paper_label"":""18"",""source_id"":""archive-001""}",provisional_candidates
paper-c4c0d668b9a2b9f7:issue:route_dataset:conditions,paper-c4c0d668b9a2b9f7,source_conflict,23/E09/E10,Source drawings show butyl mesylate and THF; prose calls 23 a halogenated alkane and uses DMF. Drawn reagent retained; procedure solvent recorded.,route_dataset
paper-c4c0d668b9a2b9f7:issue:route_dataset:donors,paper-c4c0d668b9a2b9f7,source_incompleteness,6/7,Missing glycosyl donor structures prevent complete routes; do not infer donors from product structure or molecular weight.,route_dataset
paper-c4c0d668b9a2b9f7:issue:route_dataset:main,paper-c4c0d668b9a2b9f7,source_incompleteness,article,Main article unavailable; target paths remain disconnected at missing glycosylation events.,route_dataset
paper-c4c0d668b9a2b9f7:issue:route_dataset:mixtures,paper-c4c0d668b9a2b9f7,representation_boundary,11/21/22,"Separate E/Z graph records represent mixture components, not separately isolated yields. Product 22 immediately used crude.",route_dataset
paper-c4cb813fe92c2654:issue:provisional_candidates:1,paper-c4cb813fe92c2654,provisional_extraction_gap,8,"{""code"":""systematic_name_unresolved"",""paper_label"":""8"",""source_id"":""archive-001"",""source_name"":""prepared (2-isopropylbut-3-en-1-yl) magnesium bromide [prepared from 3-(bromomethyl)-4-methylpent-1-ene"",""source_references"":[{""locator"":""Compound 8 chemical-name heading and associated source section"",""page_number"":6,""paper_id"":""paper-c4cb813fe92c2654"",""source_id"":""archive-001"",""source_path"":""papers/paper-c4cb813fe92c2654/supporting_information/si-001.pdf"",""source_sha256"":""8fbe4159fc7b128ff62b4d4a0ced698f5e1ca633dfb5b17269e1ebdcb428df17""}]}",provisional_candidates
paper-c4cb813fe92c2654:issue:route_dataset:22-perspective,paper-c4cb813fe92c2654,representation_limit,S1/22/23,Perspective scheme does not unambiguously assign newly formed C7 OH; left unassigned pending independent review.,route_dataset
paper-c4cb813fe92c2654:issue:route_dataset:30-yield,paper-c4cb813fe92c2654,source_conflict,30,SI 5 scheme 87%; SI 20 experimental isolated yield 86% retained.,route_dataset
paper-c4cb813fe92c2654:issue:route_dataset:42-HRMS,paper-c4cb813fe92c2654,source_conflict,42,"SI 25 C26H44NaO3Si formula has nominal [M+Na]+ near455, but m/z499.2952 reported; graph-derived neutral formula retained.",route_dataset
paper-c4cb813fe92c2654:issue:route_dataset:boundary,paper-c4cb813fe92c2654,coverage_gap,8/44/(-)-8,Known feed preparation not reproduced in available SI; complete commercial-start route cannot be asserted.,route_dataset
paper-c4cb813fe92c2654:issue:route_dataset:independent-review,paper-c4cb813fe92c2654,review_pending,all,Source-bound facts require independent chemist review.,route_dataset
paper-c4cb813fe92c2654:issue:route_dataset:rotation-derivative,paper-c4cb813fe92c2654,source_conflict,(+)-7a,"SI 34 prose calls derivative (+)-15, but structure, crystallographic caption and SI 36 identify (+)-7a.",route_dataset
paper-c4cb813fe92c2654:issue:route_dataset:sample-stereo,paper-c4cb813fe92c2654,representation_limit,racemic and enriched series,Racemic source wedges encode relative stereo using one enantiomer. Unknown alcohol and control centers remain unassigned. No ee may be inferred from rotations.,route_dataset
paper-c68b92dcce0b5753:issue:provisional_candidates:1,paper-c68b92dcce0b5753,provisional_extraction_gap,2,"{""code"":""systematic_name_unresolved"",""paper_label"":""2"",""source_id"":""archive-001"",""source_name"":""Scheme 4. a) Synthetic Attempts for Inversion of C2-Hydroxy. b) Total Synthesis of (−)-Palhinine C"",""source_references"":[{""locator"":""Compound 2 chemical-name heading and associated source section"",""page_number"":4,""paper_id"":""paper-c68b92dcce0b5753"",""source_id"":""archive-001"",""source_path"":""papers/paper-c68b92dcce0b5753/article/main.pdf"",""source_sha256"":""164e728edc844b85e599f7689b4cebab4c448aaadf0f466c63cfab2c313b6bae""}]}",provisional_candidates
paper-c68b92dcce0b5753:issue:route_dataset:24-yield,paper-c68b92dcce0b5753,source_conflict,22/23/24,Scheme 3 reports 36% (ent 41%) over three operations from 22; narrative reports 50% for cyclization. No individual 23-to-24 yield is asserted from scheme aggregate.,route_dataset
paper-c68b92dcce0b5753:issue:route_dataset:6-25-typo,paper-c68b92dcce0b5753,source_conflict,6/25,Narrative calls DMP product 25; Scheme 3 clearly assigns diketone 6 and subsequent deprotection/hemiaminal product 25.,route_dataset
paper-c68b92dcce0b5753:issue:route_dataset:SI-unavailable,paper-c68b92dcce0b5753,representation_boundary,all,Local SI missing. Only main-paper schemes and narrative reviewed; no claim of full experimental-condition coverage.,route_dataset
paper-c68b92dcce0b5753:issue:route_dataset:independent-review,paper-c68b92dcce0b5753,review_pending,all,Source-bound facts require independent chemist review.,route_dataset
paper-c68b92dcce0b5753:issue:route_dataset:upstream,paper-c68b92dcce0b5753,representation_boundary,10/11,"Two-step conversion is only referenced (ref 7), although aggregate yield 69% is given. Do not invent reagents or intervening structures.",route_dataset
paper-cb317959e8cba4c0:issue:route_dataset:38-YIELD,paper-cb317959e8cba4c0,source_conflict,38-E/38-Z,"94% is combined E/Z=2.7:1 product over two steps, never assigned individually.",route_dataset
paper-cb317959e8cba4c0:issue:route_dataset:65-FEED,paper-cb317959e8cba4c0,source_conflict,65/66,SI67 says methyl ester52 but mass20mg/40.8umol matches53; SI69 says64 though main Scheme13 explicitly includes MOM cleavage before reduction/deprotection. Network follows drawn MOM-cleaved53/S21; no silent replacement of the conflicting prose.,route_dataset
paper-cb317959e8cba4c0:issue:route_dataset:ALTERNATIVE-PREPS,paper-cb317959e8cba4c0,representation_boundary,12/19/20,"THP analogues12/19 lack detailed preparation procedures in available SI;20 is mechanistic proposal, not isolated.",route_dataset
paper-cb317959e8cba4c0:issue:route_dataset:BENTHOL-COVERAGE,paper-cb317959e8cba4c0,representation_boundary,target1,Full benthol A assembly and fragment C belong to the accompanying paper; never infer those operations from retrosynthetic schemes.,route_dataset
paper-cb317959e8cba4c0:issue:route_dataset:DIHYDROXY-MINORS,paper-cb317959e8cba4c0,representation_boundary,34/S12,"SI33 reports10% combined three minor diastereomers without unique structures/configuration, retained only as unresolved mixture.",route_dataset
paper-cb317959e8cba4c0:issue:route_dataset:S10-NAME,paper-cb317959e8cba4c0,source_conflict,S10,"SI25-27 uses the S10 heading across a characterized PMB-protected intermediate and final primary alcohol; these are retained as S10-PMB and S10, respectively.",route_dataset
paper-cb317959e8cba4c0:issue:route_dataset:S19-BYPRODUCT,paper-cb317959e8cba4c0,representation_boundary,41,SI46 reports an11% partially TBS-deprotected by-product without identifying which TBS group; no invented unique structure is assigned.,route_dataset
paper-cb317959e8cba4c0:issue:route_dataset:S22-MASS,paper-cb317959e8cba4c0,source_conflict,68,"SI72 prints ester S22 259.0 g /0.36mmol; incompatible scale is retained as a source typo, not an extraction quantity.",route_dataset
paper-cb317959e8cba4c0:issue:route_dataset:independent-review,paper-cb317959e8cba4c0,review_pending,all,Source-bound facts require independent chemist review.,route_dataset
paper-d035a83486621e1f:issue:provisional_candidates:1,paper-d035a83486621e1f,provisional_extraction_gap,30,"{""code"":""systematic_name_unresolved"",""paper_label"":""30"",""source_id"":""archive-003"",""source_name"":""Characterization for 1-Ms 4-TIPS gnetin C"",""source_references"":[{""locator"":""Compound 30 chemical-name heading and associated source section"",""page_number"":2,""paper_id"":""paper-d035a83486621e1f"",""source_id"":""archive-003"",""source_path"":""papers/paper-d035a83486621e1f/supporting_information/si-002.pdf"",""source_sha256"":""e1f110823f4e2121c292d9de08313543fc9d337c87d00bd40d341e01030fc03b""}]}",provisional_candidates
paper-d035a83486621e1f:issue:provisional_candidates:2,paper-d035a83486621e1f,provisional_extraction_gap,30,"{""code"":""systematic_name_unresolved"",""paper_label"":""30"",""source_id"":""archive-003"",""source_name"":""Procedure B: Microwave Reactor: In a flame-dried 0.5-2 mL microwave vial was added stilbene (20 mg, 65 µmol, 1.0 equiv), bis-quinone methide dimer (140 mg, 82 µmol, 1.25 equiv), and acetone (2.0 mL, 0.025M). The tube was capped, and the mixture was reacted at 100 °C for 16 hours with stirring in a Biotage Initiator+ microwave reactor. The crude was transferred to a round bottom flask and concentrated in vacuo and purified by flash chromatography over SiO2 (0%-30% EtOAc in Hexanes) to afford 1-Ms 4-TIPS ε-viniferin (31) as a light tan foam (46 mg, 57%) and 1-MS 4-TIPS gnetin C (30) (8.8 mg, 11%) as a light tan foam.Characterization for 1-Ms 4-TIPS gnetin C"",""source_references"":[{""locator"":""Compound 30 chemical-name heading and associated source section"",""page_number"":44,""paper_id"":""paper-d035a83486621e1f"",""source_id"":""archive-003"",""source_path"":""papers/paper-d035a83486621e1f/supporting_information/si-002.pdf"",""source_sha256"":""e1f110823f4e2121c292d9de08313543fc9d337c87d00bd40d341e01030fc03b""}]}",provisional_candidates
paper-d035a83486621e1f:issue:route_dataset:hrms-errors,paper-d035a83486621e1f,source_conflict,11/S4,"SI p7 [M+NH4]+ calculated 402.0681, found 407.0677, with neutral formula listed. SI p27 S4 formula is printed C29H24O8S, inconsistent with the four-TIPS drawing and m/z 853.6197. Source values are not silently corrected.",route_dataset
paper-d035a83486621e1f:issue:route_dataset:independent-review,paper-d035a83486621e1f,review_pending,all,Source-bound facts require independent chemist review.,route_dataset
paper-d035a83486621e1f:issue:route_dataset:label-collisions,paper-d035a83486621e1f,source_conflict,S1/S2/8/9/36,"SI p4 S1 and S2 are literature substrates, distinct from S1 p11 and S2 p19. SI contents list ampelopsin B as 7, F as 8 and protected F as 37; actual preparation headings and article use 8, 9, 36. Dedicated LIT-S1 and 15 identifiers prevent collision.",route_dataset
paper-d035a83486621e1f:issue:route_dataset:literature-boundary,paper-d035a83486621e1f,representation_boundary,LIT-S1/15,SI p4 supplies literature-derived precursors; upstream preparations are outside this paper. Network completeness does not mean commercial-start completeness.,route_dataset
paper-d035a83486621e1f:issue:route_dataset:mass-amount-errors,paper-d035a83486621e1f,source_conflict,SI preparations,SI p11 repeats 9.1 g/99% from TIPS despite lower TBS molar mass; p36 substrate masses and micromoles inconsistent; p48 gives 89 mg as 0.769 mmol (tenfold inconsistency); p42 and p54 mass/amount annotations also inconsistent. Reported percentages preserved without deriving missing quantities.,route_dataset
paper-d035a83486621e1f:issue:route_dataset:mechanism-boundary,paper-d035a83486621e1f,representation_boundary,22-29/33-34,"Mechanistic radicals, resonance forms, transition states and hypothetical intermediates in Figures 3C/4B are not isolated preparative nodes. Figure 1 prior work is contextual, not this paper's synthesis.",route_dataset
paper-d035a83486621e1f:issue:route_dataset:mesyl-reagent,paper-d035a83486621e1f,source_conflict,E08,Article p3 says MsCl for direct monomesylation; SI p18 scheme and procedure use methanesulfonic anhydride (Ms2O). SI reagent retained.,route_dataset
paper-d035a83486621e1f:issue:route_dataset:mesyl-yield,paper-d035a83486621e1f,source_conflict,14,Article Figure 2 and text give 94% over two steps. SI p19 gives 80% isolated S2 mesylation and p16 94% desilylation. Separate SI preparations retained; do not multiply/reassign as article combined yield.,route_dataset
paper-d035a83486621e1f:issue:route_dataset:minor-regioisomer-yield,paper-d035a83486621e1f,source_conflict,17,Article p3 narrative gives 10%; Figure 2 table and SI p21 give 14%. Dataset uses explicit SI preparation 14%.,route_dataset
paper-d035a83486621e1f:issue:route_dataset:mixture-boundary,paper-d035a83486621e1f,representation_boundary,18/19,18 is a 1:1 diastereomer mixture. 19 is qNMR-quantified in inseparable crude with S4 and remaining 18; no isolated single-component purity implied.,route_dataset
paper-d035a83486621e1f:issue:route_dataset:stereo-boundary,paper-d035a83486621e1f,review_pending,all dimers,DHB wedges represent relative configuration; absolute enantiomer not assigned. BQM mixture stereochemistry and ampelopsin F perspective stereochemistry are not encoded as resolved stereoisomers.,route_dataset
paper-d035a83486621e1f:issue:route_dataset:timing-temperature,paper-d035a83486621e1f,source_conflict,multiple,Differences between schemes and SI prose: 19 10 vs 16 h; 2 65 C vs 80 C bath; 8 40 vs 48 h; 4 and 32 65 C vs 70 C bath; 31 microwave 10 vs 16 h; 3 66 C vs 80 C bath; 36 4 vs 3 h; 9 65 C vs 70 C bath. Scheme solution temperatures and bath settings are not assumed identical.,route_dataset
paper-d137f8265a6d2e32:issue:route_dataset:SI20-NaOH,paper-d137f8265a6d2e32,source_conflict,C01,Scheme states40%NaOH; prose10%. Source calls89% over2steps despite benzylation/hydrolysis/amidation operations.,route_dataset
paper-d137f8265a6d2e32:issue:route_dataset:SI22-label,paper-d137f8265a6d2e32,source_conflict,7,"Paragraph calls thioacetal7 compound13, inconsistent with scheme and subsequent Hauser product13. Follow scheme.",route_dataset
paper-d137f8265a6d2e32:issue:route_dataset:SI32-amount,paper-d137f8265a6d2e32,source_conflict,27,18.69g/75mmol inconsistent with methyl4-amino3-methoxybenzoate formula; amounts not normalized or silently corrected.,route_dataset
paper-d137f8265a6d2e32:issue:route_dataset:SI33-label,paper-d137f8265a6d2e32,source_conflict,28,Sandmeyer paragraph calls input26; scheme and continuity establish28.,route_dataset
paper-d137f8265a6d2e32:issue:route_dataset:SI34-label,paper-d137f8265a6d2e32,source_conflict,S7,Scheme labels input esterS6 whereas the CF3 graph and preceding preparation establishS7.,route_dataset
paper-d137f8265a6d2e32:issue:route_dataset:SI35-formula,paper-d137f8265a6d2e32,source_conflict,S8,Printed HRMS formula contains O3; drawing and reported calculated316.9192 mass require O2. Structure formula follows drawing.,route_dataset
paper-d137f8265a6d2e32:issue:route_dataset:SI40-units,paper-d137f8265a6d2e32,source_conflict,25,Recovered1.2mg given as2.3mmol is inconsistent; likely micromol. Report isolated75% and qualified89%brsm without inventing corrected measured amount.,route_dataset
paper-d137f8265a6d2e32:issue:route_dataset:independent-review,paper-d137f8265a6d2e32,review_pending,all,Source-bound facts require independent chemist review.,route_dataset
paper-d137f8265a6d2e32:issue:route_dataset:scope,paper-d137f8265a6d2e32,coverage_boundary,all,SI-only; main article not available. Failed enzymatic2->1 and proposedS2 omitted as non-obtained products. Optimization condition repeats with identical topology are not exhaustively represented. S1 is a source-shown input boundary; S4 is analytical only.,route_dataset
paper-d4852cb652b4d31f:issue:provisional_candidates:1,paper-d4852cb652b4d31f,provisional_extraction_gap,15,"{""code"":""systematic_name_unresolved"",""paper_label"":""15"",""source_id"":""archive-001"",""source_name"":""14-en-9-ynoate"",""source_references"":[{""locator"":""Compound 15 chemical-name heading and associated source section"",""page_number"":12,""paper_id"":""paper-d4852cb652b4d31f"",""source_id"":""archive-001"",""source_path"":""papers/paper-d4852cb652b4d31f/supporting_information/si-001.pdf"",""source_sha256"":""505f8bc5bbfae0fdf21f419115bf355469f937b4d72469639ecc5dbd7b9a39b5""}]}",provisional_candidates
paper-d4852cb652b4d31f:issue:provisional_candidates:2,paper-d4852cb652b4d31f,provisional_extraction_gap,19,"{""code"":""systematic_name_unresolved"",""paper_label"":""19"",""source_id"":""archive-001"",""source_name"":""yl)oxy)octadec-3-en-8-yn-7-ol"",""source_references"":[{""locator"":""Compound 19 chemical-name heading and associated source section"",""page_number"":16,""paper_id"":""paper-d4852cb652b4d31f"",""source_id"":""archive-001"",""source_path"":""papers/paper-d4852cb652b4d31f/supporting_information/si-001.pdf"",""source_sha256"":""505f8bc5bbfae0fdf21f419115bf355469f937b4d72469639ecc5dbd7b9a39b5""}]}",provisional_candidates
paper-d4852cb652b4d31f:issue:provisional_candidates:3,paper-d4852cb652b4d31f,provisional_extraction_gap,6,"{""code"":""systematic_name_unresolved"",""paper_label"":""6"",""source_id"":""archive-001"",""source_name"":""10,15-dienal"",""source_references"":[{""locator"":""Compound 6 chemical-name heading and associated source section"",""page_number"":19,""paper_id"":""paper-d4852cb652b4d31f"",""source_id"":""archive-001"",""source_path"":""papers/paper-d4852cb652b4d31f/supporting_information/si-001.pdf"",""source_sha256"":""505f8bc5bbfae0fdf21f419115bf355469f937b4d72469639ecc5dbd7b9a39b5""}]}",provisional_candidates
paper-d4852cb652b4d31f:issue:route_dataset:15-ion,paper-d4852cb652b4d31f,source_conflict,15,HRMS prints C33H58NO6SiNa while assigning [M+NH4]+ at 592.4033. Extra Na in that literal formula is incompatible with the stated mass; formula and adduct checks are separated.,route_dataset
paper-d4852cb652b4d31f:issue:route_dataset:15-name,paper-d4852cb652b4d31f,source_conflict,15,"Printed name has a heptadec chain and shifted locants; the drawn structure has an octadec chain. The graph follows the numbered drawing, consistent with neutral C33H54O6Si.",route_dataset
paper-d4852cb652b4d31f:issue:route_dataset:crude,paper-d4852cb652b4d31f,yield_basis,S2/S5/S7,Crude intermediate preparations report no percentage yield. Masses are not converted into invented isolated yields.,route_dataset
paper-d4852cb652b4d31f:issue:route_dataset:ee,paper-d4852cb652b4d31f,representation_boundary,S4,"97.124% ee is calculated from source HPLC peak areas 98.562 and 1.438, not an explicitly printed ee value; it is not propagated as product enantiopurity.",route_dataset
paper-d4852cb652b4d31f:issue:route_dataset:main-missing,paper-d4852cb652b4d31f,source_missing,article,Only supporting information is locally available; article-wide route coverage remains unverified.,route_dataset
paper-d4852cb652b4d31f:issue:route_dataset:mixtures,paper-d4852cb652b4d31f,yield_basis,12/S8/5,12 is Z:E 9:1. S8 and final 5 contain a minor C9 epimer with no fraction given. Isolated material yields are not assigned to individual pure stereoisomers.,route_dataset
paper-d4852cb652b4d31f:issue:route_dataset:unassigned,paper-d4852cb652b4d31f,representation_boundary,S2/15/17/18/19/S6/20,Lactol and THP anomers and newly formed alcohol configurations are unspecified in source drawings; no absolute configuration is invented.,route_dataset
paper-d5b6a4cfeaa21ccf:issue:route_dataset:17a-table,paper-d5b6a4cfeaa21ccf,source_conflict,17a,SI21 table scheme mislabels pyran drawing17a; isolated17a SI47 is Michael adduct. Table optimization yields linked to experimental adduct with conflict retained.,route_dataset
paper-d5b6a4cfeaa21ccf:issue:route_dataset:22-23-stereo,paper-d5b6a4cfeaa21ccf,source_conflict,22/23,SI61 hashed hydroxyl gives22 C3R; SI62 epoxide face corresponds C3S. Stereoinversion retained.,route_dataset
paper-d5b6a4cfeaa21ccf:issue:route_dataset:33-drawing,paper-d5b6a4cfeaa21ccf,source_conflict,33,"SI75 feed drawing retains HO while preceding oxidation, SI27 and HRMS indicate C3 ketone. Retain ketone graph and explicit conflict.",route_dataset
paper-d5b6a4cfeaa21ccf:issue:route_dataset:independent-review,paper-d5b6a4cfeaa21ccf,review_pending,all,Source-bound facts require independent chemist review.,route_dataset
paper-d5b6a4cfeaa21ccf:issue:route_dataset:partial-stereo,paper-d5b6a4cfeaa21ccf,representation_limit,new centers,"Some hydroxyl, epoxide and alternative-control centers are not yet confidently assigned from chair drawings; retain unassigned and separate source labels. Not a complete-stereo training record.",route_dataset
paper-d5b6a4cfeaa21ccf:issue:route_dataset:scope-yields,paper-d5b6a4cfeaa21ccf,source_conflict,13b-f,SI23 two-step scope yields differ from products of experimental general-procedure yields; preserve actual experimental events separately.,route_dataset
paper-d5b6a4cfeaa21ccf:issue:route_dataset:source-HRMS,paper-d5b6a4cfeaa21ccf,source_conflict,19a/28/30/3/2,SI49 19a formula omits H2O relative to mass; SI66/67 oxygen-count error; SI70/71 B and N copy precursor C34H45O4 mass517.3312. Graph-derived target formulae retained.,route_dataset
paper-d5b6a4cfeaa21ccf:issue:route_dataset:source-labels,paper-d5b6a4cfeaa21ccf,source_conflict,23/31prime/42,SI62 heading27 describes23; SI69 prose35/35prime describes31/31prime; SI83 feed46 is42.,route_dataset
paper-d5b6a4cfeaa21ccf:issue:route_dataset:source-yields,paper-d5b6a4cfeaa21ccf,source_conflict,35/38,SI27 gives35 75% vs SI76 78%;38 scheme46%beta/alpha8:1 versus isolated major38 41% SI78. Isolated experimental yields retained.,route_dataset
paper-d644e28e46d9de75:issue:route_dataset:SI-missing,paper-d644e28e46d9de75,coverage_boundary,all,SI not locally available; publisher retrieval failed and PMC presented CAPTCHA. Main5 notes24/32 mention additional SI-only experimental branches without sufficient structures. Available-SI coverage false.,route_dataset
paper-d644e28e46d9de75:issue:route_dataset:independent-review,paper-d644e28e46d9de75,review_pending,all,Source-bound facts require independent chemist review.,route_dataset
paper-d644e28e46d9de75:issue:route_dataset:racemate,paper-d644e28e46d9de75,stereochemistry_scope,1/21,"One relative stereochemical representative in SMILES; this is a racemic total synthesis, not enantiopure natural product.",route_dataset
paper-d644e28e46d9de75:issue:route_dataset:unisolated,paper-d644e28e46d9de75,coverage_boundary,13/22,13 is a failed proposed cyclization product;22 transient mechanistic ylide. Neither is counted as an isolated preparative compound.,route_dataset
paper-d7ad71a4c6e665ca:issue:route_dataset:configuration-revision,paper-d7ad71a4c6e665ca,representation_boundary,1/1p,Natural product revised from 8-prime R to S using X-ray of 14 and opposite optical rotations. Both synthetic identities retained.,route_dataset
paper-d7ad71a4c6e665ca:issue:route_dataset:elimination-label,paper-d7ad71a4c6e665ca,source_conflict,E10,Article p2 narrative says elimination of 5; Scheme 3 and p4 experimental clearly start from mesylate 13.,route_dataset
paper-d7ad71a4c6e665ca:issue:route_dataset:independent-review,paper-d7ad71a4c6e665ca,review_pending,all,Source-bound facts require independent chemist review.,route_dataset
paper-d7ad71a4c6e665ca:issue:route_dataset:stoichiometry,paper-d7ad71a4c6e665ca,source_conflict,BnBr,SI p3 BnBr volume and stated mmol disagree; isolated 98% source yield retained without correcting quantities.,route_dataset
paper-d7ad71a4c6e665ca:issue:route_dataset:unresolved-intermediates,paper-d7ad71a4c6e665ca,representation_boundary,E12,S-series intermediates between (-)-7 and 1p are not individually drawn or characterized; stages retained without fabricating enantiomeric compound rows or mirrored yields.,route_dataset
paper-d9dcbe7ff94b3396:issue:route_dataset:GRIS-FIG27,paper-d9dcbe7ff94b3396,source_conflict,1,SI27 numbered target drawing omits 6a-OH that is present in SI25 and the formula; SI25 connectivity is used.,route_dataset
paper-d9dcbe7ff94b3396:issue:route_dataset:GRIS-MECH,paper-d9dcbe7ff94b3396,representation_boundary,"14,15,17,22,23",Proposed mechanistic intermediates not isolated; represented at operation scope only.,route_dataset
paper-d9dcbe7ff94b3396:issue:route_dataset:GRIS-MIX,paper-d9dcbe7ff94b3396,representation_boundary,"16,18,25","Only source-shown connectivity is represented. Lactol, regioisomer and sulfur diastereomer mixture yields remain combined; unshown minor structures are not invented.",route_dataset
paper-d9dcbe7ff94b3396:issue:route_dataset:GRIS-STEREO,paper-d9dcbe7ff94b3396,review_pending,all cage intermediates,"Connectivity transcribed from SI schemes, but explicit stereochemical assignment of perspective cage bridges is incomplete. These records are not final isomer-specific training examples.",route_dataset
paper-d9dcbe7ff94b3396:issue:route_dataset:GRIS-YIELD,paper-d9dcbe7ff94b3396,source_conflict,"12,18",Main scheme gives 84% and 51%; experimental SI gives 85% and 52%; SI values retained.,route_dataset
paper-d9dcbe7ff94b3396:issue:route_dataset:independent-review,paper-d9dcbe7ff94b3396,review_pending,all,Source-bound facts require independent chemist review.,route_dataset
paper-da15a4605bb00cb4:issue:route_dataset:11-yield,paper-da15a4605bb00cb4,source_conflict,11,Procedure 78% versus scheme 82%.,route_dataset
paper-da15a4605bb00cb4:issue:route_dataset:independent-review,paper-da15a4605bb00cb4,review_pending,all,Source-bound facts require independent chemist review.,route_dataset
paper-dc4e60df4035666e:issue:route_dataset:epoxide-stereo,paper-dc4e60df4035666e,review_pending,1,No absolute stereochemistry assigned in SI drawings.,route_dataset
paper-dc4e60df4035666e:issue:route_dataset:independent-review,paper-dc4e60df4035666e,review_pending,all,Source-bound facts require independent chemist review.,route_dataset
paper-dc4e60df4035666e:issue:route_dataset:missing-main,paper-dc4e60df4035666e,representation_boundary,all,Only SI available locally.,route_dataset
paper-dc4e60df4035666e:issue:route_dataset:yield-mass,paper-dc4e60df4035666e,source_conflict,E01,SI reports 500 mg/2.63 mmol starting material and 318 mg brominated product as 90%; these do not agree stoichiometrically. Reported percent retained.,route_dataset
paper-e1019ba02f1e20ab:issue:route_dataset:25a-HRMS,paper-e1019ba02f1e20ab,source_conflict,25a,SI formula omits N; measured424.3579 corresponds protonated C29H45NO.,route_dataset
paper-e1019ba02f1e20ab:issue:route_dataset:32a-HRMS,paper-e1019ba02f1e20ab,source_conflict,32a,"SI calculated343.4188 incompatible with stated C19H28O4Na formula; theoretical monoisotopic343.1885, not used as structuralproof.",route_dataset
paper-e1019ba02f1e20ab:issue:route_dataset:SI-labels,paper-e1019ba02f1e20ab,source_conflict,3/24a-b,SI heading reverses24a-27a/24b-27b; leontogenin structure labeled30 under heading3. Graph assignments follow scheme and actual feed.,route_dataset
paper-e1019ba02f1e20ab:issue:route_dataset:hypothetical,paper-e1019ba02f1e20ab,coverage_gap,6/7/15/17/18/35,"6/7/15/17/18 and35 are proposed biogenetic or transient mechanistic species, not independently isolated preparations. DFT transition states are excluded. S3 is an unelucidated diene mixture and is not assigned a uniqueSMILES.",route_dataset
paper-e1019ba02f1e20ab:issue:route_dataset:independent-review,paper-e1019ba02f1e20ab,review_pending,all,Source-bound facts require independent chemist review.,route_dataset
paper-e1019ba02f1e20ab:issue:route_dataset:masterpenoid-yield,paper-e1019ba02f1e20ab,source_conflict,2,MainScheme2states54%over2steps; SI S16-S17reports1->24b94%and24b->2 54%. IndividualSIyieldsretained.,route_dataset
paper-e1019ba02f1e20ab:issue:route_dataset:oxime-geometry,paper-e1019ba02f1e20ab,stereochemistry,25a/25b,Source oxime geometry requires independent confirmation; E/Z left unspecified.,route_dataset
paper-e1019ba02f1e20ab:issue:route_dataset:scope-optimization,paper-e1019ba02f1e20ab,source_conflict,TablesS2S3,NMR optimization yields remain evidence-only; preparative69%route used. Source table calls Ru(bpy)2Cl2 vs main/procedureRu(bpy)3Cl2.,route_dataset
paper-e33dda994e3c8017:issue:route_dataset:independent-review,paper-e33dda994e3c8017,review_pending,all,Source-bound candidate transcription; independent chemist review remains pending.,route_dataset
paper-e33dda994e3c8017:issue:route_dataset:starting-stereo,paper-e33dda994e3c8017,review_pending,"5,6,7",Connectivity transcribed from Scheme 2; relative cage stereochemistry requires independent review. Downstream aromatization removes these stereocenters.,route_dataset
paper-e5ffb08ae89e3c60:issue:provisional_candidates:1,paper-e5ffb08ae89e3c60,provisional_extraction_gap,14,"{""code"":""systematic_name_unresolved"",""paper_label"":""14"",""source_id"":""archive-001"",""source_name"":""total synthesis of Surangin B (4) in 1.3% overall yield. In this congested C-6 position of 19 was addressed either via C-6 study, the Friedel−Crafts reaction of the coumarin derivative halogenation followed by the Stille cross-coupling of 17 with a 12 resulted in the formation of 13 in moderate yield. However, geranyl stannane (plan A) or through a Lewis acid-mediated the subsequent C-6 geranylation of 13 led to the production of [1,3]-rearrangement of the 7-O-geranylated intermediate 18 5-O-geranylated products"",""source_references"":[{""locator"":""Compound 14 chemical-name heading and associated source section"",""page_number"":3,""paper_id"":""paper-e5ffb08ae89e3c60"",""source_id"":""archive-001"",""source_path"":""papers/paper-e5ffb08ae89e3c60/article/main.pdf"",""source_sha256"":""6eb180ce3033426991955ce9f99f00def9450e9896b3d3aa30f5b2fa2167e391""}]}",provisional_candidates
paper-e5ffb08ae89e3c60:issue:provisional_candidates:2,paper-e5ffb08ae89e3c60,provisional_extraction_gap,23,"{""code"":""systematic_name_unresolved"",""paper_label"":""23"",""source_id"":""archive-001"",""source_name"":""were in good agreement with those of the natural product (see 13C{1H} NMR (200 MHz, CDCl3): δ 177.9 (CO2H), 96.2 Supporting Information). (CH2OCH3), 76.3 (C-2), 56.0 (CH2OCH3), 25.8 (C-3), 9.5 (C-4). HRESIMS m/z: 171.0627 [M + Na]+ (calcd for C6H12NaO4, 171.0628).■CONCLUSION Ethyl (4S)-4-(Methoxymethoxy)-3-oxohexanoate (24)In summary, the present strategy enabled the selective construction of the 8-acylated coumarin core 29 via the After 1,1′-carbonyldiimidazole (4.5 g, 27.5 mmol) was added to a stirred solution of 22 (3.7 g, 25.0 mmol) in MeCN (80 mL) at rt, thecoupling of a triflate 20 with an aryl boronic ester 21, thereby resulting mixture was stirred at rt for 1 h. To the reaction mixture, circumventing the formation of undesired 6-acyl isomers potassium monoethyl malonate"",""source_references"":[{""locator"":""Compound 23 chemical-name heading and associated source section"",""page_number"":7,""paper_id"":""paper-e5ffb08ae89e3c60"",""source_id"":""archive-001"",""source_path"":""papers/paper-e5ffb08ae89e3c60/article/main.pdf"",""source_sha256"":""6eb180ce3033426991955ce9f99f00def9450e9896b3d3aa30f5b2fa2167e391""}]}",provisional_candidates
paper-e5ffb08ae89e3c60:issue:provisional_candidates:3,paper-e5ffb08ae89e3c60,provisional_extraction_gap,46,"{""code"":""systematic_name_unresolved"",""paper_label"":""46"",""source_id"":""archive-001"",""source_name"":""3.08/3.03 (each 1H, dt, J = 17.1, 7.3, H-2‴), 2.06−2.03 (2H, br m, H- 8-Butanoyl-7-geranyloxy-5-hydroxy-4-(1-acethoxypro-6″), 1.98−1.95 (2H, m, H-2′a and H-5″), 1.79 (3H, s, H-4″), 1.78− p-1-yl)coumarin"",""source_references"":[{""locator"":""Compound 46 chemical-name heading and associated source section"",""page_number"":14,""paper_id"":""paper-e5ffb08ae89e3c60"",""source_id"":""archive-001"",""source_path"":""papers/paper-e5ffb08ae89e3c60/article/main.pdf"",""source_sha256"":""6eb180ce3033426991955ce9f99f00def9450e9896b3d3aa30f5b2fa2167e391""}]}",provisional_candidates
paper-e5ffb08ae89e3c60:issue:route_dataset:independent-review,paper-e5ffb08ae89e3c60,review_pending,all,Source-bound candidate transcription; independent chemist review remains pending.,route_dataset
paper-e5ffb08ae89e3c60:issue:route_dataset:negative-ion-mass,paper-e5ffb08ae89e3c60,source_conflict,"46,2,47","Reported negative-ion calculated masses are about 1.1 mDa below proton-subtraction values, consistent with an electron-sign convention discrepancy. Reported numbers retained, with explicit computed comparison; formula matches do not erase this discrepancy.",route_dataset
paper-e5ffb08ae89e3c60:issue:route_dataset:temperature,paper-e5ffb08ae89e3c60,source_conflict,"E32,E35","Scheme 5 footnote suggests reflux for K10, but explicit target procedures on pp13-14 state rt for 1 h; procedural values used.",route_dataset
paper-e6385b951e04c2da:issue:route_dataset:cage28,paper-e6385b951e04c2da,review_pending,28,Graph follows over-reduction/intramolecular oxa-Michael product shown in Scheme3. Three newly formed stereocentres remain explicitly unassigned pending independent X-ray/source review.,route_dataset
paper-e6385b951e04c2da:issue:route_dataset:complex26,paper-e6385b951e04c2da,review_pending,26,Metal-ligand connectivity cannot be faithfully represented by a guessed neutral organic SMILES. Complex26 is retained as unresolved molecular record and operation evidence.,route_dataset
paper-e6385b951e04c2da:issue:route_dataset:independent-review,paper-e6385b951e04c2da,review_pending,all,Source-bound facts require independent chemist review.,route_dataset
paper-e6385b951e04c2da:issue:route_dataset:ratio,paper-e6385b951e04c2da,source_conflict,S05,Main p4 says11:2 exo-endo but Scheme3 shows5.5:1 favoredendo and text saysendo favored; ratio order inconsistent. Isolated83%24b retained.,route_dataset
paper-e6385b951e04c2da:issue:route_dataset:source-only,paper-e6385b951e04c2da,representation_boundary,all,"No local SI: unseen early S-series intermediates, minorPKRdiastereomer, unisolated propargylic alcohols and proposed reaction intermediates are not generated by analogy.",route_dataset
paper-e6385b951e04c2da:issue:route_dataset:stereo-series,paper-e6385b951e04c2da,source_conflict,glycidol,Both R and S series are intentionally studied. Abstract/title emphasize S optimized route while main prose initially discusses R route; retain separate enantiomers and exact epimerization relation.,route_dataset
paper-e6385b951e04c2da:issue:route_dataset:yield-scopes,paper-e6385b951e04c2da,representation_boundary,E08/E09/E11/E12,"Mixtures, impure fractions, multi-operation yields and scale-specific ranges retain source scope.",route_dataset
paper-e8695c1d3895d8c6:issue:provisional_candidates:1,paper-e8695c1d3895d8c6,provisional_extraction_gap,4,"{""code"":""systematic_name_unresolved"",""paper_label"":""4"",""source_id"":""archive-001"",""source_name"":""Scheme 2. Total Synthesis of Malbrancheramide B (1) The crucial oxidative bridge-forming cyclization was performed by two methods. Reasoning that the DKP enolate precursor may be thermally rather robust, under condition A) a ferrocenium ion-mediated oxidative cyclization was leveraged to form the diazabicyclo[2.2.2]octane ring system. Diketopiperazine 8b was deprotonated at low temperature and subsequently heated to 100 °C and ferrocenium hexafluorophosphate was added to trigger the cyclization. This proved indeed highly practical and provided bridged DKP 15 essentially as a single syn-diastereomer. In contrast a 2,2,6,6-tetramethylpiperidin-1-oxyl (TEMPO)-intercepted cyclization (condition B)), which was inspired by a previous total synthesis of the bridged DKP unit in asperparaline C"",""source_references"":[{""locator"":""Compound 4 chemical-name heading and associated source section"",""page_number"":3,""paper_id"":""paper-e8695c1d3895d8c6"",""source_id"":""archive-001"",""source_path"":""papers/paper-e8695c1d3895d8c6/article/main.pdf"",""source_sha256"":""98084ca60dd155a499ea02cb6c235ba0125896118b54f1cba0ac4b7e34106573""}]}",provisional_candidates
paper-e8695c1d3895d8c6:issue:route_dataset:SI-boundary,paper-e8695c1d3895d8c6,representation_boundary,11,Unavailable SI and literature-only upstream proline preparation prevent a commercial-start completeness claim.,route_dataset
paper-e8695c1d3895d8c6:issue:route_dataset:independent-review,paper-e8695c1d3895d8c6,review_pending,all,Source-bound facts require independent chemist review.,route_dataset
paper-e8695c1d3895d8c6:issue:route_dataset:mixture,paper-e8695c1d3895d8c6,representation_boundary,E12,"Scheme labels 17 and 23 each 24%; prose says inseparable 1:1 mixture. Retain mixture relationship, not two independently isolated products.",route_dataset
paper-e9541a333b795ad2:issue:provisional_candidates:1,paper-e9541a333b795ad2,provisional_extraction_gap,2,"{""code"":""systematic_name_unresolved"",""paper_label"":""2"",""source_id"":""archive-001"",""source_name"":""Conversion of 6-epi-jaeschkeanadiol (2’) to jaeschkeanadiol"",""source_references"":[{""locator"":""Compound 2 chemical-name heading and associated source section"",""page_number"":1,""paper_id"":""paper-e9541a333b795ad2"",""source_id"":""archive-001"",""source_path"":""papers/paper-e9541a333b795ad2/supporting_information/si-001.pdf"",""source_sha256"":""776ca3943ed6006586779a54d07d2e59e62b541547ab904cba83115f37e1af87""}]}",provisional_candidates
paper-e9541a333b795ad2:issue:provisional_candidates:2,paper-e9541a333b795ad2,provisional_extraction_gap,2,"{""code"":""systematic_name_unresolved"",""paper_label"":""2"",""source_id"":""archive-001"",""source_name"":""Conversion of 6-epi-jaeschkeanadiol (2’) to jaeschkeanadiol"",""source_references"":[{""locator"":""Compound 2 chemical-name heading and associated source section"",""page_number"":12,""paper_id"":""paper-e9541a333b795ad2"",""source_id"":""archive-001"",""source_path"":""papers/paper-e9541a333b795ad2/supporting_information/si-001.pdf"",""source_sha256"":""776ca3943ed6006586779a54d07d2e59e62b541547ab904cba83115f37e1af87""}]}",provisional_candidates
paper-e9541a333b795ad2:issue:route_dataset:formula-11,paper-e9541a333b795ad2,source_conflict,11,SI p7 prints C21H39O2Si although graph and percentages correspond to C21H40O2Si.,route_dataset
paper-e9541a333b795ad2:issue:route_dataset:formula-9p,paper-e9541a333b795ad2,source_conflict,9p,SI elemental-analysis formula says O4 but sulfoxide drawing and reported percentages correspond to O3.,route_dataset
paper-e9541a333b795ad2:issue:route_dataset:grubbs,paper-e9541a333b795ad2,source_conflict,E06,SI p6 catalyst drawing has two PCy3 ligands while procedure states Grubbs II.,route_dataset
paper-e9541a333b795ad2:issue:route_dataset:independent-review,paper-e9541a333b795ad2,review_pending,all,Source-bound facts require independent chemist review.,route_dataset
paper-ed2bb8684ec5aaae:issue:route_dataset:ee-conflict,paper-ed2bb8684ec5aaae,source_conflict,1a/1b,Synthesis discussion reports 93/95% ee; biological-assay discussion refers to 81/83% ee samples. These are not conflated.,route_dataset
paper-ed2bb8684ec5aaae:issue:route_dataset:known-start,paper-ed2bb8684ec5aaae,scope,6,"Preparation of known 6 is cited to earlier literature, not reproduced; commercial-start completeness is false.",route_dataset
paper-ed2bb8684ec5aaae:issue:route_dataset:label-typo,paper-ed2bb8684ec5aaae,source_conflict,F13/F19/F25,SI section 3.11 prose calls its starting material 16; adjacent scheme and prior preparation identify 3/3a/3b. Scheme-supported connectivity is retained.,route_dataset
paper-ed2bb8684ec5aaae:issue:route_dataset:oxone-conflict,paper-ed2bb8684ec5aaae,source_conflict,F02,SI procedure gives Oxone 23.6 equivalents; main optimized table reports 4.8 equivalents. No consensus value is invented.,route_dataset
paper-ed2bb8684ec5aaae:issue:route_dataset:racemate,paper-ed2bb8684ec5aaae,representation,racemic series,"Canonical SMILES omits the tetrahedral assignment for explicit racemates; canonical CXSMILES AND groups retain racemic semantics. Chiral a/b records describe the major enantiomer, not 100% ee material.",route_dataset
paper-ed2bb8684ec5aaae:issue:route_dataset:review,paper-ed2bb8684ec5aaae,review_pending,all structures,Source-checked transcription with formula checks; independent chemist review remains pending.,route_dataset
paper-f01cc38f743d98f4:issue:provisional_candidates:1,paper-f01cc38f743d98f4,provisional_extraction_gap,10,"{""code"":""systematic_name_unresolved"",""paper_label"":""10"",""source_id"":""archive-001"",""source_name"":""Amorpha-4,11-diene"",""source_references"":[{""locator"":""Compound 10 chemical-name heading and associated source section"",""page_number"":2,""paper_id"":""paper-f01cc38f743d98f4"",""source_id"":""archive-001"",""source_path"":""papers/paper-f01cc38f743d98f4/supporting_information/si-001.pdf"",""source_sha256"":""803fedc669bba2b4560199940425d86578ff1e9fce12331152eb35ac19bf890a""}]}",provisional_candidates
paper-f01cc38f743d98f4:issue:provisional_candidates:2,paper-f01cc38f743d98f4,provisional_extraction_gap,2,"{""code"":""systematic_name_unresolved"",""paper_label"":""2"",""source_id"":""archive-001"",""source_name"":""5,11-epoxy-4-hydroxyamoyphane"",""source_references"":[{""locator"":""Compound 2 chemical-name heading and associated source section"",""page_number"":5,""paper_id"":""paper-f01cc38f743d98f4"",""source_id"":""archive-001"",""source_path"":""papers/paper-f01cc38f743d98f4/supporting_information/si-001.pdf"",""source_sha256"":""803fedc669bba2b4560199940425d86578ff1e9fce12331152eb35ac19bf890a""}]}",provisional_candidates
paper-f01cc38f743d98f4:issue:provisional_candidates:3,paper-f01cc38f743d98f4,provisional_extraction_gap,10,"{""code"":""systematic_name_unresolved"",""paper_label"":""10"",""source_id"":""archive-001"",""source_name"":""1.5×107 Intensity area 40 1×107 Peak 20 Relative 5×106 0 4 8 12 16 20 40 0 total amount (mM) 0 12 24 36 48 60 72 84 96 isoprenol : prenol = 1 : 1 Time (h) Figure S1. Optimization of the conditions for the production of amorpha-4,11-diene"",""source_references"":[{""locator"":""Compound 10 chemical-name heading and associated source section"",""page_number"":7,""paper_id"":""paper-f01cc38f743d98f4"",""source_id"":""archive-001"",""source_path"":""papers/paper-f01cc38f743d98f4/supporting_information/si-001.pdf"",""source_sha256"":""803fedc669bba2b4560199940425d86578ff1e9fce12331152eb35ac19bf890a""}]}",provisional_candidates
paper-f01cc38f743d98f4:issue:route_dataset:3-spectral-review,paper-f01cc38f743d98f4,review_pending,3,Displayed epoxide and tertiary alcohol graph retained; reported oxygenated-carbon NMR values warrant independent comparison with the original spectra. Formula validation alone cannot settle this discrepancy.,route_dataset
paper-f01cc38f743d98f4:issue:route_dataset:SI-only-revision,paper-f01cc38f743d98f4,representation_boundary,1/2,SI source structures and X-ray derivative retained; full article structural reassignment discussion is unavailable.,route_dataset
paper-f01cc38f743d98f4:issue:route_dataset:biosupply,paper-f01cc38f743d98f4,representation_boundary,10,Fermentation supply documented as provenance; unshown enzyme cascade and broth carbon incorporation not reconstructed.,route_dataset
paper-f01cc38f743d98f4:issue:route_dataset:independent-review,paper-f01cc38f743d98f4,review_pending,all,Source-bound facts require independent chemist review.,route_dataset
paper-f01cc38f743d98f4:issue:route_dataset:quantity-errors,paper-f01cc38f743d98f4,source_conflict,3/14,"SI p4 mass/mmol for 3 (249 mg,1.06 mmol) approximate inconsistent; p5 2 called30 mg0.098 mmol despite MW238; DMAP/PNBCl mmol written mol; 14 mass/mmol90% inconsistent with drawn ester MW387. Reported isolated yield retained without repaired quantities.",route_dataset
paper-f0b88258787c03ae:issue:provisional_candidates:1,paper-f0b88258787c03ae,provisional_extraction_gap,4,"{""code"":""systematic_name_unresolved"",""paper_label"":""4"",""source_id"":""archive-002"",""source_name"":""Rhodocorane C (1R,4R,5S)-1-isopropyl-4,8-dimethylspiro[4.5]dec-8-ene-6,7,10-trione"",""source_references"":[{""locator"":""Compound 4 chemical-name heading and associated source section"",""page_number"":7,""paper_id"":""paper-f0b88258787c03ae"",""source_id"":""archive-002"",""source_path"":""papers/paper-f0b88258787c03ae/supporting_information/si-001.pdf"",""source_sha256"":""ab491ea30279400361fc267a12929a09cbe51780ee624e256acfdabe27670181""}]}",provisional_candidates
paper-f0b88258787c03ae:issue:provisional_candidates:2,paper-f0b88258787c03ae,provisional_extraction_gap,7,"{""code"":""systematic_name_unresolved"",""paper_label"":""7"",""source_id"":""archive-002"",""source_name"":""7 Downloaded from (1R,4R,5R)-1-isopropyl-4,8-dimethylspiro[4.5]dec-7-ene-6,9-dione"",""source_references"":[{""locator"":""Compound 7 chemical-name heading and associated source section"",""page_number"":7,""paper_id"":""paper-f0b88258787c03ae"",""source_id"":""archive-002"",""source_path"":""papers/paper-f0b88258787c03ae/supporting_information/si-001.pdf"",""source_sha256"":""ab491ea30279400361fc267a12929a09cbe51780ee624e256acfdabe27670181""}]}",provisional_candidates
paper-f0b88258787c03ae:issue:provisional_candidates:3,paper-f0b88258787c03ae,provisional_extraction_gap,17,"{""code"":""systematic_name_unresolved"",""paper_label"":""17"",""source_id"":""archive-002"",""source_name"":""17 Downloaded from(2'R,3R,5'R)-2'-isopropyl-5',6-dimethyl-7-oxaspiro[bicyclo[4.1.0]heptane-3,1'-cyclopentane]-2,5-dione"",""source_references"":[{""locator"":""Compound 17 chemical-name heading and associated source section"",""page_number"":9,""paper_id"":""paper-f0b88258787c03ae"",""source_id"":""archive-002"",""source_path"":""papers/paper-f0b88258787c03ae/supporting_information/si-001.pdf"",""source_sha256"":""ab491ea30279400361fc267a12929a09cbe51780ee624e256acfdabe27670181""}]}",provisional_candidates
paper-f0b88258787c03ae:issue:provisional_candidates:4,paper-f0b88258787c03ae,provisional_extraction_gap,6,"{""code"":""systematic_name_unresolved"",""paper_label"":""6"",""source_id"":""archive-002"",""source_name"":""Rhodocorane E, (1R,4R,5S)-9-hydroxy-1-isopropyl-4,8-dimethylspiro[4.5]dec-8-ene-6,7,10-trione"",""source_references"":[{""locator"":""Compound 6 chemical-name heading and associated source section"",""page_number"":10,""paper_id"":""paper-f0b88258787c03ae"",""source_id"":""archive-002"",""source_path"":""papers/paper-f0b88258787c03ae/supporting_information/si-001.pdf"",""source_sha256"":""ab491ea30279400361fc267a12929a09cbe51780ee624e256acfdabe27670181""}]}",provisional_candidates
paper-f0b88258787c03ae:issue:route_dataset:epoxidation-temp,paper-f0b88258787c03ae,source_conflict,E10,SI procedure says 0 C; SI scheme and article Scheme 5 say 20 C. No harmonized reaction temperature is asserted.,route_dataset
paper-f0b88258787c03ae:issue:route_dataset:epoxide,paper-f0b88258787c03ae,representation_boundary,17,The source draws unspecified epoxide stereochemistry and reports 2:1 dr. Both epoxide centers remain unspecified; no major/minor configuration is assigned.,route_dataset
paper-f0b88258787c03ae:issue:route_dataset:failed,paper-f0b88258787c03ae,representation_boundary,16,Article Scheme 1 is retrosynthesis; Scheme 4 includes proposed epoxide 16 and unsuccessful experiments. Neither 16 nor speculative enolates are represented as obtained products.,route_dataset
paper-f0b88258787c03ae:issue:route_dataset:iodide-mass,paper-f0b88258787c03ae,source_conflict,12,SI gives 1.11 g and 3.19 mmol for iodide 12; these do not match its formula C15H23IO3 (about 378.25 g/mol). Source identity and HRMS support the iodine graph; amount data are not repaired.,route_dataset
paper-f0b88258787c03ae:issue:route_dataset:label-footnote,paper-f0b88258787c03ae,source_layout,5/6,"Natural-product reference marker 4 in SI comparison headings is a literature citation, not the labels of Rhodocoranes D/E. Product labels are 5/6.",route_dataset
paper-f0b88258787c03ae:issue:route_dataset:mixture,paper-f0b88258787c03ae,representation_boundary,9/15,9 is reported at 93:7 er; its SMILES identifies the named major enantiomer. For 15 the article distinguishes 3:1 crude dr from isolated major product. Purity is not inferred for downstream samples.,route_dataset
paper-f0b88258787c03ae:issue:route_dataset:opening-solvent,paper-f0b88258787c03ae,source_conflict,E11,"SI procedure uses THF and aqueous NaOH, whereas the scheme and main text say MeOH/H2O. Structured solvent field follows the procedure and retains the conflict.",route_dataset
paper-f0b88258787c03ae:issue:route_dataset:telescoped,paper-f0b88258787c03ae,representation_boundary,E01/E03/E04,Telescoped preparations retain source-reported grouped yields. Only the explicitly drawn organolithium 13 is given an internal graph; unreported ester/alcohol/protected intermediates are not invented.,route_dataset
paper-f0b88258787c03ae:issue:route_dataset:upstream,paper-f0b88258787c03ae,source_boundary,11,Preparation of known aryl bromide 11 is delegated to cited literature; no commercial-to-11 route is invented.,route_dataset
paper-f108ae1dc658cd85:issue:route_dataset:10a-branch,paper-f108ae1dc658cd85,source_boundary,10a,"NaH/MeI produces the depicted dimethyl ether, including loss of acetate. This is a separate observed side branch, not an intermediate in target synthesis.",route_dataset
paper-f108ae1dc658cd85:issue:route_dataset:10b-quantity,paper-f108ae1dc658cd85,source_conflict,10b,"Procedure uses 0.20 mmol and gives 65 mg; characterization repeats 1.05 mmol and 416 mg. Preserve 65% reported yield, do not reconcile inconsistent quantities.",route_dataset
paper-f108ae1dc658cd85:issue:route_dataset:7-sign,paper-f108ae1dc658cd85,source_conflict,7,"Reduction heading says (+)-7; procedure, structure and measured rotation identify (-)-7.",route_dataset
paper-f108ae1dc658cd85:issue:route_dataset:SI1-name,paper-f108ae1dc658cd85,source_conflict,SI-1,Procedure first calls SI-1 iodocyclohexanone; drawing and explicit literature note specify iodocyclohexenone. Graph follows enone.,route_dataset
paper-f108ae1dc658cd85:issue:route_dataset:enantiopurity,paper-f108ae1dc658cd85,source_conflict,5/4,"Source prose says enantiopure, but HPLC gives 96.5:3.5 for 5 and 96.4:3.6 for 4. Encode major enantiomer and measured ratios; do not propagate 100% ee to downstream products.",route_dataset
paper-f108ae1dc658cd85:issue:route_dataset:free-amine,paper-f108ae1dc658cd85,representation_boundary,10b-free-amine,"Crude detosylated amine graph interprets explicit step 1; no separate drawing, isolated yield or characterization. 73% belongs to two-step preparation of 11.",route_dataset
paper-f108ae1dc658cd85:issue:route_dataset:main-missing,paper-f108ae1dc658cd85,source_boundary,route,Only SI is available; known SI-1 preparation is cited to earlier literature. No full-article or commercial-start coverage asserted.,route_dataset
paper-f108ae1dc658cd85:issue:route_dataset:nmr-table,paper-f108ae1dc658cd85,source_conflict,1a,SI comparison table and characterization paragraph give different proton shifts; no independent identity validation asserted.,route_dataset
paper-f1d4d3ac12fade5a:issue:provisional_candidates:1,paper-f1d4d3ac12fade5a,provisional_extraction_gap,99,"{""code"":""systematic_name_unresolved"",""paper_label"":""99"",""source_id"":""archive-001"",""source_name"":""trans-N,N’-Dimethylcyclohexan-1,2-diamine (99% purity) was purchased from Fluorochem and copper(I) iodide"",""source_references"":[{""locator"":""Compound 99 chemical-name heading and associated source section"",""page_number"":2,""paper_id"":""paper-f1d4d3ac12fade5a"",""source_id"":""archive-001"",""source_path"":""papers/paper-f1d4d3ac12fade5a/supporting_information/si-001.pdf"",""source_sha256"":""1fbcbfec0a80ea108a1d9f2fd1e9c936e5343f7f78c4d0e321f1d12f84daf1a1""}]}",provisional_candidates
paper-f1d4d3ac12fade5a:issue:route_dataset:independent-review,paper-f1d4d3ac12fade5a,review_pending,all,Source-bound facts require independent chemist review.,route_dataset
paper-f1d4d3ac12fade5a:issue:route_dataset:quantities,paper-f1d4d3ac12fade5a,source_conflict,10/6,SI p6 31.2 g/180 mmol for 10 inconsistent with formula and 119 mmol input; p7 3.1 g/8.0 mmol/76% from 9.5 mmol also inconsistent. Reported percentages retained.,route_dataset
paper-f1d4d3ac12fade5a:issue:route_dataset:salt-state,paper-f1d4d3ac12fade5a,representation_boundary,Ile-amide,"L-isoleucine amide p7 mass/amount suggests salt, but salt identity not stated there. Graph records named neutral amide; S4 explicitly retains hydrochloride.",route_dataset
paper-f1d4d3ac12fade5a:issue:route_dataset:source-boundary,paper-f1d4d3ac12fade5a,representation_boundary,all,Main article absent; no claim of full-article route coverage or historical preparation of purchased amino acids.,route_dataset
paper-f1d4d3ac12fade5a:issue:route_dataset:z-e-text,paper-f1d4d3ac12fade5a,source_conflict,S1/Z-11,"Names and drawings specify Z, while prose labels E/Z >95/5; source inconsistency retained. Partial E isomerization in high-temperature NMR explicitly reported.",route_dataset
paper-f30e351117a5b6cc:issue:route_dataset:53-yield,paper-f30e351117a5b6cc,source_conflict,53c,"S66 scheme and main Figure 6 give 83%; SI isolation gives 84%. Use 84% combined cis/trans, plus separate 13% lactone 54c.",route_dataset
paper-f30e351117a5b6cc:issue:route_dataset:60-labels,paper-f30e351117a5b6cc,source_conflict,60a/60b,Main Figure 6 defines 60a OTs and 60b OH; main page 7 prose reverses labels. Graph labels follow Figure 6; 40% tosylate and 20% alcohol preserved.,route_dataset
paper-f30e351117a5b6cc:issue:route_dataset:61-conditions,paper-f30e351117a5b6cc,source_conflict,61a/61b,"Main room-temperature TFA/DCM optimization gives 72% 4:3 constitutional mixture; S74 neat TFA at 0 C then room temperature gives 69% 84:16 epimer mixture. Distinct events, not interchangeable yields.",route_dataset
paper-f30e351117a5b6cc:issue:route_dataset:62-equivalents,paper-f30e351117a5b6cc,source_conflict,62a/62b,S77 table uses 2 equivalents TiCl4 for mixed products but representative procedure says 2.5; optimized table uses 4 equivalents. Epimer ratio 86:14 in scheme versus 84:16 in characterization.,route_dataset
paper-f30e351117a5b6cc:issue:route_dataset:64-time,paper-f30e351117a5b6cc,source_conflict,64,S78 scheme/main state 18 h for oxidative lactonisation; S79 procedure says 3 h. Conditions not fully standardized.,route_dataset
paper-f30e351117a5b6cc:issue:route_dataset:67-ratio,paper-f30e351117a5b6cc,source_conflict,67/exo-67,"SI gives 1.6:1 endo:exo, main gives 2:1; 84% is combined. Exo-67 recycled to 65 in separate 81% preparation.",route_dataset
paper-f30e351117a5b6cc:issue:route_dataset:SI18-solvent,paper-f30e351117a5b6cc,source_conflict,SI18,"S59 scheme says THF, procedure diethyl ether; primary solvent follows procedure. DMF mmol also inconsistent with amount.",route_dataset
paper-f30e351117a5b6cc:issue:route_dataset:SI19-yield,paper-f30e351117a5b6cc,source_conflict,SI19,"S60 scheme reports 93%, procedure 91%; primary yield follows procedure.",route_dataset
paper-f30e351117a5b6cc:issue:route_dataset:failed,paper-f30e351117a5b6cc,representation_boundary,66/55,Resubjection of enol ester 55 gives no conversion; acid opening of 66 fails. No fabricated productive edges.,route_dataset
paper-f30e351117a5b6cc:issue:route_dataset:internal,paper-f30e351117a5b6cc,representation_boundary,57-adduct/epoxide/diol,"Unisolated methyl adduct, productive epoxide and phthalide-reduction diol are explicit procedural interpretations with no allocated yield.",route_dataset
paper-f30e351117a5b6cc:issue:route_dataset:numbers,paper-f30e351117a5b6cc,source_conflict,56/57/62,S68 calls ester 23 instead of 53c; main Figure 6 calls organolithium 26 instead of SI 24; S77 calls substrate phenol 30 instead of drawn 61a. Follow structures and linked preparations.,route_dataset
paper-f30e351117a5b6cc:issue:route_dataset:purity,paper-f30e351117a5b6cc,representation_boundary,stereoisomers,Source absolute stereobonds retained; rac-11 remains unassigned racemate. Drawn major graphs and interpreted named minor epimers do not imply pure material. Racemic analytical calibration 52c is not a synthetic target branch.,route_dataset
paper-f30e351117a5b6cc:issue:route_dataset:scope,paper-f30e351117a5b6cc,source_boundary,model studies,"Includes successful A/F route, fragment 11/24 preparation, directly connected byproducts and recycle experiments. Earlier C-H activation, lithiation, protecting-group model networks and NHC catalyst synthesis are outside this target-route dataset.",route_dataset
paper-f6b5505f9a462a36:issue:route_dataset:MECHANISMS,paper-f6b5505f9a462a36,representation_boundary,10/11/12a/25/27/28/30,"Bracketed mechanistic intermediates not isolated are represented as operation notes, not separate preparative events.",route_dataset
paper-f6b5505f9a462a36:issue:route_dataset:SI-UNARCHIVED,paper-f6b5505f9a462a36,representation_boundary,source,Public93-pageSI identified at https://onlinelibrary.wiley.com/action/downloadSupplement?doi=10.1002/anie.4281634&file=anie71761-sup-0001-SuppMat.pdf ; HTTP403 prevents local original PDF archival/hash binding. SI-only precursor network is not included.,route_dataset
paper-f6b5505f9a462a36:issue:route_dataset:STEREO-PENDING,paper-f6b5505f9a462a36,review_pending,21/23/26/29/31,"Complex new stereocenters not explicitly resolved in this transcription remain unspecified. Target3 C14 is transcribed from explicit source wedge and NOESY, not inferred onto26.",route_dataset
paper-f6b5505f9a462a36:issue:route_dataset:TENTATIVE-29,paper-f6b5505f9a462a36,review_pending,29,Source proposes a plausible structure29 from2DNMR; preserve provisional status.,route_dataset
paper-f6b5505f9a462a36:issue:route_dataset:independent-review,paper-f6b5505f9a462a36,review_pending,all,Source-bound facts require independent chemist review.,route_dataset
paper-fc94daed8713ef1e:issue:route_dataset:HRMS18,paper-fc94daed8713ef1e,source_conflict,18,"SIp20 reports formulaC23H36O with [M+H-H2O]+ but gives311.2733, consistent with a different adduct expression; graph-derived neutralformula retained.",route_dataset
paper-fc94daed8713ef1e:issue:route_dataset:brsm,paper-fc94daed8713ef1e,source_conflict,E14,MainScheme4 prints56%two-step yield butSIp10 explicitly56%brsmwith55%24recovered. Keep BRSM qualifier; do not use56%as ordinary isolated route-yield factor.,route_dataset
paper-fc94daed8713ef1e:issue:route_dataset:failed-proposals,paper-fc94daed8713ef1e,representation_boundary,10-14,SourceScheme3 crosses out these desired compounds; they are not successful preparation products. Failed direct22to23anduncharacterizedoverreduction products are also not invented.,route_dataset
paper-fc94daed8713ef1e:issue:route_dataset:independent-review,paper-fc94daed8713ef1e,review_pending,all,Source-bound facts require independent chemist review.,route_dataset
paper-fc94daed8713ef1e:issue:route_dataset:reagent-name,paper-fc94daed8713ef1e,source_conflict,E04/A01,"Mainprose calls allylformate; schemes andSI specify allyl chloroformate, whose graph is used.",route_dataset
paper-fc94daed8713ef1e:issue:route_dataset:stereo,paper-fc94daed8713ef1e,representation_boundary,5/15/17/19/SI-4,Unmarked carbinol and wavy beta-ketoester centres remain unassigned; source draws single downstream stereochemical series.,route_dataset
paper-fd21dcae86bb47e8:issue:route_dataset:M01,paper-fd21dcae86bb47e8,source_conflict,3/4,Abstract calls3 ainsliadimer A; introduction distinguishes3 congener from4. Historical4 not part of current productive route.,route_dataset
paper-fd21dcae86bb47e8:issue:route_dataset:M02,paper-fd21dcae86bb47e8,source_conflict,11->5,Prose direct peroxide11 conversion FeCl2 64%; scheme shows12->13 FeCl3 followed by FeCl2 arrows. Retain conflicting locators; do not allocate64% to individual arrows.,route_dataset
paper-fd21dcae86bb47e8:issue:route_dataset:M03,paper-fd21dcae86bb47e8,source_conflict,12/8,12 formation quantitative in prose versus89%scheme;8 from3 <25%prose versus25%scheme byproduct. Preserve reported scope and conflict.,route_dataset
paper-fd21dcae86bb47e8:issue:route_dataset:M04,paper-fd21dcae86bb47e8,stereochemistry_unresolved,9/10,Perspective-only tertiary OH center9 and alpha/beta wavy OH10 require independent stereochemical review; not admitted to complete-stereo subset.,route_dataset
paper-fd21dcae86bb47e8:issue:route_dataset:M05,paper-fd21dcae86bb47e8,source_gap,coverage,"SI unavailable; upstream1->2 cited preparation and failed unspecified reductions not reconstructed.6 is a failed target, not isolated product.",route_dataset
paper-fd21dcae86bb47e8:issue:route_dataset:independent-review,paper-fd21dcae86bb47e8,review_pending,all,Source-bound facts require independent chemist review.,route_dataset
